2026/08/18 12:39:28.966, 1, 24082
2026/08/18 12:39:33.966, 1, 24082
2026/08/18 12:39:38.967, 4, 24080
2026/08/18 12:39:43.968, 4, 24080
2026/08/18 12:39:48.969, 10170, 13914
2026/08/18 12:39:53.970, 10358, 13726
2026/08/18 12:39:58.971, 10358, 13726
2026/08/18 12:40:03.973, 10358, 13726
2026/08/18 12:40:08.973, 10358, 13726
2026/08/18 12:40:13.974, 10358, 13726
2026/08/18 12:40:18.974, 10358, 13726
2026/08/18 12:40:23.975, 10358, 13726
2026/08/18 12:40:28.976, 10358, 13726
2026/08/18 12:40:33.977, 10358, 13726
2026/08/18 12:40:38.978, 10358, 13726
2026/08/18 12:40:43.978, 10358, 13726
2026/08/18 12:40:48.980, 10358, 13726
2026/08/18 12:40:53.981, 10358, 13726
2026/08/18 12:40:58.981, 10358, 13726
2026/08/18 12:41:03.982, 10358, 13726
2026/08/18 12:41:08.983, 10358, 13726
2026/08/18 12:41:13.984, 10358, 13726
2026/08/18 12:41:18.985, 10358, 13726
2026/08/18 12:41:23.985, 10358, 13726
2026/08/18 12:41:28.987, 10358, 13726
2026/08/18 12:41:33.988, 10358, 13726
2026/08/18 12:41:38.989, 10358, 13726
2026/08/18 12:41:43.990, 10358, 13726
2026/08/18 12:41:48.991, 10358, 13726
2026/08/18 12:41:53.992, 10358, 13726
2026/08/18 12:41:58.993, 10358, 13726
2026/08/18 12:42:03.993, 10358, 13726
2026/08/18 12:42:08.994, 10358, 13726
2026/08/18 12:42:13.995, 10358, 13726
2026/08/18 12:42:18.996, 10358, 13726
2026/08/18 12:42:23.996, 10358, 13726
2026/08/18 12:42:28.997, 10358, 13726
2026/08/18 12:42:33.998, 10358, 13726
2026/08/18 12:42:38.999, 10358, 13726
2026/08/18 12:42:44.000, 10358, 13726
2026/08/18 12:42:49.000, 10358, 13726
2026/08/18 12:42:54.001, 10358, 13726
2026/08/18 12:42:59.002, 10358, 13726
2026/08/18 12:43:04.004, 10358, 13726
2026/08/18 12:43:09.005, 10358, 13726
2026/08/18 12:43:14.006, 10358, 13726
2026/08/18 12:43:19.006, 10358, 13726
2026/08/18 12:43:24.007, 10358, 13726
2026/08/18 12:43:29.007, 10358, 13726
2026/08/18 12:43:34.009, 10358, 13726
2026/08/18 12:43:39.010, 10358, 13726
2026/08/18 12:43:44.011, 10358, 13726
2026/08/18 12:43:49.011, 10358, 13726
2026/08/18 12:43:54.012, 10358, 13726
2026/08/18 12:43:59.013, 10358, 13726
2026/08/18 12:44:04.014, 10358, 13726
2026/08/18 12:44:09.015, 10358, 13726
2026/08/18 12:44:14.015, 10358, 13726
2026/08/18 12:44:19.016, 10358, 13726
2026/08/18 12:44:24.017, 10358, 13726
2026/08/18 12:44:29.018, 10358, 13726
2026/08/18 12:44:34.019, 10358, 13726
2026/08/18 12:44:39.020, 10358, 13726
2026/08/18 12:44:44.021, 10358, 13726
2026/08/18 12:44:49.022, 10358, 13726
2026/08/18 12:44:54.023, 10358, 13726
2026/08/18 12:44:59.024, 10358, 13726
2026/08/18 12:45:04.025, 10358, 13726
2026/08/18 12:45:09.026, 10358, 13726
2026/08/18 12:45:14.026, 10358, 13726
2026/08/18 12:45:19.027, 10358, 13726
2026/08/18 12:45:24.028, 10358, 13726
2026/08/18 12:45:29.029, 10358, 13726
2026/08/18 12:45:34.030, 10358, 13726
2026/08/18 12:45:39.031, 10358, 13726
2026/08/18 12:45:44.031, 10358, 13726
2026/08/18 12:45:49.032, 10358, 13726
2026/08/18 12:45:54.032, 10358, 13726
2026/08/18 12:45:59.033, 10358, 13726
2026/08/18 12:46:04.033, 10358, 13726
2026/08/18 12:46:09.034, 10358, 13726
2026/08/18 12:46:14.034, 10358, 13726
2026/08/18 12:46:19.035, 10358, 13726
2026/08/18 12:46:24.035, 10358, 13726
2026/08/18 12:46:29.036, 10358, 13726
2026/08/18 12:46:34.036, 10358, 13726
2026/08/18 12:46:39.036, 10358, 13726
2026/08/18 12:46:44.037, 10358, 13726
2026/08/18 12:46:49.037, 10358, 13726
2026/08/18 12:46:54.038, 10358, 13726
2026/08/18 12:46:59.038, 10358, 13726
2026/08/18 12:47:04.039, 10358, 13726
2026/08/18 12:47:09.039, 10358, 13726
2026/08/18 12:47:14.040, 10358, 13726
2026/08/18 12:47:19.040, 10358, 13726
2026/08/18 12:47:24.041, 10358, 13726
2026/08/18 12:47:29.042, 10358, 13726
2026/08/18 12:47:34.042, 10358, 13726
2026/08/18 12:47:39.043, 10358, 13726
2026/08/18 12:47:44.043, 10358, 13726
2026/08/18 12:47:49.044, 10358, 13726
2026/08/18 12:47:54.044, 10358, 13726
2026/08/18 12:47:59.045, 10358, 13726
2026/08/18 12:48:04.045, 10358, 13726
2026/08/18 12:48:09.046, 10358, 13726
2026/08/18 12:48:14.046, 10358, 13726
2026/08/18 12:48:19.047, 10358, 13726
2026/08/18 12:48:24.047, 11616, 12468
2026/08/18 12:48:29.048, 11616, 12468
2026/08/18 12:48:34.048, 11616, 12468
2026/08/18 12:48:39.049, 11616, 12468
2026/08/18 12:48:44.049, 11616, 12468
2026/08/18 12:48:49.050, 11616, 12468
2026/08/18 12:48:54.050, 11616, 12468
2026/08/18 12:48:59.051, 11616, 12468
2026/08/18 12:49:04.051, 11616, 12468
2026/08/18 12:49:09.052, 11616, 12468
2026/08/18 12:49:14.052, 11616, 12468
2026/08/18 12:49:19.053, 11616, 12468
2026/08/18 12:49:24.053, 11616, 12468
2026/08/18 12:49:29.054, 11616, 12468
2026/08/18 12:49:34.054, 11616, 12468
2026/08/18 12:49:39.055, 11616, 12468
2026/08/18 12:49:44.055, 11616, 12468
2026/08/18 12:49:49.056, 11616, 12468
2026/08/18 12:49:54.056, 11616, 12468
2026/08/18 12:49:59.057, 11616, 12468
2026/08/18 12:50:04.057, 11616, 12468
2026/08/18 12:50:09.058, 11616, 12468
2026/08/18 12:50:14.058, 11616, 12468
2026/08/18 12:50:19.059, 11616, 12468
2026/08/18 12:50:24.059, 11616, 12468
2026/08/18 12:50:29.060, 11616, 12468
2026/08/18 12:50:34.060, 11616, 12468
2026/08/18 12:50:39.061, 11616, 12468
2026/08/18 12:50:44.061, 11616, 12468
2026/08/18 12:50:49.061, 11616, 12468
2026/08/18 12:50:54.062, 11616, 12468
2026/08/18 12:50:59.062, 11616, 12468
2026/08/18 12:51:04.063, 11616, 12468
2026/08/18 12:51:09.063, 11616, 12468
2026/08/18 12:51:14.064, 11616, 12468
2026/08/18 12:51:19.064, 11616, 12468
2026/08/18 12:51:24.065, 11616, 12468
2026/08/18 12:51:29.065, 11616, 12468
2026/08/18 12:51:34.066, 11616, 12468
2026/08/18 12:51:39.066, 11616, 12468
2026/08/18 12:51:44.067, 11616, 12468
2026/08/18 12:51:49.067, 11616, 12468
2026/08/18 12:51:54.068, 11616, 12468
2026/08/18 12:51:59.068, 11616, 12468
2026/08/18 12:52:04.069, 11616, 12468
2026/08/18 12:52:09.069, 11616, 12468
2026/08/18 12:52:14.070, 11616, 12468
2026/08/18 12:52:19.070, 11616, 12468
2026/08/18 12:52:24.071, 11616, 12468
2026/08/18 12:52:29.071, 11616, 12468
2026/08/18 12:52:34.072, 11616, 12468
2026/08/18 12:52:39.072, 11616, 12468
2026/08/18 12:52:44.073, 11616, 12468
2026/08/18 12:52:49.073, 11616, 12468
2026/08/18 12:52:54.074, 11616, 12468
2026/08/18 12:52:59.074, 11616, 12468
2026/08/18 12:53:04.075, 11616, 12468
2026/08/18 12:53:09.075, 11616, 12468
2026/08/18 12:53:14.075, 11616, 12468
2026/08/18 12:53:19.076, 11616, 12468
2026/08/18 12:53:24.076, 11616, 12468
2026/08/18 12:53:29.077, 11616, 12468
2026/08/18 12:53:34.077, 11616, 12468
2026/08/18 12:53:39.078, 11616, 12468
2026/08/18 12:53:44.078, 11616, 12468
2026/08/18 12:53:49.079, 11616, 12468
2026/08/18 12:53:54.079, 11616, 12468
2026/08/18 12:53:59.080, 11616, 12468
2026/08/18 12:54:04.080, 11616, 12468
2026/08/18 12:54:09.081, 11616, 12468
2026/08/18 12:54:14.081, 11616, 12468
2026/08/18 12:54:19.082, 11616, 12468
2026/08/18 12:54:24.082, 11616, 12468
2026/08/18 12:54:29.083, 11616, 12468
2026/08/18 12:54:34.083, 11616, 12468
2026/08/18 12:54:39.084, 11616, 12468
2026/08/18 12:54:44.084, 11616, 12468
2026/08/18 12:54:49.085, 11616, 12468
2026/08/18 12:54:54.085, 11616, 12468
2026/08/18 12:54:59.086, 11616, 12468
2026/08/18 12:55:04.086, 11616, 12468
2026/08/18 12:55:09.086, 11616, 12468
2026/08/18 12:55:14.087, 11616, 12468
2026/08/18 12:55:19.087, 11616, 12468
2026/08/18 12:55:24.088, 11616, 12468
2026/08/18 12:55:29.088, 11616, 12468
2026/08/18 12:55:34.089, 11616, 12468
2026/08/18 12:55:39.089, 11616, 12468
2026/08/18 12:55:44.090, 11616, 12468
2026/08/18 12:55:49.090, 11616, 12468
2026/08/18 12:55:54.091, 11616, 12468
2026/08/18 12:55:59.091, 11616, 12468
2026/08/18 12:56:04.092, 11616, 12468
2026/08/18 12:56:09.092, 11616, 12468
2026/08/18 12:56:14.093, 11616, 12468
2026/08/18 12:56:19.093, 11616, 12468
2026/08/18 12:56:24.094, 11616, 12468
2026/08/18 12:56:29.094, 11616, 12468
2026/08/18 12:56:34.095, 11616, 12468
2026/08/18 12:56:39.095, 11616, 12468
2026/08/18 12:56:44.095, 11616, 12468
2026/08/18 12:56:49.096, 11616, 12468
2026/08/18 12:56:54.096, 11616, 12468
2026/08/18 12:56:59.097, 11616, 12468
2026/08/18 12:57:04.097, 11616, 12468
2026/08/18 12:57:09.098, 11616, 12468
2026/08/18 12:57:14.098, 11616, 12468
2026/08/18 12:57:19.099, 11616, 12468
2026/08/18 12:57:24.099, 11616, 12468
2026/08/18 12:57:29.100, 11616, 12468
2026/08/18 12:57:34.100, 11616, 12468
2026/08/18 12:57:39.101, 11616, 12468
2026/08/18 12:57:44.101, 11616, 12468
2026/08/18 12:57:49.101, 11616, 12468
2026/08/18 12:57:54.102, 11616, 12468
2026/08/18 12:57:59.102, 11616, 12468
2026/08/18 12:58:04.103, 11616, 12468
2026/08/18 12:58:09.103, 11616, 12468
2026/08/18 12:58:14.104, 11616, 12468
2026/08/18 12:58:19.104, 11616, 12468
2026/08/18 12:58:24.105, 11616, 12468
2026/08/18 12:58:29.105, 11616, 12468
2026/08/18 12:58:34.106, 11616, 12468
2026/08/18 12:58:39.106, 11616, 12468
2026/08/18 12:58:44.106, 11616, 12468
2026/08/18 12:58:49.107, 11616, 12468
2026/08/18 12:58:54.107, 11616, 12468
2026/08/18 12:58:59.108, 11616, 12468
2026/08/18 12:59:04.108, 11616, 12468
2026/08/18 12:59:09.109, 11616, 12468
2026/08/18 12:59:14.109, 11616, 12468
2026/08/18 12:59:19.110, 11616, 12468
2026/08/18 12:59:24.110, 11616, 12468
2026/08/18 12:59:29.111, 11616, 12468
2026/08/18 12:59:34.111, 11616, 12468
2026/08/18 12:59:39.111, 11616, 12468
2026/08/18 12:59:44.112, 11616, 12468
2026/08/18 12:59:49.112, 11616, 12468
2026/08/18 12:59:54.113, 11616, 12468
2026/08/18 12:59:59.113, 11616, 12468
2026/08/18 13:00:04.114, 11616, 12468
2026/08/18 13:00:09.114, 11616, 12468
2026/08/18 13:00:14.115, 11616, 12468
2026/08/18 13:00:19.115, 11616, 12468
2026/08/18 13:00:24.116, 11616, 12468
2026/08/18 13:00:29.116, 11616, 12468
2026/08/18 13:00:34.116, 11616, 12468
2026/08/18 13:00:39.117, 11616, 12468
2026/08/18 13:00:44.117, 11616, 12468
2026/08/18 13:00:49.118, 11616, 12468
2026/08/18 13:00:54.118, 11616, 12468
2026/08/18 13:00:59.119, 11616, 12468
2026/08/18 13:01:04.119, 11616, 12468
2026/08/18 13:01:09.120, 11616, 12468
2026/08/18 13:01:14.120, 11616, 12468
2026/08/18 13:01:19.121, 11616, 12468
2026/08/18 13:01:24.121, 11616, 12468
2026/08/18 13:01:29.121, 11616, 12468
2026/08/18 13:01:34.122, 11616, 12468
2026/08/18 13:01:39.122, 11616, 12468
2026/08/18 13:01:44.123, 11616, 12468
2026/08/18 13:01:49.123, 11616, 12468
2026/08/18 13:01:54.124, 11616, 12468
2026/08/18 13:01:59.124, 11616, 12468
2026/08/18 13:02:04.125, 11616, 12468
2026/08/18 13:02:09.125, 11616, 12468
2026/08/18 13:02:14.126, 11616, 12468
2026/08/18 13:02:19.126, 11616, 12468
2026/08/18 13:02:24.126, 11616, 12468
2026/08/18 13:02:29.127, 11616, 12468
2026/08/18 13:02:34.127, 11616, 12468
2026/08/18 13:02:39.128, 11616, 12468
2026/08/18 13:02:44.128, 11616, 12468
2026/08/18 13:02:49.129, 11616, 12468
2026/08/18 13:02:54.129, 11616, 12468
2026/08/18 13:02:59.130, 11616, 12468
2026/08/18 13:03:04.130, 11616, 12468
2026/08/18 13:03:09.131, 11616, 12468
2026/08/18 13:03:14.131, 11616, 12468
2026/08/18 13:03:19.131, 11616, 12468
2026/08/18 13:03:24.132, 11616, 12468
2026/08/18 13:03:29.132, 11616, 12468
2026/08/18 13:03:34.133, 11616, 12468
2026/08/18 13:03:39.133, 11616, 12468
2026/08/18 13:03:44.134, 11616, 12468
2026/08/18 13:03:49.134, 11616, 12468
2026/08/18 13:03:54.135, 11616, 12468
2026/08/18 13:03:59.135, 11616, 12468
2026/08/18 13:04:04.136, 11616, 12468
2026/08/18 13:04:09.136, 11616, 12468
2026/08/18 13:04:14.136, 11616, 12468
2026/08/18 13:04:19.137, 11616, 12468
2026/08/18 13:04:24.137, 11616, 12468
2026/08/18 13:04:29.138, 11616, 12468
2026/08/18 13:04:34.138, 11616, 12468
2026/08/18 13:04:39.139, 11616, 12468
2026/08/18 13:04:44.139, 11616, 12468
2026/08/18 13:04:49.140, 11616, 12468
2026/08/18 13:04:54.140, 11616, 12468
2026/08/18 13:04:59.141, 11616, 12468
2026/08/18 13:05:04.141, 11616, 12468
2026/08/18 13:05:09.142, 11616, 12468
2026/08/18 13:05:14.142, 11616, 12468
2026/08/18 13:05:19.142, 11616, 12468
2026/08/18 13:05:24.143, 11616, 12468
2026/08/18 13:05:29.143, 11616, 12468
2026/08/18 13:05:34.144, 11616, 12468
2026/08/18 13:05:39.144, 11616, 12468
2026/08/18 13:05:44.145, 11616, 12468
2026/08/18 13:05:49.145, 11616, 12468
2026/08/18 13:05:54.146, 11616, 12468
2026/08/18 13:05:59.146, 11616, 12468
2026/08/18 13:06:04.147, 11616, 12468
2026/08/18 13:06:09.147, 11616, 12468
2026/08/18 13:06:14.147, 11616, 12468
2026/08/18 13:06:19.148, 11616, 12468
2026/08/18 13:06:24.148, 11616, 12468
2026/08/18 13:06:29.149, 11616, 12468
2026/08/18 13:06:34.149, 11616, 12468
2026/08/18 13:06:39.150, 11616, 12468
2026/08/18 13:06:44.150, 11616, 12468
2026/08/18 13:06:49.151, 11616, 12468
2026/08/18 13:06:54.151, 11616, 12468
2026/08/18 13:06:59.152, 11616, 12468
2026/08/18 13:07:04.152, 11616, 12468
2026/08/18 13:07:09.153, 11616, 12468
2026/08/18 13:07:14.153, 11616, 12468
2026/08/18 13:07:19.153, 11616, 12468
2026/08/18 13:07:24.154, 11616, 12468
2026/08/18 13:07:29.154, 11616, 12468
2026/08/18 13:07:34.155, 11616, 12468
2026/08/18 13:07:39.155, 11616, 12468
2026/08/18 13:07:44.156, 11616, 12468
2026/08/18 13:07:49.156, 11616, 12468
2026/08/18 13:07:54.157, 11616, 12468
2026/08/18 13:07:59.157, 11616, 12468
2026/08/18 13:08:04.158, 11616, 12468
2026/08/18 13:08:09.158, 11616, 12468
2026/08/18 13:08:14.159, 11616, 12468
2026/08/18 13:08:19.159, 11616, 12468
2026/08/18 13:08:24.159, 11616, 12468
2026/08/18 13:08:29.160, 11616, 12468
2026/08/18 13:08:34.160, 11616, 12468
2026/08/18 13:08:39.161, 11616, 12468
2026/08/18 13:08:44.161, 11616, 12468
2026/08/18 13:08:49.162, 11616, 12468
2026/08/18 13:08:54.162, 11616, 12468
2026/08/18 13:08:59.163, 11616, 12468
2026/08/18 13:09:04.163, 11616, 12468
2026/08/18 13:09:09.164, 11616, 12468
2026/08/18 13:09:14.164, 11616, 12468
2026/08/18 13:09:19.164, 11616, 12468
2026/08/18 13:09:24.165, 11616, 12468
2026/08/18 13:09:29.165, 11616, 12468
2026/08/18 13:09:34.166, 11616, 12468
2026/08/18 13:09:39.166, 11616, 12468
2026/08/18 13:09:44.167, 11616, 12468
2026/08/18 13:09:49.167, 11616, 12468
2026/08/18 13:09:54.168, 11616, 12468
2026/08/18 13:09:59.168, 11616, 12468
2026/08/18 13:10:04.169, 11616, 12468
2026/08/18 13:10:09.169, 11616, 12468
2026/08/18 13:10:14.170, 11616, 12468
2026/08/18 13:10:19.170, 11616, 12468
2026/08/18 13:10:24.170, 11616, 12468
2026/08/18 13:10:29.171, 11616, 12468
2026/08/18 13:10:34.171, 11616, 12468
2026/08/18 13:10:39.172, 11616, 12468
2026/08/18 13:10:44.172, 11616, 12468
2026/08/18 13:10:49.173, 11616, 12468
2026/08/18 13:10:54.173, 11616, 12468
2026/08/18 13:10:59.174, 11616, 12468
2026/08/18 13:11:04.174, 11616, 12468
2026/08/18 13:11:09.175, 11616, 12468
2026/08/18 13:11:14.175, 11616, 12468
2026/08/18 13:11:19.176, 11616, 12468
2026/08/18 13:11:24.176, 11616, 12468
2026/08/18 13:11:29.176, 11616, 12468
2026/08/18 13:11:34.177, 11616, 12468
2026/08/18 13:11:39.177, 11616, 12468
2026/08/18 13:11:44.178, 11616, 12468
2026/08/18 13:11:49.178, 11616, 12468
2026/08/18 13:11:54.179, 11616, 12468
2026/08/18 13:11:59.179, 11616, 12468
2026/08/18 13:12:04.180, 11616, 12468
2026/08/18 13:12:09.180, 11616, 12468
2026/08/18 13:12:14.181, 11616, 12468
2026/08/18 13:12:19.181, 11616, 12468
2026/08/18 13:12:24.182, 11616, 12468
2026/08/18 13:12:29.182, 11616, 12468
2026/08/18 13:12:34.183, 11616, 12468
2026/08/18 13:12:39.183, 11616, 12468
2026/08/18 13:12:44.184, 11616, 12468
2026/08/18 13:12:49.184, 11616, 12468
2026/08/18 13:12:54.184, 11616, 12468
2026/08/18 13:12:59.185, 11616, 12468
2026/08/18 13:13:04.185, 11616, 12468
2026/08/18 13:13:09.186, 11616, 12468
2026/08/18 13:13:14.186, 11616, 12468
2026/08/18 13:13:19.187, 11616, 12468
2026/08/18 13:13:24.187, 11616, 12468
2026/08/18 13:13:29.188, 11616, 12468
2026/08/18 13:13:34.188, 11616, 12468
2026/08/18 13:13:39.189, 11616, 12468
2026/08/18 13:13:44.189, 11616, 12468
2026/08/18 13:13:49.190, 11616, 12468
2026/08/18 13:13:54.190, 11616, 12468
2026/08/18 13:13:59.191, 11616, 12468
2026/08/18 13:14:04.191, 11616, 12468
2026/08/18 13:14:09.192, 11616, 12468
2026/08/18 13:14:14.192, 11616, 12468
2026/08/18 13:14:19.192, 11616, 12468
2026/08/18 13:14:24.193, 11616, 12468
2026/08/18 13:14:29.193, 11616, 12468
2026/08/18 13:14:34.194, 11616, 12468
2026/08/18 13:14:39.194, 11616, 12468
2026/08/18 13:14:44.195, 11616, 12468
2026/08/18 13:14:49.195, 11616, 12468
2026/08/18 13:14:54.196, 11616, 12468
2026/08/18 13:14:59.196, 11616, 12468
2026/08/18 13:15:04.197, 11616, 12468
2026/08/18 13:15:09.197, 11616, 12468
2026/08/18 13:15:14.198, 11616, 12468
2026/08/18 13:15:19.198, 11616, 12468
2026/08/18 13:15:24.199, 11616, 12468
2026/08/18 13:15:29.199, 11616, 12468
2026/08/18 13:15:34.200, 11616, 12468
2026/08/18 13:15:39.200, 11616, 12468
2026/08/18 13:15:44.200, 11616, 12468
2026/08/18 13:15:49.201, 11616, 12468
2026/08/18 13:15:54.201, 11616, 12468
2026/08/18 13:15:59.202, 11616, 12468
2026/08/18 13:16:04.202, 11616, 12468
2026/08/18 13:16:09.203, 11616, 12468
2026/08/18 13:16:14.203, 11616, 12468
2026/08/18 13:16:19.204, 11616, 12468
2026/08/18 13:16:24.204, 11616, 12468
2026/08/18 13:16:29.205, 11616, 12468
2026/08/18 13:16:34.205, 11616, 12468
2026/08/18 13:16:39.206, 11616, 12468
2026/08/18 13:16:44.206, 11616, 12468
2026/08/18 13:16:49.207, 11616, 12468
2026/08/18 13:16:54.207, 11616, 12468
2026/08/18 13:16:59.207, 11616, 12468
2026/08/18 13:17:04.208, 11616, 12468
2026/08/18 13:17:09.208, 11616, 12468
2026/08/18 13:17:14.209, 11616, 12468
2026/08/18 13:17:19.209, 11616, 12468
2026/08/18 13:17:24.210, 11616, 12468
2026/08/18 13:17:29.210, 11616, 12468
2026/08/18 13:17:34.211, 11616, 12468
2026/08/18 13:17:39.211, 11616, 12468
2026/08/18 13:17:44.212, 11616, 12468
2026/08/18 13:17:49.212, 11616, 12468
2026/08/18 13:17:54.213, 11616, 12468
2026/08/18 13:17:59.213, 11616, 12468
2026/08/18 13:18:04.213, 11616, 12468
2026/08/18 13:18:09.214, 11616, 12468
2026/08/18 13:18:14.214, 11616, 12468
2026/08/18 13:18:19.215, 11616, 12468
2026/08/18 13:18:24.215, 11616, 12468
2026/08/18 13:18:29.216, 11616, 12468
2026/08/18 13:18:34.216, 11616, 12468
2026/08/18 13:18:39.217, 11616, 12468
2026/08/18 13:18:44.217, 11616, 12468
2026/08/18 13:18:49.218, 11616, 12468
2026/08/18 13:18:54.218, 11616, 12468
2026/08/18 13:18:59.219, 11616, 12468
2026/08/18 13:19:04.219, 11616, 12468
2026/08/18 13:19:09.220, 11616, 12468
2026/08/18 13:19:14.220, 11616, 12468
2026/08/18 13:19:19.221, 11616, 12468
2026/08/18 13:19:24.221, 11616, 12468
2026/08/18 13:19:29.222, 11616, 12468
2026/08/18 13:19:34.222, 11616, 12468
2026/08/18 13:19:39.223, 11616, 12468
2026/08/18 13:19:44.223, 11616, 12468
2026/08/18 13:19:49.223, 11616, 12468
2026/08/18 13:19:54.224, 11616, 12468
2026/08/18 13:19:59.224, 11616, 12468
2026/08/18 13:20:04.225, 11616, 12468
2026/08/18 13:20:09.225, 11616, 12468
2026/08/18 13:20:14.226, 11616, 12468
2026/08/18 13:20:19.226, 11616, 12468
2026/08/18 13:20:24.227, 11616, 12468
2026/08/18 13:20:29.227, 11616, 12468
2026/08/18 13:20:34.228, 11616, 12468
2026/08/18 13:20:39.228, 11616, 12468
2026/08/18 13:20:44.229, 11616, 12468
2026/08/18 13:20:49.229, 11616, 12468
2026/08/18 13:20:54.230, 11616, 12468
2026/08/18 13:20:59.230, 11616, 12468
2026/08/18 13:21:04.231, 11616, 12468
2026/08/18 13:21:09.231, 11616, 12468
2026/08/18 13:21:14.232, 11616, 12468
2026/08/18 13:21:19.232, 11616, 12468
2026/08/18 13:21:24.232, 11616, 12468
2026/08/18 13:21:29.233, 11616, 12468
2026/08/18 13:21:34.233, 11616, 12468
2026/08/18 13:21:39.234, 11616, 12468
2026/08/18 13:21:44.234, 11616, 12468
2026/08/18 13:21:49.235, 11616, 12468
2026/08/18 13:21:54.235, 11616, 12468
2026/08/18 13:21:59.236, 11616, 12468
2026/08/18 13:22:04.236, 11616, 12468
2026/08/18 13:22:09.237, 11616, 12468
2026/08/18 13:22:14.237, 11616, 12468
2026/08/18 13:22:19.238, 11616, 12468
2026/08/18 13:22:24.238, 11616, 12468
2026/08/18 13:22:29.239, 11616, 12468
2026/08/18 13:22:34.239, 11616, 12468
2026/08/18 13:22:39.240, 11616, 12468
2026/08/18 13:22:44.240, 11616, 12468
2026/08/18 13:22:49.241, 11616, 12468
2026/08/18 13:22:54.241, 11616, 12468
2026/08/18 13:22:59.241, 11616, 12468
2026/08/18 13:23:04.242, 11616, 12468
2026/08/18 13:23:09.242, 11616, 12468
2026/08/18 13:23:14.243, 11616, 12468
2026/08/18 13:23:19.243, 11616, 12468
2026/08/18 13:23:24.244, 11616, 12468
2026/08/18 13:23:29.244, 11616, 12468
2026/08/18 13:23:34.245, 11616, 12468
2026/08/18 13:23:39.245, 11616, 12468
2026/08/18 13:23:44.246, 11616, 12468
2026/08/18 13:23:49.246, 11616, 12468
2026/08/18 13:23:54.247, 11616, 12468
2026/08/18 13:23:59.247, 11616, 12468
2026/08/18 13:24:04.248, 11616, 12468
2026/08/18 13:24:09.248, 11616, 12468
2026/08/18 13:24:14.249, 11616, 12468
2026/08/18 13:24:19.249, 11616, 12468
2026/08/18 13:24:24.249, 11616, 12468
2026/08/18 13:24:29.250, 11616, 12468
2026/08/18 13:24:34.250, 11616, 12468
2026/08/18 13:24:39.251, 11616, 12468
2026/08/18 13:24:44.251, 11616, 12468
2026/08/18 13:24:49.252, 11616, 12468
2026/08/18 13:24:54.252, 11616, 12468
2026/08/18 13:24:59.253, 11616, 12468
2026/08/18 13:25:04.253, 11616, 12468
2026/08/18 13:25:09.254, 11616, 12468
2026/08/18 13:25:14.254, 11616, 12468
2026/08/18 13:25:19.255, 11616, 12468
2026/08/18 13:25:24.255, 11616, 12468
2026/08/18 13:25:29.256, 11616, 12468
2026/08/18 13:25:34.256, 11616, 12468
2026/08/18 13:25:39.257, 11616, 12468
2026/08/18 13:25:44.257, 11616, 12468
2026/08/18 13:25:49.258, 11616, 12468
2026/08/18 13:25:54.258, 11616, 12468
2026/08/18 13:25:59.258, 11616, 12468
2026/08/18 13:26:04.259, 11616, 12468
2026/08/18 13:26:09.259, 11616, 12468
2026/08/18 13:26:14.260, 11616, 12468
2026/08/18 13:26:19.260, 11616, 12468
2026/08/18 13:26:24.261, 11616, 12468
2026/08/18 13:26:29.261, 11616, 12468
2026/08/18 13:26:34.262, 11616, 12468
2026/08/18 13:26:39.262, 11616, 12468
2026/08/18 13:26:44.263, 11616, 12468
2026/08/18 13:26:49.263, 11616, 12468
2026/08/18 13:26:54.264, 11616, 12468
2026/08/18 13:26:59.264, 11616, 12468
2026/08/18 13:27:04.265, 11616, 12468
2026/08/18 13:27:09.265, 11616, 12468
2026/08/18 13:27:14.266, 11616, 12468
2026/08/18 13:27:19.266, 11616, 12468
2026/08/18 13:27:24.266, 11616, 12468
2026/08/18 13:27:29.267, 11616, 12468
2026/08/18 13:27:34.267, 11616, 12468
2026/08/18 13:27:39.268, 11616, 12468
2026/08/18 13:27:44.268, 11616, 12468
2026/08/18 13:27:49.269, 11616, 12468
2026/08/18 13:27:54.269, 11616, 12468
2026/08/18 13:27:59.270, 11616, 12468
2026/08/18 13:28:04.270, 11616, 12468
2026/08/18 13:28:09.271, 11616, 12468
2026/08/18 13:28:14.271, 11616, 12468
2026/08/18 13:28:19.272, 11616, 12468
2026/08/18 13:28:24.272, 11616, 12468
2026/08/18 13:28:29.273, 11616, 12468
2026/08/18 13:28:34.273, 11616, 12468
2026/08/18 13:28:39.274, 11616, 12468
2026/08/18 13:28:44.274, 11616, 12468
2026/08/18 13:28:49.275, 11616, 12468
2026/08/18 13:28:54.275, 11616, 12468
2026/08/18 13:28:59.275, 11616, 12468
2026/08/18 13:29:04.276, 11616, 12468
2026/08/18 13:29:09.276, 11616, 12468
2026/08/18 13:29:14.277, 11616, 12468
2026/08/18 13:29:19.277, 11616, 12468
2026/08/18 13:29:24.278, 11616, 12468
2026/08/18 13:29:29.278, 11616, 12468
2026/08/18 13:29:34.279, 11616, 12468
2026/08/18 13:29:39.279, 11616, 12468
2026/08/18 13:29:44.280, 11616, 12468
2026/08/18 13:29:49.280, 11616, 12468
2026/08/18 13:29:54.281, 11616, 12468
2026/08/18 13:29:59.281, 11616, 12468
2026/08/18 13:30:04.281, 11616, 12468
2026/08/18 13:30:09.282, 11616, 12468
2026/08/18 13:30:14.282, 11616, 12468
2026/08/18 13:30:19.283, 11616, 12468
2026/08/18 13:30:24.283, 11616, 12468
2026/08/18 13:30:29.284, 11616, 12468
2026/08/18 13:30:34.284, 11616, 12468
2026/08/18 13:30:39.285, 11616, 12468
2026/08/18 13:30:44.285, 11616, 12468
2026/08/18 13:30:49.286, 11616, 12468
2026/08/18 13:30:54.286, 11616, 12468
2026/08/18 13:30:59.287, 11616, 12468
2026/08/18 13:31:04.287, 11616, 12468
2026/08/18 13:31:09.288, 11616, 12468
2026/08/18 13:31:14.288, 11616, 12468
2026/08/18 13:31:19.288, 11616, 12468
2026/08/18 13:31:24.289, 11616, 12468
2026/08/18 13:31:29.289, 11616, 12468
2026/08/18 13:31:34.290, 11616, 12468
2026/08/18 13:31:39.290, 11616, 12468
2026/08/18 13:31:44.291, 11616, 12468
2026/08/18 13:31:49.291, 11616, 12468
2026/08/18 13:31:54.292, 11616, 12468
2026/08/18 13:31:59.292, 11616, 12468
2026/08/18 13:32:04.293, 11616, 12468
2026/08/18 13:32:09.293, 11616, 12468
2026/08/18 13:32:14.294, 11616, 12468
2026/08/18 13:32:19.294, 11616, 12468
2026/08/18 13:32:24.295, 11616, 12468
2026/08/18 13:32:29.295, 11616, 12468
2026/08/18 13:32:34.295, 11616, 12468
2026/08/18 13:32:39.296, 11616, 12468
2026/08/18 13:32:44.297, 11616, 12468
2026/08/18 13:32:49.297, 11616, 12468
2026/08/18 13:32:54.298, 11616, 12468
2026/08/18 13:32:59.298, 11616, 12468
2026/08/18 13:33:04.299, 11616, 12468
2026/08/18 13:33:09.299, 11616, 12468
2026/08/18 13:33:14.300, 11616, 12468
2026/08/18 13:33:19.300, 11616, 12468
2026/08/18 13:33:24.300, 11616, 12468
2026/08/18 13:33:29.301, 11616, 12468
2026/08/18 13:33:34.301, 11616, 12468
2026/08/18 13:33:39.302, 11616, 12468
2026/08/18 13:33:44.302, 11616, 12468
2026/08/18 13:33:49.303, 11616, 12468
2026/08/18 13:33:54.303, 11616, 12468
2026/08/18 13:33:59.304, 11616, 12468
2026/08/18 13:34:04.304, 11616, 12468
2026/08/18 13:34:09.305, 11616, 12468
2026/08/18 13:34:14.305, 11616, 12468
2026/08/18 13:34:19.306, 11616, 12468
2026/08/18 13:34:24.306, 11616, 12468
2026/08/18 13:34:29.307, 11616, 12468
2026/08/18 13:34:34.307, 11616, 12468
2026/08/18 13:34:39.308, 11616, 12468
2026/08/18 13:34:44.308, 11616, 12468
2026/08/18 13:34:49.308, 11616, 12468
2026/08/18 13:34:54.309, 11616, 12468
2026/08/18 13:34:59.309, 11616, 12468
2026/08/18 13:35:04.310, 11616, 12468
2026/08/18 13:35:09.310, 11616, 12468
2026/08/18 13:35:14.311, 11616, 12468
2026/08/18 13:35:19.311, 11616, 12468
2026/08/18 13:35:24.312, 11616, 12468
2026/08/18 13:35:29.312, 11616, 12468
2026/08/18 13:35:34.313, 11616, 12468
2026/08/18 13:35:39.313, 11616, 12468
2026/08/18 13:35:44.314, 11616, 12468
2026/08/18 13:35:49.314, 11616, 12468
2026/08/18 13:35:54.315, 11616, 12468
2026/08/18 13:35:59.315, 11616, 12468
2026/08/18 13:36:04.315, 11616, 12468
2026/08/18 13:36:09.316, 11616, 12468
2026/08/18 13:36:14.316, 11616, 12468
2026/08/18 13:36:19.317, 11616, 12468
2026/08/18 13:36:24.317, 11616, 12468
2026/08/18 13:36:29.318, 11616, 12468
2026/08/18 13:36:34.318, 11616, 12468
2026/08/18 13:36:39.319, 11616, 12468
2026/08/18 13:36:44.319, 11616, 12468
2026/08/18 13:36:49.320, 11616, 12468
2026/08/18 13:36:54.320, 11616, 12468
2026/08/18 13:36:59.321, 11616, 12468
2026/08/18 13:37:04.321, 11616, 12468
2026/08/18 13:37:09.322, 11616, 12468
2026/08/18 13:37:14.322, 11616, 12468
2026/08/18 13:37:19.322, 11616, 12468
2026/08/18 13:37:24.323, 11616, 12468
2026/08/18 13:37:29.323, 11616, 12468
2026/08/18 13:37:34.324, 11616, 12468
2026/08/18 13:37:39.324, 11616, 12468
2026/08/18 13:37:44.325, 11616, 12468
2026/08/18 13:37:49.325, 11616, 12468
2026/08/18 13:37:54.326, 11616, 12468
2026/08/18 13:37:59.326, 11616, 12468
2026/08/18 13:38:04.327, 11616, 12468
2026/08/18 13:38:09.327, 11616, 12468
2026/08/18 13:38:14.328, 11616, 12468
2026/08/18 13:38:19.328, 11616, 12468
2026/08/18 13:38:24.329, 11616, 12468
2026/08/18 13:38:29.329, 11616, 12468
2026/08/18 13:38:34.329, 11616, 12468
2026/08/18 13:38:39.330, 11616, 12468
2026/08/18 13:38:44.330, 11616, 12468
2026/08/18 13:38:49.331, 11616, 12468
2026/08/18 13:38:54.331, 11616, 12468
2026/08/18 13:38:59.332, 11616, 12468
2026/08/18 13:39:04.332, 11616, 12468
2026/08/18 13:39:09.333, 11616, 12468
2026/08/18 13:39:14.333, 11616, 12468
2026/08/18 13:39:19.334, 11616, 12468
2026/08/18 13:39:24.334, 11616, 12468
2026/08/18 13:39:29.335, 11616, 12468
2026/08/18 13:39:34.335, 11616, 12468
2026/08/18 13:39:39.336, 11616, 12468
2026/08/18 13:39:44.336, 11616, 12468
2026/08/18 13:39:49.337, 11616, 12468
2026/08/18 13:39:54.337, 11616, 12468
2026/08/18 13:39:59.337, 11616, 12468
2026/08/18 13:40:04.338, 11616, 12468
2026/08/18 13:40:09.338, 11616, 12468
2026/08/18 13:40:14.339, 11616, 12468
2026/08/18 13:40:19.339, 11616, 12468
2026/08/18 13:40:24.340, 11616, 12468
2026/08/18 13:40:29.340, 11616, 12468
2026/08/18 13:40:34.341, 11616, 12468
2026/08/18 13:40:39.341, 11616, 12468
2026/08/18 13:40:44.342, 11616, 12468
2026/08/18 13:40:49.342, 11616, 12468
2026/08/18 13:40:54.343, 11616, 12468
2026/08/18 13:40:59.343, 11616, 12468
2026/08/18 13:41:04.344, 11616, 12468
2026/08/18 13:41:09.344, 11616, 12468
2026/08/18 13:41:14.345, 11616, 12468
2026/08/18 13:41:19.345, 11616, 12468
2026/08/18 13:41:24.346, 11616, 12468
2026/08/18 13:41:29.346, 11616, 12468
2026/08/18 13:41:34.346, 11616, 12468
2026/08/18 13:41:39.347, 11616, 12468
2026/08/18 13:41:44.348, 11616, 12468
2026/08/18 13:41:49.348, 11616, 12468
2026/08/18 13:41:54.349, 11616, 12468
2026/08/18 13:41:59.349, 11616, 12468
2026/08/18 13:42:04.350, 11616, 12468
2026/08/18 13:42:09.350, 11616, 12468
2026/08/18 13:42:14.350, 11616, 12468
2026/08/18 13:42:19.351, 11616, 12468
2026/08/18 13:42:24.351, 11616, 12468
2026/08/18 13:42:29.352, 11616, 12468
2026/08/18 13:42:34.352, 11616, 12468
2026/08/18 13:42:39.353, 11616, 12468
2026/08/18 13:42:44.353, 11616, 12468
2026/08/18 13:42:49.354, 11616, 12468
2026/08/18 13:42:54.354, 11616, 12468
2026/08/18 13:42:59.355, 11616, 12468
2026/08/18 13:43:04.355, 11616, 12468
2026/08/18 13:43:09.356, 11616, 12468
2026/08/18 13:43:14.356, 11616, 12468
2026/08/18 13:43:19.357, 11616, 12468
2026/08/18 13:43:24.357, 11616, 12468
2026/08/18 13:43:29.358, 11616, 12468
2026/08/18 13:43:34.358, 11616, 12468
2026/08/18 13:43:39.359, 11616, 12468
2026/08/18 13:43:44.359, 11616, 12468
2026/08/18 13:43:49.359, 11616, 12468
2026/08/18 13:43:54.360, 11616, 12468
2026/08/18 13:43:59.360, 11616, 12468
2026/08/18 13:44:04.361, 11616, 12468
2026/08/18 13:44:09.361, 11616, 12468
2026/08/18 13:44:14.362, 11616, 12468
2026/08/18 13:44:19.362, 11616, 12468
2026/08/18 13:44:24.363, 11616, 12468
2026/08/18 13:44:29.363, 11616, 12468
2026/08/18 13:44:34.364, 11616, 12468
2026/08/18 13:44:39.364, 11616, 12468
2026/08/18 13:44:44.365, 11616, 12468
2026/08/18 13:44:49.365, 11616, 12468
2026/08/18 13:44:54.366, 11616, 12468
2026/08/18 13:44:59.366, 11616, 12468
2026/08/18 13:45:04.367, 11616, 12468
2026/08/18 13:45:09.367, 11616, 12468
2026/08/18 13:45:14.368, 11616, 12468
2026/08/18 13:45:19.368, 11616, 12468
2026/08/18 13:45:24.368, 11616, 12468
2026/08/18 13:45:29.369, 11616, 12468
2026/08/18 13:45:34.369, 11616, 12468
2026/08/18 13:45:39.370, 11616, 12468
2026/08/18 13:45:44.370, 11616, 12468
2026/08/18 13:45:49.371, 11616, 12468
2026/08/18 13:45:54.371, 11616, 12468
2026/08/18 13:45:59.372, 11616, 12468
2026/08/18 13:46:04.372, 11616, 12468
2026/08/18 13:46:09.373, 11616, 12468
2026/08/18 13:46:14.373, 11616, 12468
2026/08/18 13:46:19.374, 11616, 12468
2026/08/18 13:46:24.374, 11616, 12468
2026/08/18 13:46:29.375, 11616, 12468
2026/08/18 13:46:34.375, 11616, 12468
2026/08/18 13:46:39.376, 11616, 12468
2026/08/18 13:46:44.376, 11616, 12468
2026/08/18 13:46:49.377, 11616, 12468
2026/08/18 13:46:54.377, 11616, 12468
2026/08/18 13:46:59.377, 11616, 12468
2026/08/18 13:47:04.378, 11616, 12468
2026/08/18 13:47:09.378, 11616, 12468
2026/08/18 13:47:14.379, 11616, 12468
2026/08/18 13:47:19.379, 11616, 12468
2026/08/18 13:47:24.380, 11616, 12468
2026/08/18 13:47:29.380, 11616, 12468
2026/08/18 13:47:34.381, 11616, 12468
2026/08/18 13:47:39.381, 11616, 12468
2026/08/18 13:47:44.382, 11616, 12468
2026/08/18 13:47:49.382, 11616, 12468
2026/08/18 13:47:54.383, 11616, 12468
2026/08/18 13:47:59.383, 11616, 12468
2026/08/18 13:48:04.384, 11616, 12468
2026/08/18 13:48:09.384, 11616, 12468
2026/08/18 13:48:14.384, 11616, 12468
2026/08/18 13:48:19.385, 11616, 12468
2026/08/18 13:48:24.385, 11616, 12468
2026/08/18 13:48:29.386, 11616, 12468
2026/08/18 13:48:34.386, 11616, 12468
2026/08/18 13:48:39.387, 11616, 12468
2026/08/18 13:48:44.387, 11616, 12468
2026/08/18 13:48:49.388, 11616, 12468
2026/08/18 13:48:54.388, 11616, 12468
2026/08/18 13:48:59.389, 11616, 12468
2026/08/18 13:49:04.389, 11616, 12468
2026/08/18 13:49:09.390, 11616, 12468
2026/08/18 13:49:14.390, 11616, 12468
2026/08/18 13:49:19.390, 11616, 12468
2026/08/18 13:49:24.391, 11616, 12468
2026/08/18 13:49:29.391, 11616, 12468
2026/08/18 13:49:34.392, 11616, 12468
2026/08/18 13:49:39.392, 11616, 12468
2026/08/18 13:49:44.393, 11616, 12468
2026/08/18 13:49:49.393, 11616, 12468
2026/08/18 13:49:54.394, 11616, 12468
2026/08/18 13:49:59.394, 11616, 12468
2026/08/18 13:50:04.395, 11616, 12468
2026/08/18 13:50:09.395, 11616, 12468
2026/08/18 13:50:14.395, 11616, 12468
2026/08/18 13:50:19.396, 11616, 12468
2026/08/18 13:50:24.396, 11616, 12468
2026/08/18 13:50:29.397, 11616, 12468
2026/08/18 13:50:34.397, 11616, 12468
2026/08/18 13:50:39.398, 11616, 12468
2026/08/18 13:50:44.398, 11616, 12468
2026/08/18 13:50:49.399, 11616, 12468
2026/08/18 13:50:54.399, 11616, 12468
2026/08/18 13:50:59.399, 11616, 12468
2026/08/18 13:51:04.400, 11616, 12468
2026/08/18 13:51:09.400, 11616, 12468
2026/08/18 13:51:14.401, 11616, 12468
2026/08/18 13:51:19.401, 11616, 12468
2026/08/18 13:51:24.402, 11616, 12468
2026/08/18 13:51:29.402, 11616, 12468
2026/08/18 13:51:34.403, 11616, 12468
2026/08/18 13:51:39.403, 11616, 12468
2026/08/18 13:51:44.403, 11616, 12468
2026/08/18 13:51:49.404, 11616, 12468
2026/08/18 13:51:54.404, 11616, 12468
2026/08/18 13:51:59.405, 11616, 12468
2026/08/18 13:52:04.405, 11616, 12468
2026/08/18 13:52:09.406, 11616, 12468
2026/08/18 13:52:14.406, 11616, 12468
2026/08/18 13:52:19.406, 11616, 12468
2026/08/18 13:52:24.407, 11616, 12468
2026/08/18 13:52:29.407, 11616, 12468
2026/08/18 13:52:34.408, 11616, 12468
2026/08/18 13:52:39.408, 11616, 12468
2026/08/18 13:52:44.409, 11616, 12468
2026/08/18 13:52:49.409, 11616, 12468
2026/08/18 13:52:54.410, 11616, 12468
2026/08/18 13:52:59.410, 11616, 12468
2026/08/18 13:53:04.410, 11616, 12468
2026/08/18 13:53:09.411, 11616, 12468
2026/08/18 13:53:14.411, 11616, 12468
2026/08/18 13:53:19.412, 11616, 12468
2026/08/18 13:53:24.412, 11616, 12468
2026/08/18 13:53:29.413, 11616, 12468
2026/08/18 13:53:34.413, 11616, 12468
2026/08/18 13:53:39.413, 11616, 12468
2026/08/18 13:53:44.414, 11616, 12468
2026/08/18 13:53:49.414, 11616, 12468
2026/08/18 13:53:54.415, 11616, 12468
2026/08/18 13:53:59.415, 11616, 12468
2026/08/18 13:54:04.416, 11616, 12468
2026/08/18 13:54:09.416, 11616, 12468
2026/08/18 13:54:14.417, 11616, 12468
2026/08/18 13:54:19.417, 11616, 12468
2026/08/18 13:54:24.417, 11616, 12468
2026/08/18 13:54:29.418, 11616, 12468
2026/08/18 13:54:34.419, 11616, 12468
2026/08/18 13:54:39.419, 11616, 12468
2026/08/18 13:54:44.420, 11616, 12468
2026/08/18 13:54:49.420, 11616, 12468
2026/08/18 13:54:54.421, 11616, 12468
2026/08/18 13:54:59.421, 11616, 12468
2026/08/18 13:55:04.422, 11616, 12468
2026/08/18 13:55:09.423, 11616, 12468
2026/08/18 13:55:14.423, 11616, 12468
2026/08/18 13:55:19.424, 11616, 12468
2026/08/18 13:55:24.424, 11616, 12468
2026/08/18 13:55:29.425, 11616, 12468
2026/08/18 13:55:34.426, 11616, 12468
2026/08/18 13:55:39.426, 11616, 12468
2026/08/18 13:55:44.427, 11616, 12468
2026/08/18 13:55:49.427, 11616, 12468
2026/08/18 13:55:54.428, 11616, 12468
2026/08/18 13:55:59.428, 11616, 12468
2026/08/18 13:56:04.429, 11616, 12468
2026/08/18 13:56:09.430, 11616, 12468
2026/08/18 13:56:14.430, 11616, 12468
2026/08/18 13:56:19.431, 11616, 12468
2026/08/18 13:56:24.431, 11616, 12468
2026/08/18 13:56:29.432, 11616, 12468
2026/08/18 13:56:34.433, 11616, 12468
2026/08/18 13:56:39.433, 11616, 12468
2026/08/18 13:56:44.434, 11616, 12468
2026/08/18 13:56:49.434, 11616, 12468
2026/08/18 13:56:54.435, 11616, 12468
2026/08/18 13:56:59.435, 11616, 12468
2026/08/18 13:57:04.436, 11616, 12468
2026/08/18 13:57:09.437, 11616, 12468
2026/08/18 13:57:14.437, 11616, 12468
2026/08/18 13:57:19.438, 11616, 12468
2026/08/18 13:57:24.438, 11616, 12468
2026/08/18 13:57:29.439, 11616, 12468
2026/08/18 13:57:34.439, 11616, 12468
2026/08/18 13:57:39.440, 11616, 12468
2026/08/18 13:57:44.441, 11616, 12468
2026/08/18 13:57:49.441, 11616, 12468
2026/08/18 13:57:54.442, 11616, 12468
2026/08/18 13:57:59.442, 11616, 12468
2026/08/18 13:58:04.443, 11616, 12468
2026/08/18 13:58:09.443, 11616, 12468
2026/08/18 13:58:14.444, 11616, 12468
2026/08/18 13:58:19.445, 11616, 12468
2026/08/18 13:58:24.446, 11616, 12468
2026/08/18 13:58:29.446, 11616, 12468
2026/08/18 13:58:34.447, 11618, 12466
2026/08/18 13:58:39.447, 11618, 12466
2026/08/18 13:58:44.448, 11618, 12466
2026/08/18 13:58:49.448, 11618, 12466
2026/08/18 13:58:54.449, 11618, 12466
2026/08/18 13:58:59.450, 11618, 12466
2026/08/18 13:59:04.450, 11618, 12466
2026/08/18 13:59:09.451, 11618, 12466
2026/08/18 13:59:14.451, 11618, 12466
2026/08/18 13:59:19.452, 11618, 12466
2026/08/18 13:59:24.452, 11618, 12466
2026/08/18 13:59:29.453, 11618, 12466
2026/08/18 13:59:34.453, 11618, 12466
2026/08/18 13:59:39.454, 11618, 12466
2026/08/18 13:59:44.455, 11618, 12466
2026/08/18 13:59:49.455, 11618, 12466
2026/08/18 13:59:54.456, 11618, 12466
2026/08/18 13:59:59.456, 11618, 12466
2026/08/18 14:00:04.457, 11618, 12466
2026/08/18 14:00:09.457, 11618, 12466
2026/08/18 14:00:14.458, 11618, 12466
2026/08/18 14:00:19.458, 11618, 12466
2026/08/18 14:00:24.459, 11618, 12466
2026/08/18 14:00:29.460, 11618, 12466
2026/08/18 14:00:34.460, 11618, 12466
2026/08/18 14:00:39.461, 11618, 12466
2026/08/18 14:00:44.461, 11618, 12466
2026/08/18 14:00:49.462, 11618, 12466
2026/08/18 14:00:54.462, 11618, 12466
2026/08/18 14:00:59.463, 11618, 12466
2026/08/18 14:01:04.464, 11618, 12466
2026/08/18 14:01:09.464, 11618, 12466
2026/08/18 14:01:14.465, 11618, 12466
2026/08/18 14:01:19.465, 11618, 12466
2026/08/18 14:01:24.466, 11618, 12466
2026/08/18 14:01:29.466, 11618, 12466
2026/08/18 14:01:34.467, 11618, 12466
2026/08/18 14:01:39.467, 11618, 12466
2026/08/18 14:01:44.468, 11618, 12466
2026/08/18 14:01:49.468, 11618, 12466
2026/08/18 14:01:54.469, 11618, 12466
2026/08/18 14:01:59.470, 11618, 12466
2026/08/18 14:02:04.470, 11618, 12466
2026/08/18 14:02:09.471, 11618, 12466
2026/08/18 14:02:14.471, 11618, 12466
2026/08/18 14:02:19.472, 11618, 12466
2026/08/18 14:02:24.472, 11618, 12466
2026/08/18 14:02:29.473, 11618, 12466
2026/08/18 14:02:34.473, 11618, 12466
2026/08/18 14:02:39.474, 11618, 12466
2026/08/18 14:02:44.474, 11618, 12466
2026/08/18 14:02:49.475, 11618, 12466
2026/08/18 14:02:54.476, 11618, 12466
2026/08/18 14:02:59.476, 11618, 12466
2026/08/18 14:03:04.477, 11618, 12466
2026/08/18 14:03:09.477, 11618, 12466
2026/08/18 14:03:14.478, 11618, 12466
2026/08/18 14:03:19.478, 11618, 12466
2026/08/18 14:03:24.479, 11618, 12466
2026/08/18 14:03:29.479, 11618, 12466
2026/08/18 14:03:34.480, 11618, 12466
2026/08/18 14:03:39.480, 11618, 12466
2026/08/18 14:03:44.481, 11618, 12466
2026/08/18 14:03:49.482, 11618, 12466
2026/08/18 14:03:54.482, 11618, 12466
2026/08/18 14:03:59.483, 11618, 12466
2026/08/18 14:04:04.483, 11618, 12466
2026/08/18 14:04:09.484, 11618, 12466
2026/08/18 14:04:14.484, 11618, 12466
2026/08/18 14:04:19.485, 11618, 12466
2026/08/18 14:04:24.485, 11618, 12466
2026/08/18 14:04:29.486, 11618, 12466
2026/08/18 14:04:34.486, 11618, 12466
2026/08/18 14:04:39.487, 11618, 12466
2026/08/18 14:04:44.487, 11618, 12466
2026/08/18 14:04:49.488, 11618, 12466
2026/08/18 14:04:54.489, 11618, 12466
2026/08/18 14:04:59.489, 11618, 12466
2026/08/18 14:05:04.490, 11618, 12466
2026/08/18 14:05:09.490, 11618, 12466
2026/08/18 14:05:14.491, 11618, 12466
2026/08/18 14:05:19.491, 11618, 12466
2026/08/18 14:05:24.492, 11618, 12466
2026/08/18 14:05:29.492, 11618, 12466
2026/08/18 14:05:34.493, 11618, 12466
2026/08/18 14:05:39.493, 11618, 12466
2026/08/18 14:05:44.494, 11618, 12466
2026/08/18 14:05:49.495, 11618, 12466
2026/08/18 14:05:54.495, 11618, 12466
2026/08/18 14:05:59.496, 11618, 12466
2026/08/18 14:06:04.497, 11618, 12466
2026/08/18 14:06:09.497, 11618, 12466
2026/08/18 14:06:14.498, 11618, 12466
2026/08/18 14:06:19.498, 11618, 12466
2026/08/18 14:06:24.499, 11618, 12466
2026/08/18 14:06:29.499, 11618, 12466
2026/08/18 14:06:34.500, 11618, 12466
2026/08/18 14:06:39.500, 11618, 12466
2026/08/18 14:06:44.501, 11618, 12466
2026/08/18 14:06:49.501, 11618, 12466
2026/08/18 14:06:54.502, 11618, 12466
2026/08/18 14:06:59.502, 11618, 12466
2026/08/18 14:07:04.503, 11618, 12466
2026/08/18 14:07:09.503, 11618, 12466
2026/08/18 14:07:14.504, 11618, 12466
2026/08/18 14:07:19.504, 11618, 12466
2026/08/18 14:07:24.505, 11618, 12466
2026/08/18 14:07:29.505, 11618, 12466
2026/08/18 14:07:34.506, 11618, 12466
2026/08/18 14:07:39.506, 11618, 12466
2026/08/18 14:07:44.507, 11618, 12466
2026/08/18 14:07:49.507, 11618, 12466
2026/08/18 14:07:54.508, 11618, 12466
2026/08/18 14:07:59.508, 11618, 12466
2026/08/18 14:08:04.509, 11618, 12466
2026/08/18 14:08:09.509, 11618, 12466
2026/08/18 14:08:14.510, 11618, 12466
2026/08/18 14:08:19.510, 11618, 12466
2026/08/18 14:08:24.511, 11618, 12466
2026/08/18 14:08:29.512, 11618, 12466
2026/08/18 14:08:34.512, 11618, 12466
2026/08/18 14:08:39.513, 11618, 12466
2026/08/18 14:08:44.513, 11618, 12466
2026/08/18 14:08:49.514, 11618, 12466
2026/08/18 14:08:54.514, 11618, 12466
2026/08/18 14:08:59.515, 11618, 12466
2026/08/18 14:09:04.515, 11618, 12466
2026/08/18 14:09:09.516, 11618, 12466
2026/08/18 14:09:14.516, 11618, 12466
2026/08/18 14:09:19.517, 11618, 12466
2026/08/18 14:09:24.517, 11618, 12466
2026/08/18 14:09:29.518, 11618, 12466
2026/08/18 14:09:34.518, 11618, 12466
2026/08/18 14:09:39.519, 11618, 12466
2026/08/18 14:09:44.519, 11618, 12466
2026/08/18 14:09:49.520, 11618, 12466
2026/08/18 14:09:54.520, 11618, 12466
2026/08/18 14:09:59.521, 11618, 12466
2026/08/18 14:10:04.521, 11618, 12466
2026/08/18 14:10:09.522, 11618, 12466
2026/08/18 14:10:14.522, 11618, 12466
2026/08/18 14:10:19.523, 11618, 12466
2026/08/18 14:10:24.523, 11618, 12466
2026/08/18 14:10:29.524, 11618, 12466
2026/08/18 14:10:34.524, 11618, 12466
2026/08/18 14:10:39.525, 11618, 12466
2026/08/18 14:10:44.525, 11618, 12466
2026/08/18 14:10:49.526, 11618, 12466
2026/08/18 14:10:54.526, 11618, 12466
2026/08/18 14:10:59.527, 11618, 12466
2026/08/18 14:11:04.527, 11618, 12466
2026/08/18 14:11:09.528, 11618, 12466
2026/08/18 14:11:14.528, 11618, 12466
2026/08/18 14:11:19.529, 11618, 12466
2026/08/18 14:11:24.529, 11618, 12466
2026/08/18 14:11:29.530, 11618, 12466
2026/08/18 14:11:34.530, 11618, 12466
2026/08/18 14:11:39.531, 11618, 12466
2026/08/18 14:11:44.531, 11618, 12466
2026/08/18 14:11:49.532, 11618, 12466
2026/08/18 14:11:54.532, 11618, 12466
2026/08/18 14:11:59.533, 11618, 12466
2026/08/18 14:12:04.533, 11618, 12466
2026/08/18 14:12:09.534, 11618, 12466
2026/08/18 14:12:14.534, 11618, 12466
2026/08/18 14:12:19.535, 11618, 12466
2026/08/18 14:12:24.535, 11618, 12466
2026/08/18 14:12:29.536, 11618, 12466
2026/08/18 14:12:34.536, 11618, 12466
2026/08/18 14:12:39.537, 11618, 12466
2026/08/18 14:12:44.537, 11618, 12466
2026/08/18 14:12:49.538, 11618, 12466
2026/08/18 14:12:54.538, 11618, 12466
2026/08/18 14:12:59.539, 11618, 12466
2026/08/18 14:13:04.539, 11618, 12466
2026/08/18 14:13:09.540, 11618, 12466
2026/08/18 14:13:14.540, 11618, 12466
2026/08/18 14:13:19.541, 11618, 12466
2026/08/18 14:13:24.541, 11618, 12466
2026/08/18 14:13:29.542, 11618, 12466
2026/08/18 14:13:34.542, 11618, 12466
2026/08/18 14:13:39.543, 11618, 12466
2026/08/18 14:13:44.543, 11618, 12466
2026/08/18 14:13:49.544, 11618, 12466
2026/08/18 14:13:54.544, 11618, 12466
2026/08/18 14:13:59.545, 11618, 12466
2026/08/18 14:14:04.545, 11618, 12466
2026/08/18 14:14:09.546, 11618, 12466
2026/08/18 14:14:14.546, 11618, 12466
2026/08/18 14:14:19.547, 11618, 12466
2026/08/18 14:14:24.547, 11618, 12466
2026/08/18 14:14:29.548, 11618, 12466
2026/08/18 14:14:34.548, 11618, 12466
2026/08/18 14:14:39.549, 11618, 12466
2026/08/18 14:14:44.549, 11618, 12466
2026/08/18 14:14:49.550, 11618, 12466
2026/08/18 14:14:54.550, 11618, 12466
2026/08/18 14:14:59.551, 11618, 12466
2026/08/18 14:15:04.551, 11618, 12466
2026/08/18 14:15:09.552, 11618, 12466
2026/08/18 14:15:14.552, 11618, 12466
2026/08/18 14:15:19.553, 11618, 12466
2026/08/18 14:15:24.553, 11618, 12466
2026/08/18 14:15:29.554, 11618, 12466
2026/08/18 14:15:34.554, 11618, 12466
2026/08/18 14:15:39.555, 11618, 12466
2026/08/18 14:15:44.555, 11618, 12466
2026/08/18 14:15:49.555, 11618, 12466
2026/08/18 14:15:54.556, 11618, 12466
2026/08/18 14:15:59.556, 11618, 12466
2026/08/18 14:16:04.557, 11618, 12466
2026/08/18 14:16:09.557, 11618, 12466
2026/08/18 14:16:14.558, 11618, 12466
2026/08/18 14:16:19.558, 11618, 12466
2026/08/18 14:16:24.559, 11618, 12466
2026/08/18 14:16:29.559, 11618, 12466
2026/08/18 14:16:34.560, 11618, 12466
2026/08/18 14:16:39.560, 11618, 12466
2026/08/18 14:16:44.561, 11618, 12466
2026/08/18 14:16:49.561, 11618, 12466
2026/08/18 14:16:54.562, 11618, 12466
2026/08/18 14:16:59.562, 11618, 12466
2026/08/18 14:17:04.563, 11618, 12466
2026/08/18 14:17:09.563, 11618, 12466
2026/08/18 14:17:14.564, 11618, 12466
2026/08/18 14:17:19.564, 11618, 12466
2026/08/18 14:17:24.565, 11618, 12466
2026/08/18 14:17:29.565, 11618, 12466
2026/08/18 14:17:34.566, 11618, 12466
2026/08/18 14:17:39.566, 11618, 12466
2026/08/18 14:17:44.567, 11618, 12466
2026/08/18 14:17:49.567, 11618, 12466
2026/08/18 14:17:54.568, 11618, 12466
2026/08/18 14:17:59.568, 11618, 12466
2026/08/18 14:18:04.569, 11618, 12466
2026/08/18 14:18:09.569, 11618, 12466
2026/08/18 14:18:14.569, 11618, 12466
2026/08/18 14:18:19.570, 11618, 12466
2026/08/18 14:18:24.570, 11618, 12466
2026/08/18 14:18:29.571, 11618, 12466
2026/08/18 14:18:34.571, 11618, 12466
2026/08/18 14:18:39.572, 11618, 12466
2026/08/18 14:18:44.572, 11618, 12466
2026/08/18 14:18:49.573, 11618, 12466
2026/08/18 14:18:54.573, 11618, 12466
2026/08/18 14:18:59.574, 11618, 12466
2026/08/18 14:19:04.574, 11618, 12466
2026/08/18 14:19:09.575, 11618, 12466
2026/08/18 14:19:14.575, 11618, 12466
2026/08/18 14:19:19.576, 11618, 12466
2026/08/18 14:19:24.576, 11618, 12466
2026/08/18 14:19:29.577, 11618, 12466
2026/08/18 14:19:34.577, 11618, 12466
2026/08/18 14:19:39.578, 11618, 12466
2026/08/18 14:19:44.578, 11618, 12466
2026/08/18 14:19:49.579, 11618, 12466
2026/08/18 14:19:54.579, 11618, 12466
2026/08/18 14:19:59.579, 11618, 12466
2026/08/18 14:20:04.580, 11618, 12466
2026/08/18 14:20:09.580, 11618, 12466
2026/08/18 14:20:14.581, 11618, 12466
2026/08/18 14:20:19.581, 11618, 12466
2026/08/18 14:20:24.582, 11618, 12466
2026/08/18 14:20:29.582, 11618, 12466
2026/08/18 14:20:34.583, 11618, 12466
2026/08/18 14:20:39.583, 11618, 12466
2026/08/18 14:20:44.584, 11618, 12466
2026/08/18 14:20:49.584, 11618, 12466
2026/08/18 14:20:54.585, 11618, 12466
2026/08/18 14:20:59.585, 11618, 12466
2026/08/18 14:21:04.586, 11618, 12466
2026/08/18 14:21:09.586, 11618, 12466
2026/08/18 14:21:14.587, 11618, 12466
2026/08/18 14:21:19.587, 11618, 12466
2026/08/18 14:21:24.587, 11618, 12466
2026/08/18 14:21:29.588, 11618, 12466
2026/08/18 14:21:34.588, 11618, 12466
2026/08/18 14:21:39.589, 11618, 12466
2026/08/18 14:21:44.589, 11618, 12466
2026/08/18 14:21:49.590, 11618, 12466
2026/08/18 14:21:54.590, 11618, 12466
2026/08/18 14:21:59.591, 11618, 12466
2026/08/18 14:22:04.591, 11618, 12466
2026/08/18 14:22:09.592, 11618, 12466
2026/08/18 14:22:14.592, 11618, 12466
2026/08/18 14:22:19.593, 11618, 12466
2026/08/18 14:22:24.593, 11618, 12466
2026/08/18 14:22:29.593, 11618, 12466
2026/08/18 14:22:34.594, 11618, 12466
2026/08/18 14:22:39.594, 11618, 12466
2026/08/18 14:22:44.595, 11618, 12466
2026/08/18 14:22:49.595, 11618, 12466
2026/08/18 14:22:54.596, 11618, 12466
2026/08/18 14:22:59.596, 11618, 12466
2026/08/18 14:23:04.597, 11618, 12466
2026/08/18 14:23:09.597, 11618, 12466
2026/08/18 14:23:14.598, 11618, 12466
2026/08/18 14:23:19.598, 11618, 12466
2026/08/18 14:23:24.598, 11618, 12466
2026/08/18 14:23:29.599, 11618, 12466
2026/08/18 14:23:34.599, 11618, 12466
2026/08/18 14:23:39.600, 11618, 12466
2026/08/18 14:23:44.600, 11618, 12466
2026/08/18 14:23:49.601, 11618, 12466
2026/08/18 14:23:54.601, 11618, 12466
2026/08/18 14:23:59.602, 11618, 12466
2026/08/18 14:24:04.602, 11618, 12466
2026/08/18 14:24:09.602, 11618, 12466
2026/08/18 14:24:14.603, 11618, 12466
2026/08/18 14:24:19.603, 11618, 12466
2026/08/18 14:24:24.604, 11618, 12466
2026/08/18 14:24:29.604, 11618, 12466
2026/08/18 14:24:34.605, 11618, 12466
2026/08/18 14:24:39.605, 11618, 12466
2026/08/18 14:24:44.606, 11618, 12466
2026/08/18 14:24:49.606, 11618, 12466
2026/08/18 14:24:54.607, 11618, 12466
2026/08/18 14:24:59.607, 11618, 12466
2026/08/18 14:25:04.607, 11618, 12466
2026/08/18 14:25:09.608, 11618, 12466
2026/08/18 14:25:14.608, 11618, 12466
2026/08/18 14:25:19.609, 11618, 12466
2026/08/18 14:25:24.609, 11618, 12466
2026/08/18 14:25:29.610, 11618, 12466
2026/08/18 14:25:34.610, 11618, 12466
2026/08/18 14:25:39.611, 11618, 12466
2026/08/18 14:25:44.611, 11618, 12466
2026/08/18 14:25:49.611, 11618, 12466
2026/08/18 14:25:54.612, 11618, 12466
2026/08/18 14:25:59.612, 11618, 12466
2026/08/18 14:26:04.613, 11618, 12466
2026/08/18 14:26:09.613, 11618, 12466
2026/08/18 14:26:14.614, 11618, 12466
2026/08/18 14:26:19.614, 11618, 12466
2026/08/18 14:26:24.614, 11618, 12466
2026/08/18 14:26:29.615, 11618, 12466
2026/08/18 14:26:34.615, 11618, 12466
2026/08/18 14:26:39.616, 11618, 12466
2026/08/18 14:26:44.616, 11618, 12466
2026/08/18 14:26:49.617, 11618, 12466
2026/08/18 14:26:54.617, 11618, 12466
2026/08/18 14:26:59.618, 11618, 12466
2026/08/18 14:27:04.618, 11618, 12466
2026/08/18 14:27:09.618, 11618, 12466
2026/08/18 14:27:14.619, 11618, 12466
2026/08/18 14:27:19.619, 11618, 12466
2026/08/18 14:27:24.620, 11618, 12466
2026/08/18 14:27:29.620, 11618, 12466
2026/08/18 14:27:34.621, 11618, 12466
2026/08/18 14:27:39.621, 11618, 12466
2026/08/18 14:27:44.621, 11618, 12466
2026/08/18 14:27:49.622, 11618, 12466
2026/08/18 14:27:54.622, 11618, 12466
2026/08/18 14:27:59.623, 11618, 12466
2026/08/18 14:28:04.623, 11618, 12466
2026/08/18 14:28:09.625, 11618, 12466
2026/08/18 14:28:14.629, 11618, 12466
2026/08/18 14:28:19.629, 11618, 12466
2026/08/18 14:28:24.631, 11618, 12466
2026/08/18 14:28:29.635, 11618, 12466
2026/08/18 14:28:34.639, 11618, 12466
2026/08/18 14:28:39.641, 11618, 12466
2026/08/18 14:28:44.644, 11618, 12466
2026/08/18 14:28:49.647, 11618, 12466
2026/08/18 14:28:54.650, 11618, 12466
2026/08/18 14:28:59.654, 11618, 12466
2026/08/18 14:29:04.657, 11618, 12466
2026/08/18 14:29:09.661, 11618, 12466
2026/08/18 14:29:14.663, 11618, 12466
2026/08/18 14:29:19.664, 11618, 12466
2026/08/18 14:29:24.667, 11618, 12466
2026/08/18 14:29:29.670, 11618, 12466
2026/08/18 14:29:34.671, 11618, 12466
2026/08/18 14:29:39.672, 11618, 12466
2026/08/18 14:29:44.676, 11618, 12466
2026/08/18 14:29:49.680, 11618, 12466
2026/08/18 14:29:54.683, 11618, 12466
2026/08/18 14:29:59.687, 11618, 12466
2026/08/18 14:30:04.690, 11618, 12466
2026/08/18 14:30:09.693, 11618, 12466
2026/08/18 14:30:14.696, 11618, 12466
2026/08/18 14:30:19.697, 11618, 12466
2026/08/18 14:30:24.699, 11618, 12466
2026/08/18 14:30:29.703, 11618, 12466
2026/08/18 14:30:34.705, 11618, 12466
2026/08/18 14:30:39.707, 11618, 12466
2026/08/18 14:30:44.709, 11618, 12466
2026/08/18 14:30:49.711, 11618, 12466
2026/08/18 14:30:54.713, 11618, 12466
2026/08/18 14:30:59.718, 11618, 12466
2026/08/18 14:31:04.719, 11618, 12466
2026/08/18 14:31:09.723, 11618, 12466
2026/08/18 14:31:14.727, 11618, 12466
2026/08/18 14:31:19.727, 11618, 12466
2026/08/18 14:31:24.730, 11618, 12466
2026/08/18 14:31:29.735, 11618, 12466
2026/08/18 14:31:34.737, 11618, 12466
2026/08/18 14:31:39.741, 11618, 12466
2026/08/18 14:31:44.743, 11618, 12466
2026/08/18 14:31:49.746, 11618, 12466
2026/08/18 14:31:54.751, 11618, 12466
2026/08/18 14:31:59.754, 11618, 12466
2026/08/18 14:32:04.756, 11618, 12466
2026/08/18 14:32:09.759, 11618, 12466
2026/08/18 14:32:14.763, 11618, 12466
2026/08/18 14:32:19.763, 11618, 12466
2026/08/18 14:32:24.764, 11618, 12466
2026/08/18 14:32:29.769, 11618, 12466
2026/08/18 14:32:34.773, 11618, 12466
2026/08/18 14:32:39.775, 11618, 12466
2026/08/18 14:32:44.779, 11618, 12466
2026/08/18 14:32:49.781, 11618, 12466
2026/08/18 14:32:54.786, 11618, 12466
2026/08/18 14:32:59.789, 11618, 12466
2026/08/18 14:33:04.791, 11618, 12466
2026/08/18 14:33:09.795, 11618, 12466
2026/08/18 14:33:14.799, 11618, 12466
2026/08/18 14:33:19.799, 11618, 12466
2026/08/18 14:33:24.802, 11618, 12466
2026/08/18 14:33:29.804, 11618, 12466
2026/08/18 14:33:34.808, 11618, 12466
2026/08/18 14:33:39.810, 11618, 12466
2026/08/18 14:33:44.813, 11618, 12466
2026/08/18 14:33:49.814, 11618, 12466
2026/08/18 14:33:54.818, 11618, 12466
2026/08/18 14:33:59.820, 11618, 12466
2026/08/18 14:34:04.823, 11618, 12466
2026/08/18 14:34:09.826, 11618, 12466
2026/08/18 14:34:14.831, 11618, 12466
2026/08/18 14:34:19.831, 11618, 12466
2026/08/18 14:34:24.832, 11618, 12466
2026/08/18 14:34:29.840, 11618, 12466
2026/08/18 14:34:34.841, 11618, 12466
2026/08/18 14:34:39.842, 11618, 12466
2026/08/18 14:34:44.847, 11618, 12466
2026/08/18 14:34:49.848, 11618, 12466
2026/08/18 14:34:54.852, 11618, 12466
2026/08/18 14:34:59.857, 11618, 12466
2026/08/18 14:35:04.861, 11618, 12466
2026/08/18 14:35:09.865, 11618, 12466
2026/08/18 14:35:14.866, 11618, 12466
2026/08/18 14:35:19.866, 11618, 12466
2026/08/18 14:35:24.869, 11618, 12466
2026/08/18 14:35:29.875, 11618, 12466
2026/08/18 14:35:34.877, 11618, 12466
2026/08/18 14:35:39.882, 11618, 12466
2026/08/18 14:35:44.884, 11618, 12466
2026/08/18 14:35:49.886, 11618, 12466
2026/08/18 14:35:54.890, 11618, 12466
2026/08/18 14:35:59.894, 11618, 12466
2026/08/18 14:36:04.898, 11618, 12466
2026/08/18 14:36:09.902, 11618, 12466
2026/08/18 14:36:14.907, 11618, 12466
2026/08/18 14:36:19.907, 11618, 12466
2026/08/18 14:36:24.908, 11618, 12466
2026/08/18 14:36:29.912, 11618, 12466
2026/08/18 14:36:34.916, 11618, 12466
2026/08/18 14:36:39.919, 11618, 12466
2026/08/18 14:36:44.921, 11618, 12466
2026/08/18 14:36:49.923, 11618, 12466
2026/08/18 14:36:54.928, 11618, 12466
2026/08/18 14:36:59.931, 11618, 12466
2026/08/18 14:37:04.935, 11618, 12466
2026/08/18 14:37:09.938, 11618, 12466
2026/08/18 14:37:14.942, 11618, 12466
2026/08/18 14:37:19.942, 11618, 12466
2026/08/18 14:37:24.943, 11618, 12466
2026/08/18 14:37:29.943, 11618, 12466
2026/08/18 14:37:34.943, 11618, 12466
2026/08/18 14:37:39.944, 11618, 12466
2026/08/18 14:37:44.944, 11618, 12466
2026/08/18 14:37:49.945, 11618, 12466
2026/08/18 14:37:54.945, 11618, 12466
2026/08/18 14:37:59.946, 11618, 12466
2026/08/18 14:38:04.946, 11618, 12466
2026/08/18 14:38:09.947, 11618, 12466
2026/08/18 14:38:14.947, 11618, 12466
2026/08/18 14:38:19.948, 11618, 12466
2026/08/18 14:38:24.948, 11618, 12466
2026/08/18 14:38:29.949, 11618, 12466
2026/08/18 14:38:34.957, 11618, 12466
2026/08/18 14:38:39.958, 11618, 12466
2026/08/18 14:38:44.959, 11618, 12466
2026/08/18 14:38:49.959, 11618, 12466
2026/08/18 14:38:54.959, 11618, 12466
2026/08/18 14:38:59.960, 11618, 12466
2026/08/18 14:39:04.960, 11618, 12466
2026/08/18 14:39:09.961, 11618, 12466
2026/08/18 14:39:14.961, 11618, 12466
2026/08/18 14:39:19.962, 11618, 12466
2026/08/18 14:39:24.962, 11618, 12466
2026/08/18 14:39:29.963, 11618, 12466
2026/08/18 14:39:34.963, 11618, 12466
2026/08/18 14:39:39.964, 11618, 12466
2026/08/18 14:39:44.964, 11618, 12466
2026/08/18 14:39:49.965, 11618, 12466
2026/08/18 14:39:54.965, 11618, 12466
2026/08/18 14:39:59.966, 11618, 12466
2026/08/18 14:40:04.966, 11618, 12466
2026/08/18 14:40:09.967, 11618, 12466
2026/08/18 14:40:14.967, 11618, 12466
2026/08/18 14:40:19.968, 11618, 12466
2026/08/18 14:40:24.968, 11618, 12466
2026/08/18 14:40:29.969, 11618, 12466
2026/08/18 14:40:34.978, 11618, 12466
2026/08/18 14:40:39.979, 11618, 12466
2026/08/18 14:40:44.979, 11618, 12466
2026/08/18 14:40:49.980, 11618, 12466
2026/08/18 14:40:54.980, 11618, 12466
2026/08/18 14:40:59.981, 11618, 12466
2026/08/18 14:41:04.981, 11618, 12466
2026/08/18 14:41:09.982, 11618, 12466
2026/08/18 14:41:14.982, 11618, 12466
2026/08/18 14:41:19.983, 11618, 12466
2026/08/18 14:41:24.983, 11618, 12466
2026/08/18 14:41:29.984, 11618, 12466
2026/08/18 14:41:34.984, 11618, 12466
2026/08/18 14:41:39.985, 11618, 12466
2026/08/18 14:41:44.985, 11618, 12466
2026/08/18 14:41:49.986, 11618, 12466
2026/08/18 14:41:54.986, 11618, 12466
2026/08/18 14:41:59.987, 11618, 12466
2026/08/18 14:42:04.987, 11618, 12466
2026/08/18 14:42:09.988, 11618, 12466
2026/08/18 14:42:14.988, 11618, 12466
2026/08/18 14:42:19.989, 11618, 12466
2026/08/18 14:42:24.989, 11618, 12466
2026/08/18 14:42:29.990, 11618, 12466
2026/08/18 14:42:34.990, 11618, 12466
2026/08/18 14:42:39.991, 11618, 12466
2026/08/18 14:42:44.991, 11618, 12466
2026/08/18 14:42:49.991, 11618, 12466
2026/08/18 14:42:54.992, 11618, 12466
2026/08/18 14:42:59.992, 11618, 12466
2026/08/18 14:43:04.993, 11618, 12466
2026/08/18 14:43:09.994, 11618, 12466
2026/08/18 14:43:14.994, 11618, 12466
2026/08/18 14:43:19.995, 11618, 12466
2026/08/18 14:43:24.995, 11618, 12466
2026/08/18 14:43:29.996, 11618, 12466
2026/08/18 14:43:35.004, 11618, 12466
2026/08/18 14:43:40.005, 11618, 12466
2026/08/18 14:43:45.005, 11618, 12466
2026/08/18 14:43:50.006, 11618, 12466
2026/08/18 14:43:55.007, 11618, 12466
2026/08/18 14:44:00.007, 11618, 12466
2026/08/18 14:44:05.008, 11618, 12466
2026/08/18 14:44:10.008, 11618, 12466
2026/08/18 14:44:15.009, 11618, 12466
2026/08/18 14:44:20.009, 11618, 12466
2026/08/18 14:44:25.010, 11618, 12466
2026/08/18 14:44:30.010, 11618, 12466
2026/08/18 14:44:35.011, 11618, 12466
2026/08/18 14:44:40.011, 11618, 12466
2026/08/18 14:44:45.012, 11618, 12466
2026/08/18 14:44:50.012, 11618, 12466
2026/08/18 14:44:55.013, 11618, 12466
2026/08/18 14:45:00.013, 11618, 12466
2026/08/18 14:45:05.014, 11618, 12466
2026/08/18 14:45:10.014, 11618, 12466
2026/08/18 14:45:15.015, 11618, 12466
2026/08/18 14:45:20.015, 11618, 12466
2026/08/18 14:45:25.016, 11618, 12466
2026/08/18 14:45:30.016, 11618, 12466
2026/08/18 14:45:35.017, 11618, 12466
2026/08/18 14:45:40.017, 11618, 12466
2026/08/18 14:45:45.018, 11618, 12466
2026/08/18 14:45:50.018, 11618, 12466
2026/08/18 14:45:55.019, 11618, 12466
2026/08/18 14:46:00.019, 11618, 12466
2026/08/18 14:46:05.020, 11618, 12466
2026/08/18 14:46:10.020, 11618, 12466
2026/08/18 14:46:15.021, 11618, 12466
2026/08/18 14:46:20.021, 11618, 12466
2026/08/18 14:46:25.022, 11618, 12466
2026/08/18 14:46:30.022, 11618, 12466
2026/08/18 14:46:35.023, 11618, 12466
2026/08/18 14:46:40.023, 11618, 12466
2026/08/18 14:46:45.024, 11618, 12466
2026/08/18 14:46:50.024, 11618, 12466
2026/08/18 14:46:55.025, 11618, 12466
2026/08/18 14:47:00.025, 11618, 12466
2026/08/18 14:47:05.026, 11618, 12466
2026/08/18 14:47:10.026, 11618, 12466
2026/08/18 14:47:15.027, 11618, 12466
2026/08/18 14:47:20.027, 11618, 12466
2026/08/18 14:47:25.028, 11618, 12466
2026/08/18 14:47:30.028, 11618, 12466
2026/08/18 14:47:35.029, 11618, 12466
2026/08/18 14:47:40.029, 11618, 12466
2026/08/18 14:47:45.030, 11618, 12466
2026/08/18 14:47:50.030, 11618, 12466
2026/08/18 14:47:55.031, 11618, 12466
2026/08/18 14:48:00.031, 11618, 12466
2026/08/18 14:48:05.032, 11618, 12466
2026/08/18 14:48:10.032, 11618, 12466
2026/08/18 14:48:15.033, 11618, 12466
2026/08/18 14:48:20.033, 11618, 12466
2026/08/18 14:48:25.034, 11618, 12466
2026/08/18 14:48:30.034, 11618, 12466
2026/08/18 14:48:35.035, 11618, 12466
2026/08/18 14:48:40.035, 11618, 12466
2026/08/18 14:48:45.036, 11618, 12466
2026/08/18 14:48:50.036, 11618, 12466
2026/08/18 14:48:55.037, 11618, 12466
2026/08/18 14:49:00.037, 11618, 12466
2026/08/18 14:49:05.037, 11618, 12466
2026/08/18 14:49:10.038, 11618, 12466
2026/08/18 14:49:15.038, 11618, 12466
2026/08/18 14:49:20.039, 11618, 12466
2026/08/18 14:49:25.039, 11618, 12466
2026/08/18 14:49:30.040, 11618, 12466
2026/08/18 14:49:35.040, 11618, 12466
2026/08/18 14:49:40.041, 11618, 12466
2026/08/18 14:49:45.041, 11618, 12466
2026/08/18 14:49:50.042, 11618, 12466
2026/08/18 14:49:55.042, 11618, 12466
2026/08/18 14:50:00.043, 11618, 12466
2026/08/18 14:50:05.043, 11618, 12466
2026/08/18 14:50:10.044, 11618, 12466
2026/08/18 14:50:15.044, 11618, 12466
2026/08/18 14:50:20.045, 11618, 12466
2026/08/18 14:50:25.045, 11618, 12466
2026/08/18 14:50:30.046, 11618, 12466
2026/08/18 14:50:35.046, 11618, 12466
2026/08/18 14:50:40.047, 11618, 12466
2026/08/18 14:50:45.047, 11618, 12466
2026/08/18 14:50:50.048, 11618, 12466
2026/08/18 14:50:55.048, 11618, 12466
2026/08/18 14:51:00.049, 11618, 12466
2026/08/18 14:51:05.049, 11618, 12466
2026/08/18 14:51:10.050, 11618, 12466
2026/08/18 14:51:15.050, 11618, 12466
2026/08/18 14:51:20.051, 11618, 12466
2026/08/18 14:51:25.051, 11618, 12466
2026/08/18 14:51:30.052, 11618, 12466
2026/08/18 14:51:35.052, 11618, 12466
2026/08/18 14:51:40.053, 11618, 12466
2026/08/18 14:51:45.053, 11618, 12466
2026/08/18 14:51:50.054, 11618, 12466
2026/08/18 14:51:55.054, 11618, 12466
2026/08/18 14:52:00.055, 11618, 12466
2026/08/18 14:52:05.055, 11618, 12466
2026/08/18 14:52:10.056, 11618, 12466
2026/08/18 14:52:15.056, 11618, 12466
2026/08/18 14:52:20.057, 11618, 12466
2026/08/18 14:52:25.057, 11618, 12466
2026/08/18 14:52:30.058, 11618, 12466
2026/08/18 14:52:35.058, 11618, 12466
2026/08/18 14:52:40.059, 11618, 12466
2026/08/18 14:52:45.059, 11618, 12466
2026/08/18 14:52:50.060, 11618, 12466
2026/08/18 14:52:55.060, 11618, 12466
2026/08/18 14:53:00.061, 11618, 12466
2026/08/18 14:53:05.061, 11618, 12466
2026/08/18 14:53:10.061, 11618, 12466
2026/08/18 14:53:15.062, 11618, 12466
2026/08/18 14:53:20.062, 11618, 12466
2026/08/18 14:53:25.063, 11618, 12466
2026/08/18 14:53:30.063, 11618, 12466
2026/08/18 14:53:35.064, 11618, 12466
2026/08/18 14:53:40.064, 11618, 12466
2026/08/18 14:53:45.065, 11618, 12466
2026/08/18 14:53:50.065, 11618, 12466
2026/08/18 14:53:55.066, 11618, 12466
2026/08/18 14:54:00.066, 11618, 12466
2026/08/18 14:54:05.067, 11618, 12466
2026/08/18 14:54:10.067, 11618, 12466
2026/08/18 14:54:15.068, 11618, 12466
2026/08/18 14:54:20.068, 11618, 12466
2026/08/18 14:54:25.069, 11618, 12466
2026/08/18 14:54:30.069, 11618, 12466
2026/08/18 14:54:35.070, 11618, 12466
2026/08/18 14:54:40.070, 11618, 12466
2026/08/18 14:54:45.071, 11618, 12466
2026/08/18 14:54:50.071, 11618, 12466
2026/08/18 14:54:55.072, 11618, 12466
2026/08/18 14:55:00.072, 11618, 12466
2026/08/18 14:55:05.073, 11618, 12466
2026/08/18 14:55:10.073, 11618, 12466
2026/08/18 14:55:15.074, 11618, 12466
2026/08/18 14:55:20.074, 11618, 12466
2026/08/18 14:55:25.075, 11618, 12466
2026/08/18 14:55:30.075, 11618, 12466
2026/08/18 14:55:35.076, 11618, 12466
2026/08/18 14:55:40.076, 11618, 12466
2026/08/18 14:55:45.077, 11618, 12466
2026/08/18 14:55:50.077, 11618, 12466
2026/08/18 14:55:55.078, 11618, 12466
2026/08/18 14:56:00.078, 11618, 12466
2026/08/18 14:56:05.079, 11618, 12466
2026/08/18 14:56:10.080, 11618, 12466
2026/08/18 14:56:15.080, 11618, 12466
2026/08/18 14:56:20.081, 11618, 12466
2026/08/18 14:56:25.081, 11618, 12466
2026/08/18 14:56:30.082, 11618, 12466
2026/08/18 14:56:35.082, 11618, 12466
2026/08/18 14:56:40.083, 11618, 12466
2026/08/18 14:56:45.083, 11618, 12466
2026/08/18 14:56:50.084, 11618, 12466
2026/08/18 14:56:55.084, 11618, 12466
2026/08/18 14:57:00.085, 11618, 12466
2026/08/18 14:57:05.085, 11618, 12466
2026/08/18 14:57:10.086, 11618, 12466
2026/08/18 14:57:15.087, 11618, 12466
2026/08/18 14:57:20.087, 11618, 12466
2026/08/18 14:57:25.088, 11618, 12466
2026/08/18 14:57:30.088, 11618, 12466
2026/08/18 14:57:35.089, 11618, 12466
2026/08/18 14:57:40.089, 11618, 12466
2026/08/18 14:57:45.090, 11618, 12466
2026/08/18 14:57:50.090, 11618, 12466
2026/08/18 14:57:55.091, 11618, 12466
2026/08/18 14:58:00.091, 11618, 12466
2026/08/18 14:58:05.092, 11618, 12466
2026/08/18 14:58:10.092, 11618, 12466
2026/08/18 14:58:15.093, 11618, 12466
2026/08/18 14:58:20.093, 11618, 12466
2026/08/18 14:58:25.094, 11618, 12466
2026/08/18 14:58:30.094, 11618, 12466
2026/08/18 14:58:35.095, 11618, 12466
2026/08/18 14:58:40.095, 11618, 12466
2026/08/18 14:58:45.096, 11618, 12466
2026/08/18 14:58:50.096, 11618, 12466
2026/08/18 14:58:55.097, 11618, 12466
2026/08/18 14:59:00.098, 11618, 12466
2026/08/18 14:59:05.098, 11618, 12466
2026/08/18 14:59:10.099, 11618, 12466
2026/08/18 14:59:15.099, 11618, 12466
2026/08/18 14:59:20.100, 11618, 12466
2026/08/18 14:59:25.100, 11618, 12466
2026/08/18 14:59:30.101, 11618, 12466
2026/08/18 14:59:35.101, 11618, 12466
2026/08/18 14:59:40.102, 11618, 12466
2026/08/18 14:59:45.102, 11618, 12466
2026/08/18 14:59:50.103, 11618, 12466
2026/08/18 14:59:55.103, 11618, 12466
2026/08/18 15:00:00.104, 11618, 12466
2026/08/18 15:00:05.104, 11618, 12466
2026/08/18 15:00:10.105, 11618, 12466
2026/08/18 15:00:15.106, 11618, 12466
2026/08/18 15:00:20.106, 11618, 12466
2026/08/18 15:00:25.107, 11618, 12466
2026/08/18 15:00:30.107, 11618, 12466
2026/08/18 15:00:35.108, 11618, 12466
2026/08/18 15:00:40.108, 11618, 12466
2026/08/18 15:00:45.109, 11618, 12466
2026/08/18 15:00:50.109, 11618, 12466
2026/08/18 15:00:55.110, 11618, 12466
2026/08/18 15:01:00.110, 11618, 12466
2026/08/18 15:01:05.111, 11618, 12466
2026/08/18 15:01:10.111, 11618, 12466
2026/08/18 15:01:15.112, 11618, 12466
2026/08/18 15:01:20.112, 11618, 12466
2026/08/18 15:01:25.113, 11618, 12466
2026/08/18 15:01:30.113, 11618, 12466
2026/08/18 15:01:35.114, 11618, 12466
2026/08/18 15:01:40.114, 11618, 12466
2026/08/18 15:01:45.115, 11618, 12466
2026/08/18 15:01:50.115, 11618, 12466
2026/08/18 15:01:55.116, 11618, 12466
2026/08/18 15:02:00.117, 11618, 12466
2026/08/18 15:02:05.117, 11618, 12466
2026/08/18 15:02:10.118, 11618, 12466
2026/08/18 15:02:15.118, 11618, 12466
2026/08/18 15:02:20.119, 11618, 12466
2026/08/18 15:02:25.119, 11618, 12466
2026/08/18 15:02:30.120, 11618, 12466
2026/08/18 15:02:35.120, 11618, 12466
2026/08/18 15:02:40.121, 11618, 12466
2026/08/18 15:02:45.121, 11618, 12466
2026/08/18 15:02:50.122, 11618, 12466
2026/08/18 15:02:55.122, 11618, 12466
2026/08/18 15:03:00.123, 11618, 12466
2026/08/18 15:03:05.123, 11618, 12466
2026/08/18 15:03:10.124, 11618, 12466
2026/08/18 15:03:15.124, 11618, 12466
2026/08/18 15:03:20.125, 11618, 12466
2026/08/18 15:03:25.126, 11618, 12466
2026/08/18 15:03:30.126, 11618, 12466
2026/08/18 15:03:35.127, 11618, 12466
2026/08/18 15:03:40.127, 11618, 12466
2026/08/18 15:03:45.127, 11618, 12466
2026/08/18 15:03:50.128, 11618, 12466
2026/08/18 15:03:55.129, 11618, 12466
2026/08/18 15:04:00.129, 11618, 12466
2026/08/18 15:04:05.130, 11618, 12466
2026/08/18 15:04:10.130, 11618, 12466
2026/08/18 15:04:15.131, 11618, 12466
2026/08/18 15:04:20.131, 11618, 12466
2026/08/18 15:04:25.132, 11618, 12466
2026/08/18 15:04:30.132, 11618, 12466
2026/08/18 15:04:35.133, 11618, 12466
2026/08/18 15:04:40.133, 11618, 12466
2026/08/18 15:04:45.134, 11618, 12466
2026/08/18 15:04:50.134, 11618, 12466
2026/08/18 15:04:55.135, 11618, 12466
2026/08/18 15:05:00.136, 11618, 12466
2026/08/18 15:05:05.136, 11618, 12466
2026/08/18 15:05:10.137, 11618, 12466
2026/08/18 15:05:15.137, 11618, 12466
2026/08/18 15:05:20.138, 11618, 12466
2026/08/18 15:05:25.138, 11618, 12466
2026/08/18 15:05:30.139, 11618, 12466
2026/08/18 15:05:35.139, 11618, 12466
2026/08/18 15:05:40.140, 11618, 12466
2026/08/18 15:05:45.140, 11618, 12466
2026/08/18 15:05:50.141, 11618, 12466
2026/08/18 15:05:55.141, 11618, 12466
2026/08/18 15:06:00.142, 11618, 12466
2026/08/18 15:06:05.143, 11618, 12466
2026/08/18 15:06:10.143, 11618, 12466
2026/08/18 15:06:15.144, 11618, 12466
2026/08/18 15:06:20.144, 11618, 12466
2026/08/18 15:06:25.145, 11618, 12466
2026/08/18 15:06:30.145, 11618, 12466
2026/08/18 15:06:35.146, 11618, 12466
2026/08/18 15:06:40.146, 11618, 12466
2026/08/18 15:06:45.147, 11618, 12466
2026/08/18 15:06:50.147, 11618, 12466
2026/08/18 15:06:55.148, 11618, 12466
2026/08/18 15:07:00.148, 11618, 12466
2026/08/18 15:07:05.149, 11618, 12466
2026/08/18 15:07:10.149, 11618, 12466
2026/08/18 15:07:15.150, 11618, 12466
2026/08/18 15:07:20.150, 11618, 12466
2026/08/18 15:07:25.151, 11618, 12466
2026/08/18 15:07:30.151, 11618, 12466
2026/08/18 15:07:35.152, 11618, 12466
2026/08/18 15:07:40.152, 11618, 12466
2026/08/18 15:07:45.153, 11618, 12466
2026/08/18 15:07:50.153, 11618, 12466
2026/08/18 15:07:55.154, 11618, 12466
2026/08/18 15:08:00.155, 11618, 12466
2026/08/18 15:08:05.155, 11618, 12466
2026/08/18 15:08:10.156, 11618, 12466
2026/08/18 15:08:15.156, 11618, 12466
2026/08/18 15:08:20.157, 11618, 12466
2026/08/18 15:08:25.157, 11618, 12466
2026/08/18 15:08:30.158, 11618, 12466
2026/08/18 15:08:35.158, 11618, 12466
2026/08/18 15:08:40.159, 11618, 12466
2026/08/18 15:08:45.159, 11618, 12466
2026/08/18 15:08:50.160, 11618, 12466
2026/08/18 15:08:55.160, 11618, 12466
2026/08/18 15:09:00.161, 11618, 12466
2026/08/18 15:09:05.162, 11618, 12466
2026/08/18 15:09:10.162, 11618, 12466
2026/08/18 15:09:15.163, 11618, 12466
2026/08/18 15:09:20.163, 11618, 12466
2026/08/18 15:09:25.164, 11618, 12466
2026/08/18 15:09:30.164, 11618, 12466
2026/08/18 15:09:35.165, 11618, 12466
2026/08/18 15:09:40.165, 11618, 12466
2026/08/18 15:09:45.165, 11618, 12466
2026/08/18 15:09:50.166, 11618, 12466
2026/08/18 15:09:55.166, 11618, 12466
2026/08/18 15:10:00.167, 11618, 12466
2026/08/18 15:10:05.167, 11618, 12466
2026/08/18 15:10:10.168, 11618, 12466
2026/08/18 15:10:15.168, 11618, 12466
2026/08/18 15:10:20.168, 11618, 12466
2026/08/18 15:10:25.169, 11618, 12466
2026/08/18 15:10:30.169, 11618, 12466
2026/08/18 15:10:35.170, 11618, 12466
2026/08/18 15:10:40.170, 11618, 12466
2026/08/18 15:10:45.171, 11618, 12466
2026/08/18 15:10:50.171, 11618, 12466
2026/08/18 15:10:55.172, 11618, 12466
2026/08/18 15:11:00.172, 11618, 12466
2026/08/18 15:11:05.172, 11618, 12466
2026/08/18 15:11:10.173, 11618, 12466
2026/08/18 15:11:15.173, 11618, 12466
2026/08/18 15:11:20.174, 11618, 12466
2026/08/18 15:11:25.174, 11618, 12466
2026/08/18 15:11:30.175, 11618, 12466
2026/08/18 15:11:35.175, 11618, 12466
2026/08/18 15:11:40.176, 11618, 12466
2026/08/18 15:11:45.176, 11618, 12466
2026/08/18 15:11:50.176, 11618, 12466
2026/08/18 15:11:55.177, 11618, 12466
2026/08/18 15:12:00.177, 11618, 12466
2026/08/18 15:12:05.178, 11618, 12466
2026/08/18 15:12:10.178, 11618, 12466
2026/08/18 15:12:15.179, 11618, 12466
2026/08/18 15:12:20.179, 11618, 12466
2026/08/18 15:12:25.180, 11618, 12466
2026/08/18 15:12:30.180, 11618, 12466
2026/08/18 15:12:35.181, 11618, 12466
2026/08/18 15:12:40.181, 11618, 12466
2026/08/18 15:12:45.182, 11618, 12466
2026/08/18 15:12:50.182, 11618, 12466
2026/08/18 15:12:55.183, 11618, 12466
2026/08/18 15:13:00.183, 11618, 12466
2026/08/18 15:13:05.183, 11618, 12466
2026/08/18 15:13:10.184, 11618, 12466
2026/08/18 15:13:15.184, 11618, 12466
2026/08/18 15:13:20.185, 11618, 12466
2026/08/18 15:13:25.185, 11618, 12466
2026/08/18 15:13:30.186, 11618, 12466
2026/08/18 15:13:35.186, 11618, 12466
2026/08/18 15:13:40.186, 11618, 12466
2026/08/18 15:13:45.187, 11618, 12466
2026/08/18 15:13:50.187, 11618, 12466
2026/08/18 15:13:55.188, 11618, 12466
2026/08/18 15:14:00.188, 11618, 12466
2026/08/18 15:14:05.189, 11618, 12466
2026/08/18 15:14:10.189, 11618, 12466
2026/08/18 15:14:15.189, 11618, 12466
2026/08/18 15:14:20.190, 11618, 12466
2026/08/18 15:14:25.190, 11618, 12466
2026/08/18 15:14:30.191, 11618, 12466
2026/08/18 15:14:35.191, 11618, 12466
2026/08/18 15:14:40.192, 11618, 12466
2026/08/18 15:14:45.192, 11618, 12466
2026/08/18 15:14:50.192, 11618, 12466
2026/08/18 15:14:55.193, 11618, 12466
2026/08/18 15:15:00.193, 11618, 12466
2026/08/18 15:15:05.194, 11618, 12466
2026/08/18 15:15:10.194, 11618, 12466
2026/08/18 15:15:15.195, 11618, 12466
2026/08/18 15:15:20.195, 11618, 12466
2026/08/18 15:15:25.195, 11618, 12466
2026/08/18 15:15:30.196, 11618, 12466
2026/08/18 15:15:35.196, 11618, 12466
2026/08/18 15:15:40.197, 11618, 12466
2026/08/18 15:15:45.197, 11618, 12466
2026/08/18 15:15:50.197, 11618, 12466
2026/08/18 15:15:55.198, 11618, 12466
2026/08/18 15:16:00.198, 11618, 12466
2026/08/18 15:16:05.199, 11618, 12466
2026/08/18 15:16:10.199, 11618, 12466
2026/08/18 15:16:15.200, 11618, 12466
2026/08/18 15:16:20.200, 11618, 12466
2026/08/18 15:16:25.200, 11618, 12466
2026/08/18 15:16:30.201, 11618, 12466
2026/08/18 15:16:35.201, 11618, 12466
2026/08/18 15:16:40.202, 11618, 12466
2026/08/18 15:16:45.202, 11618, 12466
2026/08/18 15:16:50.203, 11618, 12466
2026/08/18 15:16:55.203, 11618, 12466
2026/08/18 15:17:00.203, 11618, 12466
2026/08/18 15:17:05.204, 11618, 12466
2026/08/18 15:17:10.204, 11618, 12466
2026/08/18 15:17:15.205, 11618, 12466
2026/08/18 15:17:20.205, 11618, 12466
2026/08/18 15:17:25.206, 11618, 12466
2026/08/18 15:17:30.206, 11618, 12466
2026/08/18 15:17:35.207, 11618, 12466
2026/08/18 15:17:40.207, 11618, 12466
2026/08/18 15:17:45.207, 11618, 12466
2026/08/18 15:17:50.208, 11618, 12466
2026/08/18 15:17:55.208, 11618, 12466
2026/08/18 15:18:00.209, 11618, 12466
2026/08/18 15:18:05.209, 11618, 12466
2026/08/18 15:18:10.210, 11618, 12466
2026/08/18 15:18:15.210, 11618, 12466
2026/08/18 15:18:20.211, 11618, 12466
2026/08/18 15:18:25.211, 11618, 12466
2026/08/18 15:18:30.211, 11618, 12466
2026/08/18 15:18:35.212, 11618, 12466
2026/08/18 15:18:40.212, 11618, 12466
2026/08/18 15:18:45.213, 11618, 12466
2026/08/18 15:18:50.213, 11618, 12466
2026/08/18 15:18:55.214, 11618, 12466
2026/08/18 15:19:00.214, 11618, 12466
2026/08/18 15:19:05.215, 11618, 12466
2026/08/18 15:19:10.215, 11618, 12466
2026/08/18 15:19:15.215, 11618, 12466
2026/08/18 15:19:20.216, 11618, 12466
2026/08/18 15:19:25.216, 11618, 12466
2026/08/18 15:19:30.217, 11618, 12466
2026/08/18 15:19:35.217, 11618, 12466
2026/08/18 15:19:40.218, 11618, 12466
2026/08/18 15:19:45.218, 11618, 12466
2026/08/18 15:19:50.218, 11618, 12466
2026/08/18 15:19:55.219, 11618, 12466
2026/08/18 15:20:00.219, 11618, 12466
2026/08/18 15:20:05.220, 11618, 12466
2026/08/18 15:20:10.220, 11618, 12466
2026/08/18 15:20:15.221, 11618, 12466
2026/08/18 15:20:20.221, 11618, 12466
2026/08/18 15:20:25.222, 11618, 12466
2026/08/18 15:20:30.222, 11618, 12466
2026/08/18 15:20:35.223, 11618, 12466
2026/08/18 15:20:40.223, 11618, 12466
2026/08/18 15:20:45.223, 11618, 12466
2026/08/18 15:20:50.224, 11618, 12466
2026/08/18 15:20:55.224, 11618, 12466
2026/08/18 15:21:00.225, 11618, 12466
2026/08/18 15:21:05.225, 11618, 12466
2026/08/18 15:21:10.226, 11618, 12466
2026/08/18 15:21:15.226, 11618, 12466
2026/08/18 15:21:20.227, 11618, 12466
2026/08/18 15:21:25.227, 11618, 12466
2026/08/18 15:21:30.228, 11618, 12466
2026/08/18 15:21:35.228, 11618, 12466
2026/08/18 15:21:40.228, 11618, 12466
2026/08/18 15:21:45.229, 11618, 12466
2026/08/18 15:21:50.229, 11618, 12466
2026/08/18 15:21:55.230, 11618, 12466
2026/08/18 15:22:00.230, 11618, 12466
2026/08/18 15:22:05.231, 11618, 12466
2026/08/18 15:22:10.231, 11618, 12466
2026/08/18 15:22:15.232, 11618, 12466
2026/08/18 15:22:20.232, 11618, 12466
2026/08/18 15:22:25.233, 11618, 12466
2026/08/18 15:22:30.233, 11618, 12466
2026/08/18 15:22:35.234, 11618, 12466
2026/08/18 15:22:40.234, 11618, 12466
2026/08/18 15:22:45.235, 11618, 12466
2026/08/18 15:22:50.235, 11618, 12466
2026/08/18 15:22:55.235, 11618, 12466
2026/08/18 15:23:00.236, 11618, 12466
2026/08/18 15:23:05.236, 11618, 12466
2026/08/18 15:23:10.237, 11618, 12466
2026/08/18 15:23:15.237, 11618, 12466
2026/08/18 15:23:20.238, 11618, 12466
2026/08/18 15:23:25.238, 11618, 12466
2026/08/18 15:23:30.239, 11618, 12466
2026/08/18 15:23:35.239, 11618, 12466
2026/08/18 15:23:40.240, 11618, 12466
2026/08/18 15:23:45.240, 11618, 12466
2026/08/18 15:23:50.240, 11618, 12466
2026/08/18 15:23:55.241, 11618, 12466
2026/08/18 15:24:00.241, 11618, 12466
2026/08/18 15:24:05.242, 11618, 12466
2026/08/18 15:24:10.242, 11618, 12466
2026/08/18 15:24:15.243, 11618, 12466
2026/08/18 15:24:20.243, 11618, 12466
2026/08/18 15:24:25.244, 11618, 12466
2026/08/18 15:24:30.244, 11618, 12466
2026/08/18 15:24:35.244, 11618, 12466
2026/08/18 15:24:40.245, 11618, 12466
2026/08/18 15:24:45.245, 11618, 12466
2026/08/18 15:24:50.246, 11618, 12466
2026/08/18 15:24:55.246, 11618, 12466
2026/08/18 15:25:00.247, 11618, 12466
2026/08/18 15:25:05.247, 11618, 12466
2026/08/18 15:25:10.248, 11618, 12466
2026/08/18 15:25:15.248, 11618, 12466
2026/08/18 15:25:20.249, 11618, 12466
2026/08/18 15:25:25.249, 11618, 12466
2026/08/18 15:25:30.249, 11618, 12466
2026/08/18 15:25:35.250, 11618, 12466
2026/08/18 15:25:40.250, 11618, 12466
2026/08/18 15:25:45.251, 11618, 12466
2026/08/18 15:25:50.251, 11618, 12466
2026/08/18 15:25:55.252, 11618, 12466
2026/08/18 15:26:00.252, 11618, 12466
2026/08/18 15:26:05.253, 11618, 12466
2026/08/18 15:26:10.253, 11618, 12466
2026/08/18 15:26:15.254, 11618, 12466
2026/08/18 15:26:20.254, 11618, 12466
2026/08/18 15:26:25.254, 11618, 12466
2026/08/18 15:26:30.255, 11618, 12466
2026/08/18 15:26:35.255, 11618, 12466
2026/08/18 15:26:40.256, 11618, 12466
2026/08/18 15:26:45.256, 11618, 12466
2026/08/18 15:26:50.257, 11618, 12466
2026/08/18 15:26:55.257, 11618, 12466
2026/08/18 15:27:00.258, 11618, 12466
2026/08/18 15:27:05.258, 11618, 12466
2026/08/18 15:27:10.258, 11618, 12466
2026/08/18 15:27:15.259, 11618, 12466
2026/08/18 15:27:20.259, 11618, 12466
2026/08/18 15:27:25.260, 11618, 12466
2026/08/18 15:27:30.260, 11618, 12466
2026/08/18 15:27:35.261, 11618, 12466
2026/08/18 15:27:40.261, 11618, 12466
2026/08/18 15:27:45.262, 11618, 12466
2026/08/18 15:27:50.262, 11618, 12466
2026/08/18 15:27:55.263, 11618, 12466
2026/08/18 15:28:00.263, 11618, 12466
2026/08/18 15:28:05.264, 11618, 12466
2026/08/18 15:28:10.265, 11618, 12466
2026/08/18 15:28:15.265, 11618, 12466
2026/08/18 15:28:20.266, 11618, 12466
2026/08/18 15:28:25.266, 11618, 12466
2026/08/18 15:28:30.266, 11618, 12466
2026/08/18 15:28:35.267, 11618, 12466
2026/08/18 15:28:40.267, 11618, 12466
2026/08/18 15:28:45.268, 11618, 12466
2026/08/18 15:28:50.268, 11618, 12466
2026/08/18 15:28:55.269, 11618, 12466
2026/08/18 15:29:00.269, 11618, 12466
2026/08/18 15:29:05.270, 11618, 12466
2026/08/18 15:29:10.270, 11618, 12466
2026/08/18 15:29:15.271, 11618, 12466
2026/08/18 15:29:20.271, 11618, 12466
2026/08/18 15:29:25.272, 11618, 12466
2026/08/18 15:29:30.272, 11618, 12466
2026/08/18 15:29:35.272, 11618, 12466
2026/08/18 15:29:40.273, 11618, 12466
2026/08/18 15:29:45.273, 11618, 12466
2026/08/18 15:29:50.274, 11618, 12466
2026/08/18 15:29:55.274, 11618, 12466
2026/08/18 15:30:00.275, 11618, 12466
2026/08/18 15:30:05.275, 11618, 12466
2026/08/18 15:30:10.276, 11618, 12466
2026/08/18 15:30:15.276, 11618, 12466
2026/08/18 15:30:20.276, 11618, 12466
2026/08/18 15:30:25.277, 11618, 12466
2026/08/18 15:30:30.277, 11618, 12466
2026/08/18 15:30:35.278, 11618, 12466
2026/08/18 15:30:40.278, 11618, 12466
2026/08/18 15:30:45.279, 11618, 12466
2026/08/18 15:30:50.279, 11618, 12466
2026/08/18 15:30:55.280, 11618, 12466
2026/08/18 15:31:00.280, 11618, 12466
2026/08/18 15:31:05.280, 11618, 12466
2026/08/18 15:31:10.281, 11618, 12466
2026/08/18 15:31:15.281, 11618, 12466
2026/08/18 15:31:20.282, 11618, 12466
2026/08/18 15:31:25.282, 11618, 12466
2026/08/18 15:31:30.283, 11618, 12466
2026/08/18 15:31:35.283, 11618, 12466
2026/08/18 15:31:40.284, 11618, 12466
2026/08/18 15:31:45.284, 11618, 12466
2026/08/18 15:31:50.284, 11618, 12466
2026/08/18 15:31:55.285, 11618, 12466
2026/08/18 15:32:00.285, 11618, 12466
2026/08/18 15:32:05.286, 11618, 12466
2026/08/18 15:32:10.286, 11618, 12466
2026/08/18 15:32:15.287, 11618, 12466
2026/08/18 15:32:20.287, 11618, 12466
2026/08/18 15:32:25.288, 11618, 12466
2026/08/18 15:32:30.288, 11618, 12466
2026/08/18 15:32:35.288, 11618, 12466
2026/08/18 15:32:40.289, 11618, 12466
2026/08/18 15:32:45.289, 11618, 12466
2026/08/18 15:32:50.290, 11618, 12466
2026/08/18 15:32:55.290, 11618, 12466
2026/08/18 15:33:00.291, 11618, 12466
2026/08/18 15:33:05.291, 11618, 12466
2026/08/18 15:33:10.292, 11618, 12466
2026/08/18 15:33:15.292, 11618, 12466
2026/08/18 15:33:20.293, 11618, 12466
2026/08/18 15:33:25.293, 11618, 12466
2026/08/18 15:33:30.293, 11618, 12466
2026/08/18 15:33:35.294, 11618, 12466
2026/08/18 15:33:40.294, 11618, 12466
2026/08/18 15:33:45.295, 11618, 12466
2026/08/18 15:33:50.295, 11618, 12466
2026/08/18 15:33:55.296, 11618, 12466
2026/08/18 15:34:00.296, 11618, 12466
2026/08/18 15:34:05.297, 11618, 12466
2026/08/18 15:34:10.297, 11618, 12466
2026/08/18 15:34:15.297, 11618, 12466
2026/08/18 15:34:20.298, 11618, 12466
2026/08/18 15:34:25.298, 11618, 12466
2026/08/18 15:34:30.299, 11618, 12466
2026/08/18 15:34:35.299, 11618, 12466
2026/08/18 15:34:40.300, 11618, 12466
2026/08/18 15:34:45.300, 11618, 12466
2026/08/18 15:34:50.300, 11618, 12466
2026/08/18 15:34:55.301, 11618, 12466
2026/08/18 15:35:00.301, 11618, 12466
2026/08/18 15:35:05.302, 11618, 12466
2026/08/18 15:35:10.302, 11618, 12466
2026/08/18 15:35:15.303, 11618, 12466
2026/08/18 15:35:20.303, 11618, 12466
2026/08/18 15:35:25.304, 11618, 12466
2026/08/18 15:35:30.304, 11618, 12466
2026/08/18 15:35:35.304, 11618, 12466
2026/08/18 15:35:40.305, 11618, 12466
2026/08/18 15:35:45.305, 11618, 12466
2026/08/18 15:35:50.306, 11618, 12466
2026/08/18 15:35:55.306, 11618, 12466
2026/08/18 15:36:00.307, 11618, 12466
2026/08/18 15:36:05.307, 11618, 12466
2026/08/18 15:36:10.307, 11618, 12466
2026/08/18 15:36:15.308, 11618, 12466
2026/08/18 15:36:20.308, 11618, 12466
2026/08/18 15:36:25.309, 11618, 12466
2026/08/18 15:36:30.309, 11618, 12466
2026/08/18 15:36:35.310, 11618, 12466
2026/08/18 15:36:40.310, 11618, 12466
2026/08/18 15:36:45.311, 11618, 12466
2026/08/18 15:36:50.311, 11618, 12466
2026/08/18 15:36:55.311, 11618, 12466
2026/08/18 15:37:00.312, 11618, 12466
2026/08/18 15:37:05.312, 11618, 12466
2026/08/18 15:37:10.313, 11618, 12466
2026/08/18 15:37:15.313, 11618, 12466
2026/08/18 15:37:20.314, 11618, 12466
2026/08/18 15:37:25.314, 11618, 12466
2026/08/18 15:37:30.315, 11618, 12466
2026/08/18 15:37:35.315, 11618, 12466
2026/08/18 15:37:40.315, 11618, 12466
2026/08/18 15:37:45.316, 11618, 12466
2026/08/18 15:37:50.316, 11618, 12466
2026/08/18 15:37:55.317, 11618, 12466
2026/08/18 15:38:00.317, 11618, 12466
2026/08/18 15:38:05.318, 11618, 12466
2026/08/18 15:38:10.318, 11618, 12466
2026/08/18 15:38:15.318, 11618, 12466
2026/08/18 15:38:20.319, 11618, 12466
2026/08/18 15:38:25.319, 11618, 12466
2026/08/18 15:38:30.320, 11618, 12466
2026/08/18 15:38:35.320, 11618, 12466
2026/08/18 15:38:40.321, 11618, 12466
2026/08/18 15:38:45.321, 11618, 12466
2026/08/18 15:38:50.322, 11618, 12466
2026/08/18 15:38:55.322, 11618, 12466
2026/08/18 15:39:00.322, 11618, 12466
2026/08/18 15:39:05.323, 11618, 12466
2026/08/18 15:39:10.323, 11618, 12466
2026/08/18 15:39:15.324, 11618, 12466
2026/08/18 15:39:20.324, 11618, 12466
2026/08/18 15:39:25.325, 11618, 12466
2026/08/18 15:39:30.325, 11618, 12466
2026/08/18 15:39:35.325, 11618, 12466
2026/08/18 15:39:40.326, 11618, 12466
2026/08/18 15:39:45.326, 11618, 12466
2026/08/18 15:39:50.327, 11618, 12466
2026/08/18 15:39:55.327, 11618, 12466
2026/08/18 15:40:00.328, 11618, 12466
2026/08/18 15:40:05.328, 11618, 12466
2026/08/18 15:40:10.329, 11618, 12466
2026/08/18 15:40:15.329, 11618, 12466
2026/08/18 15:40:20.329, 11618, 12466
2026/08/18 15:40:25.330, 11618, 12466
2026/08/18 15:40:30.330, 11618, 12466
2026/08/18 15:40:35.331, 11618, 12466
2026/08/18 15:40:40.331, 11618, 12466
2026/08/18 15:40:45.332, 11618, 12466
2026/08/18 15:40:50.332, 11618, 12466
2026/08/18 15:40:55.332, 11618, 12466
2026/08/18 15:41:00.333, 11618, 12466
2026/08/18 15:41:05.333, 11618, 12466
2026/08/18 15:41:10.334, 11618, 12466
2026/08/18 15:41:15.334, 11618, 12466
2026/08/18 15:41:20.335, 11618, 12466
2026/08/18 15:41:25.335, 11618, 12466
2026/08/18 15:41:30.335, 11618, 12466
2026/08/18 15:41:35.336, 11618, 12466
2026/08/18 15:41:40.336, 11618, 12466
2026/08/18 15:41:45.337, 11618, 12466
2026/08/18 15:41:50.337, 11618, 12466
2026/08/18 15:41:55.338, 11618, 12466
2026/08/18 15:42:00.338, 11618, 12466
2026/08/18 15:42:05.339, 11618, 12466
2026/08/18 15:42:10.339, 11618, 12466
2026/08/18 15:42:15.339, 11618, 12466
2026/08/18 15:42:20.340, 11618, 12466
2026/08/18 15:42:25.340, 11618, 12466
2026/08/18 15:42:30.341, 11618, 12466
2026/08/18 15:42:35.341, 11618, 12466
2026/08/18 15:42:40.342, 11618, 12466
2026/08/18 15:42:45.342, 11618, 12466
2026/08/18 15:42:50.343, 11618, 12466
2026/08/18 15:42:55.343, 11618, 12466
2026/08/18 15:43:00.343, 11618, 12466
2026/08/18 15:43:05.344, 11618, 12466
2026/08/18 15:43:10.344, 11618, 12466
2026/08/18 15:43:15.345, 11618, 12466
2026/08/18 15:43:20.345, 11618, 12466
2026/08/18 15:43:25.346, 11618, 12466
2026/08/18 15:43:30.346, 11618, 12466
2026/08/18 15:43:35.347, 11618, 12466
2026/08/18 15:43:40.347, 11618, 12466
2026/08/18 15:43:45.348, 11618, 12466
2026/08/18 15:43:50.348, 11618, 12466
2026/08/18 15:43:55.348, 11618, 12466
2026/08/18 15:44:00.349, 11618, 12466
2026/08/18 15:44:05.349, 11618, 12466
2026/08/18 15:44:10.350, 11618, 12466
2026/08/18 15:44:15.350, 11618, 12466
2026/08/18 15:44:20.351, 11618, 12466
2026/08/18 15:44:25.351, 11618, 12466
2026/08/18 15:44:30.352, 11618, 12466
2026/08/18 15:44:35.352, 11618, 12466
2026/08/18 15:44:40.353, 11618, 12466
2026/08/18 15:44:45.353, 11618, 12466
2026/08/18 15:44:50.353, 11618, 12466
2026/08/18 15:44:55.354, 11618, 12466
2026/08/18 15:45:00.355, 11618, 12466
2026/08/18 15:45:05.355, 11618, 12466
2026/08/18 15:45:10.356, 11618, 12466
2026/08/18 15:45:15.356, 11618, 12466
2026/08/18 15:45:20.357, 11618, 12466
2026/08/18 15:45:25.357, 11618, 12466
2026/08/18 15:45:30.357, 11618, 12466
2026/08/18 15:45:35.358, 11618, 12466
2026/08/18 15:45:40.358, 11618, 12466
2026/08/18 15:45:45.359, 11618, 12466
2026/08/18 15:45:50.359, 11618, 12466
2026/08/18 15:45:55.360, 11618, 12466
2026/08/18 15:46:00.360, 11618, 12466
2026/08/18 15:46:05.361, 11618, 12466
2026/08/18 15:46:10.361, 11618, 12466
2026/08/18 15:46:15.362, 11618, 12466
2026/08/18 15:46:20.362, 11618, 12466
2026/08/18 15:46:25.363, 11618, 12466
2026/08/18 15:46:30.363, 11618, 12466
2026/08/18 15:46:35.364, 11618, 12466
2026/08/18 15:46:40.364, 11618, 12466
2026/08/18 15:46:45.365, 11618, 12466
2026/08/18 15:46:50.365, 11618, 12466
2026/08/18 15:46:55.366, 11618, 12466
2026/08/18 15:47:00.366, 11618, 12466
2026/08/18 15:47:05.366, 11618, 12466
2026/08/18 15:47:10.367, 11618, 12466
2026/08/18 15:47:15.367, 11618, 12466
2026/08/18 15:47:20.368, 11618, 12466
2026/08/18 15:47:25.368, 11618, 12466
2026/08/18 15:47:30.369, 11618, 12466
2026/08/18 15:47:35.370, 11618, 12466
2026/08/18 15:47:40.370, 11618, 12466
2026/08/18 15:47:45.371, 11618, 12466
2026/08/18 15:47:50.372, 11618, 12466
2026/08/18 15:47:55.372, 11618, 12466
2026/08/18 15:48:00.373, 11618, 12466
2026/08/18 15:48:05.373, 11618, 12466
2026/08/18 15:48:10.374, 11618, 12466
2026/08/18 15:48:15.375, 11618, 12466
2026/08/18 15:48:20.375, 11618, 12466
2026/08/18 15:48:25.376, 11618, 12466
2026/08/18 15:48:30.376, 11618, 12466
2026/08/18 15:48:35.377, 11618, 12466
2026/08/18 15:48:40.378, 11618, 12466
2026/08/18 15:48:45.378, 11618, 12466
2026/08/18 15:48:50.379, 11618, 12466
2026/08/18 15:48:55.379, 11618, 12466
2026/08/18 15:49:00.380, 11618, 12466
2026/08/18 15:49:05.381, 11618, 12466
2026/08/18 15:49:10.382, 11618, 12466
2026/08/18 15:49:15.382, 11618, 12466
2026/08/18 15:49:20.383, 11618, 12466
2026/08/18 15:49:25.383, 11618, 12466
2026/08/18 15:49:30.384, 11618, 12466
2026/08/18 15:49:35.385, 11618, 12466
2026/08/18 15:49:40.385, 11618, 12466
2026/08/18 15:49:45.386, 11618, 12466
2026/08/18 15:49:50.387, 11618, 12466
2026/08/18 15:49:55.388, 11618, 12466
2026/08/18 15:50:00.388, 11618, 12466
2026/08/18 15:50:05.389, 11618, 12466
2026/08/18 15:50:10.390, 11618, 12466
2026/08/18 15:50:15.390, 11618, 12466
2026/08/18 15:50:20.391, 11618, 12466
2026/08/18 15:50:25.391, 11618, 12466
2026/08/18 15:50:30.392, 11618, 12466
2026/08/18 15:50:35.393, 11618, 12466
2026/08/18 15:50:40.394, 11618, 12466
2026/08/18 15:50:45.395, 11618, 12466
2026/08/18 15:50:50.395, 11618, 12466
2026/08/18 15:50:55.396, 11618, 12466
2026/08/18 15:51:00.397, 11618, 12466
2026/08/18 15:51:05.397, 11618, 12466
2026/08/18 15:51:10.398, 11618, 12466
2026/08/18 15:51:15.399, 11618, 12466
2026/08/18 15:51:20.399, 11618, 12466
2026/08/18 15:51:25.400, 11618, 12466
2026/08/18 15:51:30.401, 11618, 12466
2026/08/18 15:51:35.401, 11618, 12466
2026/08/18 15:51:40.402, 11618, 12466
2026/08/18 15:51:45.403, 11618, 12466
2026/08/18 15:51:50.403, 11618, 12466
2026/08/18 15:51:55.404, 11618, 12466
2026/08/18 15:52:00.405, 11618, 12466
2026/08/18 15:52:05.405, 11618, 12466
2026/08/18 15:52:10.406, 11618, 12466
2026/08/18 15:52:15.407, 11618, 12466
2026/08/18 15:52:20.407, 11618, 12466
2026/08/18 15:52:25.408, 11618, 12466
2026/08/18 15:52:30.409, 11618, 12466
2026/08/18 15:52:35.409, 11618, 12466
2026/08/18 15:52:40.410, 11618, 12466
2026/08/18 15:52:45.411, 11618, 12466
2026/08/18 15:52:50.411, 11618, 12466
2026/08/18 15:52:55.412, 11618, 12466
2026/08/18 15:53:00.412, 11618, 12466
2026/08/18 15:53:05.413, 11618, 12466
2026/08/18 15:53:10.413, 11618, 12466
2026/08/18 15:53:15.414, 11618, 12466
2026/08/18 15:53:20.414, 11618, 12466
2026/08/18 15:53:25.415, 11618, 12466
2026/08/18 15:53:30.416, 11618, 12466
2026/08/18 15:53:35.416, 11618, 12466
2026/08/18 15:53:40.417, 11618, 12466
2026/08/18 15:53:45.418, 11618, 12466
2026/08/18 15:53:50.418, 11618, 12466
2026/08/18 15:53:55.419, 11618, 12466
2026/08/18 15:54:00.419, 11618, 12466
2026/08/18 15:54:05.420, 11618, 12466
2026/08/18 15:54:10.420, 11618, 12466
2026/08/18 15:54:15.421, 11618, 12466
2026/08/18 15:54:20.422, 11618, 12466
2026/08/18 15:54:25.422, 11618, 12466
2026/08/18 15:54:30.423, 11618, 12466
2026/08/18 15:54:35.423, 11618, 12466
2026/08/18 15:54:40.424, 11618, 12466
2026/08/18 15:54:45.424, 11618, 12466
2026/08/18 15:54:50.425, 11618, 12466
2026/08/18 15:54:55.425, 11618, 12466
2026/08/18 15:55:00.426, 11618, 12466
2026/08/18 15:55:05.427, 11618, 12466
2026/08/18 15:55:10.427, 11618, 12466
2026/08/18 15:55:15.427, 11618, 12466
2026/08/18 15:55:20.428, 11618, 12466
2026/08/18 15:55:25.428, 11618, 12466
2026/08/18 15:55:30.429, 11618, 12466
2026/08/18 15:55:35.429, 11618, 12466
2026/08/18 15:55:40.430, 11618, 12466
2026/08/18 15:55:45.430, 11618, 12466
2026/08/18 15:55:50.431, 11618, 12466
2026/08/18 15:55:55.431, 11618, 12466
2026/08/18 15:56:00.432, 11618, 12466
2026/08/18 15:56:05.432, 11618, 12466
2026/08/18 15:56:10.433, 11618, 12466
2026/08/18 15:56:15.434, 11618, 12466
2026/08/18 15:56:20.434, 11618, 12466
2026/08/18 15:56:25.435, 11618, 12466
2026/08/18 15:56:30.436, 11618, 12466
2026/08/18 15:56:35.436, 11618, 12466
2026/08/18 15:56:40.437, 11618, 12466
2026/08/18 15:56:45.437, 11618, 12466
2026/08/18 15:56:50.438, 11618, 12466
2026/08/18 15:56:55.438, 11618, 12466
2026/08/18 15:57:00.439, 11618, 12466
2026/08/18 15:57:05.440, 11618, 12466
2026/08/18 15:57:10.440, 11618, 12466
2026/08/18 15:57:15.441, 11618, 12466
2026/08/18 15:57:20.441, 11618, 12466
2026/08/18 15:57:25.442, 11618, 12466
2026/08/18 15:57:30.442, 11618, 12466
2026/08/18 15:57:35.443, 11618, 12466
2026/08/18 15:57:40.443, 11618, 12466
2026/08/18 15:57:45.444, 11618, 12466
2026/08/18 15:57:50.444, 11618, 12466
2026/08/18 15:57:55.445, 11618, 12466
2026/08/18 15:58:00.445, 11618, 12466
2026/08/18 15:58:05.446, 11618, 12466
2026/08/18 15:58:10.446, 11618, 12466
2026/08/18 15:58:15.447, 11618, 12466
2026/08/18 15:58:20.447, 11618, 12466
2026/08/18 15:58:25.448, 11618, 12466
2026/08/18 15:58:30.448, 11618, 12466
2026/08/18 15:58:35.449, 11618, 12466
2026/08/18 15:58:40.449, 11618, 12466
2026/08/18 15:58:45.450, 11618, 12466
2026/08/18 15:58:50.450, 11618, 12466
2026/08/18 15:58:55.451, 11618, 12466
2026/08/18 15:59:00.452, 11618, 12466
2026/08/18 15:59:05.452, 11618, 12466
2026/08/18 15:59:10.453, 11618, 12466
2026/08/18 15:59:15.454, 11618, 12466
2026/08/18 15:59:20.454, 11618, 12466
2026/08/18 15:59:25.455, 11618, 12466
2026/08/18 15:59:30.456, 11618, 12466
2026/08/18 15:59:35.456, 11618, 12466
2026/08/18 15:59:40.457, 11618, 12466
2026/08/18 15:59:45.458, 11618, 12466
2026/08/18 15:59:50.458, 11618, 12466
2026/08/18 15:59:55.459, 11618, 12466
2026/08/18 16:00:00.460, 11618, 12466
2026/08/18 16:00:05.460, 11618, 12466
2026/08/18 16:00:10.461, 11618, 12466
2026/08/18 16:00:15.461, 11618, 12466
2026/08/18 16:00:20.462, 11618, 12466
2026/08/18 16:00:25.463, 11618, 12466
2026/08/18 16:00:30.463, 11618, 12466
2026/08/18 16:00:35.464, 11618, 12466
2026/08/18 16:00:40.464, 11618, 12466
2026/08/18 16:00:45.465, 11618, 12466
2026/08/18 16:00:50.466, 11618, 12466
2026/08/18 16:00:55.466, 11618, 12466
2026/08/18 16:01:00.467, 11618, 12466
2026/08/18 16:01:05.467, 11618, 12466
2026/08/18 16:01:10.468, 11618, 12466
2026/08/18 16:01:15.468, 11618, 12466
2026/08/18 16:01:20.469, 11618, 12466
2026/08/18 16:01:25.470, 11618, 12466
2026/08/18 16:01:30.470, 11618, 12466
2026/08/18 16:01:35.471, 11618, 12466
2026/08/18 16:01:40.471, 11618, 12466
2026/08/18 16:01:45.472, 11618, 12466
2026/08/18 16:01:50.472, 11618, 12466
2026/08/18 16:01:55.473, 11618, 12466
2026/08/18 16:02:00.473, 11618, 12466
2026/08/18 16:02:05.474, 11618, 12466
2026/08/18 16:02:10.474, 11618, 12466
2026/08/18 16:02:15.475, 11618, 12466
2026/08/18 16:02:20.475, 11618, 12466
2026/08/18 16:02:25.476, 11618, 12466
2026/08/18 16:02:30.476, 11618, 12466
2026/08/18 16:02:35.477, 11618, 12466
2026/08/18 16:02:40.477, 11618, 12466
2026/08/18 16:02:45.478, 11618, 12466
2026/08/18 16:02:50.478, 11618, 12466
2026/08/18 16:02:55.479, 11618, 12466
2026/08/18 16:03:00.479, 11618, 12466
2026/08/18 16:03:05.480, 11618, 12466
2026/08/18 16:03:10.481, 11618, 12466
2026/08/18 16:03:15.481, 11618, 12466
2026/08/18 16:03:20.482, 11618, 12466
2026/08/18 16:03:25.482, 11618, 12466
2026/08/18 16:03:30.483, 11618, 12466
2026/08/18 16:03:35.483, 11618, 12466
2026/08/18 16:03:40.484, 11618, 12466
2026/08/18 16:03:45.484, 11618, 12466
2026/08/18 16:03:50.485, 11618, 12466
2026/08/18 16:03:55.485, 11618, 12466
2026/08/18 16:04:00.486, 11618, 12466
2026/08/18 16:04:05.487, 11618, 12466
2026/08/18 16:04:10.487, 11618, 12466
2026/08/18 16:04:15.488, 11618, 12466
2026/08/18 16:04:20.488, 11618, 12466
2026/08/18 16:04:25.489, 11618, 12466
2026/08/18 16:04:30.489, 11618, 12466
2026/08/18 16:04:35.490, 11618, 12466
2026/08/18 16:04:40.490, 11618, 12466
2026/08/18 16:04:45.491, 11618, 12466
2026/08/18 16:04:50.492, 11618, 12466
2026/08/18 16:04:55.492, 11618, 12466
2026/08/18 16:05:00.493, 11618, 12466
2026/08/18 16:05:05.493, 11618, 12466
2026/08/18 16:05:10.494, 11618, 12466
2026/08/18 16:05:15.494, 11618, 12466
2026/08/18 16:05:20.495, 11618, 12466
2026/08/18 16:05:25.495, 11618, 12466
2026/08/18 16:05:30.496, 11618, 12466
2026/08/18 16:05:35.496, 11618, 12466
2026/08/18 16:05:40.497, 11618, 12466
2026/08/18 16:05:45.497, 11618, 12466
2026/08/18 16:05:50.498, 11618, 12466
2026/08/18 16:05:55.498, 11618, 12466
2026/08/18 16:06:00.499, 11618, 12466
2026/08/18 16:06:05.499, 11618, 12466
2026/08/18 16:06:10.500, 11618, 12466
2026/08/18 16:06:15.500, 11618, 12466
2026/08/18 16:06:20.501, 11618, 12466
2026/08/18 16:06:25.501, 11618, 12466
2026/08/18 16:06:30.502, 11618, 12466
2026/08/18 16:06:35.502, 11618, 12466
2026/08/18 16:06:40.503, 11618, 12466
2026/08/18 16:06:45.503, 11618, 12466
2026/08/18 16:06:50.503, 11618, 12466
2026/08/18 16:06:55.504, 11618, 12466
2026/08/18 16:07:00.504, 11618, 12466
2026/08/18 16:07:05.505, 11618, 12466
2026/08/18 16:07:10.505, 11618, 12466
2026/08/18 16:07:15.506, 11618, 12466
2026/08/18 16:07:20.506, 11618, 12466
2026/08/18 16:07:25.507, 11618, 12466
2026/08/18 16:07:30.507, 11618, 12466
2026/08/18 16:07:35.507, 11618, 12466
2026/08/18 16:07:40.508, 11618, 12466
2026/08/18 16:07:45.508, 11618, 12466
2026/08/18 16:07:50.509, 11618, 12466
2026/08/18 16:07:55.509, 11618, 12466
2026/08/18 16:08:00.510, 11618, 12466
2026/08/18 16:08:05.510, 11618, 12466
2026/08/18 16:08:10.511, 11618, 12466
2026/08/18 16:08:15.511, 11618, 12466
2026/08/18 16:08:20.512, 11618, 12466
2026/08/18 16:08:25.513, 11618, 12466
2026/08/18 16:08:30.513, 11618, 12466
2026/08/18 16:08:35.514, 11618, 12466
2026/08/18 16:08:40.514, 11618, 12466
2026/08/18 16:08:45.515, 11618, 12466
2026/08/18 16:08:50.515, 11618, 12466
2026/08/18 16:08:55.516, 11618, 12466
2026/08/18 16:09:00.516, 11618, 12466
2026/08/18 16:09:05.517, 11618, 12466
2026/08/18 16:09:10.517, 11618, 12466
2026/08/18 16:09:15.518, 11618, 12466
2026/08/18 16:09:20.518, 11618, 12466
2026/08/18 16:09:25.519, 11618, 12466
2026/08/18 16:09:30.519, 11618, 12466
2026/08/18 16:09:35.520, 11618, 12466
2026/08/18 16:09:40.520, 11618, 12466
2026/08/18 16:09:45.521, 11618, 12466
2026/08/18 16:09:50.521, 11618, 12466
2026/08/18 16:09:55.522, 11618, 12466
2026/08/18 16:10:00.522, 11618, 12466
2026/08/18 16:10:05.523, 11618, 12466
2026/08/18 16:10:10.523, 11618, 12466
2026/08/18 16:10:15.524, 11618, 12466
2026/08/18 16:10:20.524, 11618, 12466
2026/08/18 16:10:25.525, 11618, 12466
2026/08/18 16:10:30.525, 11618, 12466
2026/08/18 16:10:35.526, 11618, 12466
2026/08/18 16:10:40.527, 11618, 12466
2026/08/18 16:10:45.527, 11618, 12466
2026/08/18 16:10:50.527, 11618, 12466
2026/08/18 16:10:55.528, 11618, 12466
2026/08/18 16:11:00.528, 11618, 12466
2026/08/18 16:11:05.529, 11618, 12466
2026/08/18 16:11:10.530, 11618, 12466
2026/08/18 16:11:15.530, 11618, 12466
2026/08/18 16:11:20.531, 11618, 12466
2026/08/18 16:11:25.531, 11618, 12466
2026/08/18 16:11:30.532, 11618, 12466
2026/08/18 16:11:35.532, 11618, 12466
2026/08/18 16:11:40.533, 11618, 12466
2026/08/18 16:11:45.533, 11618, 12466
2026/08/18 16:11:50.534, 11618, 12466
2026/08/18 16:11:55.534, 11618, 12466
2026/08/18 16:12:00.535, 11618, 12466
2026/08/18 16:12:05.535, 11618, 12466
2026/08/18 16:12:10.536, 11618, 12466
2026/08/18 16:12:15.536, 11618, 12466
2026/08/18 16:12:20.537, 11618, 12466
2026/08/18 16:12:25.537, 11618, 12466
2026/08/18 16:12:30.538, 11618, 12466
2026/08/18 16:12:35.538, 11618, 12466
2026/08/18 16:12:40.539, 11618, 12466
2026/08/18 16:12:45.539, 11618, 12466
2026/08/18 16:12:50.539, 11618, 12466
2026/08/18 16:12:55.540, 11618, 12466
2026/08/18 16:13:00.540, 11618, 12466
2026/08/18 16:13:05.541, 11618, 12466
2026/08/18 16:13:10.541, 11618, 12466
2026/08/18 16:13:15.542, 11618, 12466
2026/08/18 16:13:20.542, 11618, 12466
2026/08/18 16:13:25.543, 11618, 12466
2026/08/18 16:13:30.543, 11618, 12466
2026/08/18 16:13:35.544, 11618, 12466
2026/08/18 16:13:40.544, 11618, 12466
2026/08/18 16:13:45.545, 11618, 12466
2026/08/18 16:13:50.545, 11618, 12466
2026/08/18 16:13:55.545, 11618, 12466
2026/08/18 16:14:00.546, 11618, 12466
2026/08/18 16:14:05.546, 11618, 12466
2026/08/18 16:14:10.547, 11618, 12466
2026/08/18 16:14:15.547, 11618, 12466
2026/08/18 16:14:20.556, 11618, 12466
2026/08/18 16:14:25.556, 11618, 12466
2026/08/18 16:14:30.557, 11618, 12466
2026/08/18 16:14:35.558, 11618, 12466
2026/08/18 16:14:40.558, 11618, 12466
2026/08/18 16:14:45.559, 11618, 12466
2026/08/18 16:14:50.559, 11618, 12466
2026/08/18 16:14:55.560, 11618, 12466
2026/08/18 16:15:00.560, 11618, 12466
2026/08/18 16:15:05.561, 11618, 12466
2026/08/18 16:15:10.561, 11618, 12466
2026/08/18 16:15:15.562, 11618, 12466
2026/08/18 16:15:20.562, 11618, 12466
2026/08/18 16:15:25.563, 11618, 12466
2026/08/18 16:15:30.563, 11618, 12466
2026/08/18 16:15:35.564, 11618, 12466
2026/08/18 16:15:40.565, 11618, 12466
2026/08/18 16:15:45.565, 11618, 12466
2026/08/18 16:15:50.566, 11618, 12466
2026/08/18 16:15:55.566, 11618, 12466
2026/08/18 16:16:00.567, 11618, 12466
2026/08/18 16:16:05.568, 11618, 12466
2026/08/18 16:16:10.568, 11618, 12466
2026/08/18 16:16:15.569, 11618, 12466
2026/08/18 16:16:20.569, 11618, 12466
2026/08/18 16:16:25.570, 11618, 12466
2026/08/18 16:16:30.570, 11618, 12466
2026/08/18 16:16:35.571, 11618, 12466
2026/08/18 16:16:40.571, 11618, 12466
2026/08/18 16:16:45.572, 11618, 12466
2026/08/18 16:16:50.572, 11618, 12466
2026/08/18 16:16:55.572, 11618, 12466
2026/08/18 16:17:00.573, 11618, 12466
2026/08/18 16:17:05.573, 11618, 12466
2026/08/18 16:17:10.574, 11618, 12466
2026/08/18 16:17:15.574, 11618, 12466
2026/08/18 16:17:20.575, 11618, 12466
2026/08/18 16:17:25.575, 11618, 12466
2026/08/18 16:17:30.575, 11618, 12466
2026/08/18 16:17:35.576, 11618, 12466
2026/08/18 16:17:40.576, 11618, 12466
2026/08/18 16:17:45.577, 11618, 12466
2026/08/18 16:17:50.577, 11618, 12466
2026/08/18 16:17:55.578, 11618, 12466
2026/08/18 16:18:00.578, 11618, 12466
2026/08/18 16:18:05.579, 11618, 12466
2026/08/18 16:18:10.579, 11618, 12466
2026/08/18 16:18:15.579, 11618, 12466
2026/08/18 16:18:20.580, 11618, 12466
2026/08/18 16:18:25.580, 11618, 12466
2026/08/18 16:18:30.581, 11618, 12466
2026/08/18 16:18:35.581, 11618, 12466
2026/08/18 16:18:40.582, 11618, 12466
2026/08/18 16:18:45.582, 11618, 12466
2026/08/18 16:18:50.583, 11618, 12466
2026/08/18 16:18:55.583, 11618, 12466
2026/08/18 16:19:00.583, 11618, 12466
2026/08/18 16:19:05.584, 11618, 12466
2026/08/18 16:19:10.584, 11618, 12466
2026/08/18 16:19:15.585, 11618, 12466
2026/08/18 16:19:20.585, 11618, 12466
2026/08/18 16:19:25.586, 11618, 12466
2026/08/18 16:19:30.586, 11618, 12466
2026/08/18 16:19:35.587, 11618, 12466
2026/08/18 16:19:40.587, 11618, 12466
2026/08/18 16:19:45.596, 11618, 12466
2026/08/18 16:19:50.596, 11618, 12466
2026/08/18 16:19:55.597, 11618, 12466
2026/08/18 16:20:00.597, 11618, 12466
2026/08/18 16:20:05.598, 11618, 12466
2026/08/18 16:20:10.598, 11618, 12466
2026/08/18 16:20:15.598, 11618, 12466
2026/08/18 16:20:20.599, 11618, 12466
2026/08/18 16:20:25.599, 11618, 12466
2026/08/18 16:20:30.600, 11618, 12466
2026/08/18 16:20:35.600, 11618, 12466
2026/08/18 16:20:40.601, 11618, 12466
2026/08/18 16:20:45.601, 11618, 12466
2026/08/18 16:20:50.602, 11618, 12466
2026/08/18 16:20:55.602, 11618, 12466
2026/08/18 16:21:00.603, 11618, 12466
2026/08/18 16:21:05.603, 11618, 12466
2026/08/18 16:21:10.604, 11618, 12466
2026/08/18 16:21:15.605, 11618, 12466
2026/08/18 16:21:20.605, 11618, 12466
2026/08/18 16:21:25.605, 11618, 12466
2026/08/18 16:21:30.606, 11618, 12466
2026/08/18 16:21:35.606, 11618, 12466
2026/08/18 16:21:40.607, 11618, 12466
2026/08/18 16:21:45.607, 11618, 12466
2026/08/18 16:21:50.608, 11618, 12466
2026/08/18 16:21:55.608, 11618, 12466
2026/08/18 16:22:00.609, 11618, 12466
2026/08/18 16:22:05.618, 11618, 12466
2026/08/18 16:22:10.618, 11618, 12466
2026/08/18 16:22:15.618, 11618, 12466
2026/08/18 16:22:20.619, 11618, 12466
2026/08/18 16:22:25.619, 11618, 12466
2026/08/18 16:22:30.620, 11618, 12466
2026/08/18 16:22:35.620, 11618, 12466
2026/08/18 16:22:40.621, 11618, 12466
2026/08/18 16:22:45.621, 11618, 12466
2026/08/18 16:22:50.622, 11618, 12466
2026/08/18 16:22:55.622, 11618, 12466
2026/08/18 16:23:00.622, 11618, 12466
2026/08/18 16:23:05.623, 11618, 12466
2026/08/18 16:23:10.623, 11618, 12466
2026/08/18 16:23:15.624, 11618, 12466
2026/08/18 16:23:20.624, 11618, 12466
2026/08/18 16:23:25.625, 11618, 12466
2026/08/18 16:23:30.625, 11618, 12466
2026/08/18 16:23:35.626, 11618, 12466
2026/08/18 16:23:40.626, 11618, 12466
2026/08/18 16:23:45.627, 11618, 12466
2026/08/18 16:23:50.627, 11618, 12466
2026/08/18 16:23:55.627, 11618, 12466
2026/08/18 16:24:00.628, 11618, 12466
2026/08/18 16:24:05.628, 11618, 12466
2026/08/18 16:24:10.629, 11618, 12466
2026/08/18 16:24:15.629, 11618, 12466
2026/08/18 16:24:20.630, 11618, 12466
2026/08/18 16:24:25.630, 11618, 12466
2026/08/18 16:24:30.631, 11618, 12466
2026/08/18 16:24:35.631, 11618, 12466
2026/08/18 16:24:40.632, 11618, 12466
2026/08/18 16:24:45.632, 11618, 12466
2026/08/18 16:24:50.633, 11618, 12466
2026/08/18 16:24:55.633, 11618, 12466
2026/08/18 16:25:00.633, 11618, 12466
2026/08/18 16:25:05.634, 11618, 12466
2026/08/18 16:25:10.634, 11618, 12466
2026/08/18 16:25:15.635, 11618, 12466
2026/08/18 16:25:20.635, 11618, 12466
2026/08/18 16:25:25.636, 11618, 12466
2026/08/18 16:25:30.636, 11618, 12466
2026/08/18 16:25:35.636, 11618, 12466
2026/08/18 16:25:40.637, 11618, 12466
2026/08/18 16:25:45.637, 11618, 12466
2026/08/18 16:25:50.638, 11618, 12466
2026/08/18 16:25:55.638, 11618, 12466
2026/08/18 16:26:00.639, 11618, 12466
2026/08/18 16:26:05.639, 11618, 12466
2026/08/18 16:26:10.640, 11618, 12466
2026/08/18 16:26:15.640, 11618, 12466
2026/08/18 16:26:20.641, 11618, 12466
2026/08/18 16:26:25.641, 11618, 12466
2026/08/18 16:26:30.641, 11618, 12466
2026/08/18 16:26:35.642, 11618, 12466
2026/08/18 16:26:40.642, 11618, 12466
2026/08/18 16:26:45.643, 11618, 12466
2026/08/18 16:26:50.643, 11618, 12466
2026/08/18 16:26:55.644, 11618, 12466
2026/08/18 16:27:00.653, 11618, 12466
2026/08/18 16:27:05.653, 11618, 12466
2026/08/18 16:27:10.654, 11618, 12466
2026/08/18 16:27:15.654, 11618, 12466
2026/08/18 16:27:20.655, 11618, 12466
2026/08/18 16:27:25.655, 11618, 12466
2026/08/18 16:27:30.656, 11618, 12466
2026/08/18 16:27:35.656, 11618, 12466
2026/08/18 16:27:40.657, 11618, 12466
2026/08/18 16:27:45.657, 11618, 12466
2026/08/18 16:27:50.658, 11618, 12466
2026/08/18 16:27:55.658, 11618, 12466
2026/08/18 16:28:00.659, 11618, 12466
2026/08/18 16:28:05.660, 11618, 12466
2026/08/18 16:28:10.660, 11618, 12466
2026/08/18 16:28:15.661, 11618, 12466
2026/08/18 16:28:20.661, 11618, 12466
2026/08/18 16:28:25.661, 11618, 12466
2026/08/18 16:28:30.662, 11618, 12466
2026/08/18 16:28:35.662, 11618, 12466
2026/08/18 16:28:40.663, 11618, 12466
2026/08/18 16:28:45.663, 11618, 12466
2026/08/18 16:28:50.664, 11618, 12466
2026/08/18 16:28:55.664, 11618, 12466
2026/08/18 16:29:00.664, 11618, 12466
2026/08/18 16:29:05.665, 11618, 12466
2026/08/18 16:29:10.665, 11618, 12466
2026/08/18 16:29:15.666, 11618, 12466
2026/08/18 16:29:20.666, 11618, 12466
2026/08/18 16:29:25.666, 11618, 12466
2026/08/18 16:29:30.667, 11618, 12466
2026/08/18 16:29:35.667, 11618, 12466
2026/08/18 16:29:40.668, 11618, 12466
2026/08/18 16:29:45.668, 11618, 12466
2026/08/18 16:29:50.669, 11618, 12466
2026/08/18 16:29:55.669, 11618, 12466
2026/08/18 16:30:00.669, 11618, 12466
2026/08/18 16:30:05.670, 11618, 12466
2026/08/18 16:30:10.670, 11618, 12466
2026/08/18 16:30:15.671, 11618, 12466
2026/08/18 16:30:20.671, 11618, 12466
2026/08/18 16:30:25.672, 11618, 12466
2026/08/18 16:30:30.672, 11618, 12466
2026/08/18 16:30:35.672, 11618, 12466
2026/08/18 16:30:40.673, 11618, 12466
2026/08/18 16:30:45.673, 11618, 12466
2026/08/18 16:30:50.674, 11618, 12466
2026/08/18 16:30:55.674, 11618, 12466
2026/08/18 16:31:00.675, 11618, 12466
2026/08/18 16:31:05.675, 11618, 12466
2026/08/18 16:31:10.675, 11618, 12466
2026/08/18 16:31:15.676, 11618, 12466
2026/08/18 16:31:20.676, 11618, 12466
2026/08/18 16:31:25.677, 11618, 12466
2026/08/18 16:31:30.677, 11618, 12466
2026/08/18 16:31:35.677, 11618, 12466
2026/08/18 16:31:40.678, 11618, 12466
2026/08/18 16:31:45.678, 11618, 12466
2026/08/18 16:31:50.679, 11618, 12466
2026/08/18 16:31:55.679, 11618, 12466
2026/08/18 16:32:00.680, 11618, 12466
2026/08/18 16:32:05.680, 11618, 12466
2026/08/18 16:32:10.680, 11618, 12466
2026/08/18 16:32:15.681, 11618, 12466
2026/08/18 16:32:20.681, 11618, 12466
2026/08/18 16:32:25.682, 11618, 12466
2026/08/18 16:32:30.682, 11618, 12466
2026/08/18 16:32:35.683, 11618, 12466
2026/08/18 16:32:40.683, 11618, 12466
2026/08/18 16:32:45.683, 11618, 12466
2026/08/18 16:32:50.684, 11618, 12466
2026/08/18 16:32:55.684, 11618, 12466
2026/08/18 16:33:00.685, 11618, 12466
2026/08/18 16:33:05.685, 11618, 12466
2026/08/18 16:33:10.686, 11618, 12466
2026/08/18 16:33:15.686, 11618, 12466
2026/08/18 16:33:20.686, 11618, 12466
2026/08/18 16:33:25.687, 11618, 12466
2026/08/18 16:33:30.687, 11618, 12466
2026/08/18 16:33:35.688, 11618, 12466
2026/08/18 16:33:40.688, 11618, 12466
2026/08/18 16:33:45.689, 11618, 12466
2026/08/18 16:33:50.689, 11618, 12466
2026/08/18 16:33:55.689, 11618, 12466
2026/08/18 16:34:00.690, 11618, 12466
2026/08/18 16:34:05.690, 11618, 12466
2026/08/18 16:34:10.691, 11618, 12466
2026/08/18 16:34:15.691, 11618, 12466
2026/08/18 16:34:20.692, 11618, 12466
2026/08/18 16:34:25.692, 11618, 12466
2026/08/18 16:34:30.693, 11618, 12466
2026/08/18 16:34:35.693, 11618, 12466
2026/08/18 16:34:40.693, 11618, 12466
2026/08/18 16:34:45.694, 11618, 12466
2026/08/18 16:34:50.694, 11618, 12466
2026/08/18 16:34:55.695, 11618, 12466
2026/08/18 16:35:00.695, 11618, 12466
2026/08/18 16:35:05.696, 11618, 12466
2026/08/18 16:35:10.696, 11618, 12466
2026/08/18 16:35:15.696, 11618, 12466
2026/08/18 16:35:20.697, 11618, 12466
2026/08/18 16:35:25.697, 11618, 12466
2026/08/18 16:35:30.698, 11618, 12466
2026/08/18 16:35:35.698, 11618, 12466
2026/08/18 16:35:40.699, 11618, 12466
2026/08/18 16:35:45.699, 11618, 12466
2026/08/18 16:35:50.699, 11618, 12466
2026/08/18 16:35:55.700, 11618, 12466
2026/08/18 16:36:00.700, 11618, 12466
2026/08/18 16:36:05.701, 11618, 12466
2026/08/18 16:36:10.701, 11618, 12466
2026/08/18 16:36:15.702, 11618, 12466
2026/08/18 16:36:20.702, 11618, 12466
2026/08/18 16:36:25.702, 11618, 12466
2026/08/18 16:36:30.703, 11618, 12466
2026/08/18 16:36:35.703, 11618, 12466
2026/08/18 16:36:40.704, 11618, 12466
2026/08/18 16:36:45.704, 11618, 12466
2026/08/18 16:36:50.705, 11618, 12466
2026/08/18 16:36:55.705, 11618, 12466
2026/08/18 16:37:00.705, 11618, 12466
2026/08/18 16:37:05.706, 11618, 12466
2026/08/18 16:37:10.706, 11618, 12466
2026/08/18 16:37:15.707, 11618, 12466
2026/08/18 16:37:20.707, 11618, 12466
2026/08/18 16:37:25.708, 11618, 12466
2026/08/18 16:37:30.708, 11618, 12466
2026/08/18 16:37:35.708, 11618, 12466
2026/08/18 16:37:40.709, 11618, 12466
2026/08/18 16:37:45.709, 11618, 12466
2026/08/18 16:37:50.710, 11618, 12466
2026/08/18 16:37:55.710, 11618, 12466
2026/08/18 16:38:00.711, 11618, 12466
2026/08/18 16:38:05.711, 11618, 12466
2026/08/18 16:38:10.711, 11618, 12466
2026/08/18 16:38:15.712, 11618, 12466
2026/08/18 16:38:20.712, 11618, 12466
2026/08/18 16:38:25.713, 11618, 12466
2026/08/18 16:38:30.713, 11618, 12466
2026/08/18 16:38:35.714, 11618, 12466
2026/08/18 16:38:40.714, 11618, 12466
2026/08/18 16:38:45.715, 11618, 12466
2026/08/18 16:38:50.715, 11618, 12466
2026/08/18 16:38:55.715, 11618, 12466
2026/08/18 16:39:00.716, 11618, 12466
2026/08/18 16:39:05.716, 11618, 12466
2026/08/18 16:39:10.717, 11618, 12466
2026/08/18 16:39:15.717, 11618, 12466
2026/08/18 16:39:20.718, 11618, 12466
2026/08/18 16:39:25.718, 11618, 12466
2026/08/18 16:39:30.718, 11618, 12466
2026/08/18 16:39:35.720, 11618, 12466
2026/08/18 16:39:40.721, 11618, 12466
2026/08/18 16:39:45.721, 11618, 12466
2026/08/18 16:39:50.721, 11618, 12466
2026/08/18 16:39:55.722, 11618, 12466
2026/08/18 16:40:00.722, 11618, 12466
2026/08/18 16:40:05.723, 11618, 12466
2026/08/18 16:40:10.723, 11618, 12466
2026/08/18 16:40:15.724, 11618, 12466
2026/08/18 16:40:20.724, 11618, 12466
2026/08/18 16:40:25.725, 11618, 12466
2026/08/18 16:40:30.725, 11618, 12466
2026/08/18 16:40:35.726, 11618, 12466
2026/08/18 16:40:40.726, 11618, 12466
2026/08/18 16:40:45.727, 11618, 12466
2026/08/18 16:40:50.727, 11618, 12466
2026/08/18 16:40:55.727, 11618, 12466
2026/08/18 16:41:00.728, 11618, 12466
2026/08/18 16:41:05.728, 11618, 12466
2026/08/18 16:41:10.729, 11618, 12466
2026/08/18 16:41:15.729, 11618, 12466
2026/08/18 16:41:20.730, 11618, 12466
2026/08/18 16:41:25.730, 11618, 12466
2026/08/18 16:41:30.730, 11618, 12466
2026/08/18 16:41:35.731, 11618, 12466
2026/08/18 16:41:40.731, 11618, 12466
2026/08/18 16:41:45.732, 11618, 12466
2026/08/18 16:41:50.732, 11618, 12466
2026/08/18 16:41:55.733, 11618, 12466
2026/08/18 16:42:00.733, 11618, 12466
2026/08/18 16:42:05.734, 11618, 12466
2026/08/18 16:42:10.734, 11618, 12466
2026/08/18 16:42:15.734, 11618, 12466
2026/08/18 16:42:20.735, 11618, 12466
2026/08/18 16:42:25.735, 11618, 12466
2026/08/18 16:42:30.736, 11618, 12466
2026/08/18 16:42:35.736, 11618, 12466
2026/08/18 16:42:40.737, 11618, 12466
2026/08/18 16:42:45.737, 11618, 12466
2026/08/18 16:42:50.737, 11618, 12466
2026/08/18 16:42:55.738, 11618, 12466
2026/08/18 16:43:00.738, 11618, 12466
2026/08/18 16:43:05.739, 11618, 12466
2026/08/18 16:43:10.739, 11618, 12466
2026/08/18 16:43:15.740, 11618, 12466
2026/08/18 16:43:20.740, 11618, 12466
2026/08/18 16:43:25.740, 11618, 12466
2026/08/18 16:43:30.741, 11618, 12466
2026/08/18 16:43:35.741, 11618, 12466
2026/08/18 16:43:40.742, 11618, 12466
2026/08/18 16:43:45.742, 11618, 12466
2026/08/18 16:43:50.743, 11618, 12466
2026/08/18 16:43:55.743, 11618, 12466
2026/08/18 16:44:00.743, 11618, 12466
2026/08/18 16:44:05.744, 11618, 12466
2026/08/18 16:44:10.744, 11618, 12466
2026/08/18 16:44:15.745, 11618, 12466
2026/08/18 16:44:20.745, 11618, 12466
2026/08/18 16:44:25.746, 11618, 12466
2026/08/18 16:44:30.746, 11618, 12466
2026/08/18 16:44:35.747, 11618, 12466
2026/08/18 16:44:40.747, 11618, 12466
2026/08/18 16:44:45.748, 11618, 12466
2026/08/18 16:44:50.748, 11618, 12466
2026/08/18 16:44:55.748, 11618, 12466
2026/08/18 16:45:00.749, 11618, 12466
2026/08/18 16:45:05.749, 11618, 12466
2026/08/18 16:45:10.750, 11618, 12466
2026/08/18 16:45:15.750, 11618, 12466
2026/08/18 16:45:20.751, 11618, 12466
2026/08/18 16:45:25.751, 11618, 12466
2026/08/18 16:45:30.752, 11618, 12466
2026/08/18 16:45:35.761, 11618, 12466
2026/08/18 16:45:40.761, 11618, 12466
2026/08/18 16:45:45.762, 11618, 12466
2026/08/18 16:45:50.762, 11618, 12466
2026/08/18 16:45:55.763, 11618, 12466
2026/08/18 16:46:00.763, 11618, 12466
2026/08/18 16:46:05.764, 11618, 12466
2026/08/18 16:46:10.764, 11618, 12466
2026/08/18 16:46:15.764, 11618, 12466
2026/08/18 16:46:20.765, 11618, 12466
2026/08/18 16:46:25.765, 11618, 12466
2026/08/18 16:46:30.766, 11618, 12466
2026/08/18 16:46:35.766, 11618, 12466
2026/08/18 16:46:40.767, 11618, 12466
2026/08/18 16:46:45.767, 11618, 12466
2026/08/18 16:46:50.768, 11618, 12466
2026/08/18 16:46:55.777, 11618, 12466
2026/08/18 16:47:00.777, 11618, 12466
2026/08/18 16:47:05.778, 11618, 12466
2026/08/18 16:47:10.778, 11618, 12466
2026/08/18 16:47:15.778, 11618, 12466
2026/08/18 16:47:20.779, 11618, 12466
2026/08/18 16:47:25.779, 11618, 12466
2026/08/18 16:47:30.780, 11618, 12466
2026/08/18 16:47:35.780, 11618, 12466
2026/08/18 16:47:40.781, 11618, 12466
2026/08/18 16:47:45.781, 11618, 12466
2026/08/18 16:47:50.782, 11618, 12466
2026/08/18 16:47:55.782, 11618, 12466
2026/08/18 16:48:00.783, 11618, 12466
2026/08/18 16:48:05.783, 11618, 12466
2026/08/18 16:48:10.784, 11618, 12466
2026/08/18 16:48:15.784, 11618, 12466
2026/08/18 16:48:20.784, 11618, 12466
2026/08/18 16:48:25.785, 11618, 12466
2026/08/18 16:48:30.785, 11618, 12466
2026/08/18 16:48:35.786, 11618, 12466
2026/08/18 16:48:40.786, 11618, 12466
2026/08/18 16:48:45.787, 11618, 12466
2026/08/18 16:48:50.787, 11618, 12466
2026/08/18 16:48:55.788, 11618, 12466
2026/08/18 16:49:00.788, 11618, 12466
2026/08/18 16:49:05.788, 11618, 12466
2026/08/18 16:49:10.789, 11618, 12466
2026/08/18 16:49:15.789, 11618, 12466
2026/08/18 16:49:20.790, 11618, 12466
2026/08/18 16:49:25.790, 11618, 12466
2026/08/18 16:49:30.791, 11618, 12466
2026/08/18 16:49:35.791, 11618, 12466
2026/08/18 16:49:40.792, 11618, 12466
2026/08/18 16:49:45.792, 11618, 12466
2026/08/18 16:49:50.793, 11618, 12466
2026/08/18 16:49:55.801, 11618, 12466
2026/08/18 16:50:00.810, 11618, 12466
2026/08/18 16:50:05.819, 11618, 12466
2026/08/18 16:50:10.820, 11618, 12466
2026/08/18 16:50:15.820, 11618, 12466
2026/08/18 16:50:20.820, 11618, 12466
2026/08/18 16:50:25.821, 11618, 12466
2026/08/18 16:50:30.821, 11618, 12466
2026/08/18 16:50:35.822, 11618, 12466
2026/08/18 16:50:40.822, 11618, 12466
2026/08/18 16:50:45.823, 11618, 12466
2026/08/18 16:50:50.823, 11618, 12466
2026/08/18 16:50:55.824, 11618, 12466
2026/08/18 16:51:00.824, 11618, 12466
2026/08/18 16:51:05.825, 11618, 12466
2026/08/18 16:51:10.825, 11618, 12466
2026/08/18 16:51:15.825, 11618, 12466
2026/08/18 16:51:20.826, 11618, 12466
2026/08/18 16:51:25.826, 11618, 12466
2026/08/18 16:51:30.827, 11618, 12466
2026/08/18 16:51:35.827, 11618, 12466
2026/08/18 16:51:40.828, 11618, 12466
2026/08/18 16:51:45.828, 11618, 12466
2026/08/18 16:51:50.829, 11618, 12466
2026/08/18 16:51:55.837, 11618, 12466
2026/08/18 16:52:00.838, 11618, 12466
2026/08/18 16:52:05.838, 11618, 12466
2026/08/18 16:52:10.839, 11618, 12466
2026/08/18 16:52:15.839, 11618, 12466
2026/08/18 16:52:20.840, 11618, 12466
2026/08/18 16:52:25.840, 11618, 12466
2026/08/18 16:52:30.841, 11618, 12466
2026/08/18 16:52:35.841, 11618, 12466
2026/08/18 16:52:40.842, 11618, 12466
2026/08/18 16:52:45.842, 11618, 12466
2026/08/18 16:52:50.843, 11618, 12466
2026/08/18 16:52:55.843, 11618, 12466
2026/08/18 16:53:00.844, 11618, 12466
2026/08/18 16:53:05.844, 11618, 12466
2026/08/18 16:53:10.845, 11618, 12466
2026/08/18 16:53:15.846, 11618, 12466
2026/08/18 16:53:20.846, 11618, 12466
2026/08/18 16:53:25.847, 11618, 12466
2026/08/18 16:53:30.847, 11618, 12466
2026/08/18 16:53:35.848, 11618, 12466
2026/08/18 16:53:40.848, 11618, 12466
2026/08/18 16:53:45.849, 11618, 12466
2026/08/18 16:53:50.849, 11618, 12466
2026/08/18 16:53:55.849, 11618, 12466
2026/08/18 16:54:00.850, 11618, 12466
2026/08/18 16:54:05.851, 11618, 12466
2026/08/18 16:54:10.851, 11618, 12466
2026/08/18 16:54:15.852, 11618, 12466
2026/08/18 16:54:20.852, 11618, 12466
2026/08/18 16:54:25.853, 11618, 12466
2026/08/18 16:54:30.853, 11618, 12466
2026/08/18 16:54:35.862, 11618, 12466
2026/08/18 16:54:40.862, 11618, 12466
2026/08/18 16:54:45.863, 11618, 12466
2026/08/18 16:54:50.864, 11618, 12466
2026/08/18 16:54:55.864, 11618, 12466
2026/08/18 16:55:00.865, 11618, 12466
2026/08/18 16:55:05.865, 11618, 12466
2026/08/18 16:55:10.866, 11618, 12466
2026/08/18 16:55:15.866, 11618, 12466
2026/08/18 16:55:20.867, 11618, 12466
2026/08/18 16:55:25.867, 11618, 12466
2026/08/18 16:55:30.868, 11618, 12466
2026/08/18 16:55:35.868, 11618, 12466
2026/08/18 16:55:40.869, 11618, 12466
2026/08/18 16:55:45.869, 11618, 12466
2026/08/18 16:55:50.870, 11618, 12466
2026/08/18 16:55:55.870, 11618, 12466
2026/08/18 16:56:00.871, 11618, 12466
2026/08/18 16:56:05.880, 11618, 12466
2026/08/18 16:56:10.880, 11618, 12466
2026/08/18 16:56:15.889, 11618, 12466
2026/08/18 16:56:20.898, 11618, 12466
2026/08/18 16:56:25.899, 11618, 12466
2026/08/18 16:56:30.899, 11618, 12466
2026/08/18 16:56:35.900, 11618, 12466
2026/08/18 16:56:40.900, 11618, 12466
2026/08/18 16:56:45.901, 11618, 12466
2026/08/18 16:56:50.901, 11618, 12466
2026/08/18 16:56:55.902, 11618, 12466
2026/08/18 16:57:00.902, 11618, 12466
2026/08/18 16:57:05.903, 11618, 12466
2026/08/18 16:57:10.903, 11618, 12466
2026/08/18 16:57:15.904, 11618, 12466
2026/08/18 16:57:20.904, 11618, 12466
2026/08/18 16:57:25.905, 11618, 12466
2026/08/18 16:57:30.905, 11618, 12466
2026/08/18 16:57:35.906, 11618, 12466
2026/08/18 16:57:40.906, 11618, 12466
2026/08/18 16:57:45.907, 11618, 12466
2026/08/18 16:57:50.907, 11618, 12466
2026/08/18 16:57:55.908, 11618, 12466
2026/08/18 16:58:00.908, 11618, 12466
2026/08/18 16:58:05.909, 11618, 12466
2026/08/18 16:58:10.909, 11618, 12466
2026/08/18 16:58:15.909, 11618, 12466
2026/08/18 16:58:20.910, 11618, 12466
2026/08/18 16:58:25.911, 11618, 12466
2026/08/18 16:58:30.911, 11618, 12466
2026/08/18 16:58:35.912, 11618, 12466
2026/08/18 16:58:40.912, 11618, 12466
2026/08/18 16:58:45.912, 11618, 12466
2026/08/18 16:58:50.913, 11618, 12466
2026/08/18 16:58:55.913, 11618, 12466
2026/08/18 16:59:00.914, 11618, 12466
2026/08/18 16:59:05.914, 11618, 12466
2026/08/18 16:59:10.915, 11618, 12466
2026/08/18 16:59:15.915, 11618, 12466
2026/08/18 16:59:20.916, 11618, 12466
2026/08/18 16:59:25.916, 11618, 12466
2026/08/18 16:59:30.917, 11618, 12466
2026/08/18 16:59:35.917, 11618, 12466
2026/08/18 16:59:40.918, 11618, 12466
2026/08/18 16:59:45.918, 11618, 12466
2026/08/18 16:59:50.919, 11618, 12466
2026/08/18 16:59:55.919, 11618, 12466
2026/08/18 17:00:00.920, 11618, 12466
2026/08/18 17:00:05.920, 11618, 12466
2026/08/18 17:00:10.921, 11618, 12466
2026/08/18 17:00:15.921, 11618, 12466
2026/08/18 17:00:20.922, 11618, 12466
2026/08/18 17:00:25.922, 11618, 12466
2026/08/18 17:00:30.923, 11618, 12466
2026/08/18 17:00:35.923, 11618, 12466
2026/08/18 17:00:40.923, 11618, 12466
2026/08/18 17:00:45.924, 11618, 12466
2026/08/18 17:00:50.924, 11618, 12466
2026/08/18 17:00:55.925, 11618, 12466
2026/08/18 17:01:00.925, 11618, 12466
2026/08/18 17:01:05.926, 11618, 12466
2026/08/18 17:01:10.926, 11618, 12466
2026/08/18 17:01:15.927, 11618, 12466
2026/08/18 17:01:20.927, 11618, 12466
2026/08/18 17:01:25.928, 11618, 12466
2026/08/18 17:01:30.928, 11618, 12466
2026/08/18 17:01:35.929, 11618, 12466
2026/08/18 17:01:40.929, 11618, 12466
2026/08/18 17:01:45.930, 11618, 12466
2026/08/18 17:01:50.930, 11618, 12466
2026/08/18 17:01:55.931, 11618, 12466
2026/08/18 17:02:00.932, 11618, 12466
2026/08/18 17:02:05.932, 11618, 12466
2026/08/18 17:02:10.933, 11618, 12466
2026/08/18 17:02:15.933, 11618, 12466
2026/08/18 17:02:20.933, 11618, 12466
2026/08/18 17:02:25.934, 11618, 12466
2026/08/18 17:02:30.935, 11618, 12466
2026/08/18 17:02:35.935, 11618, 12466
2026/08/18 17:02:40.936, 11618, 12466
2026/08/18 17:02:45.936, 11618, 12466
2026/08/18 17:02:50.937, 11618, 12466
2026/08/18 17:02:55.937, 11618, 12466
2026/08/18 17:03:00.938, 11618, 12466
2026/08/18 17:03:05.938, 11618, 12466
2026/08/18 17:03:10.939, 11618, 12466
2026/08/18 17:03:15.939, 11618, 12466
2026/08/18 17:03:20.940, 11618, 12466
2026/08/18 17:03:25.940, 11618, 12466
2026/08/18 17:03:30.941, 11618, 12466
2026/08/18 17:03:35.941, 11618, 12466
2026/08/18 17:03:40.942, 11618, 12466
2026/08/18 17:03:45.942, 11618, 12466
2026/08/18 17:03:50.943, 11618, 12466
2026/08/18 17:03:55.943, 11618, 12466
2026/08/18 17:04:00.944, 11618, 12466
2026/08/18 17:04:05.944, 11618, 12466
2026/08/18 17:04:10.945, 11618, 12466
2026/08/18 17:04:15.946, 11618, 12466
2026/08/18 17:04:20.946, 11618, 12466
2026/08/18 17:04:25.946, 11618, 12466
2026/08/18 17:04:30.947, 11618, 12466
2026/08/18 17:04:35.947, 11618, 12466
2026/08/18 17:04:40.948, 11618, 12466
2026/08/18 17:04:45.948, 11618, 12466
2026/08/18 17:04:50.949, 11618, 12466
2026/08/18 17:04:55.949, 11618, 12466
2026/08/18 17:05:00.950, 11618, 12466
2026/08/18 17:05:05.950, 11618, 12466
2026/08/18 17:05:10.950, 11618, 12466
2026/08/18 17:05:15.951, 11618, 12466
2026/08/18 17:05:20.951, 11618, 12466
2026/08/18 17:05:25.952, 11618, 12466
2026/08/18 17:05:30.952, 11618, 12466
2026/08/18 17:05:35.953, 11618, 12466
2026/08/18 17:05:40.953, 11618, 12466
2026/08/18 17:05:45.954, 11618, 12466
2026/08/18 17:05:50.954, 11618, 12466
2026/08/18 17:05:55.955, 11618, 12466
2026/08/18 17:06:00.955, 11618, 12466
2026/08/18 17:06:05.956, 11618, 12466
2026/08/18 17:06:10.956, 11618, 12466
2026/08/18 17:06:15.956, 11618, 12466
2026/08/18 17:06:20.957, 11618, 12466
2026/08/18 17:06:25.957, 11618, 12466
2026/08/18 17:06:30.958, 11618, 12466
2026/08/18 17:06:35.958, 11618, 12466
2026/08/18 17:06:40.959, 11618, 12466
2026/08/18 17:06:45.959, 11618, 12466
2026/08/18 17:06:50.960, 11618, 12466
2026/08/18 17:06:55.960, 11618, 12466
2026/08/18 17:07:00.960, 11618, 12466
2026/08/18 17:07:05.961, 11618, 12466
2026/08/18 17:07:10.961, 11618, 12466
2026/08/18 17:07:15.962, 11618, 12466
2026/08/18 17:07:20.962, 11618, 12466
2026/08/18 17:07:25.963, 11618, 12466
2026/08/18 17:07:30.963, 11618, 12466
2026/08/18 17:07:35.964, 11618, 12466
2026/08/18 17:07:40.964, 11618, 12466
2026/08/18 17:07:45.965, 11618, 12466
2026/08/18 17:07:50.965, 11618, 12466
2026/08/18 17:07:55.966, 11618, 12466
2026/08/18 17:08:00.966, 11618, 12466
2026/08/18 17:08:05.966, 11618, 12466
2026/08/18 17:08:10.967, 11618, 12466
2026/08/18 17:08:15.967, 11618, 12466
2026/08/18 17:08:20.968, 11618, 12466
2026/08/18 17:08:25.968, 11618, 12466
2026/08/18 17:08:30.969, 11618, 12466
2026/08/18 17:08:35.969, 11618, 12466
2026/08/18 17:08:40.970, 11618, 12466
2026/08/18 17:08:45.970, 11618, 12466
2026/08/18 17:08:50.970, 11618, 12466
2026/08/18 17:08:55.971, 11618, 12466
2026/08/18 17:09:00.971, 11618, 12466
2026/08/18 17:09:05.972, 11618, 12466
2026/08/18 17:09:10.972, 11618, 12466
2026/08/18 17:09:15.973, 11618, 12466
2026/08/18 17:09:20.973, 11618, 12466
2026/08/18 17:09:25.974, 11618, 12466
2026/08/18 17:09:30.974, 11618, 12466
2026/08/18 17:09:35.974, 11618, 12466
2026/08/18 17:09:40.975, 11618, 12466
2026/08/18 17:09:45.975, 11618, 12466
2026/08/18 17:09:50.976, 11618, 12466
2026/08/18 17:09:55.976, 11618, 12466
2026/08/18 17:10:00.977, 11618, 12466
2026/08/18 17:10:05.977, 11618, 12466
2026/08/18 17:10:10.978, 11618, 12466
2026/08/18 17:10:15.978, 11618, 12466
2026/08/18 17:10:20.978, 11618, 12466
2026/08/18 17:10:25.979, 11618, 12466
2026/08/18 17:10:30.979, 11618, 12466
2026/08/18 17:10:35.980, 11618, 12466
2026/08/18 17:10:40.980, 11618, 12466
2026/08/18 17:10:45.980, 11618, 12466
2026/08/18 17:10:50.981, 11618, 12466
2026/08/18 17:10:55.981, 11618, 12466
2026/08/18 17:11:00.982, 11618, 12466
2026/08/18 17:11:05.982, 11618, 12466
2026/08/18 17:11:10.983, 11618, 12466
2026/08/18 17:11:15.983, 11618, 12466
2026/08/18 17:11:20.984, 11618, 12466
2026/08/18 17:11:25.984, 11618, 12466
2026/08/18 17:11:30.985, 11618, 12466
2026/08/18 17:11:35.985, 11618, 12466
2026/08/18 17:11:40.986, 11618, 12466
2026/08/18 17:11:45.986, 11618, 12466
2026/08/18 17:11:50.987, 11618, 12466
2026/08/18 17:11:55.987, 11618, 12466
2026/08/18 17:12:00.988, 11618, 12466
2026/08/18 17:12:05.988, 11618, 12466
2026/08/18 17:12:10.989, 11618, 12466
2026/08/18 17:12:15.989, 11618, 12466
2026/08/18 17:12:20.989, 11618, 12466
2026/08/18 17:12:25.990, 11618, 12466
2026/08/18 17:12:30.991, 11618, 12466
2026/08/18 17:12:35.991, 11618, 12466
2026/08/18 17:12:40.992, 11618, 12466
2026/08/18 17:12:45.992, 11618, 12466
2026/08/18 17:12:50.993, 11618, 12466
2026/08/18 17:12:55.993, 11618, 12466
2026/08/18 17:13:00.994, 11618, 12466
2026/08/18 17:13:05.994, 11618, 12466
2026/08/18 17:13:10.995, 11618, 12466
2026/08/18 17:13:15.995, 11618, 12466
2026/08/18 17:13:20.996, 11618, 12466
2026/08/18 17:13:25.996, 11618, 12466
2026/08/18 17:13:30.997, 11618, 12466
2026/08/18 17:13:35.997, 11618, 12466
2026/08/18 17:13:40.998, 11618, 12466
2026/08/18 17:13:45.998, 11618, 12466
2026/08/18 17:13:50.999, 11618, 12466
2026/08/18 17:13:55.999, 11618, 12466
2026/08/18 17:14:01.000, 11618, 12466
2026/08/18 17:14:06.000, 11618, 12466
2026/08/18 17:14:11.001, 11618, 12466
2026/08/18 17:14:16.001, 11618, 12466
2026/08/18 17:14:21.002, 11618, 12466
2026/08/18 17:14:26.002, 11618, 12466
2026/08/18 17:14:31.003, 11618, 12466
2026/08/18 17:14:36.003, 11618, 12466
2026/08/18 17:14:41.003, 11618, 12466
2026/08/18 17:14:46.004, 11618, 12466
2026/08/18 17:14:51.004, 11618, 12466
2026/08/18 17:14:56.005, 11618, 12466
2026/08/18 17:15:01.005, 11618, 12466
2026/08/18 17:15:06.006, 11618, 12466
2026/08/18 17:15:11.006, 11618, 12466
2026/08/18 17:15:16.007, 11618, 12466
2026/08/18 17:15:21.007, 11618, 12466
2026/08/18 17:15:26.008, 11618, 12466
2026/08/18 17:15:31.008, 11618, 12466
2026/08/18 17:15:36.009, 11618, 12466
2026/08/18 17:15:41.009, 11618, 12466
2026/08/18 17:15:46.010, 11618, 12466
2026/08/18 17:15:51.010, 11618, 12466
2026/08/18 17:15:56.011, 11618, 12466
2026/08/18 17:16:01.011, 11618, 12466
2026/08/18 17:16:06.011, 11618, 12466
2026/08/18 17:16:11.012, 11618, 12466
2026/08/18 17:16:16.012, 11618, 12466
2026/08/18 17:16:21.013, 11618, 12466
2026/08/18 17:16:26.013, 11618, 12466
2026/08/18 17:16:31.014, 11618, 12466
2026/08/18 17:16:36.014, 11618, 12466
2026/08/18 17:16:41.015, 11618, 12466
2026/08/18 17:16:46.015, 11618, 12466
2026/08/18 17:16:51.016, 11618, 12466
2026/08/18 17:16:56.016, 11618, 12466
2026/08/18 17:17:01.016, 11618, 12466
2026/08/18 17:17:06.017, 11618, 12466
2026/08/18 17:17:11.017, 11618, 12466
2026/08/18 17:17:16.018, 11618, 12466
2026/08/18 17:17:21.018, 11618, 12466
2026/08/18 17:17:26.019, 11618, 12466
2026/08/18 17:17:31.019, 11618, 12466
2026/08/18 17:17:36.020, 11618, 12466
2026/08/18 17:17:41.020, 11618, 12466
2026/08/18 17:17:46.021, 11618, 12466
2026/08/18 17:17:51.021, 11618, 12466
2026/08/18 17:17:56.021, 11618, 12466
2026/08/18 17:18:01.022, 11618, 12466
2026/08/18 17:18:06.022, 11618, 12466
2026/08/18 17:18:11.023, 11618, 12466
2026/08/18 17:18:16.023, 11618, 12466
2026/08/18 17:18:21.024, 11618, 12466
2026/08/18 17:18:26.024, 11618, 12466
2026/08/18 17:18:31.025, 11618, 12466
2026/08/18 17:18:36.025, 11618, 12466
2026/08/18 17:18:41.026, 11618, 12466
2026/08/18 17:18:46.026, 11618, 12466
2026/08/18 17:18:51.027, 11618, 12466
2026/08/18 17:18:56.027, 11618, 12466
2026/08/18 17:19:01.028, 11618, 12466
2026/08/18 17:19:06.028, 11618, 12466
2026/08/18 17:19:11.028, 11618, 12466
2026/08/18 17:19:16.029, 11618, 12466
2026/08/18 17:19:21.029, 11618, 12466
2026/08/18 17:19:26.030, 11618, 12466
2026/08/18 17:19:31.030, 11618, 12466
2026/08/18 17:19:36.031, 11618, 12466
2026/08/18 17:19:41.031, 11618, 12466
2026/08/18 17:19:46.031, 11618, 12466
2026/08/18 17:19:51.032, 11618, 12466
2026/08/18 17:19:56.032, 11618, 12466
2026/08/18 17:20:01.033, 11618, 12466
2026/08/18 17:20:06.033, 11618, 12466
2026/08/18 17:20:11.034, 11618, 12466
2026/08/18 17:20:16.034, 11618, 12466
2026/08/18 17:20:21.034, 11618, 12466
2026/08/18 17:20:26.035, 11618, 12466
2026/08/18 17:20:31.035, 11618, 12466
2026/08/18 17:20:36.036, 11618, 12466
2026/08/18 17:20:41.036, 11618, 12466
2026/08/18 17:20:46.037, 11618, 12466
2026/08/18 17:20:51.037, 11618, 12466
2026/08/18 17:20:56.037, 11618, 12466
2026/08/18 17:21:01.038, 11618, 12466
2026/08/18 17:21:06.038, 11618, 12466
2026/08/18 17:21:11.039, 11618, 12466
2026/08/18 17:21:16.039, 11618, 12466
2026/08/18 17:21:21.040, 11618, 12466
2026/08/18 17:21:26.040, 11618, 12466
2026/08/18 17:21:31.041, 11618, 12466
2026/08/18 17:21:36.041, 11618, 12466
2026/08/18 17:21:41.041, 11618, 12466
2026/08/18 17:21:46.042, 11618, 12466
2026/08/18 17:21:51.042, 11618, 12466
2026/08/18 17:21:56.043, 11618, 12466
2026/08/18 17:22:01.043, 11618, 12466
2026/08/18 17:22:06.044, 11618, 12466
2026/08/18 17:22:11.044, 11618, 12466
2026/08/18 17:22:16.044, 11618, 12466
2026/08/18 17:22:21.045, 11618, 12466
2026/08/18 17:22:26.045, 11618, 12466
2026/08/18 17:22:31.046, 11618, 12466
2026/08/18 17:22:36.046, 11618, 12466
2026/08/18 17:22:41.047, 11618, 12466
2026/08/18 17:22:46.047, 11618, 12466
2026/08/18 17:22:51.048, 11618, 12466
2026/08/18 17:22:56.048, 11618, 12466
2026/08/18 17:23:01.049, 11618, 12466
2026/08/18 17:23:06.050, 11618, 12466
2026/08/18 17:23:11.050, 11618, 12466
2026/08/18 17:23:16.051, 11618, 12466
2026/08/18 17:23:21.051, 11618, 12466
2026/08/18 17:23:26.051, 11618, 12466
2026/08/18 17:23:31.052, 11618, 12466
2026/08/18 17:23:36.052, 11618, 12466
2026/08/18 17:23:41.053, 11618, 12466
2026/08/18 17:23:46.053, 11618, 12466
2026/08/18 17:23:51.054, 11618, 12466
2026/08/18 17:23:56.054, 11618, 12466
2026/08/18 17:24:01.055, 11618, 12466
2026/08/18 17:24:06.056, 11618, 12466
2026/08/18 17:24:11.056, 11618, 12466
2026/08/18 17:24:16.057, 11618, 12466
2026/08/18 17:24:21.057, 11618, 12466
2026/08/18 17:24:26.057, 11618, 12466
2026/08/18 17:24:31.058, 11618, 12466
2026/08/18 17:24:36.058, 11618, 12466
2026/08/18 17:24:41.059, 11618, 12466
2026/08/18 17:24:46.059, 11618, 12466
2026/08/18 17:24:51.060, 11618, 12466
2026/08/18 17:24:56.060, 11618, 12466
2026/08/18 17:25:01.061, 11618, 12466
2026/08/18 17:25:06.061, 11618, 12466
2026/08/18 17:25:11.062, 11618, 12466
2026/08/18 17:25:16.062, 11618, 12466
2026/08/18 17:25:21.063, 11618, 12466
2026/08/18 17:25:26.063, 11618, 12466
2026/08/18 17:25:31.064, 11618, 12466
2026/08/18 17:25:36.064, 11618, 12466
2026/08/18 17:25:41.064, 11618, 12466
2026/08/18 17:25:46.065, 11618, 12466
2026/08/18 17:25:51.065, 11618, 12466
2026/08/18 17:25:56.066, 11618, 12466
2026/08/18 17:26:01.066, 11618, 12466
2026/08/18 17:26:06.067, 11618, 12466
2026/08/18 17:26:11.067, 11618, 12466
2026/08/18 17:26:16.068, 11618, 12466
2026/08/18 17:26:21.068, 11618, 12466
2026/08/18 17:26:26.068, 11618, 12466
2026/08/18 17:26:31.069, 11618, 12466
2026/08/18 17:26:36.069, 11618, 12466
2026/08/18 17:26:41.070, 11618, 12466
2026/08/18 17:26:46.070, 11618, 12466
2026/08/18 17:26:51.071, 11618, 12466
2026/08/18 17:26:56.071, 11618, 12466
2026/08/18 17:27:01.072, 11618, 12466
2026/08/18 17:27:06.072, 11618, 12466
2026/08/18 17:27:11.073, 11618, 12466
2026/08/18 17:27:16.073, 11618, 12466
2026/08/18 17:27:21.073, 11618, 12466
2026/08/18 17:27:26.074, 11618, 12466
2026/08/18 17:27:31.074, 11618, 12466
2026/08/18 17:27:36.075, 11618, 12466
2026/08/18 17:27:41.075, 11618, 12466
2026/08/18 17:27:46.076, 11618, 12466
2026/08/18 17:27:51.076, 11618, 12466
2026/08/18 17:27:56.077, 11618, 12466
2026/08/18 17:28:01.077, 11618, 12466
2026/08/18 17:28:06.078, 11618, 12466
2026/08/18 17:28:11.078, 11618, 12466
2026/08/18 17:28:16.080, 11618, 12466
2026/08/18 17:28:21.081, 11618, 12466
2026/08/18 17:28:26.081, 11618, 12466
2026/08/18 17:28:31.082, 11618, 12466
2026/08/18 17:28:36.082, 11618, 12466
2026/08/18 17:28:41.082, 11618, 12466
2026/08/18 17:28:46.083, 11618, 12466
2026/08/18 17:28:51.083, 11618, 12466
2026/08/18 17:28:56.084, 11618, 12466
2026/08/18 17:29:01.084, 11618, 12466
2026/08/18 17:29:06.085, 11618, 12466
2026/08/18 17:29:11.085, 11618, 12466
2026/08/18 17:29:16.086, 11618, 12466
2026/08/18 17:29:21.086, 11618, 12466
2026/08/18 17:29:26.087, 11618, 12466
2026/08/18 17:29:31.087, 11618, 12466
2026/08/18 17:29:36.088, 11618, 12466
2026/08/18 17:29:41.088, 11618, 12466
2026/08/18 17:29:46.088, 11618, 12466
2026/08/18 17:29:51.089, 11618, 12466
2026/08/18 17:29:56.089, 11618, 12466
2026/08/18 17:30:01.090, 11618, 12466
2026/08/18 17:30:06.090, 11618, 12466
2026/08/18 17:30:11.091, 11618, 12466
2026/08/18 17:30:16.091, 11618, 12466
2026/08/18 17:30:21.092, 11618, 12466
2026/08/18 17:30:26.092, 11618, 12466
2026/08/18 17:30:31.093, 11618, 12466
2026/08/18 17:30:36.093, 11618, 12466
2026/08/18 17:30:41.093, 11618, 12466
2026/08/18 17:30:46.094, 11618, 12466
2026/08/18 17:30:51.094, 11618, 12466
2026/08/18 17:30:56.095, 11618, 12466
2026/08/18 17:31:01.095, 11618, 12466
2026/08/18 17:31:06.096, 11618, 12466
2026/08/18 17:31:11.096, 11618, 12466
2026/08/18 17:31:16.097, 11618, 12466
2026/08/18 17:31:21.097, 11618, 12466
2026/08/18 17:31:26.098, 11618, 12466
2026/08/18 17:31:31.098, 11618, 12466
2026/08/18 17:31:36.098, 11618, 12466
2026/08/18 17:31:41.099, 11618, 12466
2026/08/18 17:31:46.099, 11618, 12466
2026/08/18 17:31:51.100, 11618, 12466
2026/08/18 17:31:56.100, 11618, 12466
2026/08/18 17:32:01.101, 11618, 12466
2026/08/18 17:32:06.101, 11618, 12466
2026/08/18 17:32:11.102, 11618, 12466
2026/08/18 17:32:16.102, 11618, 12466
2026/08/18 17:32:21.103, 11618, 12466
2026/08/18 17:32:26.103, 11618, 12466
2026/08/18 17:32:31.103, 11618, 12466
2026/08/18 17:32:36.104, 11618, 12466
2026/08/18 17:32:41.104, 11618, 12466
2026/08/18 17:32:46.105, 11618, 12466
2026/08/18 17:32:51.105, 11618, 12466
2026/08/18 17:32:56.106, 11618, 12466
2026/08/18 17:33:01.106, 11618, 12466
2026/08/18 17:33:06.107, 11618, 12466
2026/08/18 17:33:11.107, 11618, 12466
2026/08/18 17:33:16.108, 11618, 12466
2026/08/18 17:33:21.108, 11618, 12466
2026/08/18 17:33:26.109, 11618, 12466
2026/08/18 17:33:31.109, 11618, 12466
2026/08/18 17:33:36.110, 11618, 12466
2026/08/18 17:33:41.110, 11618, 12466
2026/08/18 17:33:46.111, 11618, 12466
2026/08/18 17:33:51.111, 11618, 12466
2026/08/18 17:33:56.112, 11618, 12466
2026/08/18 17:34:01.112, 11618, 12466
2026/08/18 17:34:06.113, 11618, 12466
2026/08/18 17:34:11.113, 11618, 12466
2026/08/18 17:34:16.114, 11618, 12466
2026/08/18 17:34:21.114, 11618, 12466
2026/08/18 17:34:26.115, 11618, 12466
2026/08/18 17:34:31.115, 11618, 12466
2026/08/18 17:34:36.116, 11618, 12466
2026/08/18 17:34:41.116, 11618, 12466
2026/08/18 17:34:46.117, 11618, 12466
2026/08/18 17:34:51.117, 11618, 12466
2026/08/18 17:34:56.117, 11618, 12466
2026/08/18 17:35:01.118, 11618, 12466
2026/08/18 17:35:06.118, 11618, 12466
2026/08/18 17:35:11.119, 11618, 12466
2026/08/18 17:35:16.119, 11618, 12466
2026/08/18 17:35:21.120, 11618, 12466
2026/08/18 17:35:26.120, 11618, 12466
2026/08/18 17:35:31.121, 11618, 12466
2026/08/18 17:35:36.121, 11618, 12466
2026/08/18 17:35:41.122, 11618, 12466
2026/08/18 17:35:46.122, 11618, 12466
2026/08/18 17:35:51.122, 11618, 12466
2026/08/18 17:35:56.123, 11618, 12466
2026/08/18 17:36:01.123, 11618, 12466
2026/08/18 17:36:06.124, 11618, 12466
2026/08/18 17:36:11.124, 11618, 12466
2026/08/18 17:36:16.125, 11618, 12466
2026/08/18 17:36:21.125, 11618, 12466
2026/08/18 17:36:26.126, 11618, 12466
2026/08/18 17:36:31.126, 11618, 12466
2026/08/18 17:36:36.126, 11618, 12466
2026/08/18 17:36:41.127, 11618, 12466
2026/08/18 17:36:46.127, 11618, 12466
2026/08/18 17:36:51.128, 11618, 12466
2026/08/18 17:36:56.128, 11618, 12466
2026/08/18 17:37:01.129, 11618, 12466
2026/08/18 17:37:06.129, 11618, 12466
2026/08/18 17:37:11.129, 11618, 12466
2026/08/18 17:37:16.130, 11618, 12466
2026/08/18 17:37:21.130, 11618, 12466
2026/08/18 17:37:26.131, 11618, 12466
2026/08/18 17:37:31.131, 11618, 12466
2026/08/18 17:37:36.132, 11618, 12466
2026/08/18 17:37:41.132, 11618, 12466
2026/08/18 17:37:46.132, 11618, 12466
2026/08/18 17:37:51.133, 11618, 12466
2026/08/18 17:37:56.133, 11618, 12466
2026/08/18 17:38:01.134, 11618, 12466
2026/08/18 17:38:06.134, 11618, 12466
2026/08/18 17:38:11.135, 11618, 12466
2026/08/18 17:38:16.135, 11618, 12466
2026/08/18 17:38:21.136, 11618, 12466
2026/08/18 17:38:26.136, 11618, 12466
2026/08/18 17:38:31.136, 11618, 12466
2026/08/18 17:38:36.137, 11618, 12466
2026/08/18 17:38:41.137, 11618, 12466
2026/08/18 17:38:46.138, 11618, 12466
2026/08/18 17:38:51.138, 11618, 12466
2026/08/18 17:38:56.139, 11618, 12466
2026/08/18 17:39:01.139, 11618, 12466
2026/08/18 17:39:06.139, 11618, 12466
2026/08/18 17:39:11.140, 11618, 12466
2026/08/18 17:39:16.140, 11618, 12466
2026/08/18 17:39:21.141, 11618, 12466
2026/08/18 17:39:26.141, 11618, 12466
2026/08/18 17:39:31.142, 11618, 12466
2026/08/18 17:39:36.142, 11618, 12466
2026/08/18 17:39:41.143, 11618, 12466
2026/08/18 17:39:46.143, 11618, 12466
2026/08/18 17:39:51.143, 11618, 12466
2026/08/18 17:39:56.144, 11618, 12466
2026/08/18 17:40:01.144, 11618, 12466
2026/08/18 17:40:06.145, 11618, 12466
2026/08/18 17:40:11.145, 11618, 12466
2026/08/18 17:40:16.146, 11618, 12466
2026/08/18 17:40:21.146, 11618, 12466
2026/08/18 17:40:26.147, 11618, 12466
2026/08/18 17:40:31.147, 11618, 12466
2026/08/18 17:40:36.148, 11618, 12466
2026/08/18 17:40:41.148, 11618, 12466
2026/08/18 17:40:46.149, 11618, 12466
2026/08/18 17:40:51.149, 11618, 12466
2026/08/18 17:40:56.149, 11618, 12466
2026/08/18 17:41:01.150, 11618, 12466
2026/08/18 17:41:06.150, 11618, 12466
2026/08/18 17:41:11.151, 11618, 12466
2026/08/18 17:41:16.151, 11618, 12466
2026/08/18 17:41:21.152, 11618, 12466
2026/08/18 17:41:26.152, 11618, 12466
2026/08/18 17:41:31.153, 11618, 12466
2026/08/18 17:41:36.153, 11618, 12466
2026/08/18 17:41:41.154, 11618, 12466
2026/08/18 17:41:46.154, 11618, 12466
2026/08/18 17:41:51.155, 11618, 12466
2026/08/18 17:41:56.155, 11618, 12466
2026/08/18 17:42:01.155, 11618, 12466
2026/08/18 17:42:06.156, 11618, 12466
2026/08/18 17:42:11.156, 11618, 12466
2026/08/18 17:42:16.157, 11618, 12466
2026/08/18 17:42:21.157, 11618, 12466
2026/08/18 17:42:26.158, 11618, 12466
2026/08/18 17:42:31.158, 11618, 12466
2026/08/18 17:42:36.159, 11618, 12466
2026/08/18 17:42:41.159, 11618, 12466
2026/08/18 17:42:46.160, 11618, 12466
2026/08/18 17:42:51.160, 11618, 12466
2026/08/18 17:42:56.160, 11618, 12466
2026/08/18 17:43:01.161, 11618, 12466
2026/08/18 17:43:06.161, 11618, 12466
2026/08/18 17:43:11.162, 11618, 12466
2026/08/18 17:43:16.162, 11618, 12466
2026/08/18 17:43:21.163, 11618, 12466
2026/08/18 17:43:26.163, 11618, 12466
2026/08/18 17:43:31.164, 11618, 12466
2026/08/18 17:43:36.164, 11618, 12466
2026/08/18 17:43:41.165, 11618, 12466
2026/08/18 17:43:46.165, 11618, 12466
2026/08/18 17:43:51.165, 11618, 12466
2026/08/18 17:43:56.166, 11618, 12466
2026/08/18 17:44:01.166, 11618, 12466
2026/08/18 17:44:06.167, 11618, 12466
2026/08/18 17:44:11.167, 11618, 12466
2026/08/18 17:44:16.168, 11618, 12466
2026/08/18 17:44:21.168, 11618, 12466
2026/08/18 17:44:26.169, 11618, 12466
2026/08/18 17:44:31.169, 11618, 12466
2026/08/18 17:44:36.169, 11618, 12466
2026/08/18 17:44:41.170, 11618, 12466
2026/08/18 17:44:46.170, 11618, 12466
2026/08/18 17:44:51.171, 11618, 12466
2026/08/18 17:44:56.171, 11618, 12466
2026/08/18 17:45:01.172, 11618, 12466
2026/08/18 17:45:06.172, 11618, 12466
2026/08/18 17:45:11.173, 11618, 12466
2026/08/18 17:45:16.173, 11618, 12466
2026/08/18 17:45:21.174, 11618, 12466
2026/08/18 17:45:26.174, 11618, 12466
2026/08/18 17:45:31.174, 11618, 12466
2026/08/18 17:45:36.175, 11618, 12466
2026/08/18 17:45:41.175, 11618, 12466
2026/08/18 17:45:46.176, 11618, 12466
2026/08/18 17:45:51.176, 11618, 12466
2026/08/18 17:45:56.177, 11618, 12466
2026/08/18 17:46:01.177, 11618, 12466
2026/08/18 17:46:06.178, 11618, 12466
2026/08/18 17:46:11.178, 11618, 12466
2026/08/18 17:46:16.179, 11618, 12466
2026/08/18 17:46:21.179, 11618, 12466
2026/08/18 17:46:26.180, 11618, 12466
2026/08/18 17:46:31.180, 11618, 12466
2026/08/18 17:46:36.180, 11618, 12466
2026/08/18 17:46:41.181, 11618, 12466
2026/08/18 17:46:46.181, 11618, 12466
2026/08/18 17:46:51.182, 11618, 12466
2026/08/18 17:46:56.182, 11618, 12466
2026/08/18 17:47:01.183, 11618, 12466
2026/08/18 17:47:06.183, 11618, 12466
2026/08/18 17:47:11.184, 11618, 12466
2026/08/18 17:47:16.184, 11618, 12466
2026/08/18 17:47:21.185, 11618, 12466
2026/08/18 17:47:26.185, 11618, 12466
2026/08/18 17:47:31.186, 11618, 12466
2026/08/18 17:47:36.186, 11618, 12466
2026/08/18 17:47:41.186, 11618, 12466
2026/08/18 17:47:46.187, 11618, 12466
2026/08/18 17:47:51.187, 11618, 12466
2026/08/18 17:47:56.188, 11618, 12466
2026/08/18 17:48:01.188, 11618, 12466
2026/08/18 17:48:06.189, 11618, 12466
2026/08/18 17:48:11.189, 11618, 12466
2026/08/18 17:48:16.190, 11618, 12466
2026/08/18 17:48:21.190, 11618, 12466
2026/08/18 17:48:26.191, 11618, 12466
2026/08/18 17:48:31.191, 11618, 12466
2026/08/18 17:48:36.192, 11618, 12466
2026/08/18 17:48:41.192, 11618, 12466
2026/08/18 17:48:46.193, 11618, 12466
2026/08/18 17:48:51.193, 11618, 12466
2026/08/18 17:48:56.193, 11618, 12466
2026/08/18 17:49:01.194, 11618, 12466
2026/08/18 17:49:06.194, 11618, 12466
2026/08/18 17:49:11.195, 11618, 12466
2026/08/18 17:49:16.195, 11618, 12466
2026/08/18 17:49:21.196, 11618, 12466
2026/08/18 17:49:26.196, 11618, 12466
2026/08/18 17:49:31.197, 11618, 12466
2026/08/18 17:49:36.197, 11618, 12466
2026/08/18 17:49:41.198, 11618, 12466
2026/08/18 17:49:46.198, 11618, 12466
2026/08/18 17:49:51.199, 11618, 12466
2026/08/18 17:49:56.199, 11618, 12466
2026/08/18 17:50:01.200, 11618, 12466
2026/08/18 17:50:06.200, 11618, 12466
2026/08/18 17:50:11.200, 11618, 12466
2026/08/18 17:50:16.201, 11618, 12466
2026/08/18 17:50:21.201, 11618, 12466
2026/08/18 17:50:26.202, 11618, 12466
2026/08/18 17:50:31.202, 11618, 12466
2026/08/18 17:50:36.203, 11618, 12466
2026/08/18 17:50:41.203, 11618, 12466
2026/08/18 17:50:46.204, 11618, 12466
2026/08/18 17:50:51.204, 11618, 12466
2026/08/18 17:50:56.205, 11618, 12466
2026/08/18 17:51:01.205, 11618, 12466
2026/08/18 17:51:06.206, 11618, 12466
2026/08/18 17:51:11.206, 11618, 12466
2026/08/18 17:51:16.206, 11618, 12466
2026/08/18 17:51:21.207, 11618, 12466
2026/08/18 17:51:26.207, 11618, 12466
2026/08/18 17:51:31.208, 11618, 12466
2026/08/18 17:51:36.208, 11618, 12466
2026/08/18 17:51:41.209, 11618, 12466
2026/08/18 17:51:46.209, 11618, 12466
2026/08/18 17:51:51.210, 11618, 12466
2026/08/18 17:51:56.210, 11618, 12466
2026/08/18 17:52:01.211, 11618, 12466
2026/08/18 17:52:06.211, 11618, 12466
2026/08/18 17:52:11.212, 11618, 12466
2026/08/18 17:52:16.212, 11618, 12466
2026/08/18 17:52:21.212, 11618, 12466
2026/08/18 17:52:26.213, 11618, 12466
2026/08/18 17:52:31.213, 11618, 12466
2026/08/18 17:52:36.214, 11618, 12466
2026/08/18 17:52:41.214, 11618, 12466
2026/08/18 17:52:46.215, 11618, 12466
2026/08/18 17:52:51.215, 11618, 12466
2026/08/18 17:52:56.216, 11618, 12466
2026/08/18 17:53:01.216, 11618, 12466
2026/08/18 17:53:06.217, 11618, 12466
2026/08/18 17:53:11.217, 11618, 12466
2026/08/18 17:53:16.218, 11618, 12466
2026/08/18 17:53:21.218, 11618, 12466
2026/08/18 17:53:26.218, 11618, 12466
2026/08/18 17:53:31.219, 11618, 12466
2026/08/18 17:53:36.219, 11618, 12466
2026/08/18 17:53:41.220, 11618, 12466
2026/08/18 17:53:46.220, 11618, 12466
2026/08/18 17:53:51.221, 11618, 12466
2026/08/18 17:53:56.221, 11618, 12466
2026/08/18 17:54:01.222, 11618, 12466
2026/08/18 17:54:06.222, 11618, 12466
2026/08/18 17:54:11.222, 11618, 12466
2026/08/18 17:54:16.223, 11618, 12466
2026/08/18 17:54:21.223, 11618, 12466
2026/08/18 17:54:26.224, 11618, 12466
2026/08/18 17:54:31.224, 11618, 12466
2026/08/18 17:54:36.225, 11618, 12466
2026/08/18 17:54:41.225, 11618, 12466
2026/08/18 17:54:46.226, 11618, 12466
2026/08/18 17:54:51.226, 11618, 12466
2026/08/18 17:54:56.227, 11618, 12466
2026/08/18 17:55:01.227, 11618, 12466
2026/08/18 17:55:06.228, 11618, 12466
2026/08/18 17:55:11.228, 11618, 12466
2026/08/18 17:55:16.229, 11618, 12466
2026/08/18 17:55:21.229, 11618, 12466
2026/08/18 17:55:26.229, 11618, 12466
2026/08/18 17:55:31.230, 11618, 12466
2026/08/18 17:55:36.230, 11618, 12466
2026/08/18 17:55:41.231, 11618, 12466
2026/08/18 17:55:46.231, 11618, 12466
2026/08/18 17:55:51.232, 11618, 12466
2026/08/18 17:55:56.232, 11618, 12466
2026/08/18 17:56:01.233, 11618, 12466
2026/08/18 17:56:06.233, 11618, 12466
2026/08/18 17:56:11.234, 11618, 12466
2026/08/18 17:56:16.234, 11618, 12466
2026/08/18 17:56:21.235, 11618, 12466
2026/08/18 17:56:26.235, 11618, 12466
2026/08/18 17:56:31.235, 11618, 12466
2026/08/18 17:56:36.236, 11618, 12466
2026/08/18 17:56:41.236, 11618, 12466
2026/08/18 17:56:46.237, 11618, 12466
2026/08/18 17:56:51.237, 11618, 12466
2026/08/18 17:56:56.238, 11618, 12466
2026/08/18 17:57:01.238, 11618, 12466
2026/08/18 17:57:06.239, 11618, 12466
2026/08/18 17:57:11.239, 11618, 12466
2026/08/18 17:57:16.240, 11618, 12466
2026/08/18 17:57:21.240, 11618, 12466
2026/08/18 17:57:26.241, 11618, 12466
2026/08/18 17:57:31.241, 11618, 12466
2026/08/18 17:57:36.241, 11618, 12466
2026/08/18 17:57:41.242, 11618, 12466
2026/08/18 17:57:46.242, 11618, 12466
2026/08/18 17:57:51.243, 11618, 12466
2026/08/18 17:57:56.243, 11618, 12466
2026/08/18 17:58:01.244, 11618, 12466
2026/08/18 17:58:06.244, 11618, 12466
2026/08/18 17:58:11.245, 11618, 12466
2026/08/18 17:58:16.245, 11618, 12466
2026/08/18 17:58:21.246, 11618, 12466
2026/08/18 17:58:26.246, 11618, 12466
2026/08/18 17:58:31.247, 11618, 12466
2026/08/18 17:58:36.247, 11618, 12466
2026/08/18 17:58:41.248, 11618, 12466
2026/08/18 17:58:46.248, 11618, 12466
2026/08/18 17:58:51.249, 11618, 12466
2026/08/18 17:58:56.249, 11618, 12466
2026/08/18 17:59:01.249, 11618, 12466
2026/08/18 17:59:06.250, 11618, 12466
2026/08/18 17:59:11.250, 11618, 12466
2026/08/18 17:59:16.251, 11618, 12466
2026/08/18 17:59:21.251, 11618, 12466
2026/08/18 17:59:26.252, 11618, 12466
2026/08/18 17:59:31.252, 11618, 12466
2026/08/18 17:59:36.253, 11618, 12466
2026/08/18 17:59:41.253, 11618, 12466
2026/08/18 17:59:46.254, 11618, 12466
2026/08/18 17:59:51.254, 11618, 12466
2026/08/18 17:59:56.254, 11618, 12466
2026/08/18 18:00:01.255, 11618, 12466
2026/08/18 18:00:06.255, 11618, 12466
2026/08/18 18:00:11.256, 11618, 12466
2026/08/18 18:00:16.256, 11618, 12466
2026/08/18 18:00:21.257, 11618, 12466
2026/08/18 18:00:26.257, 11618, 12466
2026/08/18 18:00:31.258, 11618, 12466
2026/08/18 18:00:36.258, 11618, 12466
2026/08/18 18:00:41.259, 11618, 12466
2026/08/18 18:00:46.259, 11618, 12466
2026/08/18 18:00:51.260, 11618, 12466
2026/08/18 18:00:56.260, 11618, 12466
2026/08/18 18:01:01.260, 11618, 12466
2026/08/18 18:01:06.261, 11618, 12466
2026/08/18 18:01:11.261, 11618, 12466
2026/08/18 18:01:16.262, 11618, 12466
2026/08/18 18:01:21.262, 11618, 12466
2026/08/18 18:01:26.263, 11618, 12466
2026/08/18 18:01:31.263, 11618, 12466
2026/08/18 18:01:36.264, 11618, 12466
2026/08/18 18:01:41.264, 11618, 12466
2026/08/18 18:01:46.265, 11618, 12466
2026/08/18 18:01:51.265, 11618, 12466
2026/08/18 18:01:56.265, 11618, 12466
2026/08/18 18:02:01.266, 11618, 12466
2026/08/18 18:02:06.266, 11618, 12466
2026/08/18 18:02:11.267, 11618, 12466
2026/08/18 18:02:16.267, 11618, 12466
2026/08/18 18:02:21.268, 11618, 12466
2026/08/18 18:02:26.268, 11618, 12466
2026/08/18 18:02:31.269, 11618, 12466
2026/08/18 18:02:36.269, 11618, 12466
2026/08/18 18:02:41.270, 11618, 12466
2026/08/18 18:02:46.270, 11618, 12466
2026/08/18 18:02:51.270, 11618, 12466
2026/08/18 18:02:56.271, 11618, 12466
2026/08/18 18:03:01.271, 11618, 12466
2026/08/18 18:03:06.272, 11618, 12466
2026/08/18 18:03:11.272, 11618, 12466
2026/08/18 18:03:16.273, 11618, 12466
2026/08/18 18:03:21.273, 11618, 12466
2026/08/18 18:03:26.274, 11618, 12466
2026/08/18 18:03:31.274, 11618, 12466
2026/08/18 18:03:36.275, 11618, 12466
2026/08/18 18:03:41.275, 11618, 12466
2026/08/18 18:03:46.276, 11618, 12466
2026/08/18 18:03:51.276, 11618, 12466
2026/08/18 18:03:56.277, 11618, 12466
2026/08/18 18:04:01.277, 11618, 12466
2026/08/18 18:04:06.277, 11618, 12466
2026/08/18 18:04:11.278, 11618, 12466
2026/08/18 18:04:16.278, 11618, 12466
2026/08/18 18:04:21.279, 11618, 12466
2026/08/18 18:04:26.279, 11618, 12466
2026/08/18 18:04:31.280, 11618, 12466
2026/08/18 18:04:36.280, 11618, 12466
2026/08/18 18:04:41.281, 11618, 12466
2026/08/18 18:04:46.281, 11618, 12466
2026/08/18 18:04:51.282, 11618, 12466
2026/08/18 18:04:56.282, 11618, 12466
2026/08/18 18:05:01.283, 11618, 12466
2026/08/18 18:05:06.283, 11618, 12466
2026/08/18 18:05:11.283, 11618, 12466
2026/08/18 18:05:16.284, 11618, 12466
2026/08/18 18:05:21.284, 11618, 12466
2026/08/18 18:05:26.285, 11618, 12466
2026/08/18 18:05:31.285, 11618, 12466
2026/08/18 18:05:36.286, 11618, 12466
2026/08/18 18:05:41.286, 11618, 12466
2026/08/18 18:05:46.287, 11618, 12466
2026/08/18 18:05:51.287, 11618, 12466
2026/08/18 18:05:56.288, 11618, 12466
2026/08/18 18:06:01.288, 11618, 12466
2026/08/18 18:06:06.289, 11618, 12466
2026/08/18 18:06:11.289, 11618, 12466
2026/08/18 18:06:16.289, 11618, 12466
2026/08/18 18:06:21.290, 11618, 12466
2026/08/18 18:06:26.290, 11618, 12466
2026/08/18 18:06:31.291, 11618, 12466
2026/08/18 18:06:36.291, 11618, 12466
2026/08/18 18:06:41.292, 11618, 12466
2026/08/18 18:06:46.292, 11618, 12466
2026/08/18 18:06:51.293, 11618, 12466
2026/08/18 18:06:56.293, 11618, 12466
2026/08/18 18:07:01.294, 11618, 12466
2026/08/18 18:07:06.294, 11618, 12466
2026/08/18 18:07:11.295, 11618, 12466
2026/08/18 18:07:16.295, 11618, 12466
2026/08/18 18:07:21.295, 11618, 12466
2026/08/18 18:07:26.296, 11618, 12466
2026/08/18 18:07:31.296, 11618, 12466
2026/08/18 18:07:36.297, 11618, 12466
2026/08/18 18:07:41.297, 11618, 12466
2026/08/18 18:07:46.298, 11618, 12466
2026/08/18 18:07:51.298, 11618, 12466
2026/08/18 18:07:56.299, 11618, 12466
2026/08/18 18:08:01.299, 11618, 12466
2026/08/18 18:08:06.300, 11618, 12466
2026/08/18 18:08:11.300, 11618, 12466
2026/08/18 18:08:16.300, 11618, 12466
2026/08/18 18:08:21.301, 11618, 12466
2026/08/18 18:08:26.301, 11618, 12466
2026/08/18 18:08:31.302, 11618, 12466
2026/08/18 18:08:36.302, 11618, 12466
2026/08/18 18:08:41.303, 11618, 12466
2026/08/18 18:08:46.303, 11618, 12466
2026/08/18 18:08:51.304, 11618, 12466
2026/08/18 18:08:56.304, 11618, 12466
2026/08/18 18:09:01.305, 11618, 12466
2026/08/18 18:09:06.305, 11618, 12466
2026/08/18 18:09:11.306, 11618, 12466
2026/08/18 18:09:16.306, 11618, 12466
2026/08/18 18:09:21.306, 11618, 12466
2026/08/18 18:09:26.307, 11618, 12466
2026/08/18 18:09:31.307, 11618, 12466
2026/08/18 18:09:36.308, 11618, 12466
2026/08/18 18:09:41.308, 11618, 12466
2026/08/18 18:09:46.309, 11618, 12466
2026/08/18 18:09:51.309, 11618, 12466
2026/08/18 18:09:56.310, 11618, 12466
2026/08/18 18:10:01.310, 11618, 12466
2026/08/18 18:10:06.311, 11618, 12466
2026/08/18 18:10:11.311, 11618, 12466
2026/08/18 18:10:16.311, 11618, 12466
2026/08/18 18:10:21.312, 11618, 12466
2026/08/18 18:10:26.312, 11618, 12466
2026/08/18 18:10:31.313, 11618, 12466
2026/08/18 18:10:36.313, 11618, 12466
2026/08/18 18:10:41.314, 11618, 12466
2026/08/18 18:10:46.314, 11618, 12466
2026/08/18 18:10:51.315, 11618, 12466
2026/08/18 18:10:56.315, 11618, 12466
2026/08/18 18:11:01.316, 11618, 12466
2026/08/18 18:11:06.316, 11618, 12466
2026/08/18 18:11:11.316, 11618, 12466
2026/08/18 18:11:16.317, 11618, 12466
2026/08/18 18:11:21.317, 11618, 12466
2026/08/18 18:11:26.318, 11618, 12466
2026/08/18 18:11:31.318, 11618, 12466
2026/08/18 18:11:36.319, 11618, 12466
2026/08/18 18:11:41.319, 11618, 12466
2026/08/18 18:11:46.320, 11618, 12466
2026/08/18 18:11:51.320, 11618, 12466
2026/08/18 18:11:56.321, 11618, 12466
2026/08/18 18:12:01.321, 11618, 12466
2026/08/18 18:12:06.321, 11618, 12466
2026/08/18 18:12:11.322, 11618, 12466
2026/08/18 18:12:16.322, 11618, 12466
2026/08/18 18:12:21.323, 11618, 12466
2026/08/18 18:12:26.323, 11618, 12466
2026/08/18 18:12:31.324, 11618, 12466
2026/08/18 18:12:36.324, 11618, 12466
2026/08/18 18:12:41.325, 11618, 12466
2026/08/18 18:12:46.325, 11618, 12466
2026/08/18 18:12:51.326, 11618, 12466
2026/08/18 18:12:56.326, 11618, 12466
2026/08/18 18:13:01.326, 11618, 12466
2026/08/18 18:13:06.327, 11618, 12466
2026/08/18 18:13:11.327, 11618, 12466
2026/08/18 18:13:16.328, 11618, 12466
2026/08/18 18:13:21.328, 11618, 12466
2026/08/18 18:13:26.329, 11618, 12466
2026/08/18 18:13:31.329, 11618, 12466
2026/08/18 18:13:36.330, 11618, 12466
2026/08/18 18:13:41.330, 11618, 12466
2026/08/18 18:13:46.331, 11618, 12466
2026/08/18 18:13:51.331, 11618, 12466
2026/08/18 18:13:56.332, 11618, 12466
2026/08/18 18:14:01.332, 11618, 12466
2026/08/18 18:14:06.332, 11618, 12466
2026/08/18 18:14:11.333, 11618, 12466
2026/08/18 18:14:16.333, 11618, 12466
2026/08/18 18:14:21.334, 11618, 12466
2026/08/18 18:14:26.334, 11618, 12466
2026/08/18 18:14:31.335, 11618, 12466
2026/08/18 18:14:36.335, 11618, 12466
2026/08/18 18:14:41.336, 11618, 12466
2026/08/18 18:14:46.336, 11618, 12466
2026/08/18 18:14:51.337, 11618, 12466
2026/08/18 18:14:56.337, 11618, 12466
2026/08/18 18:15:01.338, 11618, 12466
2026/08/18 18:15:06.338, 11618, 12466
2026/08/18 18:15:11.338, 11618, 12466
2026/08/18 18:15:16.339, 11618, 12466
2026/08/18 18:15:21.339, 11618, 12466
2026/08/18 18:15:26.340, 11618, 12466
2026/08/18 18:15:31.340, 11618, 12466
2026/08/18 18:15:36.341, 11618, 12466
2026/08/18 18:15:41.341, 11618, 12466
2026/08/18 18:15:46.342, 11618, 12466
2026/08/18 18:15:51.342, 11618, 12466
2026/08/18 18:15:56.343, 11618, 12466
2026/08/18 18:16:01.343, 11618, 12466
2026/08/18 18:16:06.344, 11618, 12466
2026/08/18 18:16:11.344, 11618, 12466
2026/08/18 18:16:16.345, 11618, 12466
2026/08/18 18:16:21.345, 11618, 12466
2026/08/18 18:16:26.346, 11618, 12466
2026/08/18 18:16:31.346, 11618, 12466
2026/08/18 18:16:36.347, 11618, 12466
2026/08/18 18:16:41.348, 11618, 12466
2026/08/18 18:16:46.348, 11618, 12466
2026/08/18 18:16:51.349, 11618, 12466
2026/08/18 18:16:56.349, 11618, 12466
2026/08/18 18:17:01.350, 11618, 12466
2026/08/18 18:17:06.350, 11618, 12466
2026/08/18 18:17:11.351, 11618, 12466
2026/08/18 18:17:16.351, 11618, 12466
2026/08/18 18:17:21.352, 11618, 12466
2026/08/18 18:17:26.352, 11618, 12466
2026/08/18 18:17:31.353, 11618, 12466
2026/08/18 18:17:36.353, 11618, 12466
2026/08/18 18:17:41.353, 11618, 12466
2026/08/18 18:17:46.354, 11618, 12466
2026/08/18 18:17:51.354, 11618, 12466
2026/08/18 18:17:56.355, 11618, 12466
2026/08/18 18:18:01.355, 11618, 12466
2026/08/18 18:18:06.356, 11618, 12466
2026/08/18 18:18:11.356, 11618, 12466
2026/08/18 18:18:16.357, 11618, 12466
2026/08/18 18:18:21.357, 11618, 12466
2026/08/18 18:18:26.358, 11618, 12466
2026/08/18 18:18:31.358, 11618, 12466
2026/08/18 18:18:36.359, 11618, 12466
2026/08/18 18:18:41.359, 11618, 12466
2026/08/18 18:18:46.359, 11618, 12466
2026/08/18 18:18:51.360, 11618, 12466
2026/08/18 18:18:56.360, 11618, 12466
2026/08/18 18:19:01.361, 11618, 12466
2026/08/18 18:19:06.361, 11618, 12466
2026/08/18 18:19:11.362, 11618, 12466
2026/08/18 18:19:16.362, 11618, 12466
2026/08/18 18:19:21.363, 11618, 12466
2026/08/18 18:19:26.363, 11618, 12466
2026/08/18 18:19:31.363, 11618, 12466
2026/08/18 18:19:36.364, 11618, 12466
2026/08/18 18:19:41.364, 11618, 12466
2026/08/18 18:19:46.365, 11618, 12466
2026/08/18 18:19:51.365, 11618, 12466
2026/08/18 18:19:56.366, 11618, 12466
2026/08/18 18:20:01.366, 11618, 12466
2026/08/18 18:20:06.367, 11618, 12466
2026/08/18 18:20:11.367, 11618, 12466
2026/08/18 18:20:16.368, 11618, 12466
2026/08/18 18:20:21.368, 11618, 12466
2026/08/18 18:20:26.368, 11618, 12466
2026/08/18 18:20:31.369, 11618, 12466
2026/08/18 18:20:36.369, 11618, 12466
2026/08/18 18:20:41.370, 11618, 12466
2026/08/18 18:20:46.370, 11618, 12466
2026/08/18 18:20:51.371, 11618, 12466
2026/08/18 18:20:56.371, 11618, 12466
2026/08/18 18:21:01.372, 11618, 12466
2026/08/18 18:21:06.372, 11618, 12466
2026/08/18 18:21:11.373, 11618, 12466
2026/08/18 18:21:16.373, 11618, 12466
2026/08/18 18:21:21.374, 11618, 12466
2026/08/18 18:21:26.374, 11618, 12466
2026/08/18 18:21:31.374, 11618, 12466
2026/08/18 18:21:36.375, 11618, 12466
2026/08/18 18:21:41.375, 11618, 12466
2026/08/18 18:21:46.376, 11618, 12466
2026/08/18 18:21:51.376, 11618, 12466
2026/08/18 18:21:56.377, 11618, 12466
2026/08/18 18:22:01.377, 11618, 12466
2026/08/18 18:22:06.378, 11618, 12466
2026/08/18 18:22:11.378, 11618, 12466
2026/08/18 18:22:16.379, 11618, 12466
2026/08/18 18:22:21.379, 11618, 12466
2026/08/18 18:22:26.380, 11618, 12466
2026/08/18 18:22:31.380, 11618, 12466
2026/08/18 18:22:36.380, 11618, 12466
2026/08/18 18:22:41.381, 11618, 12466
2026/08/18 18:22:46.381, 11618, 12466
2026/08/18 18:22:51.382, 11618, 12466
2026/08/18 18:22:56.382, 11618, 12466
2026/08/18 18:23:01.383, 11618, 12466
2026/08/18 18:23:06.383, 11618, 12466
2026/08/18 18:23:11.384, 11618, 12466
2026/08/18 18:23:16.384, 11618, 12466
2026/08/18 18:23:21.385, 11618, 12466
2026/08/18 18:23:26.385, 11618, 12466
2026/08/18 18:23:31.386, 11618, 12466
2026/08/18 18:23:36.386, 11618, 12466
2026/08/18 18:23:41.387, 11618, 12466
2026/08/18 18:23:46.387, 11618, 12466
2026/08/18 18:23:51.387, 11618, 12466
2026/08/18 18:23:56.388, 11618, 12466
2026/08/18 18:24:01.388, 11618, 12466
2026/08/18 18:24:06.389, 11618, 12466
2026/08/18 18:24:11.389, 11618, 12466
2026/08/18 18:24:16.390, 11618, 12466
2026/08/18 18:24:21.390, 11618, 12466
2026/08/18 18:24:26.391, 11618, 12466
2026/08/18 18:24:31.391, 11618, 12466
2026/08/18 18:24:36.392, 11618, 12466
2026/08/18 18:24:41.392, 11618, 12466
2026/08/18 18:24:46.393, 11618, 12466
2026/08/18 18:24:51.393, 11618, 12466
2026/08/18 18:24:56.393, 11618, 12466
2026/08/18 18:25:01.394, 11618, 12466
2026/08/18 18:25:06.394, 11618, 12466
2026/08/18 18:25:11.395, 11618, 12466
2026/08/18 18:25:16.395, 11618, 12466
2026/08/18 18:25:21.396, 11618, 12466
2026/08/18 18:25:26.396, 11618, 12466
2026/08/18 18:25:31.397, 11618, 12466
2026/08/18 18:25:36.397, 11618, 12466
2026/08/18 18:25:41.398, 11618, 12466
2026/08/18 18:25:46.398, 11618, 12466
2026/08/18 18:25:51.398, 11618, 12466
2026/08/18 18:25:56.399, 11618, 12466
2026/08/18 18:26:01.399, 11618, 12466
2026/08/18 18:26:06.400, 11618, 12466
2026/08/18 18:26:11.400, 11618, 12466
2026/08/18 18:26:16.401, 11618, 12466
2026/08/18 18:26:21.401, 11618, 12466
2026/08/18 18:26:26.402, 11618, 12466
2026/08/18 18:26:31.402, 11618, 12466
2026/08/18 18:26:36.403, 11618, 12466
2026/08/18 18:26:41.403, 11618, 12466
2026/08/18 18:26:46.403, 11618, 12466
2026/08/18 18:26:51.404, 11618, 12466
2026/08/18 18:26:56.404, 11618, 12466
2026/08/18 18:27:01.405, 11618, 12466
2026/08/18 18:27:06.405, 11618, 12466
2026/08/18 18:27:11.406, 11618, 12466
2026/08/18 18:27:16.406, 11618, 12466
2026/08/18 18:27:21.407, 11618, 12466
2026/08/18 18:27:26.407, 11618, 12466
2026/08/18 18:27:31.408, 11618, 12466
2026/08/18 18:27:36.408, 11618, 12466
2026/08/18 18:27:41.408, 11618, 12466
2026/08/18 18:27:46.409, 11618, 12466
2026/08/18 18:27:51.409, 11618, 12466
2026/08/18 18:27:56.410, 11618, 12466
2026/08/18 18:28:01.410, 11618, 12466
2026/08/18 18:28:06.411, 11618, 12466
2026/08/18 18:28:11.411, 11618, 12466
2026/08/18 18:28:16.412, 11618, 12466
2026/08/18 18:28:21.412, 11618, 12466
2026/08/18 18:28:26.413, 11618, 12466
2026/08/18 18:28:31.413, 11618, 12466
2026/08/18 18:28:36.413, 11618, 12466
2026/08/18 18:28:41.414, 11618, 12466
2026/08/18 18:28:46.414, 11618, 12466
2026/08/18 18:28:51.415, 11618, 12466
2026/08/18 18:28:56.415, 11618, 12466
2026/08/18 18:29:01.416, 11618, 12466
2026/08/18 18:29:06.416, 11618, 12466
2026/08/18 18:29:11.417, 11618, 12466
2026/08/18 18:29:16.417, 11618, 12466
2026/08/18 18:29:21.417, 11618, 12466
2026/08/18 18:29:26.418, 11618, 12466
2026/08/18 18:29:31.418, 11618, 12466
2026/08/18 18:29:36.419, 11618, 12466
2026/08/18 18:29:41.419, 11618, 12466
2026/08/18 18:29:46.420, 11618, 12466
2026/08/18 18:29:51.420, 11618, 12466
2026/08/18 18:29:56.421, 11618, 12466
2026/08/18 18:30:01.421, 11618, 12466
2026/08/18 18:30:06.422, 11618, 12466
2026/08/18 18:30:11.422, 11618, 12466
2026/08/18 18:30:16.423, 11618, 12466
2026/08/18 18:30:21.423, 11618, 12466
2026/08/18 18:30:26.423, 11618, 12466
2026/08/18 18:30:31.424, 11618, 12466
2026/08/18 18:30:36.424, 11618, 12466
2026/08/18 18:30:41.425, 11618, 12466
2026/08/18 18:30:46.425, 11618, 12466
2026/08/18 18:30:51.426, 11618, 12466
2026/08/18 18:30:56.426, 11618, 12466
2026/08/18 18:31:01.427, 11618, 12466
2026/08/18 18:31:06.428, 11618, 12466
2026/08/18 18:31:11.428, 11618, 12466
2026/08/18 18:31:16.429, 11618, 12466
2026/08/18 18:31:21.429, 11618, 12466
2026/08/18 18:31:26.430, 11618, 12466
2026/08/18 18:31:31.430, 11618, 12466
2026/08/18 18:31:36.431, 11618, 12466
2026/08/18 18:31:41.431, 11618, 12466
2026/08/18 18:31:46.432, 11618, 12466
2026/08/18 18:31:51.432, 11618, 12466
2026/08/18 18:31:56.433, 11618, 12466
2026/08/18 18:32:01.434, 11618, 12466
2026/08/18 18:32:06.434, 11618, 12466
2026/08/18 18:32:11.435, 11618, 12466
2026/08/18 18:32:16.435, 11618, 12466
2026/08/18 18:32:21.436, 11618, 12466
2026/08/18 18:32:26.436, 11618, 12466
2026/08/18 18:32:31.437, 11618, 12466
2026/08/18 18:32:36.437, 11618, 12466
2026/08/18 18:32:41.438, 11618, 12466
2026/08/18 18:32:46.438, 11618, 12466
2026/08/18 18:32:51.439, 11618, 12466
2026/08/18 18:32:56.439, 11618, 12466
2026/08/18 18:33:01.440, 11618, 12466
2026/08/18 18:33:06.440, 11618, 12466
2026/08/18 18:33:11.441, 11618, 12466
2026/08/18 18:33:16.441, 11618, 12466
2026/08/18 18:33:21.442, 11618, 12466
2026/08/18 18:33:26.442, 11618, 12466
2026/08/18 18:33:31.443, 11618, 12466
2026/08/18 18:33:36.444, 11618, 12466
2026/08/18 18:33:41.444, 11618, 12466
2026/08/18 18:33:46.445, 11618, 12466
2026/08/18 18:33:51.445, 11618, 12466
2026/08/18 18:33:56.446, 11618, 12466
2026/08/18 18:34:01.446, 11618, 12466
2026/08/18 18:34:06.447, 11618, 12466
2026/08/18 18:34:11.447, 11618, 12466
2026/08/18 18:34:16.448, 11618, 12466
2026/08/18 18:34:21.448, 11618, 12466
2026/08/18 18:34:26.449, 11618, 12466
2026/08/18 18:34:31.449, 11618, 12466
2026/08/18 18:34:36.450, 11618, 12466
2026/08/18 18:34:41.450, 11618, 12466
2026/08/18 18:34:46.451, 11618, 12466
2026/08/18 18:34:51.451, 11618, 12466
2026/08/18 18:34:56.452, 11618, 12466
2026/08/18 18:35:01.452, 11618, 12466
2026/08/18 18:35:06.453, 11618, 12466
2026/08/18 18:35:11.453, 11618, 12466
2026/08/18 18:35:16.454, 11618, 12466
2026/08/18 18:35:21.454, 11618, 12466
2026/08/18 18:35:26.455, 11618, 12466
2026/08/18 18:35:31.455, 11618, 12466
2026/08/18 18:35:36.456, 11618, 12466
2026/08/18 18:35:41.456, 11618, 12466
2026/08/18 18:35:46.457, 11618, 12466
2026/08/18 18:35:51.457, 11618, 12466
2026/08/18 18:35:56.458, 11618, 12466
2026/08/18 18:36:01.458, 11618, 12466
2026/08/18 18:36:06.459, 11618, 12466
2026/08/18 18:36:11.459, 11618, 12466
2026/08/18 18:36:16.460, 11618, 12466
2026/08/18 18:36:21.460, 11618, 12466
2026/08/18 18:36:26.461, 11618, 12466
2026/08/18 18:36:31.461, 11618, 12466
2026/08/18 18:36:36.462, 11618, 12466
2026/08/18 18:36:41.462, 11618, 12466
2026/08/18 18:36:46.463, 11618, 12466
2026/08/18 18:36:51.463, 11618, 12466
2026/08/18 18:36:56.464, 11618, 12466
2026/08/18 18:37:01.464, 11618, 12466
2026/08/18 18:37:06.465, 11618, 12466
2026/08/18 18:37:11.466, 11618, 12466
2026/08/18 18:37:16.466, 11618, 12466
2026/08/18 18:37:21.467, 11618, 12466
2026/08/18 18:37:26.467, 11618, 12466
2026/08/18 18:37:31.468, 11618, 12466
2026/08/18 18:37:36.469, 11618, 12466
2026/08/18 18:37:41.469, 11618, 12466
2026/08/18 18:37:46.470, 11618, 12466
2026/08/18 18:37:51.470, 11618, 12466
2026/08/18 18:37:56.471, 11618, 12466
2026/08/18 18:38:01.471, 11618, 12466
2026/08/18 18:38:06.472, 11618, 12466
2026/08/18 18:38:11.481, 11618, 12466
2026/08/18 18:38:16.481, 11618, 12466
2026/08/18 18:38:21.482, 11618, 12466
2026/08/18 18:38:26.482, 11618, 12466
2026/08/18 18:38:31.483, 11618, 12466
2026/08/18 18:38:36.483, 11618, 12466
2026/08/18 18:38:41.484, 11618, 12466
2026/08/18 18:38:46.484, 11618, 12466
2026/08/18 18:38:51.485, 11618, 12466
2026/08/18 18:38:56.486, 11618, 12466
2026/08/18 18:39:01.486, 11618, 12466
2026/08/18 18:39:06.487, 11618, 12466
2026/08/18 18:39:11.487, 11618, 12466
2026/08/18 18:39:16.488, 11618, 12466
2026/08/18 18:39:21.488, 11618, 12466
2026/08/18 18:39:26.489, 11618, 12466
2026/08/18 18:39:31.498, 11618, 12466
2026/08/18 18:39:36.499, 11618, 12466
2026/08/18 18:39:41.499, 11618, 12466
2026/08/18 18:39:46.500, 11618, 12466
2026/08/18 18:39:51.500, 11618, 12466
2026/08/18 18:39:56.501, 11618, 12466
2026/08/18 18:40:01.501, 11618, 12466
2026/08/18 18:40:06.502, 11618, 12466
2026/08/18 18:40:11.503, 11618, 12466
2026/08/18 18:40:16.503, 11618, 12466
2026/08/18 18:40:21.504, 11618, 12466
2026/08/18 18:40:26.504, 11618, 12466
2026/08/18 18:40:31.505, 11618, 12466
2026/08/18 18:40:36.505, 11618, 12466
2026/08/18 18:40:41.506, 11618, 12466
2026/08/18 18:40:46.507, 11618, 12466
2026/08/18 18:40:51.507, 11618, 12466
2026/08/18 18:40:56.516, 11618, 12466
2026/08/18 18:41:01.517, 11618, 12466
2026/08/18 18:41:06.517, 11618, 12466
2026/08/18 18:41:11.518, 11618, 12466
2026/08/18 18:41:16.518, 11618, 12466
2026/08/18 18:41:21.519, 11618, 12466
2026/08/18 18:41:26.519, 11618, 12466
2026/08/18 18:41:31.520, 11618, 12466
2026/08/18 18:41:36.520, 11618, 12466
2026/08/18 18:41:41.521, 11618, 12466
2026/08/18 18:41:46.522, 11618, 12466
2026/08/18 18:41:51.522, 11618, 12466
2026/08/18 18:41:56.523, 11618, 12466
2026/08/18 18:42:01.523, 11618, 12466
2026/08/18 18:42:06.524, 11618, 12466
2026/08/18 18:42:11.524, 11618, 12466
2026/08/18 18:42:16.525, 11618, 12466
2026/08/18 18:42:21.525, 11618, 12466
2026/08/18 18:42:26.526, 11618, 12466
2026/08/18 18:42:31.535, 11618, 12466
2026/08/18 18:42:36.535, 11618, 12466
2026/08/18 18:42:41.536, 11618, 12466
2026/08/18 18:42:46.537, 11618, 12466
2026/08/18 18:42:51.537, 11618, 12466
2026/08/18 18:42:56.538, 11618, 12466
2026/08/18 18:43:01.538, 11618, 12466
2026/08/18 18:43:06.539, 11618, 12466
2026/08/18 18:43:11.539, 11618, 12466
2026/08/18 18:43:16.540, 11618, 12466
2026/08/18 18:43:21.540, 11618, 12466
2026/08/18 18:43:26.541, 11618, 12466
2026/08/18 18:43:31.542, 11618, 12466
2026/08/18 18:43:36.542, 11618, 12466
2026/08/18 18:43:41.543, 11618, 12466
2026/08/18 18:43:46.543, 11618, 12466
2026/08/18 18:43:51.552, 11618, 12466
2026/08/18 18:43:56.553, 11618, 12466
2026/08/18 18:44:01.553, 11618, 12466
2026/08/18 18:44:06.554, 11618, 12466
2026/08/18 18:44:11.554, 11618, 12466
2026/08/18 18:44:16.554, 11618, 12466
2026/08/18 18:44:21.555, 11618, 12466
2026/08/18 18:44:26.555, 11618, 12466
2026/08/18 18:44:31.556, 11618, 12466
2026/08/18 18:44:36.556, 11618, 12466
2026/08/18 18:44:41.557, 11618, 12466
2026/08/18 18:44:46.557, 11618, 12466
2026/08/18 18:44:51.558, 11618, 12466
2026/08/18 18:44:56.558, 11618, 12466
2026/08/18 18:45:01.559, 11618, 12466
2026/08/18 18:45:06.559, 11618, 12466
2026/08/18 18:45:11.568, 11618, 12466
2026/08/18 18:45:16.568, 11618, 12466
2026/08/18 18:45:21.569, 11618, 12466
2026/08/18 18:45:26.569, 11618, 12466
2026/08/18 18:45:31.570, 11618, 12466
2026/08/18 18:45:36.570, 11618, 12466
2026/08/18 18:45:41.571, 11618, 12466
2026/08/18 18:45:46.571, 11618, 12466
2026/08/18 18:45:51.571, 11618, 12466
2026/08/18 18:45:56.572, 11618, 12466
2026/08/18 18:46:01.572, 11618, 12466
2026/08/18 18:46:06.573, 11618, 12466
2026/08/18 18:46:11.573, 11618, 12466
2026/08/18 18:46:16.574, 11618, 12466
2026/08/18 18:46:21.574, 11618, 12466
2026/08/18 18:46:26.575, 11618, 12466
2026/08/18 18:46:31.584, 11618, 12466
2026/08/18 18:46:36.584, 11618, 12466
2026/08/18 18:46:41.585, 11618, 12466
2026/08/18 18:46:46.585, 11618, 12466
2026/08/18 18:46:51.586, 11618, 12466
2026/08/18 18:46:56.586, 11618, 12466
2026/08/18 18:47:01.587, 11618, 12466
2026/08/18 18:47:06.587, 11618, 12466
2026/08/18 18:47:11.588, 11618, 12466
2026/08/18 18:47:16.589, 11618, 12466
2026/08/18 18:47:21.589, 11618, 12466
2026/08/18 18:47:26.590, 11618, 12466
2026/08/18 18:47:31.590, 11618, 12466
2026/08/18 18:47:36.591, 11618, 12466
2026/08/18 18:47:41.591, 11618, 12466
2026/08/18 18:47:46.592, 11618, 12466
2026/08/18 18:47:51.592, 11618, 12466
2026/08/18 18:47:56.593, 11618, 12466
2026/08/18 18:48:01.594, 11618, 12466
2026/08/18 18:48:06.594, 11618, 12466
2026/08/18 18:48:11.595, 11618, 12466
2026/08/18 18:48:16.595, 11618, 12466
2026/08/18 18:48:21.596, 11618, 12466
2026/08/18 18:48:26.596, 11618, 12466
2026/08/18 18:48:31.597, 11618, 12466
2026/08/18 18:48:36.597, 11618, 12466
2026/08/18 18:48:41.598, 11618, 12466
2026/08/18 18:48:46.599, 11618, 12466
2026/08/18 18:48:51.599, 11618, 12466
2026/08/18 18:48:56.600, 11618, 12466
2026/08/18 18:49:01.600, 11618, 12466
2026/08/18 18:49:06.601, 11618, 12466
2026/08/18 18:49:11.601, 11618, 12466
2026/08/18 18:49:16.602, 11618, 12466
2026/08/18 18:49:21.602, 11618, 12466
2026/08/18 18:49:26.603, 11618, 12466
2026/08/18 18:49:31.603, 11618, 12466
2026/08/18 18:49:36.604, 11618, 12466
2026/08/18 18:49:41.605, 11618, 12466
2026/08/18 18:49:46.605, 11618, 12466
2026/08/18 18:49:51.606, 11618, 12466
2026/08/18 18:49:56.606, 11618, 12466
2026/08/18 18:50:01.607, 11618, 12466
2026/08/18 18:50:06.607, 11618, 12466
2026/08/18 18:50:11.608, 11618, 12466
2026/08/18 18:50:16.608, 11618, 12466
2026/08/18 18:50:21.609, 11618, 12466
2026/08/18 18:50:26.609, 11618, 12466
2026/08/18 18:50:31.610, 11618, 12466
2026/08/18 18:50:36.610, 11618, 12466
2026/08/18 18:50:41.611, 11618, 12466
2026/08/18 18:50:46.611, 11618, 12466
2026/08/18 18:50:51.612, 11618, 12466
2026/08/18 18:50:56.612, 11618, 12466
2026/08/18 18:51:01.613, 11618, 12466
2026/08/18 18:51:06.613, 11618, 12466
2026/08/18 18:51:11.614, 11618, 12466
2026/08/18 18:51:16.614, 11618, 12466
2026/08/18 18:51:21.615, 11618, 12466
2026/08/18 18:51:26.615, 11618, 12466
2026/08/18 18:51:31.616, 11618, 12466
2026/08/18 18:51:36.616, 11618, 12466
2026/08/18 18:51:41.617, 11618, 12466
2026/08/18 18:51:46.617, 11618, 12466
2026/08/18 18:51:51.618, 11618, 12466
2026/08/18 18:51:56.618, 11618, 12466
2026/08/18 18:52:01.619, 11618, 12466
2026/08/18 18:52:06.619, 11618, 12466
2026/08/18 18:52:11.620, 11618, 12466
2026/08/18 18:52:16.620, 11618, 12466
2026/08/18 18:52:21.621, 11618, 12466
2026/08/18 18:52:26.621, 11618, 12466
2026/08/18 18:52:31.622, 11618, 12466
2026/08/18 18:52:36.622, 11618, 12466
2026/08/18 18:52:41.623, 11618, 12466
2026/08/18 18:52:46.623, 11618, 12466
2026/08/18 18:52:51.624, 11618, 12466
2026/08/18 18:52:56.624, 11618, 12466
2026/08/18 18:53:01.625, 11618, 12466
2026/08/18 18:53:06.625, 11618, 12466
2026/08/18 18:53:11.626, 11618, 12466
2026/08/18 18:53:16.626, 11618, 12466
2026/08/18 18:53:21.627, 11618, 12466
2026/08/18 18:53:26.627, 11618, 12466
2026/08/18 18:53:31.628, 11618, 12466
2026/08/18 18:53:36.628, 11618, 12466
2026/08/18 18:53:41.629, 11618, 12466
2026/08/18 18:53:46.629, 11618, 12466
2026/08/18 18:53:51.630, 11618, 12466
2026/08/18 18:53:56.630, 11618, 12466
2026/08/18 18:54:01.630, 11618, 12466
2026/08/18 18:54:06.631, 11618, 12466
2026/08/18 18:54:11.631, 11618, 12466
2026/08/18 18:54:16.632, 11618, 12466
2026/08/18 18:54:21.632, 11618, 12466
2026/08/18 18:54:26.633, 11618, 12466
2026/08/18 18:54:31.633, 11618, 12466
2026/08/18 18:54:36.634, 11618, 12466
2026/08/18 18:54:41.634, 11618, 12466
2026/08/18 18:54:46.635, 11618, 12466
2026/08/18 18:54:51.635, 11618, 12466
2026/08/18 18:54:56.636, 11618, 12466
2026/08/18 18:55:01.636, 11618, 12466
2026/08/18 18:55:06.637, 11618, 12466
2026/08/18 18:55:11.637, 11618, 12466
2026/08/18 18:55:16.638, 11618, 12466
2026/08/18 18:55:21.638, 11618, 12466
2026/08/18 18:55:26.639, 11618, 12466
2026/08/18 18:55:31.640, 11618, 12466
2026/08/18 18:55:36.640, 11618, 12466
2026/08/18 18:55:41.641, 11618, 12466
2026/08/18 18:55:46.641, 11618, 12466
2026/08/18 18:55:51.642, 11618, 12466
2026/08/18 18:55:56.643, 11618, 12466
2026/08/18 18:56:01.643, 11618, 12466
2026/08/18 18:56:06.644, 11618, 12466
2026/08/18 18:56:11.644, 11618, 12466
2026/08/18 18:56:16.645, 11618, 12466
2026/08/18 18:56:21.646, 11618, 12466
2026/08/18 18:56:26.646, 11618, 12466
2026/08/18 18:56:31.647, 11618, 12466
2026/08/18 18:56:36.647, 11618, 12466
2026/08/18 18:56:41.648, 11618, 12466
2026/08/18 18:56:46.649, 11618, 12466
2026/08/18 18:56:51.649, 11618, 12466
2026/08/18 18:56:56.650, 11618, 12466
2026/08/18 18:57:01.650, 11618, 12466
2026/08/18 18:57:06.651, 11618, 12466
2026/08/18 18:57:11.651, 11618, 12466
2026/08/18 18:57:16.652, 11618, 12466
2026/08/18 18:57:21.653, 11618, 12466
2026/08/18 18:57:26.653, 11618, 12466
2026/08/18 18:57:31.654, 11618, 12466
2026/08/18 18:57:36.654, 11618, 12466
2026/08/18 18:57:41.655, 11618, 12466
2026/08/18 18:57:46.655, 11618, 12466
2026/08/18 18:57:51.656, 11618, 12466
2026/08/18 18:57:56.657, 11618, 12466
2026/08/18 18:58:01.657, 11618, 12466
2026/08/18 18:58:06.658, 11618, 12466
2026/08/18 18:58:11.658, 11618, 12466
2026/08/18 18:58:16.659, 11618, 12466
2026/08/18 18:58:21.659, 11618, 12466
2026/08/18 18:58:26.660, 11618, 12466
2026/08/18 18:58:31.660, 11618, 12466
2026/08/18 18:58:36.661, 11618, 12466
2026/08/18 18:58:41.661, 11618, 12466
2026/08/18 18:58:46.662, 11618, 12466
2026/08/18 18:58:51.662, 11618, 12466
2026/08/18 18:58:56.663, 11618, 12466
2026/08/18 18:59:01.664, 11618, 12466
2026/08/18 18:59:06.664, 11618, 12466
2026/08/18 18:59:11.665, 11618, 12466
2026/08/18 18:59:16.665, 11618, 12466
2026/08/18 18:59:21.666, 11618, 12466
2026/08/18 18:59:26.666, 11618, 12466
2026/08/18 18:59:31.667, 11618, 12466
2026/08/18 18:59:36.667, 11618, 12466
2026/08/18 18:59:41.668, 11618, 12466
2026/08/18 18:59:46.669, 11618, 12466
2026/08/18 18:59:51.669, 11618, 12466
2026/08/18 18:59:56.670, 11618, 12466
2026/08/18 19:00:01.670, 11618, 12466
2026/08/18 19:00:06.671, 11618, 12466
2026/08/18 19:00:11.671, 11618, 12466
2026/08/18 19:00:16.672, 11618, 12466
2026/08/18 19:00:21.672, 11618, 12466
2026/08/18 19:00:26.673, 11618, 12466
2026/08/18 19:00:31.673, 11618, 12466
2026/08/18 19:00:36.674, 11618, 12466
2026/08/18 19:00:41.675, 11618, 12466
2026/08/18 19:00:46.675, 11618, 12466
2026/08/18 19:00:51.676, 11618, 12466
2026/08/18 19:00:56.676, 11618, 12466
2026/08/18 19:01:01.677, 11618, 12466
2026/08/18 19:01:06.677, 11618, 12466
2026/08/18 19:01:11.678, 11618, 12466
2026/08/18 19:01:16.678, 11618, 12466
2026/08/18 19:01:21.679, 11618, 12466
2026/08/18 19:01:26.679, 11618, 12466
2026/08/18 19:01:31.680, 11618, 12466
2026/08/18 19:01:36.681, 11618, 12466
2026/08/18 19:01:41.681, 11618, 12466
2026/08/18 19:01:46.682, 11618, 12466
2026/08/18 19:01:51.682, 11618, 12466
2026/08/18 19:01:56.683, 11618, 12466
2026/08/18 19:02:01.683, 11618, 12466
2026/08/18 19:02:06.684, 11618, 12466
2026/08/18 19:02:11.684, 11618, 12466
2026/08/18 19:02:16.685, 11618, 12466
2026/08/18 19:02:21.685, 11618, 12466
2026/08/18 19:02:26.686, 11618, 12466
2026/08/18 19:02:31.686, 11618, 12466
2026/08/18 19:02:36.687, 11618, 12466
2026/08/18 19:02:41.687, 11618, 12466
2026/08/18 19:02:46.688, 11618, 12466
2026/08/18 19:02:51.689, 11618, 12466
2026/08/18 19:02:56.689, 11618, 12466
2026/08/18 19:03:01.690, 11618, 12466
2026/08/18 19:03:06.690, 11618, 12466
2026/08/18 19:03:11.690, 11618, 12466
2026/08/18 19:03:16.691, 11618, 12466
2026/08/18 19:03:21.691, 11618, 12466
2026/08/18 19:03:26.692, 11618, 12466
2026/08/18 19:03:31.692, 11618, 12466
2026/08/18 19:03:36.693, 11618, 12466
2026/08/18 19:03:41.694, 11618, 12466
2026/08/18 19:03:46.694, 11618, 12466
2026/08/18 19:03:51.695, 11618, 12466
2026/08/18 19:03:56.695, 11618, 12466
2026/08/18 19:04:01.696, 11618, 12466
2026/08/18 19:04:06.696, 11618, 12466
2026/08/18 19:04:11.697, 11618, 12466
2026/08/18 19:04:16.697, 11618, 12466
2026/08/18 19:04:21.698, 11618, 12466
2026/08/18 19:04:26.698, 11618, 12466
2026/08/18 19:04:31.699, 11618, 12466
2026/08/18 19:04:36.699, 11618, 12466
2026/08/18 19:04:41.700, 11618, 12466
2026/08/18 19:04:46.700, 11618, 12466
2026/08/18 19:04:51.701, 11618, 12466
2026/08/18 19:04:56.701, 11618, 12466
2026/08/18 19:05:01.702, 11618, 12466
2026/08/18 19:05:06.703, 11618, 12466
2026/08/18 19:05:11.703, 11618, 12466
2026/08/18 19:05:16.704, 11618, 12466
2026/08/18 19:05:21.704, 11618, 12466
2026/08/18 19:05:26.705, 11618, 12466
2026/08/18 19:05:31.705, 11618, 12466
2026/08/18 19:05:36.706, 11618, 12466
2026/08/18 19:05:41.706, 11618, 12466
2026/08/18 19:05:46.707, 11618, 12466
2026/08/18 19:05:51.707, 11618, 12466
2026/08/18 19:05:56.708, 11618, 12466
2026/08/18 19:06:01.708, 11618, 12466
2026/08/18 19:06:06.709, 11618, 12466
2026/08/18 19:06:11.709, 11618, 12466
2026/08/18 19:06:16.710, 11618, 12466
2026/08/18 19:06:21.711, 11618, 12466
2026/08/18 19:06:26.711, 11618, 12466
2026/08/18 19:06:31.712, 11618, 12466
2026/08/18 19:06:36.712, 11618, 12466
2026/08/18 19:06:41.713, 11618, 12466
2026/08/18 19:06:46.713, 11618, 12466
2026/08/18 19:06:51.714, 11618, 12466
2026/08/18 19:06:56.714, 11618, 12466
2026/08/18 19:07:01.715, 11618, 12466
2026/08/18 19:07:06.715, 11618, 12466
2026/08/18 19:07:11.716, 11618, 12466
2026/08/18 19:07:16.716, 11618, 12466
2026/08/18 19:07:21.717, 11618, 12466
2026/08/18 19:07:26.718, 11618, 12466
2026/08/18 19:07:31.718, 11618, 12466
2026/08/18 19:07:36.719, 11618, 12466
2026/08/18 19:07:41.719, 11618, 12466
2026/08/18 19:07:46.720, 11618, 12466
2026/08/18 19:07:51.720, 11618, 12466
2026/08/18 19:07:56.721, 11618, 12466
2026/08/18 19:08:01.721, 11618, 12466
2026/08/18 19:08:06.722, 11618, 12466
2026/08/18 19:08:11.722, 11618, 12466
2026/08/18 19:08:16.723, 11618, 12466
2026/08/18 19:08:21.723, 11618, 12466
2026/08/18 19:08:26.724, 11618, 12466
2026/08/18 19:08:31.724, 11618, 12466
2026/08/18 19:08:36.725, 11618, 12466
2026/08/18 19:08:41.725, 11618, 12466
2026/08/18 19:08:46.726, 11618, 12466
2026/08/18 19:08:51.726, 11618, 12466
2026/08/18 19:08:56.726, 11618, 12466
2026/08/18 19:09:01.727, 11618, 12466
2026/08/18 19:09:06.727, 11618, 12466
2026/08/18 19:09:11.728, 11618, 12466
2026/08/18 19:09:16.728, 11618, 12466
2026/08/18 19:09:21.729, 11618, 12466
2026/08/18 19:09:26.729, 11618, 12466
2026/08/18 19:09:31.730, 11618, 12466
2026/08/18 19:09:36.730, 11618, 12466
2026/08/18 19:09:41.731, 11618, 12466
2026/08/18 19:09:46.731, 11618, 12466
2026/08/18 19:09:51.732, 11618, 12466
2026/08/18 19:09:56.732, 11618, 12466
2026/08/18 19:10:01.733, 11618, 12466
2026/08/18 19:10:06.733, 11618, 12466
2026/08/18 19:10:11.733, 11618, 12466
2026/08/18 19:10:16.734, 11618, 12466
2026/08/18 19:10:21.734, 11618, 12466
2026/08/18 19:10:26.735, 11618, 12466
2026/08/18 19:10:31.735, 11618, 12466
2026/08/18 19:10:36.736, 11618, 12466
2026/08/18 19:10:41.736, 11618, 12466
2026/08/18 19:10:46.737, 11618, 12466
2026/08/18 19:10:51.737, 11618, 12466
2026/08/18 19:10:56.738, 11618, 12466
2026/08/18 19:11:01.738, 11618, 12466
2026/08/18 19:11:06.738, 11618, 12466
2026/08/18 19:11:11.739, 11618, 12466
2026/08/18 19:11:16.739, 11618, 12466
2026/08/18 19:11:21.740, 11618, 12466
2026/08/18 19:11:26.740, 11618, 12466
2026/08/18 19:11:31.741, 11618, 12466
2026/08/18 19:11:36.741, 11618, 12466
2026/08/18 19:11:41.742, 11618, 12466
2026/08/18 19:11:46.742, 11618, 12466
2026/08/18 19:11:51.743, 11618, 12466
2026/08/18 19:11:56.743, 11618, 12466
2026/08/18 19:12:01.743, 11618, 12466
2026/08/18 19:12:06.744, 11618, 12466
2026/08/18 19:12:11.744, 11618, 12466
2026/08/18 19:12:16.745, 11618, 12466
2026/08/18 19:12:21.745, 11618, 12466
2026/08/18 19:12:26.746, 11618, 12466
2026/08/18 19:12:31.746, 11618, 12466
2026/08/18 19:12:36.746, 11618, 12466
2026/08/18 19:12:41.747, 11618, 12466
2026/08/18 19:12:46.747, 11618, 12466
2026/08/18 19:12:51.748, 11618, 12466
2026/08/18 19:12:56.748, 11618, 12466
2026/08/18 19:13:01.749, 11618, 12466
2026/08/18 19:13:06.749, 11618, 12466
2026/08/18 19:13:11.750, 11618, 12466
2026/08/18 19:13:16.750, 11618, 12466
2026/08/18 19:13:21.751, 11618, 12466
2026/08/18 19:13:26.751, 11618, 12466
2026/08/18 19:13:31.752, 11618, 12466
2026/08/18 19:13:36.752, 11618, 12466
2026/08/18 19:13:41.752, 11618, 12466
2026/08/18 19:13:46.753, 11618, 12466
2026/08/18 19:13:51.753, 11618, 12466
2026/08/18 19:13:56.754, 11618, 12466
2026/08/18 19:14:01.754, 11618, 12466
2026/08/18 19:14:06.755, 11618, 12466
2026/08/18 19:14:11.755, 11618, 12466
2026/08/18 19:14:16.756, 11618, 12466
2026/08/18 19:14:21.756, 11618, 12466
2026/08/18 19:14:26.757, 11618, 12466
2026/08/18 19:14:31.757, 11618, 12466
2026/08/18 19:14:36.758, 11618, 12466
2026/08/18 19:14:41.758, 11618, 12466
2026/08/18 19:14:46.759, 11618, 12466
2026/08/18 19:14:51.759, 11618, 12466
2026/08/18 19:14:56.760, 11618, 12466
2026/08/18 19:15:01.760, 11618, 12466
2026/08/18 19:15:06.761, 11618, 12466
2026/08/18 19:15:11.762, 11618, 12466
2026/08/18 19:15:16.762, 11618, 12466
2026/08/18 19:15:21.763, 11618, 12466
2026/08/18 19:15:26.763, 11618, 12466
2026/08/18 19:15:31.764, 11618, 12466
2026/08/18 19:15:36.765, 11618, 12466
2026/08/18 19:15:41.765, 11618, 12466
2026/08/18 19:15:46.766, 11618, 12466
2026/08/18 19:15:51.766, 11618, 12466
2026/08/18 19:15:56.767, 11618, 12466
2026/08/18 19:16:01.768, 11618, 12466
2026/08/18 19:16:06.768, 11618, 12466
2026/08/18 19:16:11.769, 11618, 12466
2026/08/18 19:16:16.769, 11618, 12466
2026/08/18 19:16:21.770, 11618, 12466
2026/08/18 19:16:26.770, 11618, 12466
2026/08/18 19:16:31.770, 11618, 12466
2026/08/18 19:16:36.771, 11618, 12466
2026/08/18 19:16:41.771, 11618, 12466
2026/08/18 19:16:46.772, 11618, 12466
2026/08/18 19:16:51.774, 11618, 12466
2026/08/18 19:16:56.774, 11618, 12466
2026/08/18 19:17:01.775, 11618, 12466
2026/08/18 19:17:06.775, 11618, 12466
2026/08/18 19:17:11.776, 11618, 12466
2026/08/18 19:17:16.776, 11618, 12466
2026/08/18 19:17:21.777, 11618, 12466
2026/08/18 19:17:26.777, 11618, 12466
2026/08/18 19:17:31.778, 11618, 12466
2026/08/18 19:17:36.778, 11618, 12466
2026/08/18 19:17:41.779, 11618, 12466
2026/08/18 19:17:46.779, 11618, 12466
2026/08/18 19:17:51.780, 11618, 12466
2026/08/18 19:17:56.780, 11618, 12466
2026/08/18 19:18:01.781, 11618, 12466
2026/08/18 19:18:06.781, 11618, 12466
2026/08/18 19:18:11.782, 11618, 12466
2026/08/18 19:18:16.782, 11618, 12466
2026/08/18 19:18:21.783, 11618, 12466
2026/08/18 19:18:26.783, 11618, 12466
2026/08/18 19:18:31.784, 11618, 12466
2026/08/18 19:18:36.784, 11618, 12466
2026/08/18 19:18:41.785, 11618, 12466
2026/08/18 19:18:46.785, 11618, 12466
2026/08/18 19:18:51.786, 11618, 12466
2026/08/18 19:18:56.786, 11618, 12466
2026/08/18 19:19:01.787, 11618, 12466
2026/08/18 19:19:06.787, 11618, 12466
2026/08/18 19:19:11.788, 11618, 12466
2026/08/18 19:19:16.788, 11618, 12466
2026/08/18 19:19:21.789, 11618, 12466
2026/08/18 19:19:26.789, 11618, 12466
2026/08/18 19:19:31.790, 11618, 12466
2026/08/18 19:19:36.790, 11618, 12466
2026/08/18 19:19:41.791, 11618, 12466
2026/08/18 19:19:46.791, 11618, 12466
2026/08/18 19:19:51.791, 11618, 12466
2026/08/18 19:19:56.792, 11618, 12466
2026/08/18 19:20:01.792, 11618, 12466
2026/08/18 19:20:06.793, 11618, 12466
2026/08/18 19:20:11.793, 11618, 12466
2026/08/18 19:20:16.794, 11618, 12466
2026/08/18 19:20:21.794, 11618, 12466
2026/08/18 19:20:26.795, 11618, 12466
2026/08/18 19:20:31.795, 11618, 12466
2026/08/18 19:20:36.796, 11618, 12466
2026/08/18 19:20:41.796, 11618, 12466
2026/08/18 19:20:46.797, 11618, 12466
2026/08/18 19:20:51.797, 11618, 12466
2026/08/18 19:20:56.798, 11618, 12466
2026/08/18 19:21:01.798, 11618, 12466
2026/08/18 19:21:06.798, 11618, 12466
2026/08/18 19:21:11.799, 11618, 12466
2026/08/18 19:21:16.799, 11618, 12466
2026/08/18 19:21:21.800, 11618, 12466
2026/08/18 19:21:26.800, 11618, 12466
2026/08/18 19:21:31.801, 11618, 12466
2026/08/18 19:21:36.802, 11618, 12466
2026/08/18 19:21:41.802, 11618, 12466
2026/08/18 19:21:46.803, 11618, 12466
2026/08/18 19:21:51.803, 11618, 12466
2026/08/18 19:21:56.804, 11618, 12466
2026/08/18 19:22:01.804, 11618, 12466
2026/08/18 19:22:06.805, 11618, 12466
2026/08/18 19:22:11.805, 11618, 12466
2026/08/18 19:22:16.806, 11618, 12466
2026/08/18 19:22:21.806, 11618, 12466
2026/08/18 19:22:26.807, 11618, 12466
2026/08/18 19:22:31.807, 11618, 12466
2026/08/18 19:22:36.808, 11618, 12466
2026/08/18 19:22:41.808, 11618, 12466
2026/08/18 19:22:46.809, 11618, 12466
2026/08/18 19:22:51.809, 11618, 12466
2026/08/18 19:22:56.809, 11618, 12466
2026/08/18 19:23:01.810, 11618, 12466
2026/08/18 19:23:06.810, 11618, 12466
2026/08/18 19:23:11.811, 11618, 12466
2026/08/18 19:23:16.812, 11618, 12466
2026/08/18 19:23:21.812, 11618, 12466
2026/08/18 19:23:26.813, 11618, 12466
2026/08/18 19:23:31.813, 11618, 12466
2026/08/18 19:23:36.814, 11618, 12466
2026/08/18 19:23:41.815, 11618, 12466
2026/08/18 19:23:46.815, 11618, 12466
2026/08/18 19:23:51.816, 11618, 12466
2026/08/18 19:23:56.816, 11618, 12466
2026/08/18 19:24:01.816, 11618, 12466
2026/08/18 19:24:06.817, 11618, 12466
2026/08/18 19:24:11.817, 11618, 12466
2026/08/18 19:24:16.818, 11618, 12466
2026/08/18 19:24:21.818, 11618, 12466
2026/08/18 19:24:26.819, 11618, 12466
2026/08/18 19:24:31.819, 11618, 12466
2026/08/18 19:24:36.820, 11618, 12466
2026/08/18 19:24:41.820, 11618, 12466
2026/08/18 19:24:46.820, 11618, 12466
2026/08/18 19:24:51.821, 11618, 12466
2026/08/18 19:24:56.821, 11618, 12466
2026/08/18 19:25:01.822, 11618, 12466
2026/08/18 19:25:06.822, 11618, 12466
2026/08/18 19:25:11.823, 11618, 12466
2026/08/18 19:25:16.823, 11618, 12466
2026/08/18 19:25:21.824, 11618, 12466
2026/08/18 19:25:26.824, 11618, 12466
2026/08/18 19:25:31.825, 11618, 12466
2026/08/18 19:25:36.825, 11618, 12466
2026/08/18 19:25:41.826, 11618, 12466
2026/08/18 19:25:46.826, 11618, 12466
2026/08/18 19:25:51.827, 11618, 12466
2026/08/18 19:25:56.827, 11618, 12466
2026/08/18 19:26:01.828, 11618, 12466
2026/08/18 19:26:06.828, 11618, 12466
2026/08/18 19:26:11.829, 11618, 12466
2026/08/18 19:26:16.829, 11618, 12466
2026/08/18 19:26:21.830, 11618, 12466
2026/08/18 19:26:26.830, 11618, 12466
2026/08/18 19:26:31.830, 11618, 12466
2026/08/18 19:26:36.831, 11618, 12466
2026/08/18 19:26:41.831, 11618, 12466
2026/08/18 19:26:46.832, 11618, 12466
2026/08/18 19:26:51.832, 11618, 12466
2026/08/18 19:26:56.833, 11618, 12466
2026/08/18 19:27:01.833, 11618, 12466
2026/08/18 19:27:06.834, 11618, 12466
2026/08/18 19:27:11.834, 11618, 12466
2026/08/18 19:27:16.835, 11618, 12466
2026/08/18 19:27:21.835, 11618, 12466
2026/08/18 19:27:26.836, 11618, 12466
2026/08/18 19:27:31.836, 11618, 12466
2026/08/18 19:27:36.837, 11618, 12466
2026/08/18 19:27:41.837, 11618, 12466
2026/08/18 19:27:46.837, 11618, 12466
2026/08/18 19:27:51.838, 11618, 12466
2026/08/18 19:27:56.838, 11618, 12466
2026/08/18 19:28:01.839, 11618, 12466
2026/08/18 19:28:06.839, 11618, 12466
2026/08/18 19:28:11.840, 11618, 12466
2026/08/18 19:28:16.840, 11618, 12466
2026/08/18 19:28:21.841, 11618, 12466
2026/08/18 19:28:26.841, 11618, 12466
2026/08/18 19:28:31.842, 11618, 12466
2026/08/18 19:28:36.842, 11618, 12466
2026/08/18 19:28:41.843, 11618, 12466
2026/08/18 19:28:46.843, 11618, 12466
2026/08/18 19:28:51.843, 11618, 12466
2026/08/18 19:28:56.844, 11618, 12466
2026/08/18 19:29:01.844, 11618, 12466
2026/08/18 19:29:06.845, 11618, 12466
2026/08/18 19:29:11.845, 11618, 12466
2026/08/18 19:29:16.846, 11618, 12466
2026/08/18 19:29:21.846, 11618, 12466
2026/08/18 19:29:26.847, 11618, 12466
2026/08/18 19:29:31.847, 11618, 12466
2026/08/18 19:29:36.848, 11618, 12466
2026/08/18 19:29:41.848, 11618, 12466
2026/08/18 19:29:46.848, 11618, 12466
2026/08/18 19:29:51.849, 11618, 12466
2026/08/18 19:29:56.849, 11618, 12466
2026/08/18 19:30:01.850, 11618, 12466
2026/08/18 19:30:06.850, 11618, 12466
2026/08/18 19:30:11.851, 11618, 12466
2026/08/18 19:30:16.851, 11618, 12466
2026/08/18 19:30:21.852, 11618, 12466
2026/08/18 19:30:26.852, 11618, 12466
2026/08/18 19:30:31.853, 11618, 12466
2026/08/18 19:30:36.853, 11618, 12466
2026/08/18 19:30:41.854, 11618, 12466
2026/08/18 19:30:46.854, 11618, 12466
2026/08/18 19:30:51.855, 11618, 12466
2026/08/18 19:30:56.855, 11618, 12466
2026/08/18 19:31:01.856, 11618, 12466
2026/08/18 19:31:06.856, 11618, 12466
2026/08/18 19:31:11.857, 11618, 12466
2026/08/18 19:31:16.857, 11618, 12466
2026/08/18 19:31:21.858, 11618, 12466
2026/08/18 19:31:26.858, 11618, 12466
2026/08/18 19:31:31.859, 11618, 12466
2026/08/18 19:31:36.859, 11618, 12466
2026/08/18 19:31:41.860, 11618, 12466
2026/08/18 19:31:46.860, 11618, 12466
2026/08/18 19:31:51.861, 11618, 12466
2026/08/18 19:31:56.861, 11618, 12466
2026/08/18 19:32:01.862, 11618, 12466
2026/08/18 19:32:06.862, 11618, 12466
2026/08/18 19:32:11.863, 11618, 12466
2026/08/18 19:32:16.863, 11618, 12466
2026/08/18 19:32:21.864, 11618, 12466
2026/08/18 19:32:26.864, 11618, 12466
2026/08/18 19:32:31.865, 11618, 12466
2026/08/18 19:32:36.866, 11618, 12466
2026/08/18 19:32:41.866, 11618, 12466
2026/08/18 19:32:46.867, 11618, 12466
2026/08/18 19:32:51.867, 11618, 12466
2026/08/18 19:32:56.868, 11618, 12466
2026/08/18 19:33:01.868, 11618, 12466
2026/08/18 19:33:06.869, 11618, 12466
2026/08/18 19:33:11.869, 11618, 12466
2026/08/18 19:33:16.870, 11618, 12466
2026/08/18 19:33:21.870, 11618, 12466
2026/08/18 19:33:26.871, 11618, 12466
2026/08/18 19:33:31.871, 11618, 12466
2026/08/18 19:33:36.872, 11618, 12466
2026/08/18 19:33:41.872, 11618, 12466
2026/08/18 19:33:46.873, 11618, 12466
2026/08/18 19:33:51.873, 11618, 12466
2026/08/18 19:33:56.874, 11618, 12466
2026/08/18 19:34:01.874, 11618, 12466
2026/08/18 19:34:06.875, 11618, 12466
2026/08/18 19:34:11.875, 11618, 12466
2026/08/18 19:34:16.876, 11618, 12466
2026/08/18 19:34:21.876, 11618, 12466
2026/08/18 19:34:26.877, 11618, 12466
2026/08/18 19:34:31.877, 11618, 12466
2026/08/18 19:34:36.878, 11618, 12466
2026/08/18 19:34:41.879, 11618, 12466
2026/08/18 19:34:46.879, 11618, 12466
2026/08/18 19:34:51.880, 11618, 12466
2026/08/18 19:34:56.880, 11618, 12466
2026/08/18 19:35:01.881, 11618, 12466
2026/08/18 19:35:06.881, 11618, 12466
2026/08/18 19:35:11.882, 11618, 12466
2026/08/18 19:35:16.882, 11618, 12466
2026/08/18 19:35:21.883, 11618, 12466
2026/08/18 19:35:26.883, 11618, 12466
2026/08/18 19:35:31.883, 11618, 12466
2026/08/18 19:35:36.884, 11618, 12466
2026/08/18 19:35:41.884, 11618, 12466
2026/08/18 19:35:46.885, 11618, 12466
2026/08/18 19:35:51.886, 11618, 12466
2026/08/18 19:35:56.886, 11618, 12466
2026/08/18 19:36:01.887, 11618, 12466
2026/08/18 19:36:06.887, 11618, 12466
2026/08/18 19:36:11.888, 11618, 12466
2026/08/18 19:36:16.888, 11618, 12466
2026/08/18 19:36:21.889, 11618, 12466
2026/08/18 19:36:26.889, 11618, 12466
2026/08/18 19:36:31.890, 11618, 12466
2026/08/18 19:36:36.890, 11618, 12466
2026/08/18 19:36:41.891, 11618, 12466
2026/08/18 19:36:46.892, 11618, 12466
2026/08/18 19:36:51.892, 11618, 12466
2026/08/18 19:36:56.893, 11618, 12466
2026/08/18 19:37:01.893, 11618, 12466
2026/08/18 19:37:06.894, 11618, 12466
2026/08/18 19:37:11.894, 11618, 12466
2026/08/18 19:37:16.895, 11618, 12466
2026/08/18 19:37:21.895, 11618, 12466
2026/08/18 19:37:26.896, 11618, 12466
2026/08/18 19:37:31.896, 11618, 12466
2026/08/18 19:37:36.897, 11618, 12466
2026/08/18 19:37:41.897, 11618, 12466
2026/08/18 19:37:46.898, 11618, 12466
2026/08/18 19:37:51.898, 11618, 12466
2026/08/18 19:37:56.899, 11618, 12466
2026/08/18 19:38:01.899, 11618, 12466
2026/08/18 19:38:06.900, 11618, 12466
2026/08/18 19:38:11.900, 11618, 12466
2026/08/18 19:38:16.901, 11618, 12466
2026/08/18 19:38:21.901, 11618, 12466
2026/08/18 19:38:26.902, 11618, 12466
2026/08/18 19:38:31.902, 11618, 12466
2026/08/18 19:38:36.903, 11618, 12466
2026/08/18 19:38:41.903, 11618, 12466
2026/08/18 19:38:46.904, 11618, 12466
2026/08/18 19:38:51.904, 11618, 12466
2026/08/18 19:38:56.905, 11618, 12466
2026/08/18 19:39:01.905, 11618, 12466
2026/08/18 19:39:06.906, 11618, 12466
2026/08/18 19:39:11.907, 11618, 12466
2026/08/18 19:39:16.907, 11618, 12466
2026/08/18 19:39:21.908, 11618, 12466
2026/08/18 19:39:26.908, 11618, 12466
2026/08/18 19:39:31.909, 11618, 12466
2026/08/18 19:39:36.909, 11618, 12466
2026/08/18 19:39:41.910, 11618, 12466
2026/08/18 19:39:46.910, 11618, 12466
2026/08/18 19:39:51.911, 11618, 12466
2026/08/18 19:39:56.911, 11618, 12466
2026/08/18 19:40:01.912, 11618, 12466
2026/08/18 19:40:06.912, 11618, 12466
2026/08/18 19:40:11.913, 11618, 12466
2026/08/18 19:40:16.914, 11618, 12466
2026/08/18 19:40:21.914, 11618, 12466
2026/08/18 19:40:26.915, 11618, 12466
2026/08/18 19:40:31.915, 11618, 12466
2026/08/18 19:40:36.916, 11618, 12466
2026/08/18 19:40:41.916, 11618, 12466
2026/08/18 19:40:46.917, 11618, 12466
2026/08/18 19:40:51.917, 11618, 12466
2026/08/18 19:40:56.918, 11618, 12466
2026/08/18 19:41:01.918, 11618, 12466
2026/08/18 19:41:06.919, 11618, 12466
2026/08/18 19:41:11.919, 11618, 12466
2026/08/18 19:41:16.920, 11618, 12466
2026/08/18 19:41:21.920, 11618, 12466
2026/08/18 19:41:26.921, 11618, 12466
2026/08/18 19:41:31.921, 11618, 12466
2026/08/18 19:41:36.922, 11618, 12466
2026/08/18 19:41:41.922, 11618, 12466
2026/08/18 19:41:46.923, 11618, 12466
2026/08/18 19:41:51.924, 11618, 12466
2026/08/18 19:41:56.924, 11618, 12466
2026/08/18 19:42:01.925, 11618, 12466
2026/08/18 19:42:06.925, 11618, 12466
2026/08/18 19:42:11.926, 11618, 12466
2026/08/18 19:42:16.926, 11618, 12466
2026/08/18 19:42:21.927, 11618, 12466
2026/08/18 19:42:26.927, 11618, 12466
2026/08/18 19:42:31.928, 11618, 12466
2026/08/18 19:42:36.928, 11618, 12466
2026/08/18 19:42:41.929, 11618, 12466
2026/08/18 19:42:46.929, 11618, 12466
2026/08/18 19:42:51.930, 11618, 12466
2026/08/18 19:42:56.930, 11618, 12466
2026/08/18 19:43:01.931, 11618, 12466
2026/08/18 19:43:06.931, 11618, 12466
2026/08/18 19:43:11.932, 11618, 12466
2026/08/18 19:43:16.932, 11618, 12466
2026/08/18 19:43:21.933, 11618, 12466
2026/08/18 19:43:26.933, 11618, 12466
2026/08/18 19:43:31.934, 11618, 12466
2026/08/18 19:43:36.934, 11618, 12466
2026/08/18 19:43:41.935, 11618, 12466
2026/08/18 19:43:46.935, 11618, 12466
2026/08/18 19:43:51.936, 11618, 12466
2026/08/18 19:43:56.936, 11618, 12466
2026/08/18 19:44:01.937, 11618, 12466
2026/08/18 19:44:06.937, 11618, 12466
2026/08/18 19:44:11.938, 11618, 12466
2026/08/18 19:44:16.938, 11618, 12466
2026/08/18 19:44:21.939, 11618, 12466
2026/08/18 19:44:26.939, 11618, 12466
2026/08/18 19:44:31.940, 11618, 12466
2026/08/18 19:44:36.940, 11618, 12466
2026/08/18 19:44:41.941, 11618, 12466
2026/08/18 19:44:46.941, 11618, 12466
2026/08/18 19:44:51.942, 11618, 12466
2026/08/18 19:44:56.942, 11618, 12466
2026/08/18 19:45:01.943, 11618, 12466
2026/08/18 19:45:06.943, 11618, 12466
2026/08/18 19:45:11.944, 11618, 12466
2026/08/18 19:45:16.944, 11618, 12466
2026/08/18 19:45:21.945, 11618, 12466
2026/08/18 19:45:26.945, 11618, 12466
2026/08/18 19:45:31.946, 11618, 12466
2026/08/18 19:45:36.946, 11618, 12466
2026/08/18 19:45:41.946, 11618, 12466
2026/08/18 19:45:46.947, 11618, 12466
2026/08/18 19:45:51.947, 11618, 12466
2026/08/18 19:45:56.948, 11618, 12466
2026/08/18 19:46:01.948, 11618, 12466
2026/08/18 19:46:06.949, 11618, 12466
2026/08/18 19:46:11.949, 11618, 12466
2026/08/18 19:46:16.950, 11618, 12466
2026/08/18 19:46:21.950, 11618, 12466
2026/08/18 19:46:26.951, 11618, 12466
2026/08/18 19:46:31.951, 11618, 12466
2026/08/18 19:46:36.952, 11618, 12466
2026/08/18 19:46:41.952, 11618, 12466
2026/08/18 19:46:46.952, 11618, 12466
2026/08/18 19:46:51.953, 11618, 12466
2026/08/18 19:46:56.953, 11618, 12466
2026/08/18 19:47:01.954, 11618, 12466
2026/08/18 19:47:06.954, 11618, 12466
2026/08/18 19:47:11.955, 11618, 12466
2026/08/18 19:47:16.955, 11618, 12466
2026/08/18 19:47:21.955, 11618, 12466
2026/08/18 19:47:26.956, 11618, 12466
2026/08/18 19:47:31.956, 11618, 12466
2026/08/18 19:47:36.957, 11618, 12466
2026/08/18 19:47:41.957, 11618, 12466
2026/08/18 19:47:46.958, 11618, 12466
2026/08/18 19:47:51.958, 11618, 12466
2026/08/18 19:47:56.959, 11618, 12466
2026/08/18 19:48:01.959, 11618, 12466
2026/08/18 19:48:06.960, 11618, 12466
2026/08/18 19:48:11.960, 11618, 12466
2026/08/18 19:48:16.960, 11618, 12466
2026/08/18 19:48:21.961, 11618, 12466
2026/08/18 19:48:26.961, 11618, 12466
2026/08/18 19:48:31.962, 11618, 12466
2026/08/18 19:48:36.962, 11618, 12466
2026/08/18 19:48:41.963, 11618, 12466
2026/08/18 19:48:46.964, 11618, 12466
2026/08/18 19:48:51.964, 11618, 12466
2026/08/18 19:48:56.965, 11618, 12466
2026/08/18 19:49:01.965, 11618, 12466
2026/08/18 19:49:06.966, 11618, 12466
2026/08/18 19:49:11.966, 11618, 12466
2026/08/18 19:49:16.967, 11618, 12466
2026/08/18 19:49:21.967, 11618, 12466
2026/08/18 19:49:26.968, 11618, 12466
2026/08/18 19:49:31.969, 11618, 12466
2026/08/18 19:49:36.969, 11618, 12466
2026/08/18 19:49:41.970, 11618, 12466
2026/08/18 19:49:46.970, 11618, 12466
2026/08/18 19:49:51.971, 11618, 12466
2026/08/18 19:49:56.971, 11618, 12466
2026/08/18 19:50:01.972, 11618, 12466
2026/08/18 19:50:06.972, 11618, 12466
2026/08/18 19:50:11.973, 11618, 12466
2026/08/18 19:50:16.974, 11618, 12466
2026/08/18 19:50:21.974, 11618, 12466
2026/08/18 19:50:26.975, 11618, 12466
2026/08/18 19:50:31.975, 11618, 12466
2026/08/18 19:50:36.976, 11618, 12466
2026/08/18 19:50:41.977, 11618, 12466
2026/08/18 19:50:46.977, 11618, 12466
2026/08/18 19:50:51.978, 11618, 12466
2026/08/18 19:50:56.978, 11618, 12466
2026/08/18 19:51:01.979, 11618, 12466
2026/08/18 19:51:06.980, 11618, 12466
2026/08/18 19:51:11.980, 11618, 12466
2026/08/18 19:51:16.981, 11618, 12466
2026/08/18 19:51:21.981, 11618, 12466
2026/08/18 19:51:26.982, 11618, 12466
2026/08/18 19:51:31.983, 11618, 12466
2026/08/18 19:51:36.983, 11618, 12466
2026/08/18 19:51:41.984, 11618, 12466
2026/08/18 19:51:46.984, 11618, 12466
2026/08/18 19:51:51.985, 11618, 12466
2026/08/18 19:51:56.986, 11618, 12466
2026/08/18 19:52:01.986, 11618, 12466
2026/08/18 19:52:06.987, 11618, 12466
2026/08/18 19:52:11.987, 11618, 12466
2026/08/18 19:52:16.988, 11618, 12466
2026/08/18 19:52:21.989, 11618, 12466
2026/08/18 19:52:26.989, 11618, 12466
2026/08/18 19:52:31.990, 11618, 12466
2026/08/18 19:52:36.991, 11618, 12466
2026/08/18 19:52:41.991, 11618, 12466
2026/08/18 19:52:46.992, 11618, 12466
2026/08/18 19:52:51.992, 11618, 12466
2026/08/18 19:52:56.993, 11618, 12466
2026/08/18 19:53:01.994, 11618, 12466
2026/08/18 19:53:06.994, 11618, 12466
2026/08/18 19:53:11.995, 11618, 12466
2026/08/18 19:53:16.996, 11618, 12466
2026/08/18 19:53:21.996, 11618, 12466
2026/08/18 19:53:26.997, 11618, 12466
2026/08/18 19:53:31.997, 11618, 12466
2026/08/18 19:53:36.998, 11618, 12466
2026/08/18 19:53:41.998, 11618, 12466
2026/08/18 19:53:46.999, 11618, 12466
2026/08/18 19:53:51.999, 11618, 12466
2026/08/18 19:53:57.000, 11618, 12466
2026/08/18 19:54:02.001, 11618, 12466
2026/08/18 19:54:07.001, 11618, 12466
2026/08/18 19:54:12.002, 11618, 12466
2026/08/18 19:54:17.002, 11618, 12466
2026/08/18 19:54:22.003, 11618, 12466
2026/08/18 19:54:27.003, 11618, 12466
2026/08/18 19:54:32.004, 11618, 12466
2026/08/18 19:54:37.005, 11618, 12466
2026/08/18 19:54:42.005, 11618, 12466
2026/08/18 19:54:47.006, 11618, 12466
2026/08/18 19:54:52.006, 11618, 12466
2026/08/18 19:54:57.007, 11618, 12466
2026/08/18 19:55:02.007, 11618, 12466
2026/08/18 19:55:07.008, 11618, 12466
2026/08/18 19:55:12.009, 11618, 12466
2026/08/18 19:55:17.009, 11618, 12466
2026/08/18 19:55:22.010, 11618, 12466
2026/08/18 19:55:27.010, 11618, 12466
2026/08/18 19:55:32.011, 11618, 12466
2026/08/18 19:55:37.011, 11618, 12466
2026/08/18 19:55:42.012, 11618, 12466
2026/08/18 19:55:47.012, 11618, 12466
2026/08/18 19:55:52.013, 11618, 12466
2026/08/18 19:55:57.013, 11618, 12466
2026/08/18 19:56:02.014, 11618, 12466
2026/08/18 19:56:07.015, 11618, 12466
2026/08/18 19:56:12.015, 11618, 12466
2026/08/18 19:56:17.016, 11618, 12466
2026/08/18 19:56:22.016, 11618, 12466
2026/08/18 19:56:27.017, 11618, 12466
2026/08/18 19:56:32.017, 11618, 12466
2026/08/18 19:56:37.018, 11618, 12466
2026/08/18 19:56:42.018, 11618, 12466
2026/08/18 19:56:47.019, 11618, 12466
2026/08/18 19:56:52.019, 11618, 12466
2026/08/18 19:56:57.020, 11618, 12466
2026/08/18 19:57:02.020, 11618, 12466
2026/08/18 19:57:07.021, 11618, 12466
2026/08/18 19:57:12.022, 11618, 12466
2026/08/18 19:57:17.022, 11618, 12466
2026/08/18 19:57:22.023, 11618, 12466
2026/08/18 19:57:27.023, 11618, 12466
2026/08/18 19:57:32.024, 11618, 12466
2026/08/18 19:57:37.024, 11618, 12466
2026/08/18 19:57:42.025, 11618, 12466
2026/08/18 19:57:47.025, 11618, 12466
2026/08/18 19:57:52.026, 11618, 12466
2026/08/18 19:57:57.026, 11618, 12466
2026/08/18 19:58:02.027, 11618, 12466
2026/08/18 19:58:07.027, 11618, 12466
2026/08/18 19:58:12.028, 11618, 12466
2026/08/18 19:58:17.028, 11618, 12466
2026/08/18 19:58:22.029, 11618, 12466
2026/08/18 19:58:27.029, 11618, 12466
2026/08/18 19:58:32.030, 11618, 12466
2026/08/18 19:58:37.030, 11618, 12466
2026/08/18 19:58:42.031, 11618, 12466
2026/08/18 19:58:47.031, 11618, 12466
2026/08/18 19:58:52.032, 11618, 12466
2026/08/18 19:58:57.033, 11618, 12466
2026/08/18 19:59:02.033, 11618, 12466
2026/08/18 19:59:07.034, 11618, 12466
2026/08/18 19:59:12.034, 11618, 12466
2026/08/18 19:59:17.035, 11618, 12466
2026/08/18 19:59:22.035, 11618, 12466
2026/08/18 19:59:27.036, 11618, 12466
2026/08/18 19:59:32.036, 11618, 12466
2026/08/18 19:59:37.037, 11618, 12466
2026/08/18 19:59:42.037, 11618, 12466
2026/08/18 19:59:47.038, 11618, 12466
2026/08/18 19:59:52.039, 11618, 12466
2026/08/18 19:59:57.039, 11618, 12466
2026/08/18 20:00:02.040, 11618, 12466
2026/08/18 20:00:07.040, 11618, 12466
2026/08/18 20:00:12.041, 11618, 12466
2026/08/18 20:00:17.041, 11618, 12466
2026/08/18 20:00:22.042, 11618, 12466
2026/08/18 20:00:27.042, 11618, 12466
2026/08/18 20:00:32.043, 11618, 12466
2026/08/18 20:00:37.043, 11618, 12466
2026/08/18 20:00:42.044, 11618, 12466
2026/08/18 20:00:47.044, 11618, 12466
2026/08/18 20:00:52.045, 11618, 12466
2026/08/18 20:00:57.045, 11618, 12466
2026/08/18 20:01:02.046, 11618, 12466
2026/08/18 20:01:07.046, 11618, 12466
2026/08/18 20:01:12.047, 11618, 12466
2026/08/18 20:01:17.047, 11618, 12466
2026/08/18 20:01:22.048, 11618, 12466
2026/08/18 20:01:27.048, 11618, 12466
2026/08/18 20:01:32.049, 11618, 12466
2026/08/18 20:01:37.049, 11618, 12466
2026/08/18 20:01:42.050, 11618, 12466
2026/08/18 20:01:47.050, 11618, 12466
2026/08/18 20:01:52.051, 11618, 12466
2026/08/18 20:01:57.051, 11618, 12466
2026/08/18 20:02:02.052, 11618, 12466
2026/08/18 20:02:07.052, 11618, 12466
2026/08/18 20:02:12.053, 11618, 12466
2026/08/18 20:02:17.053, 11618, 12466
2026/08/18 20:02:22.054, 11618, 12466
2026/08/18 20:02:27.055, 11618, 12466
2026/08/18 20:02:32.055, 11618, 12466
2026/08/18 20:02:37.056, 11618, 12466
2026/08/18 20:02:42.056, 11618, 12466
2026/08/18 20:02:47.057, 11618, 12466
2026/08/18 20:02:52.057, 11618, 12466
2026/08/18 20:02:57.058, 11618, 12466
2026/08/18 20:03:02.058, 11618, 12466
2026/08/18 20:03:07.059, 11618, 12466
2026/08/18 20:03:12.059, 11618, 12466
2026/08/18 20:03:17.060, 11618, 12466
2026/08/18 20:03:22.060, 11618, 12466
2026/08/18 20:03:27.061, 11618, 12466
2026/08/18 20:03:32.061, 11618, 12466
2026/08/18 20:03:37.062, 11618, 12466
2026/08/18 20:03:42.063, 11618, 12466
2026/08/18 20:03:47.063, 11618, 12466
2026/08/18 20:03:52.064, 11618, 12466
2026/08/18 20:03:57.064, 11618, 12466
2026/08/18 20:04:02.065, 11618, 12466
2026/08/18 20:04:07.065, 11618, 12466
2026/08/18 20:04:12.066, 11618, 12466
2026/08/18 20:04:17.066, 11618, 12466
2026/08/18 20:04:22.067, 11618, 12466
2026/08/18 20:04:27.067, 11618, 12466
2026/08/18 20:04:32.068, 11618, 12466
2026/08/18 20:04:37.068, 11618, 12466
2026/08/18 20:04:42.069, 11618, 12466
2026/08/18 20:04:47.069, 11618, 12466
2026/08/18 20:04:52.070, 11618, 12466
2026/08/18 20:04:57.070, 11618, 12466
2026/08/18 20:05:02.071, 11618, 12466
2026/08/18 20:05:07.071, 11618, 12466
2026/08/18 20:05:12.072, 11618, 12466
2026/08/18 20:05:17.072, 11618, 12466
2026/08/18 20:05:22.073, 11618, 12466
2026/08/18 20:05:27.073, 11618, 12466
2026/08/18 20:05:32.074, 11618, 12466
2026/08/18 20:05:37.074, 11618, 12466
2026/08/18 20:05:42.075, 11618, 12466
2026/08/18 20:05:47.075, 11618, 12466
2026/08/18 20:05:52.076, 11618, 12466
2026/08/18 20:05:57.076, 11618, 12466
2026/08/18 20:06:02.077, 11618, 12466
2026/08/18 20:06:07.077, 11618, 12466
2026/08/18 20:06:12.078, 11618, 12466
2026/08/18 20:06:17.079, 11618, 12466
2026/08/18 20:06:22.079, 11618, 12466
2026/08/18 20:06:27.080, 11618, 12466
2026/08/18 20:06:32.080, 11618, 12466
2026/08/18 20:06:37.081, 11618, 12466
2026/08/18 20:06:42.081, 11618, 12466
2026/08/18 20:06:47.082, 11618, 12466
2026/08/18 20:06:52.082, 11618, 12466
2026/08/18 20:06:57.083, 11618, 12466
2026/08/18 20:07:02.083, 11618, 12466
2026/08/18 20:07:07.084, 11618, 12466
2026/08/18 20:07:12.084, 11618, 12466
2026/08/18 20:07:17.085, 11618, 12466
2026/08/18 20:07:22.085, 11618, 12466
2026/08/18 20:07:27.086, 11618, 12466
2026/08/18 20:07:32.086, 11618, 12466
2026/08/18 20:07:37.087, 11618, 12466
2026/08/18 20:07:42.087, 11618, 12466
2026/08/18 20:07:47.088, 11618, 12466
2026/08/18 20:07:52.088, 11618, 12466
2026/08/18 20:07:57.089, 11618, 12466
2026/08/18 20:08:02.089, 11618, 12466
2026/08/18 20:08:07.090, 11618, 12466
2026/08/18 20:08:12.090, 11618, 12466
2026/08/18 20:08:17.091, 11618, 12466
2026/08/18 20:08:22.091, 11618, 12466
2026/08/18 20:08:27.092, 11618, 12466
2026/08/18 20:08:32.092, 11618, 12466
2026/08/18 20:08:37.093, 11618, 12466
2026/08/18 20:08:42.093, 11618, 12466
2026/08/18 20:08:47.094, 11618, 12466
2026/08/18 20:08:52.094, 11618, 12466
2026/08/18 20:08:57.095, 11618, 12466
2026/08/18 20:09:02.095, 11618, 12466
2026/08/18 20:09:07.096, 11618, 12466
2026/08/18 20:09:12.096, 11618, 12466
2026/08/18 20:09:17.097, 11618, 12466
2026/08/18 20:09:22.097, 11618, 12466
2026/08/18 20:09:27.097, 11618, 12466
2026/08/18 20:09:32.098, 11618, 12466
2026/08/18 20:09:37.098, 11618, 12466
2026/08/18 20:09:42.099, 11618, 12466
2026/08/18 20:09:47.099, 11618, 12466
2026/08/18 20:09:52.100, 11618, 12466
2026/08/18 20:09:57.100, 11618, 12466
2026/08/18 20:10:02.101, 11618, 12466
2026/08/18 20:10:07.101, 11618, 12466
2026/08/18 20:10:12.102, 11618, 12466
2026/08/18 20:10:17.102, 11618, 12466
2026/08/18 20:10:22.103, 11618, 12466
2026/08/18 20:10:27.103, 11618, 12466
2026/08/18 20:10:32.104, 11618, 12466
2026/08/18 20:10:37.104, 11618, 12466
2026/08/18 20:10:42.105, 11618, 12466
2026/08/18 20:10:47.105, 11618, 12466
2026/08/18 20:10:52.106, 11618, 12466
2026/08/18 20:10:57.106, 11618, 12466
2026/08/18 20:11:02.107, 11618, 12466
2026/08/18 20:11:07.107, 11618, 12466
2026/08/18 20:11:12.108, 11618, 12466
2026/08/18 20:11:17.108, 11618, 12466
2026/08/18 20:11:22.109, 11618, 12466
2026/08/18 20:11:27.109, 11618, 12466
2026/08/18 20:11:32.110, 11618, 12466
2026/08/18 20:11:37.110, 11618, 12466
2026/08/18 20:11:42.111, 11618, 12466
2026/08/18 20:11:47.111, 11618, 12466
2026/08/18 20:11:52.112, 11618, 12466
2026/08/18 20:11:57.112, 11618, 12466
2026/08/18 20:12:02.113, 11618, 12466
2026/08/18 20:12:07.113, 11618, 12466
2026/08/18 20:12:12.113, 11618, 12466
2026/08/18 20:12:17.114, 11618, 12466
2026/08/18 20:12:22.114, 11618, 12466
2026/08/18 20:12:27.115, 11618, 12466
2026/08/18 20:12:32.115, 11618, 12466
2026/08/18 20:12:37.116, 11618, 12466
2026/08/18 20:12:42.116, 11618, 12466
2026/08/18 20:12:47.117, 11618, 12466
2026/08/18 20:12:52.117, 11618, 12466
2026/08/18 20:12:57.118, 11618, 12466
2026/08/18 20:13:02.118, 11618, 12466
2026/08/18 20:13:07.119, 11618, 12466
2026/08/18 20:13:12.119, 11618, 12466
2026/08/18 20:13:17.120, 11618, 12466
2026/08/18 20:13:22.120, 11618, 12466
2026/08/18 20:13:27.121, 11618, 12466
2026/08/18 20:13:32.121, 11618, 12466
2026/08/18 20:13:37.122, 11618, 12466
2026/08/18 20:13:42.122, 11618, 12466
2026/08/18 20:13:47.123, 11618, 12466
2026/08/18 20:13:52.123, 11618, 12466
2026/08/18 20:13:57.124, 11618, 12466
2026/08/18 20:14:02.124, 11618, 12466
2026/08/18 20:14:07.125, 11618, 12466
2026/08/18 20:14:12.125, 11618, 12466
2026/08/18 20:14:17.126, 11618, 12466
2026/08/18 20:14:22.126, 11618, 12466
2026/08/18 20:14:27.126, 11618, 12466
2026/08/18 20:14:32.127, 11618, 12466
2026/08/18 20:14:37.127, 11618, 12466
2026/08/18 20:14:42.128, 11618, 12466
2026/08/18 20:14:47.128, 11618, 12466
2026/08/18 20:14:52.129, 11618, 12466
2026/08/18 20:14:57.129, 11618, 12466
2026/08/18 20:15:02.130, 11618, 12466
2026/08/18 20:15:07.130, 11618, 12466
2026/08/18 20:15:12.131, 11618, 12466
2026/08/18 20:15:17.131, 11618, 12466
2026/08/18 20:15:22.132, 11618, 12466
2026/08/18 20:15:27.132, 11618, 12466
2026/08/18 20:15:32.133, 11618, 12466
2026/08/18 20:15:37.133, 11618, 12466
2026/08/18 20:15:42.134, 11618, 12466
2026/08/18 20:15:47.134, 11618, 12466
2026/08/18 20:15:52.135, 11618, 12466
2026/08/18 20:15:57.135, 11618, 12466
2026/08/18 20:16:02.136, 11618, 12466
2026/08/18 20:16:07.136, 11618, 12466
2026/08/18 20:16:12.137, 11618, 12466
2026/08/18 20:16:17.137, 11618, 12466
2026/08/18 20:16:22.138, 11618, 12466
2026/08/18 20:16:27.139, 11618, 12466
2026/08/18 20:16:32.139, 11618, 12466
2026/08/18 20:16:37.140, 11618, 12466
2026/08/18 20:16:42.140, 11618, 12466
2026/08/18 20:16:47.141, 11618, 12466
2026/08/18 20:16:52.141, 11618, 12466
2026/08/18 20:16:57.142, 11618, 12466
2026/08/18 20:17:02.142, 11618, 12466
2026/08/18 20:17:07.143, 11618, 12466
2026/08/18 20:17:12.143, 11618, 12466
2026/08/18 20:17:17.152, 11618, 12466
2026/08/18 20:17:22.153, 11618, 12466
2026/08/18 20:17:27.153, 11618, 12466
2026/08/18 20:17:32.162, 11618, 12466
2026/08/18 20:17:37.163, 11618, 12466
2026/08/18 20:17:42.163, 11618, 12466
2026/08/18 20:17:47.163, 11618, 12466
2026/08/18 20:17:52.164, 11618, 12466
2026/08/18 20:17:57.164, 11618, 12466
2026/08/18 20:18:02.165, 11618, 12466
2026/08/18 20:18:07.165, 11618, 12466
2026/08/18 20:18:12.166, 11618, 12466
2026/08/18 20:18:17.166, 11618, 12466
2026/08/18 20:18:22.167, 11618, 12466
2026/08/18 20:18:27.167, 11618, 12466
2026/08/18 20:18:32.167, 11618, 12466
2026/08/18 20:18:37.168, 11618, 12466
2026/08/18 20:18:42.168, 11618, 12466
2026/08/18 20:18:47.169, 11618, 12466
2026/08/18 20:18:52.169, 11618, 12466
2026/08/18 20:18:57.170, 11618, 12466
2026/08/18 20:19:02.170, 11618, 12466
2026/08/18 20:19:07.171, 11618, 12466
2026/08/18 20:19:12.171, 11618, 12466
2026/08/18 20:19:17.172, 11618, 12466
2026/08/18 20:19:22.172, 11618, 12466
2026/08/18 20:19:27.173, 11618, 12466
2026/08/18 20:19:32.173, 11618, 12466
2026/08/18 20:19:37.174, 11618, 12466
2026/08/18 20:19:42.174, 11618, 12466
2026/08/18 20:19:47.175, 11618, 12466
2026/08/18 20:19:52.175, 11618, 12466
2026/08/18 20:19:57.176, 11618, 12466
2026/08/18 20:20:02.176, 11618, 12466
2026/08/18 20:20:07.177, 11618, 12466
2026/08/18 20:20:12.177, 11618, 12466
2026/08/18 20:20:17.178, 11618, 12466
2026/08/18 20:20:22.178, 11618, 12466
2026/08/18 20:20:27.179, 11618, 12466
2026/08/18 20:20:32.179, 11618, 12466
2026/08/18 20:20:37.180, 11618, 12466
2026/08/18 20:20:42.180, 11618, 12466
2026/08/18 20:20:47.181, 11618, 12466
2026/08/18 20:20:52.181, 11618, 12466
2026/08/18 20:20:57.182, 11618, 12466
2026/08/18 20:21:02.182, 11618, 12466
2026/08/18 20:21:07.183, 11618, 12466
2026/08/18 20:21:12.183, 11618, 12466
2026/08/18 20:21:17.184, 11618, 12466
2026/08/18 20:21:22.185, 11618, 12466
2026/08/18 20:21:27.185, 11618, 12466
2026/08/18 20:21:32.186, 11618, 12466
2026/08/18 20:21:37.186, 11618, 12466
2026/08/18 20:21:42.186, 11618, 12466
2026/08/18 20:21:47.187, 11618, 12466
2026/08/18 20:21:52.187, 11618, 12466
2026/08/18 20:21:57.188, 11618, 12466
2026/08/18 20:22:02.189, 11618, 12466
2026/08/18 20:22:07.189, 11618, 12466
2026/08/18 20:22:12.198, 11618, 12466
2026/08/18 20:22:17.199, 11618, 12466
2026/08/18 20:22:22.199, 11618, 12466
2026/08/18 20:22:27.200, 11618, 12466
2026/08/18 20:22:32.200, 11618, 12466
2026/08/18 20:22:37.201, 11618, 12466
2026/08/18 20:22:42.201, 11618, 12466
2026/08/18 20:22:47.202, 11618, 12466
2026/08/18 20:22:52.202, 11618, 12466
2026/08/18 20:22:57.203, 11618, 12466
2026/08/18 20:23:02.203, 11618, 12466
2026/08/18 20:23:07.204, 11618, 12466
2026/08/18 20:23:12.204, 11618, 12466
2026/08/18 20:23:17.205, 11618, 12466
2026/08/18 20:23:22.205, 11618, 12466
2026/08/18 20:23:27.206, 11618, 12466
2026/08/18 20:23:32.206, 11618, 12466
2026/08/18 20:23:37.207, 11618, 12466
2026/08/18 20:23:42.207, 11618, 12466
2026/08/18 20:23:47.208, 11618, 12466
2026/08/18 20:23:52.208, 11618, 12466
2026/08/18 20:23:57.209, 11618, 12466
2026/08/18 20:24:02.209, 11618, 12466
2026/08/18 20:24:07.210, 11618, 12466
2026/08/18 20:24:12.211, 11618, 12466
2026/08/18 20:24:17.211, 11618, 12466
2026/08/18 20:24:22.212, 11618, 12466
2026/08/18 20:24:27.212, 11618, 12466
2026/08/18 20:24:32.213, 11618, 12466
2026/08/18 20:24:37.213, 11618, 12466
2026/08/18 20:24:42.214, 11618, 12466
2026/08/18 20:24:47.214, 11618, 12466
2026/08/18 20:24:52.215, 11618, 12466
2026/08/18 20:24:57.215, 11618, 12466
2026/08/18 20:25:02.216, 11618, 12466
2026/08/18 20:25:07.216, 11618, 12466
2026/08/18 20:25:12.217, 11618, 12466
2026/08/18 20:25:17.217, 11618, 12466
2026/08/18 20:25:22.218, 11618, 12466
2026/08/18 20:25:27.218, 11618, 12466
2026/08/18 20:25:32.219, 11618, 12466
2026/08/18 20:25:37.219, 11618, 12466
2026/08/18 20:25:42.220, 11618, 12466
2026/08/18 20:25:47.220, 11618, 12466
2026/08/18 20:25:52.221, 11618, 12466
2026/08/18 20:25:57.221, 11618, 12466
2026/08/18 20:26:02.221, 11618, 12466
2026/08/18 20:26:07.222, 11618, 12466
2026/08/18 20:26:12.222, 11618, 12466
2026/08/18 20:26:17.223, 11618, 12466
2026/08/18 20:26:22.225, 11618, 12466
2026/08/18 20:26:27.225, 11618, 12466
2026/08/18 20:26:32.226, 11618, 12466
2026/08/18 20:26:37.226, 11618, 12466
2026/08/18 20:26:42.227, 11618, 12466
2026/08/18 20:26:47.227, 11618, 12466
2026/08/18 20:26:52.228, 11618, 12466
2026/08/18 20:26:57.228, 11618, 12466
2026/08/18 20:27:02.228, 11618, 12466
2026/08/18 20:27:07.229, 11618, 12466
2026/08/18 20:27:12.229, 11618, 12466
2026/08/18 20:27:17.230, 11618, 12466
2026/08/18 20:27:22.230, 11618, 12466
2026/08/18 20:27:27.231, 11618, 12466
2026/08/18 20:27:32.231, 11618, 12466
2026/08/18 20:27:37.232, 11618, 12466
2026/08/18 20:27:42.232, 11618, 12466
2026/08/18 20:27:47.233, 11618, 12466
2026/08/18 20:27:52.233, 11618, 12466
2026/08/18 20:27:57.234, 11618, 12466
2026/08/18 20:28:02.235, 11618, 12466
2026/08/18 20:28:07.235, 11618, 12466
2026/08/18 20:28:12.236, 11618, 12466
2026/08/18 20:28:17.236, 11618, 12466
2026/08/18 20:28:22.237, 11618, 12466
2026/08/18 20:28:27.237, 11618, 12466
2026/08/18 20:28:32.238, 11618, 12466
2026/08/18 20:28:37.238, 11618, 12466
2026/08/18 20:28:42.238, 11618, 12466
2026/08/18 20:28:47.239, 11618, 12466
2026/08/18 20:28:52.240, 11618, 12466
2026/08/18 20:28:57.240, 11618, 12466
2026/08/18 20:29:02.241, 11618, 12466
2026/08/18 20:29:07.241, 11618, 12466
2026/08/18 20:29:12.242, 11618, 12466
2026/08/18 20:29:17.242, 11618, 12466
2026/08/18 20:29:22.243, 11618, 12466
2026/08/18 20:29:27.243, 11618, 12466
2026/08/18 20:29:32.244, 11618, 12466
2026/08/18 20:29:37.244, 11618, 12466
2026/08/18 20:29:42.245, 11618, 12466
2026/08/18 20:29:47.245, 11618, 12466
2026/08/18 20:29:52.246, 11618, 12466
2026/08/18 20:29:57.246, 11618, 12466
2026/08/18 20:30:02.247, 11618, 12466
2026/08/18 20:30:07.247, 11618, 12466
2026/08/18 20:30:12.248, 11618, 12466
2026/08/18 20:30:17.248, 11618, 12466
2026/08/18 20:30:22.249, 11618, 12466
2026/08/18 20:30:27.250, 11618, 12466
2026/08/18 20:30:32.250, 11618, 12466
2026/08/18 20:30:37.251, 11618, 12466
2026/08/18 20:30:42.251, 11618, 12466
2026/08/18 20:30:47.252, 11618, 12466
2026/08/18 20:30:52.252, 11618, 12466
2026/08/18 20:30:57.253, 11618, 12466
2026/08/18 20:31:02.254, 11618, 12466
2026/08/18 20:31:07.254, 11618, 12466
2026/08/18 20:31:12.255, 11618, 12466
2026/08/18 20:31:17.256, 11618, 12466
2026/08/18 20:31:22.256, 11618, 12466
2026/08/18 20:31:27.257, 11618, 12466
2026/08/18 20:31:32.257, 11618, 12466
2026/08/18 20:31:37.258, 11618, 12466
2026/08/18 20:31:42.258, 11618, 12466
2026/08/18 20:31:47.259, 11618, 12466
2026/08/18 20:31:52.259, 11618, 12466
2026/08/18 20:31:57.260, 11618, 12466
2026/08/18 20:32:02.261, 11618, 12466
2026/08/18 20:32:07.261, 11618, 12466
2026/08/18 20:32:12.262, 11618, 12466
2026/08/18 20:32:17.262, 11618, 12466
2026/08/18 20:32:22.263, 11618, 12466
2026/08/18 20:32:27.264, 11618, 12466
2026/08/18 20:32:32.264, 11618, 12466
2026/08/18 20:32:37.265, 11618, 12466
2026/08/18 20:32:42.266, 11618, 12466
2026/08/18 20:32:47.266, 11618, 12466
2026/08/18 20:32:52.267, 11618, 12466
2026/08/18 20:32:57.267, 11618, 12466
2026/08/18 20:33:02.268, 11618, 12466
2026/08/18 20:33:07.268, 11618, 12466
2026/08/18 20:33:12.269, 11618, 12466
2026/08/18 20:33:17.269, 11618, 12466
2026/08/18 20:33:22.270, 11618, 12466
2026/08/18 20:33:27.270, 11618, 12466
2026/08/18 20:33:32.271, 11618, 12466
2026/08/18 20:33:37.271, 11618, 12466
2026/08/18 20:33:42.272, 11618, 12466
2026/08/18 20:33:47.272, 11618, 12466
2026/08/18 20:33:52.273, 11618, 12466
2026/08/18 20:33:57.273, 11618, 12466
2026/08/18 20:34:02.274, 11618, 12466
2026/08/18 20:34:07.274, 11618, 12466
2026/08/18 20:34:12.275, 11618, 12466
2026/08/18 20:34:17.275, 11618, 12466
2026/08/18 20:34:22.276, 11618, 12466
2026/08/18 20:34:27.276, 11618, 12466
2026/08/18 20:34:32.277, 11618, 12466
2026/08/18 20:34:37.277, 11618, 12466
2026/08/18 20:34:42.278, 11618, 12466
2026/08/18 20:34:47.278, 11618, 12466
2026/08/18 20:34:52.279, 11618, 12466
2026/08/18 20:34:57.279, 11618, 12466
2026/08/18 20:35:02.280, 11618, 12466
2026/08/18 20:35:07.280, 11618, 12466
2026/08/18 20:35:12.281, 11618, 12466
2026/08/18 20:35:17.281, 11618, 12466
2026/08/18 20:35:22.282, 11618, 12466
2026/08/18 20:35:27.282, 11618, 12466
2026/08/18 20:35:32.283, 11618, 12466
2026/08/18 20:35:37.283, 11618, 12466
2026/08/18 20:35:42.284, 11618, 12466
2026/08/18 20:35:47.284, 11618, 12466
2026/08/18 20:35:52.285, 11618, 12466
2026/08/18 20:35:57.285, 11618, 12466
2026/08/18 20:36:02.286, 11618, 12466
2026/08/18 20:36:07.286, 11618, 12466
2026/08/18 20:36:12.287, 11618, 12466
2026/08/18 20:36:17.287, 11618, 12466
2026/08/18 20:36:22.288, 11618, 12466
2026/08/18 20:36:27.288, 11618, 12466
2026/08/18 20:36:32.289, 11618, 12466
2026/08/18 20:36:37.289, 11618, 12466
2026/08/18 20:36:42.290, 11618, 12466
2026/08/18 20:36:47.290, 11618, 12466
2026/08/18 20:36:52.291, 11618, 12466
2026/08/18 20:36:57.291, 11618, 12466
2026/08/18 20:37:02.292, 11618, 12466
2026/08/18 20:37:07.292, 11618, 12466
2026/08/18 20:37:12.293, 11618, 12466
2026/08/18 20:37:17.293, 11618, 12466
2026/08/18 20:37:22.294, 11618, 12466
2026/08/18 20:37:27.294, 11618, 12466
2026/08/18 20:37:32.295, 11618, 12466
2026/08/18 20:37:37.295, 11618, 12466
2026/08/18 20:37:42.296, 11618, 12466
2026/08/18 20:37:47.296, 11618, 12466
2026/08/18 20:37:52.297, 11618, 12466
2026/08/18 20:37:57.297, 11618, 12466
2026/08/18 20:38:02.298, 11618, 12466
2026/08/18 20:38:07.298, 11618, 12466
2026/08/18 20:38:12.298, 11618, 12466
2026/08/18 20:38:17.299, 11618, 12466
2026/08/18 20:38:22.299, 11618, 12466
2026/08/18 20:38:27.300, 11618, 12466
2026/08/18 20:38:32.300, 11618, 12466
2026/08/18 20:38:37.301, 11618, 12466
2026/08/18 20:38:42.301, 11618, 12466
2026/08/18 20:38:47.302, 11618, 12466
2026/08/18 20:38:52.302, 11618, 12466
2026/08/18 20:38:57.303, 11618, 12466
2026/08/18 20:39:02.303, 11618, 12466
2026/08/18 20:39:07.304, 11618, 12466
2026/08/18 20:39:12.304, 11618, 12466
2026/08/18 20:39:17.305, 11618, 12466
2026/08/18 20:39:22.305, 11618, 12466
2026/08/18 20:39:27.306, 11618, 12466
2026/08/18 20:39:32.306, 11618, 12466
2026/08/18 20:39:37.307, 11618, 12466
2026/08/18 20:39:42.307, 11618, 12466
2026/08/18 20:39:47.308, 11618, 12466
2026/08/18 20:39:52.308, 11618, 12466
2026/08/18 20:39:57.308, 11618, 12466
2026/08/18 20:40:02.309, 11618, 12466
2026/08/18 20:40:07.309, 11618, 12466
2026/08/18 20:40:12.310, 11618, 12466
2026/08/18 20:40:17.311, 11618, 12466
2026/08/18 20:40:22.311, 11618, 12466
2026/08/18 20:40:27.312, 11618, 12466
2026/08/18 20:40:32.312, 11618, 12466
2026/08/18 20:40:37.313, 11618, 12466
2026/08/18 20:40:42.313, 11618, 12466
2026/08/18 20:40:47.314, 11618, 12466
2026/08/18 20:40:52.315, 11618, 12466
2026/08/18 20:40:57.315, 11618, 12466
2026/08/18 20:41:02.316, 11618, 12466
2026/08/18 20:41:07.316, 11618, 12466
2026/08/18 20:41:12.317, 11618, 12466
2026/08/18 20:41:17.317, 11618, 12466
2026/08/18 20:41:22.318, 11618, 12466
2026/08/18 20:41:27.319, 11618, 12466
2026/08/18 20:41:32.319, 11618, 12466
2026/08/18 20:41:37.320, 11618, 12466
2026/08/18 20:41:42.321, 11618, 12466
2026/08/18 20:41:47.321, 11618, 12466
2026/08/18 20:41:52.322, 11618, 12466
2026/08/18 20:41:57.322, 11618, 12466
2026/08/18 20:42:02.323, 11618, 12466
2026/08/18 20:42:07.324, 11618, 12466
2026/08/18 20:42:12.324, 11618, 12466
2026/08/18 20:42:17.325, 11618, 12466
2026/08/18 20:42:22.326, 11618, 12466
2026/08/18 20:42:27.326, 11618, 12466
2026/08/18 20:42:32.327, 11618, 12466
2026/08/18 20:42:37.327, 11618, 12466
2026/08/18 20:42:42.328, 11618, 12466
2026/08/18 20:42:47.329, 11618, 12466
2026/08/18 20:42:52.329, 11618, 12466
2026/08/18 20:42:57.330, 11618, 12466
2026/08/18 20:43:02.330, 11618, 12466
2026/08/18 20:43:07.331, 11618, 12466
2026/08/18 20:43:12.332, 11618, 12466
2026/08/18 20:43:17.332, 11618, 12466
2026/08/18 20:43:22.333, 11618, 12466
2026/08/18 20:43:27.334, 11618, 12466
2026/08/18 20:43:32.334, 11618, 12466
2026/08/18 20:43:37.335, 11618, 12466
2026/08/18 20:43:42.335, 11618, 12466
2026/08/18 20:43:47.336, 11618, 12466
2026/08/18 20:43:52.337, 11618, 12466
2026/08/18 20:43:57.337, 11618, 12466
2026/08/18 20:44:02.338, 11618, 12466
2026/08/18 20:44:07.338, 11618, 12466
2026/08/18 20:44:12.339, 11618, 12466
2026/08/18 20:44:17.340, 11618, 12466
2026/08/18 20:44:22.340, 11618, 12466
2026/08/18 20:44:27.341, 11618, 12466
2026/08/18 20:44:32.342, 11618, 12466
2026/08/18 20:44:37.342, 11618, 12466
2026/08/18 20:44:42.343, 11618, 12466
2026/08/18 20:44:47.343, 11618, 12466
2026/08/18 20:44:52.344, 11618, 12466
2026/08/18 20:44:57.345, 11618, 12466
2026/08/18 20:45:02.345, 11618, 12466
2026/08/18 20:45:07.346, 11618, 12466
2026/08/18 20:45:12.346, 11618, 12466
2026/08/18 20:45:17.347, 11618, 12466
2026/08/18 20:45:22.348, 11618, 12466
2026/08/18 20:45:27.348, 11618, 12466
2026/08/18 20:45:32.349, 11618, 12466
2026/08/18 20:45:37.350, 11618, 12466
2026/08/18 20:45:42.350, 11618, 12466
2026/08/18 20:45:47.351, 11618, 12466
2026/08/18 20:45:52.351, 11618, 12466
2026/08/18 20:45:57.352, 11618, 12466
2026/08/18 20:46:02.352, 11618, 12466
2026/08/18 20:46:07.353, 11618, 12466
2026/08/18 20:46:12.353, 11618, 12466
2026/08/18 20:46:17.354, 11618, 12466
2026/08/18 20:46:22.354, 11618, 12466
2026/08/18 20:46:27.355, 11618, 12466
2026/08/18 20:46:32.356, 11618, 12466
2026/08/18 20:46:37.356, 11618, 12466
2026/08/18 20:46:42.357, 11618, 12466
2026/08/18 20:46:47.357, 11618, 12466
2026/08/18 20:46:52.358, 11618, 12466
2026/08/18 20:46:57.358, 11618, 12466
2026/08/18 20:47:02.359, 11618, 12466
2026/08/18 20:47:07.359, 11618, 12466
2026/08/18 20:47:12.360, 11618, 12466
2026/08/18 20:47:17.360, 11618, 12466
2026/08/18 20:47:22.361, 11618, 12466
2026/08/18 20:47:27.361, 11618, 12466
2026/08/18 20:47:32.362, 11618, 12466
2026/08/18 20:47:37.362, 11618, 12466
2026/08/18 20:47:42.363, 11618, 12466
2026/08/18 20:47:47.363, 11618, 12466
2026/08/18 20:47:52.364, 11618, 12466
2026/08/18 20:47:57.364, 11618, 12466
2026/08/18 20:48:02.365, 11618, 12466
2026/08/18 20:48:07.365, 11618, 12466
2026/08/18 20:48:12.366, 11618, 12466
2026/08/18 20:48:17.366, 11618, 12466
2026/08/18 20:48:22.367, 11618, 12466
2026/08/18 20:48:27.367, 11618, 12466
2026/08/18 20:48:32.368, 11618, 12466
2026/08/18 20:48:37.368, 11618, 12466
2026/08/18 20:48:42.369, 11618, 12466
2026/08/18 20:48:47.369, 11618, 12466
2026/08/18 20:48:52.370, 11618, 12466
2026/08/18 20:48:57.370, 11618, 12466
2026/08/18 20:49:02.371, 11618, 12466
2026/08/18 20:49:07.371, 11618, 12466
2026/08/18 20:49:12.372, 11618, 12466
2026/08/18 20:49:17.372, 11618, 12466
2026/08/18 20:49:22.373, 11618, 12466
2026/08/18 20:49:27.374, 11618, 12466
2026/08/18 20:49:32.374, 11618, 12466
2026/08/18 20:49:37.375, 11618, 12466
2026/08/18 20:49:42.375, 11618, 12466
2026/08/18 20:49:47.376, 11618, 12466
2026/08/18 20:49:52.376, 11618, 12466
2026/08/18 20:49:57.377, 11618, 12466
2026/08/18 20:50:02.377, 11618, 12466
2026/08/18 20:50:07.378, 11618, 12466
2026/08/18 20:50:12.378, 11618, 12466
2026/08/18 20:50:17.379, 11618, 12466
2026/08/18 20:50:22.379, 11618, 12466
2026/08/18 20:50:27.380, 11618, 12466
2026/08/18 20:50:32.380, 11618, 12466
2026/08/18 20:50:37.381, 11618, 12466
2026/08/18 20:50:42.382, 11618, 12466
2026/08/18 20:50:47.382, 11618, 12466
2026/08/18 20:50:52.383, 11618, 12466
2026/08/18 20:50:57.383, 11618, 12466
2026/08/18 20:51:02.384, 11618, 12466
2026/08/18 20:51:07.384, 11618, 12466
2026/08/18 20:51:12.385, 11618, 12466
2026/08/18 20:51:17.385, 11618, 12466
2026/08/18 20:51:22.386, 11618, 12466
2026/08/18 20:51:27.386, 11618, 12466
2026/08/18 20:51:32.387, 11618, 12466
2026/08/18 20:51:37.387, 11618, 12466
2026/08/18 20:51:42.388, 11618, 12466
2026/08/18 20:51:47.388, 11618, 12466
2026/08/18 20:51:52.389, 11618, 12466
2026/08/18 20:51:57.389, 11618, 12466
2026/08/18 20:52:02.390, 11618, 12466
2026/08/18 20:52:07.390, 11618, 12466
2026/08/18 20:52:12.391, 11618, 12466
2026/08/18 20:52:17.391, 11618, 12466
2026/08/18 20:52:22.391, 11618, 12466
2026/08/18 20:52:27.392, 11618, 12466
2026/08/18 20:52:32.392, 11618, 12466
2026/08/18 20:52:37.393, 11618, 12466
2026/08/18 20:52:42.394, 11618, 12466
2026/08/18 20:52:47.394, 11618, 12466
2026/08/18 20:52:52.395, 11618, 12466
2026/08/18 20:52:57.395, 11618, 12466
2026/08/18 20:53:02.395, 11618, 12466
2026/08/18 20:53:07.396, 11618, 12466
2026/08/18 20:53:12.396, 11618, 12466
2026/08/18 20:53:17.397, 11618, 12466
2026/08/18 20:53:22.397, 11618, 12466
2026/08/18 20:53:27.398, 11618, 12466
2026/08/18 20:53:32.398, 11618, 12466
2026/08/18 20:53:37.399, 11618, 12466
2026/08/18 20:53:42.399, 11618, 12466
2026/08/18 20:53:47.400, 11618, 12466
2026/08/18 20:53:52.400, 11618, 12466
2026/08/18 20:53:57.401, 11618, 12466
2026/08/18 20:54:02.401, 11618, 12466
2026/08/18 20:54:07.402, 11618, 12466
2026/08/18 20:54:12.402, 11618, 12466
2026/08/18 20:54:17.403, 11618, 12466
2026/08/18 20:54:22.403, 11618, 12466
2026/08/18 20:54:27.403, 11618, 12466
2026/08/18 20:54:32.404, 11618, 12466
2026/08/18 20:54:37.404, 11618, 12466
2026/08/18 20:54:42.405, 11618, 12466
2026/08/18 20:54:47.405, 11618, 12466
2026/08/18 20:54:52.406, 11618, 12466
2026/08/18 20:54:57.406, 11618, 12466
2026/08/18 20:55:02.407, 11618, 12466
2026/08/18 20:55:07.407, 11618, 12466
2026/08/18 20:55:12.407, 11618, 12466
2026/08/18 20:55:17.408, 11618, 12466
2026/08/18 20:55:22.408, 11618, 12466
2026/08/18 20:55:27.409, 11618, 12466
2026/08/18 20:55:32.409, 11618, 12466
2026/08/18 20:55:37.410, 11618, 12466
2026/08/18 20:55:42.410, 11618, 12466
2026/08/18 20:55:47.410, 11618, 12466
2026/08/18 20:55:52.411, 11618, 12466
2026/08/18 20:55:57.411, 11618, 12466
2026/08/18 20:56:02.412, 11618, 12466
2026/08/18 20:56:07.412, 11618, 12466
2026/08/18 20:56:12.413, 11618, 12466
2026/08/18 20:56:17.413, 11618, 12466
2026/08/18 20:56:22.414, 11618, 12466
2026/08/18 20:56:27.414, 11618, 12466
2026/08/18 20:56:32.414, 11618, 12466
2026/08/18 20:56:37.415, 11618, 12466
2026/08/18 20:56:42.416, 11618, 12466
2026/08/18 20:56:47.416, 11618, 12466
2026/08/18 20:56:52.417, 11618, 12466
2026/08/18 20:56:57.417, 11618, 12466
2026/08/18 20:57:02.418, 11618, 12466
2026/08/18 20:57:07.418, 11618, 12466
2026/08/18 20:57:12.419, 11618, 12466
2026/08/18 20:57:17.419, 11618, 12466
2026/08/18 20:57:22.420, 11618, 12466
2026/08/18 20:57:27.420, 11618, 12466
2026/08/18 20:57:32.421, 11618, 12466
2026/08/18 20:57:37.421, 11618, 12466
2026/08/18 20:57:42.422, 11618, 12466
2026/08/18 20:57:47.423, 11618, 12466
2026/08/18 20:57:52.423, 11618, 12466
2026/08/18 20:57:57.424, 11618, 12466
2026/08/18 20:58:02.424, 11618, 12466
2026/08/18 20:58:07.425, 11618, 12466
2026/08/18 20:58:12.425, 11618, 12466
2026/08/18 20:58:17.426, 11618, 12466
2026/08/18 20:58:22.427, 11618, 12466
2026/08/18 20:58:27.427, 11618, 12466
2026/08/18 20:58:32.428, 11618, 12466
2026/08/18 20:58:37.428, 11618, 12466
2026/08/18 20:58:42.429, 11618, 12466
2026/08/18 20:58:47.429, 11618, 12466
2026/08/18 20:58:52.430, 11618, 12466
2026/08/18 20:58:57.430, 11618, 12466
2026/08/18 20:59:02.431, 11618, 12466
2026/08/18 20:59:07.431, 11618, 12466
2026/08/18 20:59:12.432, 11618, 12466
2026/08/18 20:59:17.432, 11618, 12466
2026/08/18 20:59:22.433, 11618, 12466
2026/08/18 20:59:27.433, 11618, 12466
2026/08/18 20:59:32.434, 11618, 12466
2026/08/18 20:59:37.434, 11618, 12466
2026/08/18 20:59:42.435, 11618, 12466
2026/08/18 20:59:47.435, 11618, 12466
2026/08/18 20:59:52.436, 11618, 12466
2026/08/18 20:59:57.436, 11618, 12466
2026/08/18 21:00:02.437, 11618, 12466
2026/08/18 21:00:07.437, 11618, 12466
2026/08/18 21:00:12.438, 11618, 12466
2026/08/18 21:00:17.438, 11618, 12466
2026/08/18 21:00:22.439, 11618, 12466
2026/08/18 21:00:27.439, 11618, 12466
2026/08/18 21:00:32.440, 11618, 12466
2026/08/18 21:00:37.440, 11618, 12466
2026/08/18 21:00:42.441, 11618, 12466
2026/08/18 21:00:47.441, 11618, 12466
2026/08/18 21:00:52.442, 11618, 12466
2026/08/18 21:00:57.442, 11618, 12466
2026/08/18 21:01:02.443, 11618, 12466
2026/08/18 21:01:07.443, 11618, 12466
2026/08/18 21:01:12.444, 11618, 12466
2026/08/18 21:01:17.444, 11618, 12466
2026/08/18 21:01:22.445, 11618, 12466
2026/08/18 21:01:27.445, 11618, 12466
2026/08/18 21:01:32.446, 11618, 12466
2026/08/18 21:01:37.446, 11618, 12466
2026/08/18 21:01:42.447, 11618, 12466
2026/08/18 21:01:47.447, 11618, 12466
2026/08/18 21:01:52.448, 11618, 12466
2026/08/18 21:01:57.448, 11618, 12466
2026/08/18 21:02:02.449, 11618, 12466
2026/08/18 21:02:07.450, 11618, 12466
2026/08/18 21:02:12.450, 11618, 12466
2026/08/18 21:02:17.451, 11618, 12466
2026/08/18 21:02:22.451, 11618, 12466
2026/08/18 21:02:27.452, 11618, 12466
2026/08/18 21:02:32.452, 11618, 12466
2026/08/18 21:02:37.453, 11618, 12466
2026/08/18 21:02:42.453, 11618, 12466
2026/08/18 21:02:47.454, 11618, 12466
2026/08/18 21:02:52.454, 11618, 12466
2026/08/18 21:02:57.455, 11618, 12466
2026/08/18 21:03:02.455, 11618, 12466
2026/08/18 21:03:07.456, 11618, 12466
2026/08/18 21:03:12.456, 11618, 12466
2026/08/18 21:03:17.457, 11618, 12466
2026/08/18 21:03:22.458, 11618, 12466
2026/08/18 21:03:27.458, 11618, 12466
2026/08/18 21:03:32.459, 11618, 12466
2026/08/18 21:03:37.459, 11618, 12466
2026/08/18 21:03:42.460, 11618, 12466
2026/08/18 21:03:47.460, 11618, 12466
2026/08/18 21:03:52.461, 11618, 12466
2026/08/18 21:03:57.461, 11618, 12466
2026/08/18 21:04:02.462, 11618, 12466
2026/08/18 21:04:07.462, 11618, 12466
2026/08/18 21:04:12.463, 11618, 12466
2026/08/18 21:04:17.463, 11618, 12466
2026/08/18 21:04:22.464, 11618, 12466
2026/08/18 21:04:27.464, 11618, 12466
2026/08/18 21:04:32.465, 11618, 12466
2026/08/18 21:04:37.466, 11618, 12466
2026/08/18 21:04:42.466, 11618, 12466
2026/08/18 21:04:47.467, 11618, 12466
2026/08/18 21:04:52.467, 11618, 12466
2026/08/18 21:04:57.468, 11618, 12466
2026/08/18 21:05:02.469, 11618, 12466
2026/08/18 21:05:07.469, 11618, 12466
2026/08/18 21:05:12.470, 11618, 12466
2026/08/18 21:05:17.470, 11618, 12466
2026/08/18 21:05:22.471, 11618, 12466
2026/08/18 21:05:27.471, 11618, 12466
2026/08/18 21:05:32.472, 11618, 12466
2026/08/18 21:05:37.473, 11618, 12466
2026/08/18 21:05:42.473, 11618, 12466
2026/08/18 21:05:47.474, 11618, 12466
2026/08/18 21:05:52.474, 11618, 12466
2026/08/18 21:05:57.475, 11618, 12466
2026/08/18 21:06:02.475, 11618, 12466
2026/08/18 21:06:07.476, 11618, 12466
2026/08/18 21:06:12.477, 11618, 12466
2026/08/18 21:06:17.477, 11618, 12466
2026/08/18 21:06:22.478, 11618, 12466
2026/08/18 21:06:27.478, 11618, 12466
2026/08/18 21:06:32.479, 11618, 12466
2026/08/18 21:06:37.479, 11618, 12466
2026/08/18 21:06:42.480, 11618, 12466
2026/08/18 21:06:47.481, 11618, 12466
2026/08/18 21:06:52.481, 11618, 12466
2026/08/18 21:06:57.482, 11618, 12466
2026/08/18 21:07:02.482, 11618, 12466
2026/08/18 21:07:07.483, 11618, 12466
2026/08/18 21:07:12.483, 11618, 12466
2026/08/18 21:07:17.484, 11618, 12466
2026/08/18 21:07:22.484, 11618, 12466
2026/08/18 21:07:27.485, 11618, 12466
2026/08/18 21:07:32.485, 11618, 12466
2026/08/18 21:07:37.486, 11618, 12466
2026/08/18 21:07:42.487, 11618, 12466
2026/08/18 21:07:47.487, 11618, 12466
2026/08/18 21:07:52.488, 11618, 12466
2026/08/18 21:07:57.488, 11618, 12466
2026/08/18 21:08:02.489, 11618, 12466
2026/08/18 21:08:07.489, 11618, 12466
2026/08/18 21:08:12.490, 11618, 12466
2026/08/18 21:08:17.490, 11618, 12466
2026/08/18 21:08:22.491, 11618, 12466
2026/08/18 21:08:27.491, 11618, 12466
2026/08/18 21:08:32.492, 11618, 12466
2026/08/18 21:08:37.493, 11618, 12466
2026/08/18 21:08:42.493, 11618, 12466
2026/08/18 21:08:47.494, 11618, 12466
2026/08/18 21:08:52.494, 11618, 12466
2026/08/18 21:08:57.495, 11618, 12466
2026/08/18 21:09:02.495, 11618, 12466
2026/08/18 21:09:07.496, 11618, 12466
2026/08/18 21:09:12.496, 11618, 12466
2026/08/18 21:09:17.497, 11618, 12466
2026/08/18 21:09:22.497, 11618, 12466
2026/08/18 21:09:27.498, 11618, 12466
2026/08/18 21:09:32.499, 11618, 12466
2026/08/18 21:09:37.499, 11618, 12466
2026/08/18 21:09:42.500, 11618, 12466
2026/08/18 21:09:47.500, 11618, 12466
2026/08/18 21:09:52.502, 11618, 12466
2026/08/18 21:09:57.504, 11618, 12466
2026/08/18 21:10:02.511, 11618, 12466
2026/08/18 21:10:07.512, 11618, 12466
2026/08/18 21:10:12.514, 11618, 12466
2026/08/18 21:10:17.518, 11618, 12466
2026/08/18 21:10:22.521, 11618, 12466
2026/08/18 21:10:27.523, 11618, 12466
2026/08/18 21:10:32.527, 11618, 12466
2026/08/18 21:10:37.532, 11618, 12466
2026/08/18 21:10:42.537, 11618, 12466
2026/08/18 21:10:47.540, 11618, 12466
2026/08/18 21:10:52.544, 11618, 12466
2026/08/18 21:10:57.550, 11618, 12466
2026/08/18 21:11:02.555, 11618, 12466
2026/08/18 21:11:07.561, 11618, 12466
2026/08/18 21:11:12.565, 11618, 12466
2026/08/18 21:11:17.569, 11618, 12466
2026/08/18 21:11:22.572, 11618, 12466
2026/08/18 21:11:27.576, 11618, 12466
2026/08/18 21:11:32.579, 11618, 12466
2026/08/18 21:11:37.580, 11618, 12466
2026/08/18 21:11:42.580, 11618, 12466
2026/08/18 21:11:47.581, 11618, 12466
2026/08/18 21:11:52.581, 11618, 12466
2026/08/18 21:11:57.582, 11618, 12466
2026/08/18 21:12:02.582, 11618, 12466
2026/08/18 21:12:07.583, 11618, 12466
2026/08/18 21:12:12.583, 11618, 12466
2026/08/18 21:12:17.584, 11618, 12466
2026/08/18 21:12:22.584, 11618, 12466
2026/08/18 21:12:27.585, 11618, 12466
2026/08/18 21:12:32.585, 11618, 12466
2026/08/18 21:12:37.586, 11618, 12466
2026/08/18 21:12:42.586, 11618, 12466
2026/08/18 21:12:47.587, 11618, 12466
2026/08/18 21:12:52.587, 11618, 12466
2026/08/18 21:12:57.588, 11618, 12466
2026/08/18 21:13:02.588, 11618, 12466
2026/08/18 21:13:07.589, 11618, 12466
2026/08/18 21:13:12.589, 11618, 12466
2026/08/18 21:13:17.590, 11618, 12466
2026/08/18 21:13:22.590, 11618, 12466
2026/08/18 21:13:27.591, 11618, 12466
2026/08/18 21:13:32.591, 11618, 12466
2026/08/18 21:13:37.592, 11618, 12466
2026/08/18 21:13:42.592, 11618, 12466
2026/08/18 21:13:47.593, 11618, 12466
2026/08/18 21:13:52.594, 11618, 12466
2026/08/18 21:13:57.594, 11618, 12466
2026/08/18 21:14:02.595, 11618, 12466
2026/08/18 21:14:07.595, 11618, 12466
2026/08/18 21:14:12.596, 11618, 12466
2026/08/18 21:14:17.596, 11618, 12466
2026/08/18 21:14:22.597, 11618, 12466
2026/08/18 21:14:27.598, 11618, 12466
2026/08/18 21:14:32.598, 11618, 12466
2026/08/18 21:14:37.599, 11618, 12466
2026/08/18 21:14:42.599, 11618, 12466
2026/08/18 21:14:47.600, 11618, 12466
2026/08/18 21:14:52.600, 11618, 12466
2026/08/18 21:14:57.601, 11618, 12466
2026/08/18 21:15:02.602, 11618, 12466
2026/08/18 21:15:07.602, 11618, 12466
2026/08/18 21:15:12.603, 11618, 12466
2026/08/18 21:15:17.603, 11618, 12466
2026/08/18 21:15:22.604, 11618, 12466
2026/08/18 21:15:27.604, 11618, 12466
2026/08/18 21:15:32.605, 11618, 12466
2026/08/18 21:15:37.605, 11618, 12466
2026/08/18 21:15:42.606, 11618, 12466
2026/08/18 21:15:47.607, 11618, 12466
2026/08/18 21:15:52.607, 11618, 12466
2026/08/18 21:15:57.608, 11618, 12466
2026/08/18 21:16:02.608, 11618, 12466
2026/08/18 21:16:07.608, 11618, 12466
2026/08/18 21:16:12.609, 11618, 12466
2026/08/18 21:16:17.609, 11618, 12466
2026/08/18 21:16:22.610, 11618, 12466
2026/08/18 21:16:27.610, 11618, 12466
2026/08/18 21:16:32.611, 11618, 12466
2026/08/18 21:16:37.611, 11618, 12466
2026/08/18 21:16:42.611, 11618, 12466
2026/08/18 21:16:47.612, 11618, 12466
2026/08/18 21:16:52.612, 11618, 12466
2026/08/18 21:16:57.613, 11618, 12466
2026/08/18 21:17:02.613, 11618, 12466
2026/08/18 21:17:07.614, 11618, 12466
2026/08/18 21:17:12.614, 11618, 12466
2026/08/18 21:17:17.614, 11618, 12466
2026/08/18 21:17:22.615, 11618, 12466
2026/08/18 21:17:27.615, 11618, 12466
2026/08/18 21:17:32.616, 11618, 12466
2026/08/18 21:17:37.616, 11618, 12466
2026/08/18 21:17:42.617, 11618, 12466
2026/08/18 21:17:47.617, 11618, 12466
2026/08/18 21:17:52.618, 11618, 12466
2026/08/18 21:17:57.618, 11618, 12466
2026/08/18 21:18:02.619, 11618, 12466
2026/08/18 21:18:07.619, 11618, 12466
2026/08/18 21:18:12.619, 11618, 12466
2026/08/18 21:18:17.620, 11618, 12466
2026/08/18 21:18:22.620, 11618, 12466
2026/08/18 21:18:27.621, 11618, 12466
2026/08/18 21:18:32.621, 11618, 12466
2026/08/18 21:18:37.622, 11618, 12466
2026/08/18 21:18:42.622, 11618, 12466
2026/08/18 21:18:47.622, 11618, 12466
2026/08/18 21:18:52.623, 11618, 12466
2026/08/18 21:18:57.623, 11618, 12466
2026/08/18 21:19:02.624, 11618, 12466
2026/08/18 21:19:07.624, 11618, 12466
2026/08/18 21:19:12.625, 11618, 12466
2026/08/18 21:19:17.625, 11618, 12466
2026/08/18 21:19:22.626, 11618, 12466
2026/08/18 21:19:27.626, 11618, 12466
2026/08/18 21:19:32.627, 11618, 12466
2026/08/18 21:19:37.627, 11618, 12466
2026/08/18 21:19:42.628, 11618, 12466
2026/08/18 21:19:47.628, 11618, 12466
2026/08/18 21:19:52.629, 11618, 12466
2026/08/18 21:19:57.629, 11618, 12466
2026/08/18 21:20:02.630, 11618, 12466
2026/08/18 21:20:07.630, 11618, 12466
2026/08/18 21:20:12.631, 11618, 12466
2026/08/18 21:20:17.631, 11618, 12466
2026/08/18 21:20:22.632, 11618, 12466
2026/08/18 21:20:27.632, 11618, 12466
2026/08/18 21:20:32.632, 11618, 12466
2026/08/18 21:20:37.633, 11618, 12466
2026/08/18 21:20:42.633, 11618, 12466
2026/08/18 21:20:47.634, 11618, 12466
2026/08/18 21:20:52.634, 11618, 12466
2026/08/18 21:20:57.635, 11618, 12466
2026/08/18 21:21:02.635, 11618, 12466
2026/08/18 21:21:07.636, 11618, 12466
2026/08/18 21:21:12.636, 11618, 12466
2026/08/18 21:21:17.636, 11618, 12466
2026/08/18 21:21:22.637, 11618, 12466
2026/08/18 21:21:27.637, 11618, 12466
2026/08/18 21:21:32.638, 11618, 12466
2026/08/18 21:21:37.638, 11618, 12466
2026/08/18 21:21:42.639, 11618, 12466
2026/08/18 21:21:47.639, 11618, 12466
2026/08/18 21:21:52.640, 11618, 12466
2026/08/18 21:21:57.640, 11618, 12466
2026/08/18 21:22:02.641, 11618, 12466
2026/08/18 21:22:07.641, 11618, 12466
2026/08/18 21:22:12.650, 11618, 12466
2026/08/18 21:22:17.651, 11618, 12466
2026/08/18 21:22:22.651, 11618, 12466
2026/08/18 21:22:27.652, 11618, 12466
2026/08/18 21:22:32.661, 11618, 12466
2026/08/18 21:22:37.669, 11618, 12466
2026/08/18 21:22:42.670, 11618, 12466
2026/08/18 21:22:47.670, 11618, 12466
2026/08/18 21:22:52.671, 11618, 12466
2026/08/18 21:22:57.680, 11618, 12466
2026/08/18 21:23:02.680, 11618, 12466
2026/08/18 21:23:07.681, 11618, 12466
2026/08/18 21:23:12.681, 11618, 12466
2026/08/18 21:23:17.682, 11618, 12466
2026/08/18 21:23:22.682, 11618, 12466
2026/08/18 21:23:27.683, 11618, 12466
2026/08/18 21:23:32.683, 11618, 12466
2026/08/18 21:23:37.684, 11618, 12466
2026/08/18 21:23:42.684, 11618, 12466
2026/08/18 21:23:47.684, 11618, 12466
2026/08/18 21:23:52.685, 11618, 12466
2026/08/18 21:23:57.685, 11618, 12466
2026/08/18 21:24:02.686, 11618, 12466
2026/08/18 21:24:07.686, 11618, 12466
2026/08/18 21:24:12.687, 11618, 12466
2026/08/18 21:24:17.687, 11618, 12466
2026/08/18 21:24:22.687, 11618, 12466
2026/08/18 21:24:27.688, 11618, 12466
2026/08/18 21:24:32.688, 11618, 12466
2026/08/18 21:24:37.689, 11618, 12466
2026/08/18 21:24:42.689, 11618, 12466
2026/08/18 21:24:47.690, 11618, 12466
2026/08/18 21:24:52.690, 11618, 12466
2026/08/18 21:24:57.691, 11618, 12466
2026/08/18 21:25:02.691, 11618, 12466
2026/08/18 21:25:07.692, 11618, 12466
2026/08/18 21:25:12.692, 11618, 12466
2026/08/18 21:25:17.692, 11618, 12466
2026/08/18 21:25:22.693, 11618, 12466
2026/08/18 21:25:27.694, 11618, 12466
2026/08/18 21:25:32.695, 11618, 12466
2026/08/18 21:25:37.695, 11618, 12466
2026/08/18 21:25:42.695, 11618, 12466
2026/08/18 21:25:47.696, 11618, 12466
2026/08/18 21:25:52.696, 11618, 12466
2026/08/18 21:25:57.697, 11618, 12466
2026/08/18 21:26:02.697, 11618, 12466
2026/08/18 21:26:07.698, 11618, 12466
2026/08/18 21:26:12.698, 11618, 12466
2026/08/18 21:26:17.699, 11618, 12466
2026/08/18 21:26:22.699, 11618, 12466
2026/08/18 21:26:27.700, 11618, 12466
2026/08/18 21:26:32.700, 11618, 12466
2026/08/18 21:26:37.701, 11618, 12466
2026/08/18 21:26:42.701, 11618, 12466
2026/08/18 21:26:47.702, 11618, 12466
2026/08/18 21:26:52.703, 11618, 12466
2026/08/18 21:26:57.703, 11618, 12466
2026/08/18 21:27:02.704, 11618, 12466
2026/08/18 21:27:07.704, 11618, 12466
2026/08/18 21:27:12.705, 11618, 12466
2026/08/18 21:27:17.705, 11618, 12466
2026/08/18 21:27:22.706, 11618, 12466
2026/08/18 21:27:27.706, 11618, 12466
2026/08/18 21:27:32.707, 11618, 12466
2026/08/18 21:27:37.707, 11618, 12466
2026/08/18 21:27:42.708, 11618, 12466
2026/08/18 21:27:47.708, 11618, 12466
2026/08/18 21:27:52.709, 11618, 12466
2026/08/18 21:27:57.709, 11618, 12466
2026/08/18 21:28:02.710, 11618, 12466
2026/08/18 21:28:07.711, 11618, 12466
2026/08/18 21:28:12.711, 11618, 12466
2026/08/18 21:28:17.712, 11618, 12466
2026/08/18 21:28:22.712, 11618, 12466
2026/08/18 21:28:27.713, 11618, 12466
2026/08/18 21:28:32.713, 11618, 12466
2026/08/18 21:28:37.713, 11618, 12466
2026/08/18 21:28:42.714, 11618, 12466
2026/08/18 21:28:47.714, 11618, 12466
2026/08/18 21:28:52.715, 11618, 12466
2026/08/18 21:28:57.715, 11618, 12466
2026/08/18 21:29:02.716, 11618, 12466
2026/08/18 21:29:07.717, 11618, 12466
2026/08/18 21:29:12.717, 11618, 12466
2026/08/18 21:29:17.718, 11618, 12466
2026/08/18 21:29:22.718, 11618, 12466
2026/08/18 21:29:27.719, 11618, 12466
2026/08/18 21:29:32.719, 11618, 12466
2026/08/18 21:29:37.720, 11618, 12466
2026/08/18 21:29:42.720, 11618, 12466
2026/08/18 21:29:47.721, 11618, 12466
2026/08/18 21:29:52.721, 11618, 12466
2026/08/18 21:29:57.722, 11618, 12466
2026/08/18 21:30:02.722, 11618, 12466
2026/08/18 21:30:07.723, 11618, 12466
2026/08/18 21:30:12.723, 11618, 12466
2026/08/18 21:30:17.724, 11618, 12466
2026/08/18 21:30:22.724, 11618, 12466
2026/08/18 21:30:27.725, 11618, 12466
2026/08/18 21:30:32.725, 11618, 12466
2026/08/18 21:30:37.726, 11618, 12466
2026/08/18 21:30:42.726, 11618, 12466
2026/08/18 21:30:47.727, 11618, 12466
2026/08/18 21:30:52.727, 11618, 12466
2026/08/18 21:30:57.728, 11618, 12466
2026/08/18 21:31:02.728, 11618, 12466
2026/08/18 21:31:07.729, 11618, 12466
2026/08/18 21:31:12.729, 11618, 12466
2026/08/18 21:31:17.730, 11618, 12466
2026/08/18 21:31:22.730, 11618, 12466
2026/08/18 21:31:27.731, 11618, 12466
2026/08/18 21:31:32.731, 11618, 12466
2026/08/18 21:31:37.732, 11618, 12466
2026/08/18 21:31:42.732, 11618, 12466
2026/08/18 21:31:47.733, 11618, 12466
2026/08/18 21:31:52.733, 11618, 12466
2026/08/18 21:31:57.734, 11618, 12466
2026/08/18 21:32:02.734, 11618, 12466
2026/08/18 21:32:07.735, 11618, 12466
2026/08/18 21:32:12.735, 11618, 12466
2026/08/18 21:32:17.736, 11618, 12466
2026/08/18 21:32:22.736, 11618, 12466
2026/08/18 21:32:27.736, 11618, 12466
2026/08/18 21:32:32.737, 11618, 12466
2026/08/18 21:32:37.737, 11618, 12466
2026/08/18 21:32:42.738, 11618, 12466
2026/08/18 21:32:47.738, 11618, 12466
2026/08/18 21:32:52.739, 11618, 12466
2026/08/18 21:32:57.740, 11618, 12466
2026/08/18 21:33:02.740, 11618, 12466
2026/08/18 21:33:07.741, 11618, 12466
2026/08/18 21:33:12.741, 11618, 12466
2026/08/18 21:33:17.742, 11618, 12466
2026/08/18 21:33:22.742, 11618, 12466
2026/08/18 21:33:27.743, 11618, 12466
2026/08/18 21:33:32.743, 11618, 12466
2026/08/18 21:33:37.744, 11618, 12466
2026/08/18 21:33:42.744, 11618, 12466
2026/08/18 21:33:47.745, 11618, 12466
2026/08/18 21:33:52.745, 11618, 12466
2026/08/18 21:33:57.746, 11618, 12466
2026/08/18 21:34:02.746, 11618, 12466
2026/08/18 21:34:07.747, 11618, 12466
2026/08/18 21:34:12.747, 11618, 12466
2026/08/18 21:34:17.748, 11618, 12466
2026/08/18 21:34:22.748, 11618, 12466
2026/08/18 21:34:27.748, 11618, 12466
2026/08/18 21:34:32.749, 11618, 12466
2026/08/18 21:34:37.749, 11618, 12466
2026/08/18 21:34:42.750, 11618, 12466
2026/08/18 21:34:47.751, 11618, 12466
2026/08/18 21:34:52.751, 11618, 12466
2026/08/18 21:34:57.752, 11618, 12466
2026/08/18 21:35:02.752, 11618, 12466
2026/08/18 21:35:07.753, 11618, 12466
2026/08/18 21:35:12.753, 11618, 12466
2026/08/18 21:35:17.754, 11618, 12466
2026/08/18 21:35:22.754, 11618, 12466
2026/08/18 21:35:27.755, 11618, 12466
2026/08/18 21:35:32.755, 11618, 12466
2026/08/18 21:35:37.756, 11618, 12466
2026/08/18 21:35:42.756, 11618, 12466
2026/08/18 21:35:47.757, 11618, 12466
2026/08/18 21:35:52.757, 11618, 12466
2026/08/18 21:35:57.758, 11618, 12466
2026/08/18 21:36:02.758, 11618, 12466
2026/08/18 21:36:07.759, 11618, 12466
2026/08/18 21:36:12.759, 11618, 12466
2026/08/18 21:36:17.760, 11618, 12466
2026/08/18 21:36:22.760, 11618, 12466
2026/08/18 21:36:27.761, 11618, 12466
2026/08/18 21:36:32.761, 11618, 12466
2026/08/18 21:36:37.762, 11618, 12466
2026/08/18 21:36:42.762, 11618, 12466
2026/08/18 21:36:47.763, 11618, 12466
2026/08/18 21:36:52.763, 11618, 12466
2026/08/18 21:36:57.764, 11618, 12466
2026/08/18 21:37:02.764, 11618, 12466
2026/08/18 21:37:07.765, 11618, 12466
2026/08/18 21:37:12.765, 11618, 12466
2026/08/18 21:37:17.766, 11618, 12466
2026/08/18 21:37:22.766, 11618, 12466
2026/08/18 21:37:27.767, 11618, 12466
2026/08/18 21:37:32.767, 11618, 12466
2026/08/18 21:37:37.768, 11618, 12466
2026/08/18 21:37:42.768, 11618, 12466
2026/08/18 21:37:47.769, 11618, 12466
2026/08/18 21:37:52.769, 11618, 12466
2026/08/18 21:37:57.770, 11618, 12466
2026/08/18 21:38:02.770, 11618, 12466
2026/08/18 21:38:07.771, 11618, 12466
2026/08/18 21:38:12.771, 11618, 12466
2026/08/18 21:38:17.772, 11618, 12466
2026/08/18 21:38:22.772, 11618, 12466
2026/08/18 21:38:27.773, 11618, 12466
2026/08/18 21:38:32.774, 11618, 12466
2026/08/18 21:38:37.774, 11618, 12466
2026/08/18 21:38:42.774, 11618, 12466
2026/08/18 21:38:47.775, 11618, 12466
2026/08/18 21:38:52.776, 11618, 12466
2026/08/18 21:38:57.776, 11618, 12466
2026/08/18 21:39:02.777, 11618, 12466
2026/08/18 21:39:07.777, 11618, 12466
2026/08/18 21:39:12.778, 11618, 12466
2026/08/18 21:39:17.778, 11618, 12466
2026/08/18 21:39:22.779, 11618, 12466
2026/08/18 21:39:27.779, 11618, 12466
2026/08/18 21:39:32.780, 11618, 12466
2026/08/18 21:39:37.780, 11618, 12466
2026/08/18 21:39:42.781, 11618, 12466
2026/08/18 21:39:47.781, 11618, 12466
2026/08/18 21:39:52.782, 11618, 12466
2026/08/18 21:39:57.782, 11618, 12466
2026/08/18 21:40:02.783, 11618, 12466
2026/08/18 21:40:07.783, 11618, 12466
2026/08/18 21:40:12.784, 11618, 12466
2026/08/18 21:40:17.784, 11618, 12466
2026/08/18 21:40:22.785, 11618, 12466
2026/08/18 21:40:27.785, 11618, 12466
2026/08/18 21:40:32.786, 11618, 12466
2026/08/18 21:40:37.786, 11618, 12466
2026/08/18 21:40:42.787, 11618, 12466
2026/08/18 21:40:47.787, 11618, 12466
2026/08/18 21:40:52.788, 11618, 12466
2026/08/18 21:40:57.788, 11618, 12466
2026/08/18 21:41:02.789, 11618, 12466
2026/08/18 21:41:07.790, 11618, 12466
2026/08/18 21:41:12.790, 11618, 12466
2026/08/18 21:41:17.791, 11618, 12466
2026/08/18 21:41:22.791, 11618, 12466
2026/08/18 21:41:27.792, 11618, 12466
2026/08/18 21:41:32.792, 11618, 12466
2026/08/18 21:41:37.793, 11618, 12466
2026/08/18 21:41:42.793, 11618, 12466
2026/08/18 21:41:47.794, 11618, 12466
2026/08/18 21:41:52.794, 11618, 12466
2026/08/18 21:41:57.795, 11618, 12466
2026/08/18 21:42:02.795, 11618, 12466
2026/08/18 21:42:07.796, 11618, 12466
2026/08/18 21:42:12.796, 11618, 12466
2026/08/18 21:42:17.797, 11618, 12466
2026/08/18 21:42:22.797, 11618, 12466
2026/08/18 21:42:27.798, 11618, 12466
2026/08/18 21:42:32.798, 11618, 12466
2026/08/18 21:42:37.799, 11618, 12466
2026/08/18 21:42:42.799, 11618, 12466
2026/08/18 21:42:47.800, 11618, 12466
2026/08/18 21:42:52.800, 11618, 12466
2026/08/18 21:42:57.801, 11618, 12466
2026/08/18 21:43:02.801, 11618, 12466
2026/08/18 21:43:07.802, 11618, 12466
2026/08/18 21:43:12.802, 11618, 12466
2026/08/18 21:43:17.803, 11618, 12466
2026/08/18 21:43:22.803, 11618, 12466
2026/08/18 21:43:27.804, 11618, 12466
2026/08/18 21:43:32.804, 11618, 12466
2026/08/18 21:43:37.805, 11618, 12466
2026/08/18 21:43:42.805, 11618, 12466
2026/08/18 21:43:47.806, 11618, 12466
2026/08/18 21:43:52.806, 11618, 12466
2026/08/18 21:43:57.807, 11618, 12466
2026/08/18 21:44:02.807, 11618, 12466
2026/08/18 21:44:07.808, 11618, 12466
2026/08/18 21:44:12.808, 11618, 12466
2026/08/18 21:44:17.809, 11618, 12466
2026/08/18 21:44:22.809, 11618, 12466
2026/08/18 21:44:27.810, 11618, 12466
2026/08/18 21:44:32.810, 11618, 12466
2026/08/18 21:44:37.811, 11618, 12466
2026/08/18 21:44:42.811, 11618, 12466
2026/08/18 21:44:47.812, 11618, 12466
2026/08/18 21:44:52.812, 11618, 12466
2026/08/18 21:44:57.813, 11618, 12466
2026/08/18 21:45:02.813, 11618, 12466
2026/08/18 21:45:07.814, 11618, 12466
2026/08/18 21:45:12.814, 11618, 12466
2026/08/18 21:45:17.815, 11618, 12466
2026/08/18 21:45:22.815, 11618, 12466
2026/08/18 21:45:27.816, 11618, 12466
2026/08/18 21:45:32.816, 11618, 12466
2026/08/18 21:45:37.817, 11618, 12466
2026/08/18 21:45:42.817, 11618, 12466
2026/08/18 21:45:47.818, 11618, 12466
2026/08/18 21:45:52.818, 11618, 12466
2026/08/18 21:45:57.819, 11618, 12466
2026/08/18 21:46:02.819, 11618, 12466
2026/08/18 21:46:07.820, 11618, 12466
2026/08/18 21:46:12.820, 11618, 12466
2026/08/18 21:46:17.821, 11618, 12466
2026/08/18 21:46:22.821, 11618, 12466
2026/08/18 21:46:27.822, 11618, 12466
2026/08/18 21:46:32.822, 11618, 12466
2026/08/18 21:46:37.823, 11618, 12466
2026/08/18 21:46:42.823, 11618, 12466
2026/08/18 21:46:47.824, 11618, 12466
2026/08/18 21:46:52.824, 11618, 12466
2026/08/18 21:46:57.825, 11618, 12466
2026/08/18 21:47:02.825, 11618, 12466
2026/08/18 21:47:07.826, 11618, 12466
2026/08/18 21:47:12.826, 11618, 12466
2026/08/18 21:47:17.827, 11618, 12466
2026/08/18 21:47:22.827, 11618, 12466
2026/08/18 21:47:27.828, 11618, 12466
2026/08/18 21:47:32.828, 11618, 12466
2026/08/18 21:47:37.829, 11618, 12466
2026/08/18 21:47:42.829, 11618, 12466
2026/08/18 21:47:47.830, 11618, 12466
2026/08/18 21:47:52.830, 11618, 12466
2026/08/18 21:47:57.831, 11618, 12466
2026/08/18 21:48:02.831, 11618, 12466
2026/08/18 21:48:07.832, 11618, 12466
2026/08/18 21:48:12.832, 11618, 12466
2026/08/18 21:48:17.833, 11618, 12466
2026/08/18 21:48:22.833, 11618, 12466
2026/08/18 21:48:27.834, 11618, 12466
2026/08/18 21:48:32.835, 11618, 12466
2026/08/18 21:48:37.835, 11618, 12466
2026/08/18 21:48:42.836, 11618, 12466
2026/08/18 21:48:47.836, 11618, 12466
2026/08/18 21:48:52.837, 11618, 12466
2026/08/18 21:48:57.837, 11618, 12466
2026/08/18 21:49:02.838, 11618, 12466
2026/08/18 21:49:07.838, 11618, 12466
2026/08/18 21:49:12.839, 11618, 12466
2026/08/18 21:49:17.839, 11618, 12466
2026/08/18 21:49:22.840, 11618, 12466
2026/08/18 21:49:27.840, 11618, 12466
2026/08/18 21:49:32.841, 11618, 12466
2026/08/18 21:49:37.841, 11618, 12466
2026/08/18 21:49:42.842, 11618, 12466
2026/08/18 21:49:47.842, 11618, 12466
2026/08/18 21:49:52.843, 11618, 12466
2026/08/18 21:49:57.843, 11618, 12466
2026/08/18 21:50:02.844, 11618, 12466
2026/08/18 21:50:07.845, 11618, 12466
2026/08/18 21:50:12.845, 11618, 12466
2026/08/18 21:50:17.846, 11618, 12466
2026/08/18 21:50:22.846, 11618, 12466
2026/08/18 21:50:27.847, 11618, 12466
2026/08/18 21:50:32.847, 11618, 12466
2026/08/18 21:50:37.848, 11618, 12466
2026/08/18 21:50:42.848, 11618, 12466
2026/08/18 21:50:47.849, 11618, 12466
2026/08/18 21:50:52.849, 11618, 12466
2026/08/18 21:50:57.850, 11618, 12466
2026/08/18 21:51:02.850, 11618, 12466
2026/08/18 21:51:07.851, 11618, 12466
2026/08/18 21:51:12.852, 11618, 12466
2026/08/18 21:51:17.852, 11618, 12466
2026/08/18 21:51:22.853, 11618, 12466
2026/08/18 21:51:27.853, 11618, 12466
2026/08/18 21:51:32.854, 11618, 12466
2026/08/18 21:51:37.854, 11618, 12466
2026/08/18 21:51:42.855, 11618, 12466
2026/08/18 21:51:47.855, 11618, 12466
2026/08/18 21:51:52.856, 11618, 12466
2026/08/18 21:51:57.856, 11618, 12466
2026/08/18 21:52:02.857, 11618, 12466
2026/08/18 21:52:07.857, 11618, 12466
2026/08/18 21:52:12.858, 11618, 12466
2026/08/18 21:52:17.859, 11618, 12466
2026/08/18 21:52:22.859, 11618, 12466
2026/08/18 21:52:27.860, 11618, 12466
2026/08/18 21:52:32.860, 11618, 12466
2026/08/18 21:52:37.861, 11618, 12466
2026/08/18 21:52:42.861, 11618, 12466
2026/08/18 21:52:47.862, 11618, 12466
2026/08/18 21:52:52.862, 11618, 12466
2026/08/18 21:52:57.863, 11618, 12466
2026/08/18 21:53:02.863, 11618, 12466
2026/08/18 21:53:07.864, 11618, 12466
2026/08/18 21:53:12.864, 11618, 12466
2026/08/18 21:53:17.865, 11618, 12466
2026/08/18 21:53:22.865, 11618, 12466
2026/08/18 21:53:27.866, 11618, 12466
2026/08/18 21:53:32.866, 11618, 12466
2026/08/18 21:53:37.867, 11618, 12466
2026/08/18 21:53:42.867, 11618, 12466
2026/08/18 21:53:47.868, 11618, 12466
2026/08/18 21:53:52.868, 11618, 12466
2026/08/18 21:53:57.869, 11618, 12466
2026/08/18 21:54:02.869, 11618, 12466
2026/08/18 21:54:07.870, 11618, 12466
2026/08/18 21:54:12.870, 11618, 12466
2026/08/18 21:54:17.871, 11618, 12466
2026/08/18 21:54:22.872, 11618, 12466
2026/08/18 21:54:27.872, 11618, 12466
2026/08/18 21:54:32.873, 11618, 12466
2026/08/18 21:54:37.873, 11618, 12466
2026/08/18 21:54:42.874, 11618, 12466
2026/08/18 21:54:47.874, 11618, 12466
2026/08/18 21:54:52.875, 11618, 12466
2026/08/18 21:54:57.875, 11618, 12466
2026/08/18 21:55:02.876, 11618, 12466
2026/08/18 21:55:07.876, 11618, 12466
2026/08/18 21:55:12.877, 11618, 12466
2026/08/18 21:55:17.877, 11618, 12466
2026/08/18 21:55:22.878, 11618, 12466
2026/08/18 21:55:27.879, 11618, 12466
2026/08/18 21:55:32.879, 11618, 12466
2026/08/18 21:55:37.880, 11618, 12466
2026/08/18 21:55:42.880, 11618, 12466
2026/08/18 21:55:47.881, 11618, 12466
2026/08/18 21:55:52.881, 11618, 12466
2026/08/18 21:55:57.882, 11618, 12466
2026/08/18 21:56:02.882, 11618, 12466
2026/08/18 21:56:07.883, 11618, 12466
2026/08/18 21:56:12.883, 11618, 12466
2026/08/18 21:56:17.884, 11618, 12466
2026/08/18 21:56:22.885, 11618, 12466
2026/08/18 21:56:27.885, 11618, 12466
2026/08/18 21:56:32.886, 11618, 12466
2026/08/18 21:56:37.886, 11618, 12466
2026/08/18 21:56:42.887, 11618, 12466
2026/08/18 21:56:47.887, 11618, 12466
2026/08/18 21:56:52.888, 11618, 12466
2026/08/18 21:56:57.888, 11618, 12466
2026/08/18 21:57:02.889, 11618, 12466
2026/08/18 21:57:07.889, 11618, 12466
2026/08/18 21:57:12.890, 11618, 12466
2026/08/18 21:57:17.890, 11618, 12466
2026/08/18 21:57:22.891, 11618, 12466
2026/08/18 21:57:27.892, 11618, 12466
2026/08/18 21:57:32.892, 11618, 12466
2026/08/18 21:57:37.893, 11618, 12466
2026/08/18 21:57:42.893, 11618, 12466
2026/08/18 21:57:47.894, 11618, 12466
2026/08/18 21:57:52.894, 11618, 12466
2026/08/18 21:57:57.895, 11618, 12466
2026/08/18 21:58:02.895, 11618, 12466
2026/08/18 21:58:07.896, 11618, 12466
2026/08/18 21:58:12.896, 11618, 12466
2026/08/18 21:58:17.897, 11618, 12466
2026/08/18 21:58:22.897, 11618, 12466
2026/08/18 21:58:27.898, 11618, 12466
2026/08/18 21:58:32.898, 11618, 12466
2026/08/18 21:58:37.899, 11618, 12466
2026/08/18 21:58:42.900, 11618, 12466
2026/08/18 21:58:47.900, 11618, 12466
2026/08/18 21:58:52.901, 11618, 12466
2026/08/18 21:58:57.901, 11618, 12466
2026/08/18 21:59:02.902, 11618, 12466
2026/08/18 21:59:07.902, 11618, 12466
2026/08/18 21:59:12.903, 11618, 12466
2026/08/18 21:59:17.903, 11618, 12466
2026/08/18 21:59:22.904, 11618, 12466
2026/08/18 21:59:27.904, 11618, 12466
2026/08/18 21:59:32.905, 11618, 12466
2026/08/18 21:59:37.906, 11618, 12466
2026/08/18 21:59:42.906, 11618, 12466
2026/08/18 21:59:47.907, 11618, 12466
2026/08/18 21:59:52.907, 11618, 12466
2026/08/18 21:59:57.908, 11618, 12466
2026/08/18 22:00:02.908, 11618, 12466
2026/08/18 22:00:07.909, 11618, 12466
2026/08/18 22:00:12.909, 11618, 12466
2026/08/18 22:00:17.910, 11618, 12466
2026/08/18 22:00:22.911, 11618, 12466
2026/08/18 22:00:27.911, 11618, 12466
2026/08/18 22:00:32.912, 11618, 12466
2026/08/18 22:00:37.912, 11618, 12466
2026/08/18 22:00:42.913, 11618, 12466
2026/08/18 22:00:47.913, 11618, 12466
2026/08/18 22:00:52.914, 11618, 12466
2026/08/18 22:00:57.914, 11618, 12466
2026/08/18 22:01:02.915, 11618, 12466
2026/08/18 22:01:07.915, 11618, 12466
2026/08/18 22:01:12.916, 11618, 12466
2026/08/18 22:01:17.916, 11618, 12466
2026/08/18 22:01:22.917, 11618, 12466
2026/08/18 22:01:27.917, 11618, 12466
2026/08/18 22:01:32.918, 11618, 12466
2026/08/18 22:01:37.919, 11618, 12466
2026/08/18 22:01:42.919, 11618, 12466
2026/08/18 22:01:47.920, 11618, 12466
2026/08/18 22:01:52.920, 11618, 12466
2026/08/18 22:01:57.921, 11618, 12466
2026/08/18 22:02:02.922, 11618, 12466
2026/08/18 22:02:07.922, 11618, 12466
2026/08/18 22:02:12.923, 11618, 12466
2026/08/18 22:02:17.923, 11618, 12466
2026/08/18 22:02:22.924, 11618, 12466
2026/08/18 22:02:27.924, 11618, 12466
2026/08/18 22:02:32.925, 11618, 12466
2026/08/18 22:02:37.925, 11618, 12466
2026/08/18 22:02:42.926, 11618, 12466
2026/08/18 22:02:47.926, 11618, 12466
2026/08/18 22:02:52.927, 11618, 12466
2026/08/18 22:02:57.927, 11618, 12466
2026/08/18 22:03:02.928, 11618, 12466
2026/08/18 22:03:07.928, 11618, 12466
2026/08/18 22:03:12.929, 11618, 12466
2026/08/18 22:03:17.929, 11618, 12466
2026/08/18 22:03:22.930, 11618, 12466
2026/08/18 22:03:27.931, 11618, 12466
2026/08/18 22:03:32.931, 11618, 12466
2026/08/18 22:03:37.932, 11618, 12466
2026/08/18 22:03:42.932, 11618, 12466
2026/08/18 22:03:47.933, 11618, 12466
2026/08/18 22:03:52.933, 11618, 12466
2026/08/18 22:03:57.934, 11618, 12466
2026/08/18 22:04:02.934, 11618, 12466
2026/08/18 22:04:07.935, 11618, 12466
2026/08/18 22:04:12.935, 11618, 12466
2026/08/18 22:04:17.936, 11618, 12466
2026/08/18 22:04:22.936, 11618, 12466
2026/08/18 22:04:27.937, 11618, 12466
2026/08/18 22:04:32.937, 11618, 12466
2026/08/18 22:04:37.938, 11618, 12466
2026/08/18 22:04:42.938, 11618, 12466
2026/08/18 22:04:47.939, 11618, 12466
2026/08/18 22:04:52.939, 11618, 12466
2026/08/18 22:04:57.940, 11618, 12466
2026/08/18 22:05:02.940, 11618, 12466
2026/08/18 22:05:07.941, 11618, 12466
2026/08/18 22:05:12.941, 11618, 12466
2026/08/18 22:05:17.942, 11618, 12466
2026/08/18 22:05:22.942, 11618, 12466
2026/08/18 22:05:27.943, 11618, 12466
2026/08/18 22:05:32.943, 11618, 12466
2026/08/18 22:05:37.944, 11618, 12466
2026/08/18 22:05:42.944, 11618, 12466
2026/08/18 22:05:47.945, 11618, 12466
2026/08/18 22:05:52.945, 11618, 12466
2026/08/18 22:05:57.946, 11618, 12466
2026/08/18 22:06:02.946, 11618, 12466
2026/08/18 22:06:07.947, 11618, 12466
2026/08/18 22:06:12.947, 11618, 12466
2026/08/18 22:06:17.948, 11618, 12466
2026/08/18 22:06:22.949, 11618, 12466
2026/08/18 22:06:27.949, 11618, 12466
2026/08/18 22:06:32.950, 11618, 12466
2026/08/18 22:06:37.950, 11618, 12466
2026/08/18 22:06:42.951, 11618, 12466
2026/08/18 22:06:47.951, 11618, 12466
2026/08/18 22:06:52.952, 11618, 12466
2026/08/18 22:06:57.952, 11618, 12466
2026/08/18 22:07:02.953, 11618, 12466
2026/08/18 22:07:07.953, 11618, 12466
2026/08/18 22:07:12.954, 11618, 12466
2026/08/18 22:07:17.954, 11618, 12466
2026/08/18 22:07:22.955, 11618, 12466
2026/08/18 22:07:27.955, 11618, 12466
2026/08/18 22:07:32.956, 11618, 12466
2026/08/18 22:07:37.956, 11618, 12466
2026/08/18 22:07:42.957, 11618, 12466
2026/08/18 22:07:47.957, 11618, 12466
2026/08/18 22:07:52.958, 11618, 12466
2026/08/18 22:07:57.958, 11618, 12466
2026/08/18 22:08:02.959, 11618, 12466
2026/08/18 22:08:07.959, 11618, 12466
2026/08/18 22:08:12.960, 11618, 12466
2026/08/18 22:08:17.960, 11618, 12466
2026/08/18 22:08:22.961, 11618, 12466
2026/08/18 22:08:27.961, 11618, 12466
2026/08/18 22:08:32.962, 11618, 12466
2026/08/18 22:08:37.962, 11618, 12466
2026/08/18 22:08:42.963, 11618, 12466
2026/08/18 22:08:47.963, 11618, 12466
2026/08/18 22:08:52.964, 11618, 12466
2026/08/18 22:08:57.964, 11618, 12466
2026/08/18 22:09:02.965, 11618, 12466
2026/08/18 22:09:07.965, 11618, 12466
2026/08/18 22:09:12.966, 11618, 12466
2026/08/18 22:09:17.967, 11618, 12466
2026/08/18 22:09:22.967, 11618, 12466
2026/08/18 22:09:27.968, 11618, 12466
2026/08/18 22:09:32.968, 11618, 12466
2026/08/18 22:09:37.969, 11618, 12466
2026/08/18 22:09:42.969, 11618, 12466
2026/08/18 22:09:47.970, 11618, 12466
2026/08/18 22:09:52.970, 11618, 12466
2026/08/18 22:09:57.971, 11618, 12466
2026/08/18 22:10:02.971, 11618, 12466
2026/08/18 22:10:07.972, 11618, 12466
2026/08/18 22:10:12.972, 11618, 12466
2026/08/18 22:10:17.973, 11618, 12466
2026/08/18 22:10:22.973, 11618, 12466
2026/08/18 22:10:27.974, 11618, 12466
2026/08/18 22:10:32.975, 11618, 12466
2026/08/18 22:10:37.975, 11618, 12466
2026/08/18 22:10:42.976, 11618, 12466
2026/08/18 22:10:47.976, 11618, 12466
2026/08/18 22:10:52.977, 11618, 12466
2026/08/18 22:10:57.977, 11618, 12466
2026/08/18 22:11:02.978, 11618, 12466
2026/08/18 22:11:07.978, 11618, 12466
2026/08/18 22:11:12.979, 11618, 12466
2026/08/18 22:11:17.979, 11618, 12466
2026/08/18 22:11:22.980, 11618, 12466
2026/08/18 22:11:27.980, 11618, 12466
2026/08/18 22:11:32.981, 11618, 12466
2026/08/18 22:11:37.981, 11618, 12466
2026/08/18 22:11:42.982, 11618, 12466
2026/08/18 22:11:47.983, 11618, 12466
2026/08/18 22:11:52.983, 11618, 12466
2026/08/18 22:11:57.984, 11618, 12466
2026/08/18 22:12:02.984, 11618, 12466
2026/08/18 22:12:07.985, 11618, 12466
2026/08/18 22:12:12.985, 11618, 12466
2026/08/18 22:12:17.986, 11618, 12466
2026/08/18 22:12:22.986, 11618, 12466
2026/08/18 22:12:27.987, 11618, 12466
2026/08/18 22:12:32.987, 11618, 12466
2026/08/18 22:12:37.988, 11618, 12466
2026/08/18 22:12:42.988, 11618, 12466
2026/08/18 22:12:47.989, 11618, 12466
2026/08/18 22:12:52.989, 11618, 12466
2026/08/18 22:12:57.990, 11618, 12466
2026/08/18 22:13:02.990, 11618, 12466
2026/08/18 22:13:07.991, 11618, 12466
2026/08/18 22:13:12.991, 11618, 12466
2026/08/18 22:13:17.992, 11618, 12466
2026/08/18 22:13:22.993, 11618, 12466
2026/08/18 22:13:27.993, 11618, 12466
2026/08/18 22:13:32.994, 11618, 12466
2026/08/18 22:13:37.994, 11618, 12466
2026/08/18 22:13:42.995, 11618, 12466
2026/08/18 22:13:47.995, 11618, 12466
2026/08/18 22:13:52.996, 11618, 12466
2026/08/18 22:13:57.996, 11618, 12466
2026/08/18 22:14:02.997, 11618, 12466
2026/08/18 22:14:07.997, 11618, 12466
2026/08/18 22:14:12.998, 11618, 12466
2026/08/18 22:14:17.998, 11618, 12466
2026/08/18 22:14:22.999, 11618, 12466
2026/08/18 22:14:27.999, 11618, 12466
2026/08/18 22:14:33.000, 11618, 12466
2026/08/18 22:14:38.000, 11618, 12466
2026/08/18 22:14:43.001, 11618, 12466
2026/08/18 22:14:48.002, 11618, 12466
2026/08/18 22:14:53.002, 11618, 12466
2026/08/18 22:14:58.003, 11618, 12466
2026/08/18 22:15:03.003, 11618, 12466
2026/08/18 22:15:08.004, 11618, 12466
2026/08/18 22:15:13.004, 11618, 12466
2026/08/18 22:15:18.005, 11618, 12466
2026/08/18 22:15:23.005, 11618, 12466
2026/08/18 22:15:28.006, 11618, 12466
2026/08/18 22:15:33.006, 11618, 12466
2026/08/18 22:15:38.007, 11618, 12466
2026/08/18 22:15:43.007, 11618, 12466
2026/08/18 22:15:48.008, 11618, 12466
2026/08/18 22:15:53.008, 11618, 12466
2026/08/18 22:15:58.009, 11618, 12466
2026/08/18 22:16:03.009, 11618, 12466
2026/08/18 22:16:08.010, 11618, 12466
2026/08/18 22:16:13.010, 11618, 12466
2026/08/18 22:16:18.011, 11618, 12466
2026/08/18 22:16:23.011, 11618, 12466
2026/08/18 22:16:28.012, 11618, 12466
2026/08/18 22:16:33.012, 11618, 12466
2026/08/18 22:16:38.013, 11618, 12466
2026/08/18 22:16:43.014, 11618, 12466
2026/08/18 22:16:48.014, 11618, 12466
2026/08/18 22:16:53.015, 11618, 12466
2026/08/18 22:16:58.015, 11618, 12466
2026/08/18 22:17:03.016, 11618, 12466
2026/08/18 22:17:08.016, 11618, 12466
2026/08/18 22:17:13.017, 11618, 12466
2026/08/18 22:17:18.017, 11618, 12466
2026/08/18 22:17:23.018, 11618, 12466
2026/08/18 22:17:28.018, 11618, 12466
2026/08/18 22:17:33.019, 11618, 12466
2026/08/18 22:17:38.019, 11618, 12466
2026/08/18 22:17:43.020, 11618, 12466
2026/08/18 22:17:48.020, 11618, 12466
2026/08/18 22:17:53.021, 11618, 12466
2026/08/18 22:17:58.021, 11618, 12466
2026/08/18 22:18:03.022, 11618, 12466
2026/08/18 22:18:08.022, 11618, 12466
2026/08/18 22:18:13.023, 11618, 12466
2026/08/18 22:18:18.024, 11618, 12466
2026/08/18 22:18:23.024, 11618, 12466
2026/08/18 22:18:28.025, 11618, 12466
2026/08/18 22:18:33.025, 11618, 12466
2026/08/18 22:18:38.026, 11618, 12466
2026/08/18 22:18:43.026, 11618, 12466
2026/08/18 22:18:48.027, 11618, 12466
2026/08/18 22:18:53.027, 11618, 12466
2026/08/18 22:18:58.028, 11618, 12466
2026/08/18 22:19:03.028, 11618, 12466
2026/08/18 22:19:08.029, 11618, 12466
2026/08/18 22:19:13.029, 11618, 12466
2026/08/18 22:19:18.030, 11618, 12466
2026/08/18 22:19:23.030, 11618, 12466
2026/08/18 22:19:28.031, 11618, 12466
2026/08/18 22:19:33.031, 11618, 12466
2026/08/18 22:19:38.032, 11618, 12466
2026/08/18 22:19:43.032, 11618, 12466
2026/08/18 22:19:48.033, 11618, 12466
2026/08/18 22:19:53.033, 11618, 12466
2026/08/18 22:19:58.034, 11618, 12466
2026/08/18 22:20:03.034, 11618, 12466
2026/08/18 22:20:08.035, 11618, 12466
2026/08/18 22:20:13.036, 11618, 12466
2026/08/18 22:20:18.036, 11618, 12466
2026/08/18 22:20:23.037, 11618, 12466
2026/08/18 22:20:28.037, 11618, 12466
2026/08/18 22:20:33.038, 11618, 12466
2026/08/18 22:20:38.038, 11618, 12466
2026/08/18 22:20:43.039, 11618, 12466
2026/08/18 22:20:48.040, 11618, 12466
2026/08/18 22:20:53.040, 11618, 12466
2026/08/18 22:20:58.041, 11618, 12466
2026/08/18 22:21:03.041, 11618, 12466
2026/08/18 22:21:08.042, 11618, 12466
2026/08/18 22:21:13.042, 11618, 12466
2026/08/18 22:21:18.043, 11618, 12466
2026/08/18 22:21:23.043, 11618, 12466
2026/08/18 22:21:28.044, 11618, 12466
2026/08/18 22:21:33.045, 11618, 12466
2026/08/18 22:21:38.045, 11618, 12466
2026/08/18 22:21:43.046, 11618, 12466
2026/08/18 22:21:48.046, 11618, 12466
2026/08/18 22:21:53.047, 11618, 12466
2026/08/18 22:21:58.048, 11618, 12466
2026/08/18 22:22:03.048, 11618, 12466
2026/08/18 22:22:08.049, 11618, 12466
2026/08/18 22:22:13.049, 11618, 12466
2026/08/18 22:22:18.050, 11618, 12466
2026/08/18 22:22:23.054, 11618, 12466
2026/08/18 22:22:28.057, 11618, 12466
2026/08/18 22:22:33.063, 11618, 12466
2026/08/18 22:22:38.065, 11618, 12466
2026/08/18 22:22:43.068, 11618, 12466
2026/08/18 22:22:48.072, 11618, 12466
2026/08/18 22:22:53.074, 11618, 12466
2026/08/18 22:22:58.074, 11618, 12466
2026/08/18 22:23:03.078, 11618, 12466
2026/08/18 22:23:08.082, 11618, 12466
2026/08/18 22:23:13.087, 11618, 12466
2026/08/18 22:23:18.089, 11618, 12466
2026/08/18 22:23:23.092, 11618, 12466
2026/08/18 22:23:28.093, 11618, 12466
2026/08/18 22:23:33.096, 11618, 12466
2026/08/18 22:23:38.100, 11618, 12466
2026/08/18 22:23:43.104, 11618, 12466
2026/08/18 22:23:48.106, 11618, 12466
2026/08/18 22:23:53.107, 11618, 12466
2026/08/18 22:23:58.109, 11618, 12466
2026/08/18 22:24:03.110, 11618, 12466
2026/08/18 22:24:08.112, 11618, 12466
2026/08/18 22:24:13.113, 11618, 12466
2026/08/18 22:24:18.116, 11618, 12466
2026/08/18 22:24:23.116, 11618, 12466
2026/08/18 22:24:28.118, 11618, 12466
2026/08/18 22:24:33.119, 11618, 12466
2026/08/18 22:24:38.120, 11618, 12466
2026/08/18 22:24:43.122, 11618, 12466
2026/08/18 22:24:48.125, 11618, 12466
2026/08/18 22:24:53.126, 11618, 12466
2026/08/18 22:24:58.128, 11618, 12466
2026/08/18 22:25:03.131, 11618, 12466
2026/08/18 22:25:08.136, 11618, 12466
2026/08/18 22:25:13.139, 11618, 12466
2026/08/18 22:25:18.142, 11618, 12466
2026/08/18 22:25:23.142, 11618, 12466
2026/08/18 22:25:28.146, 11618, 12466
2026/08/18 22:25:33.150, 11618, 12466
2026/08/18 22:25:38.154, 11618, 12466
2026/08/18 22:25:43.158, 11618, 12466
2026/08/18 22:25:48.161, 11618, 12466
2026/08/18 22:25:53.162, 11618, 12466
2026/08/18 22:25:58.166, 11618, 12466
2026/08/18 22:26:03.167, 11618, 12466
2026/08/18 22:26:08.171, 11618, 12466
2026/08/18 22:26:13.177, 11618, 12466
2026/08/18 22:26:18.181, 11618, 12466
2026/08/18 22:26:23.183, 11618, 12466
2026/08/18 22:26:28.186, 11618, 12466
2026/08/18 22:26:33.190, 11618, 12466
2026/08/18 22:26:38.193, 11618, 12466
2026/08/18 22:26:43.197, 11618, 12466
2026/08/18 22:26:48.199, 11618, 12466
2026/08/18 22:26:53.202, 11618, 12466
2026/08/18 22:26:58.207, 11618, 12466
2026/08/18 22:27:03.208, 11618, 12466
2026/08/18 22:27:08.213, 11618, 12466
2026/08/18 22:27:13.218, 11618, 12466
2026/08/18 22:27:18.221, 11618, 12466
2026/08/18 22:27:23.224, 11618, 12466
2026/08/18 22:27:28.227, 11618, 12466
2026/08/18 22:27:33.232, 11618, 12466
2026/08/18 22:27:38.235, 11618, 12466
2026/08/18 22:27:43.238, 11618, 12466
2026/08/18 22:27:48.240, 11618, 12466
2026/08/18 22:27:53.243, 11618, 12466
2026/08/18 22:27:58.248, 11618, 12466
2026/08/18 22:28:03.250, 11618, 12466
2026/08/18 22:28:08.253, 11618, 12466
2026/08/18 22:28:13.257, 11618, 12466
2026/08/18 22:28:18.260, 11618, 12466
2026/08/18 22:28:23.260, 11618, 12466
2026/08/18 22:28:28.264, 11618, 12466
2026/08/18 22:28:33.269, 11618, 12466
2026/08/18 22:28:38.271, 11618, 12466
2026/08/18 22:28:43.272, 11618, 12466
2026/08/18 22:28:48.275, 11618, 12466
2026/08/18 22:28:53.278, 11618, 12466
2026/08/18 22:28:58.280, 11618, 12466
2026/08/18 22:29:03.283, 11618, 12466
2026/08/18 22:29:08.285, 11618, 12466
2026/08/18 22:29:13.289, 11618, 12466
2026/08/18 22:29:18.292, 11618, 12466
2026/08/18 22:29:23.292, 11618, 12466
2026/08/18 22:29:28.297, 11618, 12466
2026/08/18 22:29:33.301, 11618, 12466
2026/08/18 22:29:38.304, 11618, 12466
2026/08/18 22:29:43.306, 11618, 12466
2026/08/18 22:29:48.309, 11618, 12466
2026/08/18 22:29:53.312, 11618, 12466
2026/08/18 22:29:58.315, 11618, 12466
2026/08/18 22:30:03.318, 11618, 12466
2026/08/18 22:30:08.321, 11618, 12466
2026/08/18 22:30:13.326, 11618, 12466
2026/08/18 22:30:18.328, 11618, 12466
2026/08/18 22:30:23.330, 11618, 12466
2026/08/18 22:30:28.332, 11618, 12466
2026/08/18 22:30:33.336, 11618, 12466
2026/08/18 22:30:38.340, 11618, 12466
2026/08/18 22:30:43.342, 11618, 12466
2026/08/18 22:30:48.345, 11618, 12466
2026/08/18 22:30:53.346, 11618, 12466
2026/08/18 22:30:58.349, 11618, 12466
2026/08/18 22:31:03.351, 11618, 12466
2026/08/18 22:31:08.354, 11618, 12466
2026/08/18 22:31:13.360, 11618, 12466
2026/08/18 22:31:18.362, 11618, 12466
2026/08/18 22:31:23.363, 11618, 12466
2026/08/18 22:31:28.365, 11618, 12466
2026/08/18 22:31:33.369, 11618, 12466
2026/08/18 22:31:38.373, 11618, 12466
2026/08/18 22:31:43.376, 11618, 12466
2026/08/18 22:31:48.378, 11618, 12466
2026/08/18 22:31:53.381, 11618, 12466
2026/08/18 22:31:58.384, 11618, 12466
2026/08/18 22:32:03.387, 11618, 12466
2026/08/18 22:32:08.391, 11618, 12466
2026/08/18 22:32:13.395, 11618, 12466
2026/08/18 22:32:18.398, 11618, 12466
2026/08/18 22:32:23.400, 11618, 12466
2026/08/18 22:32:28.402, 11618, 12466
2026/08/18 22:32:33.407, 11618, 12466
2026/08/18 22:32:38.411, 11618, 12466
2026/08/18 22:32:43.414, 11618, 12466
2026/08/18 22:32:48.416, 11618, 12466
2026/08/18 22:32:53.418, 11618, 12466
2026/08/18 22:32:58.421, 11618, 12466
2026/08/18 22:33:03.424, 11618, 12466
2026/08/18 22:33:08.428, 11618, 12466
2026/08/18 22:33:13.432, 11618, 12466
2026/08/18 22:33:18.435, 11618, 12466
2026/08/18 22:33:23.438, 11618, 12466
2026/08/18 22:33:28.440, 11618, 12466
2026/08/18 22:33:33.444, 11618, 12466
2026/08/18 22:33:38.448, 11618, 12466
2026/08/18 22:33:43.450, 11618, 12466
2026/08/18 22:33:48.454, 11618, 12466
2026/08/18 22:33:53.456, 11618, 12466
2026/08/18 22:33:58.460, 11618, 12466
2026/08/18 22:34:03.463, 11618, 12466
2026/08/18 22:34:08.467, 11618, 12466
2026/08/18 22:34:13.471, 11618, 12466
2026/08/18 22:34:18.474, 11618, 12466
2026/08/18 22:34:23.475, 11618, 12466
2026/08/18 22:34:28.480, 11618, 12466
2026/08/18 22:34:33.484, 11618, 12466
2026/08/18 22:34:38.486, 11618, 12466
2026/08/18 22:34:43.489, 11618, 12466
2026/08/18 22:34:48.491, 11618, 12466
2026/08/18 22:34:53.494, 11618, 12466
2026/08/18 22:34:58.498, 11618, 12466
2026/08/18 22:35:03.500, 11618, 12466
2026/08/18 22:35:08.502, 11618, 12466
2026/08/18 22:35:13.506, 11618, 12466
2026/08/18 22:35:18.508, 11618, 12466
2026/08/18 22:35:23.512, 11618, 12466
2026/08/18 22:35:28.513, 11618, 12466
2026/08/18 22:35:33.518, 11618, 12466
2026/08/18 22:35:38.520, 11618, 12466
2026/08/18 22:35:43.522, 11618, 12466
2026/08/18 22:35:48.525, 11618, 12466
2026/08/18 22:35:53.528, 11618, 12466
2026/08/18 22:35:58.531, 11618, 12466
2026/08/18 22:36:03.534, 11618, 12466
2026/08/18 22:36:08.536, 11618, 12466
2026/08/18 22:36:13.538, 11618, 12466
2026/08/18 22:36:18.539, 11618, 12466
2026/08/18 22:36:23.540, 11618, 12466
2026/08/18 22:36:28.542, 11618, 12466
2026/08/18 22:36:33.546, 11618, 12466
2026/08/18 22:36:38.548, 11618, 12466
2026/08/18 22:36:43.550, 11618, 12466
2026/08/18 22:36:48.552, 11618, 12466
2026/08/18 22:36:53.554, 11618, 12466
2026/08/18 22:36:58.558, 11618, 12466
2026/08/18 22:37:03.560, 11618, 12466
2026/08/18 22:37:08.562, 11618, 12466
2026/08/18 22:37:13.566, 11618, 12466
2026/08/18 22:37:18.568, 11618, 12466
2026/08/18 22:37:23.568, 11618, 12466
2026/08/18 22:37:28.570, 11618, 12466
2026/08/18 22:37:33.574, 11618, 12466
2026/08/18 22:37:38.575, 11618, 12466
2026/08/18 22:37:43.576, 11618, 12466
2026/08/18 22:37:48.578, 11618, 12466
2026/08/18 22:37:53.580, 11618, 12466
2026/08/18 22:37:58.581, 11618, 12466
2026/08/18 22:38:03.583, 11618, 12466
2026/08/18 22:38:08.587, 11618, 12466
2026/08/18 22:38:13.589, 11618, 12466
2026/08/18 22:38:18.591, 11618, 12466
2026/08/18 22:38:23.591, 11618, 12466
2026/08/18 22:38:28.594, 11618, 12466
2026/08/18 22:38:33.599, 11618, 12466
2026/08/18 22:38:38.601, 11618, 12466
2026/08/18 22:38:43.602, 11618, 12466
2026/08/18 22:38:48.604, 11618, 12466
2026/08/18 22:38:53.605, 11618, 12466
2026/08/18 22:38:58.607, 11618, 12466
2026/08/18 22:39:03.609, 11618, 12466
2026/08/18 22:39:08.611, 11618, 12466
2026/08/18 22:39:13.612, 11618, 12466
2026/08/18 22:39:18.614, 11618, 12466
2026/08/18 22:39:23.615, 11618, 12466
2026/08/18 22:39:28.615, 11618, 12466
2026/08/18 22:39:33.618, 11618, 12466
2026/08/18 22:39:38.620, 11618, 12466
2026/08/18 22:39:43.620, 11618, 12466
2026/08/18 22:39:48.621, 11618, 12466
2026/08/18 22:39:53.624, 11618, 12466
2026/08/18 22:39:58.627, 11618, 12466
2026/08/18 22:40:03.627, 11618, 12466
2026/08/18 22:40:08.628, 11618, 12466
2026/08/18 22:40:13.629, 11618, 12466
2026/08/18 22:40:18.630, 11618, 12466
2026/08/18 22:40:23.632, 11618, 12466
2026/08/18 22:40:28.634, 11618, 12466
2026/08/18 22:40:33.639, 11618, 12466
2026/08/18 22:40:38.640, 11618, 12466
2026/08/18 22:40:43.643, 11618, 12466
2026/08/18 22:40:48.645, 11618, 12466
2026/08/18 22:40:53.646, 11618, 12466
2026/08/18 22:40:58.650, 11618, 12466
2026/08/18 22:41:03.654, 11618, 12466
2026/08/18 22:41:08.657, 11618, 12466
2026/08/18 22:41:13.659, 11618, 12466
2026/08/18 22:41:18.664, 11618, 12466
2026/08/18 22:41:23.667, 11618, 12466
2026/08/18 22:41:28.670, 11618, 12466
2026/08/18 22:41:33.674, 11618, 12466
2026/08/18 22:41:38.676, 11618, 12466
2026/08/18 22:41:43.679, 11618, 12466
2026/08/18 22:41:48.683, 11618, 12466
2026/08/18 22:41:53.687, 11618, 12466
2026/08/18 22:41:58.690, 11618, 12466
2026/08/18 22:42:03.692, 11618, 12466
2026/08/18 22:42:08.694, 11618, 12466
2026/08/18 22:42:13.698, 11618, 12466
2026/08/18 22:42:18.700, 11618, 12466
2026/08/18 22:42:23.701, 11618, 12466
2026/08/18 22:42:28.703, 11618, 12466
2026/08/18 22:42:33.707, 11618, 12466
2026/08/18 22:42:38.711, 11618, 12466
2026/08/18 22:42:43.714, 11618, 12466
2026/08/18 22:42:48.716, 11618, 12466
2026/08/18 22:42:53.717, 11618, 12466
2026/08/18 22:42:58.720, 11618, 12466
2026/08/18 22:43:03.724, 11618, 12466
2026/08/18 22:43:08.727, 11618, 12466
2026/08/18 22:43:13.730, 11618, 12466
2026/08/18 22:43:18.733, 11618, 12466
2026/08/18 22:43:23.735, 11618, 12466
2026/08/18 22:43:28.737, 11618, 12466
2026/08/18 22:43:33.741, 11618, 12466
2026/08/18 22:43:38.744, 11618, 12466
2026/08/18 22:43:43.747, 11618, 12466
2026/08/18 22:43:48.747, 11618, 12466
2026/08/18 22:43:53.752, 11618, 12466
2026/08/18 22:43:58.756, 11618, 12466
2026/08/18 22:44:03.759, 11618, 12466
2026/08/18 22:44:08.763, 11618, 12466
2026/08/18 22:44:13.766, 11618, 12466
2026/08/18 22:44:18.768, 11618, 12466
2026/08/18 22:44:23.771, 11618, 12466
2026/08/18 22:44:28.774, 11618, 12466
2026/08/18 22:44:33.778, 11618, 12466
2026/08/18 22:44:38.779, 11618, 12466
2026/08/18 22:44:43.782, 11618, 12466
2026/08/18 22:44:48.786, 11618, 12466
2026/08/18 22:44:53.786, 11618, 12466
2026/08/18 22:44:58.787, 11618, 12466
2026/08/18 22:45:03.792, 11618, 12466
2026/08/18 22:45:08.795, 11618, 12466
2026/08/18 22:45:13.798, 11618, 12466
2026/08/18 22:45:18.802, 11618, 12466
2026/08/18 22:45:23.803, 11618, 12466
2026/08/18 22:45:28.804, 11618, 12466
2026/08/18 22:45:33.808, 11618, 12466
2026/08/18 22:45:38.812, 11618, 12466
2026/08/18 22:45:43.814, 11618, 12466
2026/08/18 22:45:48.817, 11618, 12466
2026/08/18 22:45:53.818, 11618, 12466
2026/08/18 22:45:58.821, 11618, 12466
2026/08/18 22:46:03.825, 11618, 12466
2026/08/18 22:46:08.828, 11618, 12466
2026/08/18 22:46:13.830, 11618, 12466
2026/08/18 22:46:18.835, 11618, 12466
2026/08/18 22:46:23.836, 11618, 12466
2026/08/18 22:46:28.837, 11618, 12466
2026/08/18 22:46:33.842, 11618, 12466
2026/08/18 22:46:38.844, 11618, 12466
2026/08/18 22:46:43.846, 11618, 12466
2026/08/18 22:46:48.848, 11618, 12466
2026/08/18 22:46:53.849, 11618, 12466
2026/08/18 22:46:58.852, 11618, 12466
2026/08/18 22:47:03.856, 11618, 12466
2026/08/18 22:47:08.859, 11618, 12466
2026/08/18 22:47:13.862, 11618, 12466
2026/08/18 22:47:18.867, 11618, 12466
2026/08/18 22:47:23.869, 11618, 12466
2026/08/18 22:47:28.872, 11618, 12466
2026/08/18 22:47:33.877, 11618, 12466
2026/08/18 22:47:38.878, 11618, 12466
2026/08/18 22:47:43.881, 11618, 12466
2026/08/18 22:47:48.886, 11618, 12466
2026/08/18 22:47:53.889, 11618, 12466
2026/08/18 22:47:58.893, 11618, 12466
2026/08/18 22:48:03.897, 11618, 12466
2026/08/18 22:48:08.901, 11618, 12466
2026/08/18 22:48:13.904, 11618, 12466
2026/08/18 22:48:18.906, 11618, 12466
2026/08/18 22:48:23.907, 11618, 12466
2026/08/18 22:48:28.910, 11618, 12466
2026/08/18 22:48:33.916, 11618, 12466
2026/08/18 22:48:38.918, 11618, 12466
2026/08/18 22:48:43.921, 11618, 12466
2026/08/18 22:48:48.925, 11618, 12466
2026/08/18 22:48:53.930, 11618, 12466
2026/08/18 22:48:58.933, 11618, 12466
2026/08/18 22:49:03.935, 11618, 12466
2026/08/18 22:49:08.940, 11618, 12466
2026/08/18 22:49:13.943, 11618, 12466
2026/08/18 22:49:18.949, 11618, 12466
2026/08/18 22:49:23.952, 11618, 12466
2026/08/18 22:49:28.953, 11618, 12466
2026/08/18 22:49:33.956, 11618, 12466
2026/08/18 22:49:38.958, 11618, 12466
2026/08/18 22:49:43.961, 11618, 12466
2026/08/18 22:49:48.964, 11618, 12466
2026/08/18 22:49:53.966, 11618, 12466
2026/08/18 22:49:58.969, 11618, 12466
2026/08/18 22:50:03.971, 11618, 12466
2026/08/18 22:50:08.974, 11618, 12466
2026/08/18 22:50:13.976, 11618, 12466
2026/08/18 22:50:18.980, 11618, 12466
2026/08/18 22:50:23.983, 11618, 12466
2026/08/18 22:50:28.985, 11618, 12466
2026/08/18 22:50:33.990, 11618, 12466
2026/08/18 22:50:38.991, 11618, 12466
2026/08/18 22:50:43.994, 11618, 12466
2026/08/18 22:50:48.997, 11618, 12466
2026/08/18 22:50:53.999, 11618, 12466
2026/08/18 22:50:59.003, 11618, 12466
2026/08/18 22:51:04.007, 11618, 12466
2026/08/18 22:51:09.011, 11618, 12466
2026/08/18 22:51:14.015, 11618, 12466
2026/08/18 22:51:19.018, 11618, 12466
2026/08/18 22:51:24.020, 11618, 12466
2026/08/18 22:51:29.021, 11618, 12466
2026/08/18 22:51:34.025, 11618, 12466
2026/08/18 22:51:39.030, 11618, 12466
2026/08/18 22:51:44.033, 11618, 12466
2026/08/18 22:51:49.034, 11618, 12466
2026/08/18 22:51:54.038, 11618, 12466
2026/08/18 22:51:59.041, 11618, 12466
2026/08/18 22:52:04.043, 11618, 12466
2026/08/18 22:52:09.048, 11618, 12466
2026/08/18 22:52:14.051, 11618, 12466
2026/08/18 22:52:19.052, 11618, 12466
2026/08/18 22:52:24.054, 11618, 12466
2026/08/18 22:52:29.056, 11618, 12466
2026/08/18 22:52:34.062, 11618, 12466
2026/08/18 22:52:39.064, 11618, 12466
2026/08/18 22:52:44.067, 11618, 12466
2026/08/18 22:52:49.069, 11618, 12466
2026/08/18 22:52:54.071, 11618, 12466
2026/08/18 22:52:59.073, 11618, 12466
2026/08/18 22:53:04.076, 11618, 12466
2026/08/18 22:53:09.080, 11618, 12466
2026/08/18 22:53:14.083, 11618, 12466
2026/08/18 22:53:19.087, 11618, 12466
2026/08/18 22:53:24.088, 11618, 12466
2026/08/18 22:53:29.091, 11618, 12466
2026/08/18 22:53:34.096, 11618, 12466
2026/08/18 22:53:39.098, 11618, 12466
2026/08/18 22:53:44.100, 11618, 12466
2026/08/18 22:53:49.102, 11618, 12466
2026/08/18 22:53:54.103, 11618, 12466
2026/08/18 22:53:59.107, 11618, 12466
2026/08/18 22:54:04.109, 11618, 12466
2026/08/18 22:54:09.112, 11618, 12466
2026/08/18 22:54:14.113, 11618, 12466
2026/08/18 22:54:19.115, 11618, 12466
2026/08/18 22:54:24.115, 11618, 12466
2026/08/18 22:54:29.119, 11618, 12466
2026/08/18 22:54:34.121, 11618, 12466
2026/08/18 22:54:39.127, 11618, 12466
2026/08/18 22:54:44.128, 11618, 12466
2026/08/18 22:54:49.131, 11618, 12466
2026/08/18 22:54:54.133, 11618, 12466
2026/08/18 22:54:59.134, 11618, 12466
2026/08/18 22:55:04.135, 11618, 12466
2026/08/18 22:55:09.137, 11618, 12466
2026/08/18 22:55:14.141, 11618, 12466
2026/08/18 22:55:19.143, 11618, 12466
2026/08/18 22:55:24.146, 11618, 12466
2026/08/18 22:55:29.148, 11618, 12466
2026/08/18 22:55:34.153, 11618, 12466
2026/08/18 22:55:39.154, 11618, 12466
2026/08/18 22:55:44.156, 11618, 12466
2026/08/18 22:55:49.158, 11618, 12466
2026/08/18 22:55:54.163, 11618, 12466
2026/08/18 22:55:59.167, 11618, 12466
2026/08/18 22:56:04.172, 11618, 12466
2026/08/18 22:56:09.176, 11618, 12466
2026/08/18 22:56:14.180, 11618, 12466
2026/08/18 22:56:19.184, 11618, 12466
2026/08/18 22:56:24.188, 11618, 12466
2026/08/18 22:56:29.192, 11618, 12466
2026/08/18 22:56:34.197, 11618, 12466
2026/08/18 22:56:39.202, 11618, 12466
2026/08/18 22:56:44.205, 11618, 12466
2026/08/18 22:56:49.209, 11618, 12466
2026/08/18 22:56:54.212, 11618, 12466
2026/08/18 22:56:59.216, 11618, 12466
2026/08/18 22:57:04.221, 11618, 12466
2026/08/18 22:57:09.223, 11618, 12466
2026/08/18 22:57:14.228, 11618, 12466
2026/08/18 22:57:19.231, 11618, 12466
2026/08/18 22:57:24.233, 11618, 12466
2026/08/18 22:57:29.237, 11618, 12466
2026/08/18 22:57:34.242, 11618, 12466
2026/08/18 22:57:39.243, 11618, 12466
2026/08/18 22:57:44.247, 11618, 12466
2026/08/18 22:57:49.250, 11618, 12466
2026/08/18 22:57:54.252, 11618, 12466
2026/08/18 22:57:59.257, 11618, 12466
2026/08/18 22:58:04.261, 11618, 12466
2026/08/18 22:58:09.267, 11618, 12466
2026/08/18 22:58:14.270, 11618, 12466
2026/08/18 22:58:19.273, 11618, 12466
2026/08/18 22:58:24.276, 11618, 12466
2026/08/18 22:58:29.279, 11618, 12466
2026/08/18 22:58:34.285, 11618, 12466
2026/08/18 22:58:39.288, 11618, 12466
2026/08/18 22:58:44.293, 11618, 12466
2026/08/18 22:58:49.296, 11618, 12466
2026/08/18 22:58:54.300, 11618, 12466
2026/08/18 22:58:59.303, 11618, 12466
2026/08/18 22:59:04.307, 11618, 12466
2026/08/18 22:59:09.311, 11618, 12466
2026/08/18 22:59:14.315, 11618, 12466
2026/08/18 22:59:19.319, 11618, 12466
2026/08/18 22:59:24.322, 11618, 12466
2026/08/18 22:59:29.324, 11618, 12466
2026/08/18 22:59:34.330, 11618, 12466
2026/08/18 22:59:39.333, 11618, 12466
2026/08/18 22:59:44.338, 11618, 12466
2026/08/18 22:59:49.340, 11618, 12466
2026/08/18 22:59:54.342, 11618, 12466
2026/08/18 22:59:59.345, 11618, 12466
2026/08/18 23:00:04.348, 11618, 12466
2026/08/18 23:00:09.352, 11618, 12466
2026/08/18 23:00:14.355, 11618, 12466
2026/08/18 23:00:19.358, 11618, 12466
2026/08/18 23:00:24.359, 11618, 12466
2026/08/18 23:00:29.362, 11618, 12466
2026/08/18 23:00:34.366, 11618, 12466
2026/08/18 23:00:39.367, 11618, 12466
2026/08/18 23:00:44.370, 11618, 12466
2026/08/18 23:00:49.372, 11618, 12466
2026/08/18 23:00:54.376, 11618, 12466
2026/08/18 23:00:59.380, 11618, 12466
2026/08/18 23:01:04.384, 11618, 12466
2026/08/18 23:01:09.386, 11618, 12466
2026/08/18 23:01:14.389, 11618, 12466
2026/08/18 23:01:19.392, 11618, 12466
2026/08/18 23:01:24.395, 11618, 12466
2026/08/18 23:01:29.399, 11618, 12466
2026/08/18 23:01:34.403, 11618, 12466
2026/08/18 23:01:39.407, 11618, 12466
2026/08/18 23:01:44.410, 11618, 12466
2026/08/18 23:01:49.413, 11618, 12466
2026/08/18 23:01:54.417, 11618, 12466
2026/08/18 23:01:59.421, 11618, 12466
2026/08/18 23:02:04.425, 11618, 12466
2026/08/18 23:02:09.429, 11618, 12466
2026/08/18 23:02:14.432, 11618, 12466
2026/08/18 23:02:19.434, 11618, 12466
2026/08/18 23:02:24.437, 11618, 12466
2026/08/18 23:02:29.440, 11618, 12466
2026/08/18 23:02:34.444, 11618, 12466
2026/08/18 23:02:39.449, 11618, 12466
2026/08/18 23:02:44.453, 11618, 12466
2026/08/18 23:02:49.457, 11618, 12466
2026/08/18 23:02:54.461, 11618, 12466
2026/08/18 23:02:59.464, 11618, 12466
2026/08/18 23:03:04.468, 11618, 12466
2026/08/18 23:03:09.472, 11618, 12466
2026/08/18 23:03:14.475, 11618, 12466
2026/08/18 23:03:19.479, 11618, 12466
2026/08/18 23:03:24.481, 11618, 12466
2026/08/18 23:03:29.485, 11618, 12466
2026/08/18 23:03:34.489, 11618, 12466
2026/08/18 23:03:39.491, 11618, 12466
2026/08/18 23:03:44.496, 11618, 12466
2026/08/18 23:03:49.497, 11618, 12466
2026/08/18 23:03:54.501, 11618, 12466
2026/08/18 23:03:59.503, 11618, 12466
2026/08/18 23:04:04.506, 11618, 12466
2026/08/18 23:04:09.510, 11618, 12466
2026/08/18 23:04:14.513, 11618, 12466
2026/08/18 23:04:19.515, 11618, 12466
2026/08/18 23:04:24.517, 11618, 12466
2026/08/18 23:04:29.522, 11618, 12466
2026/08/18 23:04:34.524, 11618, 12466
2026/08/18 23:04:39.526, 11618, 12466
2026/08/18 23:04:44.528, 11618, 12466
2026/08/18 23:04:49.529, 11618, 12466
2026/08/18 23:04:54.534, 11618, 12466
2026/08/18 23:04:59.536, 11618, 12466
2026/08/18 23:05:04.539, 11618, 12466
2026/08/18 23:05:09.540, 11618, 12466
2026/08/18 23:05:14.542, 11618, 12466
2026/08/18 23:05:19.543, 11618, 12466
2026/08/18 23:05:24.546, 11618, 12466
2026/08/18 23:05:29.548, 11618, 12466
2026/08/18 23:05:34.553, 11618, 12466
2026/08/18 23:05:39.556, 11618, 12466
2026/08/18 23:05:44.560, 11618, 12466
2026/08/18 23:05:49.564, 11618, 12466
2026/08/18 23:05:54.565, 11618, 12466
2026/08/18 23:05:59.568, 11618, 12466
2026/08/18 23:06:04.571, 11618, 12466
2026/08/18 23:06:09.573, 11618, 12466
2026/08/18 23:06:14.578, 11618, 12466
2026/08/18 23:06:19.579, 11618, 12466
2026/08/18 23:06:24.582, 11618, 12466
2026/08/18 23:06:29.584, 11618, 12466
2026/08/18 23:06:34.589, 11618, 12466
2026/08/18 23:06:39.591, 11618, 12466
2026/08/18 23:06:44.593, 11618, 12466
2026/08/18 23:06:49.596, 11618, 12466
2026/08/18 23:06:54.597, 11618, 12466
2026/08/18 23:06:59.601, 11618, 12466
2026/08/18 23:07:04.604, 11618, 12466
2026/08/18 23:07:09.606, 11618, 12466
2026/08/18 23:07:14.611, 11618, 12466
2026/08/18 23:07:19.613, 11618, 12466
2026/08/18 23:07:24.615, 11618, 12466
2026/08/18 23:07:29.617, 11618, 12466
2026/08/18 23:07:34.621, 11618, 12466
2026/08/18 23:07:39.621, 11618, 12466
2026/08/18 23:07:44.624, 11618, 12466
2026/08/18 23:07:49.626, 11618, 12466
2026/08/18 23:07:54.627, 11618, 12466
2026/08/18 23:07:59.630, 11618, 12466
2026/08/18 23:08:04.633, 11618, 12466
2026/08/18 23:08:09.636, 11618, 12466
2026/08/18 23:08:14.639, 11618, 12466
2026/08/18 23:08:19.640, 11618, 12466
2026/08/18 23:08:24.641, 11618, 12466
2026/08/18 23:08:29.645, 11618, 12466
2026/08/18 23:08:34.649, 11618, 12466
2026/08/18 23:08:39.651, 11618, 12466
2026/08/18 23:08:44.652, 11618, 12466
2026/08/18 23:08:49.654, 11618, 12466
2026/08/18 23:08:54.656, 11618, 12466
2026/08/18 23:08:59.658, 11618, 12466
2026/08/18 23:09:04.658, 11618, 12466
2026/08/18 23:09:09.662, 11618, 12466
2026/08/18 23:09:14.665, 11618, 12466
2026/08/18 23:09:19.667, 11618, 12466
2026/08/18 23:09:24.668, 11618, 12466
2026/08/18 23:09:29.671, 11618, 12466
2026/08/18 23:09:34.671, 11618, 12466
2026/08/18 23:09:39.675, 11618, 12466
2026/08/18 23:09:44.676, 11618, 12466
2026/08/18 23:09:49.679, 11618, 12466
2026/08/18 23:09:54.682, 11618, 12466
2026/08/18 23:09:59.684, 11618, 12466
2026/08/18 23:10:04.687, 11618, 12466
2026/08/18 23:10:09.688, 11618, 12466
2026/08/18 23:10:14.692, 11618, 12466
2026/08/18 23:10:19.695, 11618, 12466
2026/08/18 23:10:24.698, 11618, 12466
2026/08/18 23:10:29.702, 11618, 12466
2026/08/18 23:10:34.705, 11618, 12466
2026/08/18 23:10:39.709, 11618, 12466
2026/08/18 23:10:44.711, 11618, 12466
2026/08/18 23:10:49.713, 11618, 12466
2026/08/18 23:10:54.719, 11618, 12466
2026/08/18 23:10:59.722, 11618, 12466
2026/08/18 23:11:04.727, 11618, 12466
2026/08/18 23:11:09.730, 11618, 12466
2026/08/18 23:11:14.733, 11618, 12466
2026/08/18 23:11:19.735, 11618, 12466
2026/08/18 23:11:24.737, 11618, 12466
2026/08/18 23:11:29.742, 11618, 12466
2026/08/18 23:11:34.747, 11618, 12466
2026/08/18 23:11:39.750, 11618, 12466
2026/08/18 23:11:44.753, 11618, 12466
2026/08/18 23:11:49.755, 11618, 12466
2026/08/18 23:11:54.761, 11618, 12466
2026/08/18 23:11:59.764, 11618, 12466
2026/08/18 23:12:04.765, 11618, 12466
2026/08/18 23:12:09.770, 11618, 12466
2026/08/18 23:12:14.774, 11618, 12466
2026/08/18 23:12:19.776, 11618, 12466
2026/08/18 23:12:24.779, 11618, 12466
2026/08/18 23:12:29.783, 11618, 12466
2026/08/18 23:12:34.787, 11618, 12466
2026/08/18 23:12:39.790, 11618, 12466
2026/08/18 23:12:44.792, 11618, 12466
2026/08/18 23:12:49.795, 11618, 12466
2026/08/18 23:12:54.801, 11618, 12466
2026/08/18 23:12:59.804, 11618, 12466
2026/08/18 23:13:04.807, 11618, 12466
2026/08/18 23:13:09.811, 11618, 12466
2026/08/18 23:13:14.817, 11618, 12466
2026/08/18 23:13:19.820, 11618, 12466
2026/08/18 23:13:24.822, 11618, 12466
2026/08/18 23:13:29.827, 11618, 12466
2026/08/18 23:13:34.831, 11618, 12466
2026/08/18 23:13:39.835, 11618, 12466
2026/08/18 23:13:44.838, 11618, 12466
2026/08/18 23:13:49.842, 11618, 12466
2026/08/18 23:13:54.846, 11618, 12466
2026/08/18 23:13:59.849, 11618, 12466
2026/08/18 23:14:04.852, 11618, 12466
2026/08/18 23:14:09.855, 11618, 12466
2026/08/18 23:14:14.860, 11618, 12466
2026/08/18 23:14:19.862, 11618, 12466
2026/08/18 23:14:24.865, 11618, 12466
2026/08/18 23:14:29.869, 11618, 12466
2026/08/18 23:14:34.872, 11618, 12466
2026/08/18 23:14:39.876, 11618, 12466
2026/08/18 23:14:44.879, 11618, 12466
2026/08/18 23:14:49.882, 11618, 12466
2026/08/18 23:14:54.886, 11618, 12466
2026/08/18 23:14:59.886, 11618, 12466
2026/08/18 23:15:04.890, 11618, 12466
2026/08/18 23:15:09.896, 11618, 12466
2026/08/18 23:15:14.898, 11618, 12466
2026/08/18 23:15:19.899, 11618, 12466
2026/08/18 23:15:24.903, 11618, 12466
2026/08/18 23:15:29.904, 11618, 12466
2026/08/18 23:15:34.909, 11618, 12466
2026/08/18 23:15:39.911, 11618, 12466
2026/08/18 23:15:44.913, 11618, 12466
2026/08/18 23:15:49.916, 11618, 12466
2026/08/18 23:15:54.919, 11618, 12466
2026/08/18 23:15:59.921, 11618, 12466
2026/08/18 23:16:04.922, 11618, 12466
2026/08/18 23:16:09.927, 11618, 12466
2026/08/18 23:16:14.929, 11618, 12466
2026/08/18 23:16:19.929, 11618, 12466
2026/08/18 23:16:24.930, 11618, 12466
2026/08/18 23:16:29.933, 11618, 12466
2026/08/18 23:16:34.935, 11618, 12466
2026/08/18 23:16:39.939, 11618, 12466
2026/08/18 23:16:44.940, 11618, 12466
2026/08/18 23:16:49.943, 11618, 12466
2026/08/18 23:16:54.946, 11618, 12466
2026/08/18 23:16:59.948, 11618, 12466
2026/08/18 23:17:04.951, 11618, 12466
2026/08/18 23:17:09.951, 11618, 12466
2026/08/18 23:17:14.952, 11618, 12466
2026/08/18 23:17:19.953, 11618, 12466
2026/08/18 23:17:24.953, 11618, 12466
2026/08/18 23:17:29.954, 11618, 12466
2026/08/18 23:17:34.954, 11618, 12466
2026/08/18 23:17:39.955, 11618, 12466
2026/08/18 23:17:44.955, 11618, 12466
2026/08/18 23:17:49.956, 11618, 12466
2026/08/18 23:17:54.956, 11618, 12466
2026/08/18 23:17:59.957, 11618, 12466
2026/08/18 23:18:04.957, 11618, 12466
2026/08/18 23:18:09.958, 11618, 12466
2026/08/18 23:18:14.958, 11618, 12466
2026/08/18 23:18:19.959, 11618, 12466
2026/08/18 23:18:24.959, 11618, 12466
2026/08/18 23:18:29.960, 11618, 12466
2026/08/18 23:18:34.961, 11618, 12466
2026/08/18 23:18:39.961, 11618, 12466
2026/08/18 23:18:44.962, 11618, 12466
2026/08/18 23:18:49.962, 11618, 12466
2026/08/18 23:18:54.963, 11618, 12466
2026/08/18 23:18:59.963, 11618, 12466
2026/08/18 23:19:04.964, 11618, 12466
2026/08/18 23:19:09.964, 11618, 12466
2026/08/18 23:19:14.965, 11618, 12466
2026/08/18 23:19:19.965, 11618, 12466
2026/08/18 23:19:24.966, 11618, 12466
2026/08/18 23:19:29.966, 11618, 12466
2026/08/18 23:19:34.967, 11618, 12466
2026/08/18 23:19:39.968, 11618, 12466
2026/08/18 23:19:44.968, 11618, 12466
2026/08/18 23:19:49.969, 11618, 12466
2026/08/18 23:19:54.969, 11618, 12466
2026/08/18 23:19:59.970, 11618, 12466
2026/08/18 23:20:04.970, 11618, 12466
2026/08/18 23:20:09.971, 11618, 12466
2026/08/18 23:20:14.971, 11618, 12466
2026/08/18 23:20:19.972, 11618, 12466
2026/08/18 23:20:24.972, 11618, 12466
2026/08/18 23:20:29.973, 11618, 12466
2026/08/18 23:20:34.973, 11618, 12466
2026/08/18 23:20:39.974, 11618, 12466
2026/08/18 23:20:44.974, 11618, 12466
2026/08/18 23:20:49.975, 11618, 12466
2026/08/18 23:20:54.975, 11618, 12466
2026/08/18 23:20:59.976, 11618, 12466
2026/08/18 23:21:04.976, 11618, 12466
2026/08/18 23:21:09.977, 11618, 12466
2026/08/18 23:21:14.977, 11618, 12466
2026/08/18 23:21:19.978, 11618, 12466
2026/08/18 23:21:24.978, 11618, 12466
2026/08/18 23:21:29.979, 11618, 12466
2026/08/18 23:21:34.980, 11618, 12466
2026/08/18 23:21:39.980, 11618, 12466
2026/08/18 23:21:44.981, 11618, 12466
2026/08/18 23:21:49.981, 11618, 12466
2026/08/18 23:21:54.982, 11618, 12466
2026/08/18 23:21:59.982, 11618, 12466
2026/08/18 23:22:04.983, 11618, 12466
2026/08/18 23:22:09.983, 11618, 12466
2026/08/18 23:22:14.984, 11618, 12466
2026/08/18 23:22:19.984, 11618, 12466
2026/08/18 23:22:24.985, 11618, 12466
2026/08/18 23:22:29.986, 11618, 12466
2026/08/18 23:22:34.986, 11618, 12466
2026/08/18 23:22:39.987, 11618, 12466
2026/08/18 23:22:44.987, 11618, 12466
2026/08/18 23:22:49.988, 11618, 12466
2026/08/18 23:22:54.988, 11618, 12466
2026/08/18 23:22:59.989, 11618, 12466
2026/08/18 23:23:04.989, 11618, 12466
2026/08/18 23:23:09.990, 11618, 12466
2026/08/18 23:23:14.990, 11618, 12466
2026/08/18 23:23:19.991, 11618, 12466
2026/08/18 23:23:24.991, 11618, 12466
2026/08/18 23:23:29.992, 11618, 12466
2026/08/18 23:23:34.993, 11618, 12466
2026/08/18 23:23:39.993, 11618, 12466
2026/08/18 23:23:44.994, 11618, 12466
2026/08/18 23:23:49.994, 11618, 12466
2026/08/18 23:23:54.995, 11618, 12466
2026/08/18 23:23:59.995, 11618, 12466
2026/08/18 23:24:04.996, 11618, 12466
2026/08/18 23:24:09.996, 11618, 12466
2026/08/18 23:24:14.997, 11618, 12466
2026/08/18 23:24:19.997, 11618, 12466
2026/08/18 23:24:24.998, 11618, 12466
2026/08/18 23:24:29.999, 11618, 12466
2026/08/18 23:24:34.999, 11618, 12466
2026/08/18 23:24:40.000, 11618, 12466
2026/08/18 23:24:45.000, 11618, 12466
2026/08/18 23:24:50.001, 11618, 12466
2026/08/18 23:24:55.001, 11618, 12466
2026/08/18 23:25:00.002, 11618, 12466
2026/08/18 23:25:05.002, 11618, 12466
2026/08/18 23:25:10.003, 11618, 12466
2026/08/18 23:25:15.003, 11618, 12466
2026/08/18 23:25:20.004, 11618, 12466
2026/08/18 23:25:25.004, 11618, 12466
2026/08/18 23:25:30.005, 11618, 12466
2026/08/18 23:25:35.006, 11618, 12466
2026/08/18 23:25:40.006, 11618, 12466
2026/08/18 23:25:45.007, 11618, 12466
2026/08/18 23:25:50.007, 11618, 12466
2026/08/18 23:25:55.008, 11618, 12466
2026/08/18 23:26:00.008, 11618, 12466
2026/08/18 23:26:05.009, 11618, 12466
2026/08/18 23:26:10.009, 11618, 12466
2026/08/18 23:26:15.010, 11618, 12466
2026/08/18 23:26:20.010, 11618, 12466
2026/08/18 23:26:25.011, 11618, 12466
2026/08/18 23:26:30.011, 11618, 12466
2026/08/18 23:26:35.012, 11618, 12466
2026/08/18 23:26:40.012, 11618, 12466
2026/08/18 23:26:45.013, 11618, 12466
2026/08/18 23:26:50.014, 11618, 12466
2026/08/18 23:26:55.014, 11618, 12466
2026/08/18 23:27:00.015, 11618, 12466
2026/08/18 23:27:05.015, 11618, 12466
2026/08/18 23:27:10.016, 11618, 12466
2026/08/18 23:27:15.016, 11618, 12466
2026/08/18 23:27:20.017, 11618, 12466
2026/08/18 23:27:25.017, 11618, 12466
2026/08/18 23:27:30.018, 11618, 12466
2026/08/18 23:27:35.018, 11618, 12466
2026/08/18 23:27:40.019, 11618, 12466
2026/08/18 23:27:45.019, 11618, 12466
2026/08/18 23:27:50.020, 11618, 12466
2026/08/18 23:27:55.020, 11618, 12466
2026/08/18 23:28:00.021, 11618, 12466
2026/08/18 23:28:05.022, 11618, 12466
2026/08/18 23:28:10.022, 11618, 12466
2026/08/18 23:28:15.023, 11618, 12466
2026/08/18 23:28:20.023, 11618, 12466
2026/08/18 23:28:25.024, 11618, 12466
2026/08/18 23:28:30.024, 11618, 12466
2026/08/18 23:28:35.025, 11618, 12466
2026/08/18 23:28:40.025, 11618, 12466
2026/08/18 23:28:45.026, 11618, 12466
2026/08/18 23:28:50.027, 11618, 12466
2026/08/18 23:28:55.027, 11618, 12466
2026/08/18 23:29:00.028, 11618, 12466
2026/08/18 23:29:05.028, 11618, 12466
2026/08/18 23:29:10.029, 11618, 12466
2026/08/18 23:29:15.029, 11618, 12466
2026/08/18 23:29:20.030, 11618, 12466
2026/08/18 23:29:25.030, 11618, 12466
2026/08/18 23:29:30.031, 11618, 12466
2026/08/18 23:29:35.032, 11618, 12466
2026/08/18 23:29:40.032, 11618, 12466
2026/08/18 23:29:45.033, 11618, 12466
2026/08/18 23:29:50.033, 11618, 12466
2026/08/18 23:29:55.034, 11618, 12466
2026/08/18 23:30:00.034, 11618, 12466
2026/08/18 23:30:05.035, 11618, 12466
2026/08/18 23:30:10.036, 11618, 12466
2026/08/18 23:30:15.036, 11618, 12466
2026/08/18 23:30:20.037, 11618, 12466
2026/08/18 23:30:25.037, 11618, 12466
2026/08/18 23:30:30.038, 11618, 12466
2026/08/18 23:30:35.038, 11618, 12466
2026/08/18 23:30:40.039, 11618, 12466
2026/08/18 23:30:45.039, 11618, 12466
2026/08/18 23:30:50.040, 11618, 12466
2026/08/18 23:30:55.041, 11618, 12466
2026/08/18 23:31:00.041, 11618, 12466
2026/08/18 23:31:05.042, 11618, 12466
2026/08/18 23:31:10.042, 11618, 12466
2026/08/18 23:31:15.043, 11618, 12466
2026/08/18 23:31:20.043, 11618, 12466
2026/08/18 23:31:25.044, 11618, 12466
2026/08/18 23:31:30.044, 11618, 12466
2026/08/18 23:31:35.045, 11618, 12466
2026/08/18 23:31:40.045, 11618, 12466
2026/08/18 23:31:45.046, 11618, 12466
2026/08/18 23:31:50.047, 11618, 12466
2026/08/18 23:31:55.047, 11618, 12466
2026/08/18 23:32:00.048, 11618, 12466
2026/08/18 23:32:05.048, 11618, 12466
2026/08/18 23:32:10.049, 11618, 12466
2026/08/18 23:32:15.049, 11618, 12466
2026/08/18 23:32:20.050, 11618, 12466
2026/08/18 23:32:25.050, 11618, 12466
2026/08/18 23:32:30.051, 11618, 12466
2026/08/18 23:32:35.052, 11618, 12466
2026/08/18 23:32:40.052, 11618, 12466
2026/08/18 23:32:45.053, 11618, 12466
2026/08/18 23:32:50.053, 11618, 12466
2026/08/18 23:32:55.054, 11618, 12466
2026/08/18 23:33:00.054, 11618, 12466
2026/08/18 23:33:05.055, 11618, 12466
2026/08/18 23:33:10.055, 11618, 12466
2026/08/18 23:33:15.056, 11618, 12466
2026/08/18 23:33:20.057, 11618, 12466
2026/08/18 23:33:25.057, 11618, 12466
2026/08/18 23:33:30.058, 11618, 12466
2026/08/18 23:33:35.058, 11618, 12466
2026/08/18 23:33:40.059, 11618, 12466
2026/08/18 23:33:45.059, 11618, 12466
2026/08/18 23:33:50.060, 11618, 12466
2026/08/18 23:33:55.060, 11618, 12466
2026/08/18 23:34:00.061, 11618, 12466
2026/08/18 23:34:05.062, 11618, 12466
2026/08/18 23:34:10.062, 11618, 12466
2026/08/18 23:34:15.063, 11618, 12466
2026/08/18 23:34:20.063, 11618, 12466
2026/08/18 23:34:25.064, 11618, 12466
2026/08/18 23:34:30.064, 11618, 12466
2026/08/18 23:34:35.065, 11618, 12466
2026/08/18 23:34:40.066, 11618, 12466
2026/08/18 23:34:45.066, 11618, 12466
2026/08/18 23:34:50.067, 11618, 12466
2026/08/18 23:34:55.067, 11618, 12466
2026/08/18 23:35:00.068, 11618, 12466
2026/08/18 23:35:05.068, 11618, 12466
2026/08/18 23:35:10.069, 11618, 12466
2026/08/18 23:35:15.069, 11618, 12466
2026/08/18 23:35:20.070, 11618, 12466
2026/08/18 23:35:25.079, 11618, 12466
2026/08/18 23:35:30.079, 11618, 12466
2026/08/18 23:35:35.080, 11618, 12466
2026/08/18 23:35:40.081, 11618, 12466
2026/08/18 23:35:45.081, 11618, 12466
2026/08/18 23:35:50.082, 11618, 12466
2026/08/18 23:35:55.082, 11618, 12466
2026/08/18 23:36:00.083, 11618, 12466
2026/08/18 23:36:05.083, 11618, 12466
2026/08/18 23:36:10.091, 11618, 12466
2026/08/18 23:36:15.091, 11618, 12466
2026/08/18 23:36:20.092, 11618, 12466
2026/08/18 23:36:25.092, 11618, 12466
2026/08/18 23:36:30.093, 11618, 12466
2026/08/18 23:36:35.094, 11618, 12466
2026/08/18 23:36:40.094, 11618, 12466
2026/08/18 23:36:45.095, 11618, 12466
2026/08/18 23:36:50.095, 11618, 12466
2026/08/18 23:36:55.096, 11618, 12466
2026/08/18 23:37:00.096, 11618, 12466
2026/08/18 23:37:05.097, 11618, 12466
2026/08/18 23:37:10.098, 11618, 12466
2026/08/18 23:37:15.098, 11618, 12466
2026/08/18 23:37:20.099, 11618, 12466
2026/08/18 23:37:25.099, 11618, 12466
2026/08/18 23:37:30.100, 11618, 12466
2026/08/18 23:37:35.100, 11618, 12466
2026/08/18 23:37:40.101, 11618, 12466
2026/08/18 23:37:45.101, 11618, 12466
2026/08/18 23:37:50.102, 11618, 12466
2026/08/18 23:37:55.102, 11618, 12466
2026/08/18 23:38:00.103, 11618, 12466
2026/08/18 23:38:05.103, 11618, 12466
2026/08/18 23:38:10.104, 11618, 12466
2026/08/18 23:38:15.105, 11618, 12466
2026/08/18 23:38:20.105, 11618, 12466
2026/08/18 23:38:25.106, 11618, 12466
2026/08/18 23:38:30.106, 11618, 12466
2026/08/18 23:38:35.107, 11618, 12466
2026/08/18 23:38:40.107, 11618, 12466
2026/08/18 23:38:45.108, 11618, 12466
2026/08/18 23:38:50.108, 11618, 12466
2026/08/18 23:38:55.109, 11618, 12466
2026/08/18 23:39:00.109, 11618, 12466
2026/08/18 23:39:05.110, 11618, 12466
2026/08/18 23:39:10.110, 11618, 12466
2026/08/18 23:39:15.111, 11618, 12466
2026/08/18 23:39:20.111, 11618, 12466
2026/08/18 23:39:25.112, 11618, 12466
2026/08/18 23:39:30.113, 11618, 12466
2026/08/18 23:39:35.113, 11618, 12466
2026/08/18 23:39:40.114, 11618, 12466
2026/08/18 23:39:45.114, 11618, 12466
2026/08/18 23:39:50.115, 11618, 12466
2026/08/18 23:39:55.115, 11618, 12466
2026/08/18 23:40:00.116, 11618, 12466
2026/08/18 23:40:05.116, 11618, 12466
2026/08/18 23:40:10.117, 11618, 12466
2026/08/18 23:40:15.117, 11618, 12466
2026/08/18 23:40:20.118, 11618, 12466
2026/08/18 23:40:25.119, 11618, 12466
2026/08/18 23:40:30.119, 11618, 12466
2026/08/18 23:40:35.120, 11618, 12466
2026/08/18 23:40:40.120, 11618, 12466
2026/08/18 23:40:45.121, 11618, 12466
2026/08/18 23:40:50.121, 11618, 12466
2026/08/18 23:40:55.122, 11618, 12466
2026/08/18 23:41:00.122, 11618, 12466
2026/08/18 23:41:05.123, 11618, 12466
2026/08/18 23:41:10.123, 11618, 12466
2026/08/18 23:41:15.124, 11618, 12466
2026/08/18 23:41:20.124, 11618, 12466
2026/08/18 23:41:25.125, 11618, 12466
2026/08/18 23:41:30.125, 11618, 12466
2026/08/18 23:41:35.126, 11618, 12466
2026/08/18 23:41:40.127, 11618, 12466
2026/08/18 23:41:45.127, 11618, 12466
2026/08/18 23:41:50.128, 11618, 12466
2026/08/18 23:41:55.128, 11618, 12466
2026/08/18 23:42:00.129, 11618, 12466
2026/08/18 23:42:05.129, 11618, 12466
2026/08/18 23:42:10.130, 11618, 12466
2026/08/18 23:42:15.130, 11618, 12466
2026/08/18 23:42:20.131, 11618, 12466
2026/08/18 23:42:25.132, 11618, 12466
2026/08/18 23:42:30.132, 11618, 12466
2026/08/18 23:42:35.133, 11618, 12466
2026/08/18 23:42:40.133, 11618, 12466
2026/08/18 23:42:45.134, 11618, 12466
2026/08/18 23:42:50.134, 11618, 12466
2026/08/18 23:42:55.135, 11618, 12466
2026/08/18 23:43:00.135, 11618, 12466
2026/08/18 23:43:05.136, 11618, 12466
2026/08/18 23:43:10.137, 11618, 12466
2026/08/18 23:43:15.137, 11618, 12466
2026/08/18 23:43:20.138, 11618, 12466
2026/08/18 23:43:25.138, 11618, 12466
2026/08/18 23:43:30.139, 11618, 12466
2026/08/18 23:43:35.139, 11618, 12466
2026/08/18 23:43:40.140, 11618, 12466
2026/08/18 23:43:45.140, 11618, 12466
2026/08/18 23:43:50.141, 11618, 12466
2026/08/18 23:43:55.141, 11618, 12466
2026/08/18 23:44:00.142, 11618, 12466
2026/08/18 23:44:05.142, 11618, 12466
2026/08/18 23:44:10.143, 11618, 12466
2026/08/18 23:44:15.144, 11618, 12466
2026/08/18 23:44:20.144, 11618, 12466
2026/08/18 23:44:25.145, 11618, 12466
2026/08/18 23:44:30.145, 11618, 12466
2026/08/18 23:44:35.146, 11618, 12466
2026/08/18 23:44:40.146, 11618, 12466
2026/08/18 23:44:45.147, 11618, 12466
2026/08/18 23:44:50.147, 11618, 12466
2026/08/18 23:44:55.148, 11618, 12466
2026/08/18 23:45:00.149, 11618, 12466
2026/08/18 23:45:05.149, 11618, 12466
2026/08/18 23:45:10.150, 11618, 12466
2026/08/18 23:45:15.150, 11618, 12466
2026/08/18 23:45:20.151, 11618, 12466
2026/08/18 23:45:25.151, 11618, 12466
2026/08/18 23:45:30.152, 11618, 12466
2026/08/18 23:45:35.152, 11618, 12466
2026/08/18 23:45:40.153, 11618, 12466
2026/08/18 23:45:45.153, 11618, 12466
2026/08/18 23:45:50.154, 11618, 12466
2026/08/18 23:45:55.155, 11618, 12466
2026/08/18 23:46:00.155, 11618, 12466
2026/08/18 23:46:05.156, 11618, 12466
2026/08/18 23:46:10.156, 11618, 12466
2026/08/18 23:46:15.157, 11618, 12466
2026/08/18 23:46:20.157, 11618, 12466
2026/08/18 23:46:25.158, 11618, 12466
2026/08/18 23:46:30.158, 11618, 12466
2026/08/18 23:46:35.159, 11618, 12466
2026/08/18 23:46:40.159, 11618, 12466
2026/08/18 23:46:45.160, 11618, 12466
2026/08/18 23:46:50.160, 11618, 12466
2026/08/18 23:46:55.161, 11618, 12466
2026/08/18 23:47:00.162, 11618, 12466
2026/08/18 23:47:05.162, 11618, 12466
2026/08/18 23:47:10.163, 11618, 12466
2026/08/18 23:47:15.163, 11618, 12466
2026/08/18 23:47:20.164, 11618, 12466
2026/08/18 23:47:25.164, 11618, 12466
2026/08/18 23:47:30.165, 11618, 12466
2026/08/18 23:47:35.165, 11618, 12466
2026/08/18 23:47:40.166, 11618, 12466
2026/08/18 23:47:45.166, 11618, 12466
2026/08/18 23:47:50.167, 11618, 12466
2026/08/18 23:47:55.168, 11618, 12466
2026/08/18 23:48:00.168, 11618, 12466
2026/08/18 23:48:05.169, 11618, 12466
2026/08/18 23:48:10.169, 11618, 12466
2026/08/18 23:48:15.170, 11618, 12466
2026/08/18 23:48:20.170, 11618, 12466
2026/08/18 23:48:25.171, 11618, 12466
2026/08/18 23:48:30.171, 11618, 12466
2026/08/18 23:48:35.172, 11618, 12466
2026/08/18 23:48:40.172, 11618, 12466
2026/08/18 23:48:45.173, 11618, 12466
2026/08/18 23:48:50.173, 11618, 12466
2026/08/18 23:48:55.174, 11618, 12466
2026/08/18 23:49:00.174, 11618, 12466
2026/08/18 23:49:05.175, 11618, 12466
2026/08/18 23:49:10.176, 11618, 12466
2026/08/18 23:49:15.176, 11618, 12466
2026/08/18 23:49:20.177, 11618, 12466
2026/08/18 23:49:25.177, 11618, 12466
2026/08/18 23:49:30.178, 11618, 12466
2026/08/18 23:49:35.178, 11618, 12466
2026/08/18 23:49:40.179, 11618, 12466
2026/08/18 23:49:45.179, 11618, 12466
2026/08/18 23:49:50.180, 11618, 12466
2026/08/18 23:49:55.181, 11618, 12466
2026/08/18 23:50:00.181, 11618, 12466
2026/08/18 23:50:05.182, 11618, 12466
2026/08/18 23:50:10.182, 11618, 12466
2026/08/18 23:50:15.183, 11618, 12466
2026/08/18 23:50:20.183, 11618, 12466
2026/08/18 23:50:25.184, 11618, 12466
2026/08/18 23:50:30.184, 11618, 12466
2026/08/18 23:50:35.185, 11618, 12466
2026/08/18 23:50:40.185, 11618, 12466
2026/08/18 23:50:45.186, 11618, 12466
2026/08/18 23:50:50.186, 11618, 12466
2026/08/18 23:50:55.187, 11618, 12466
2026/08/18 23:51:00.187, 11618, 12466
2026/08/18 23:51:05.188, 11618, 12466
2026/08/18 23:51:10.188, 11618, 12466
2026/08/18 23:51:15.189, 11618, 12466
2026/08/18 23:51:20.189, 11618, 12466
2026/08/18 23:51:25.190, 11618, 12466
2026/08/18 23:51:30.190, 11618, 12466
2026/08/18 23:51:35.191, 11618, 12466
2026/08/18 23:51:40.191, 11618, 12466
2026/08/18 23:51:45.192, 11618, 12466
2026/08/18 23:51:50.192, 11618, 12466
2026/08/18 23:51:55.193, 11618, 12466
2026/08/18 23:52:00.193, 11618, 12466
2026/08/18 23:52:05.194, 11618, 12466
2026/08/18 23:52:10.195, 11618, 12466
2026/08/18 23:52:15.195, 11618, 12466
2026/08/18 23:52:20.195, 11618, 12466
2026/08/18 23:52:25.196, 11618, 12466
2026/08/18 23:52:30.197, 11618, 12466
2026/08/18 23:52:35.197, 11618, 12466
2026/08/18 23:52:40.197, 11618, 12466
2026/08/18 23:52:45.198, 11618, 12466
2026/08/18 23:52:50.198, 11618, 12466
2026/08/18 23:52:55.199, 11618, 12466
2026/08/18 23:53:00.199, 11618, 12466
2026/08/18 23:53:05.200, 11618, 12466
2026/08/18 23:53:10.201, 11618, 12466
2026/08/18 23:53:15.201, 11618, 12466
2026/08/18 23:53:20.202, 11618, 12466
2026/08/18 23:53:25.202, 11618, 12466
2026/08/18 23:53:30.203, 11618, 12466
2026/08/18 23:53:35.203, 11618, 12466
2026/08/18 23:53:40.203, 11618, 12466
2026/08/18 23:53:45.204, 11618, 12466
2026/08/18 23:53:50.204, 11618, 12466
2026/08/18 23:53:55.205, 11618, 12466
2026/08/18 23:54:00.205, 11618, 12466
2026/08/18 23:54:05.206, 11618, 12466
2026/08/18 23:54:10.207, 11618, 12466
2026/08/18 23:54:15.207, 11618, 12466
2026/08/18 23:54:20.208, 11618, 12466
2026/08/18 23:54:25.208, 11618, 12466
2026/08/18 23:54:30.209, 11618, 12466
2026/08/18 23:54:35.209, 11618, 12466
2026/08/18 23:54:40.210, 11618, 12466
2026/08/18 23:54:45.210, 11618, 12466
2026/08/18 23:54:50.211, 11618, 12466
2026/08/18 23:54:55.211, 11618, 12466
2026/08/18 23:55:00.212, 11618, 12466
2026/08/18 23:55:05.212, 11618, 12466
2026/08/18 23:55:10.213, 11618, 12466
2026/08/18 23:55:15.213, 11618, 12466
2026/08/18 23:55:20.214, 11618, 12466
2026/08/18 23:55:25.214, 11618, 12466
2026/08/18 23:55:30.215, 11618, 12466
2026/08/18 23:55:35.215, 11618, 12466
2026/08/18 23:55:40.216, 11618, 12466
2026/08/18 23:55:45.216, 11618, 12466
2026/08/18 23:55:50.217, 11618, 12466
2026/08/18 23:55:55.217, 11618, 12466
2026/08/18 23:56:00.218, 11618, 12466
2026/08/18 23:56:05.218, 11618, 12466
2026/08/18 23:56:10.219, 11618, 12466
2026/08/18 23:56:15.219, 11618, 12466
2026/08/18 23:56:20.220, 11618, 12466
2026/08/18 23:56:25.220, 11618, 12466
2026/08/18 23:56:30.221, 11618, 12466
2026/08/18 23:56:35.221, 11618, 12466
2026/08/18 23:56:40.222, 11618, 12466
2026/08/18 23:56:45.222, 11618, 12466
2026/08/18 23:56:50.223, 11618, 12466
2026/08/18 23:56:55.223, 11618, 12466
2026/08/18 23:57:00.224, 11618, 12466
2026/08/18 23:57:05.225, 11618, 12466
2026/08/18 23:57:10.225, 11618, 12466
2026/08/18 23:57:15.226, 11618, 12466
2026/08/18 23:57:20.226, 11618, 12466
2026/08/18 23:57:25.227, 11618, 12466
2026/08/18 23:57:30.227, 11618, 12466
2026/08/18 23:57:35.228, 11618, 12466
2026/08/18 23:57:40.228, 11618, 12466
2026/08/18 23:57:45.229, 11618, 12466
2026/08/18 23:57:50.229, 11618, 12466
2026/08/18 23:57:55.230, 11618, 12466
2026/08/18 23:58:00.230, 11618, 12466
2026/08/18 23:58:05.231, 11618, 12466
2026/08/18 23:58:10.231, 11618, 12466
2026/08/18 23:58:15.232, 11618, 12466
2026/08/18 23:58:20.232, 11618, 12466
2026/08/18 23:58:25.233, 11618, 12466
2026/08/18 23:58:30.233, 11618, 12466
2026/08/18 23:58:35.234, 11618, 12466
2026/08/18 23:58:40.234, 11618, 12466
2026/08/18 23:58:45.235, 11618, 12466
2026/08/18 23:58:50.235, 11618, 12466
2026/08/18 23:58:55.236, 11618, 12466
2026/08/18 23:59:00.236, 11618, 12466
2026/08/18 23:59:05.237, 11618, 12466
2026/08/18 23:59:10.237, 11618, 12466
2026/08/18 23:59:15.238, 11618, 12466
2026/08/18 23:59:20.238, 11618, 12466
2026/08/18 23:59:25.239, 11618, 12466
2026/08/18 23:59:30.239, 11618, 12466
2026/08/18 23:59:35.240, 11618, 12466
2026/08/18 23:59:40.241, 11618, 12466
2026/08/18 23:59:45.241, 11618, 12466
2026/08/18 23:59:50.242, 11618, 12466
2026/08/18 23:59:55.242, 11618, 12466
2026/08/19 00:00:00.243, 11618, 12466
2026/08/19 00:00:05.243, 11618, 12466
2026/08/19 00:00:10.244, 11618, 12466
2026/08/19 00:00:15.244, 11618, 12466
2026/08/19 00:00:20.245, 11618, 12466
2026/08/19 00:00:25.245, 11618, 12466
2026/08/19 00:00:30.246, 11618, 12466
2026/08/19 00:00:35.246, 11618, 12466
2026/08/19 00:00:40.247, 11618, 12466
2026/08/19 00:00:45.247, 11618, 12466
2026/08/19 00:00:50.248, 11618, 12466
2026/08/19 00:00:55.248, 11618, 12466
2026/08/19 00:01:00.249, 11618, 12466
2026/08/19 00:01:05.249, 11618, 12466
2026/08/19 00:01:10.250, 11618, 12466
2026/08/19 00:01:15.250, 11618, 12466
2026/08/19 00:01:20.251, 11618, 12466
2026/08/19 00:01:25.251, 11618, 12466
2026/08/19 00:01:30.252, 11618, 12466
2026/08/19 00:01:35.252, 11618, 12466
2026/08/19 00:01:40.253, 11618, 12466
2026/08/19 00:01:45.253, 11618, 12466
2026/08/19 00:01:50.254, 11618, 12466
2026/08/19 00:01:55.254, 11618, 12466
2026/08/19 00:02:00.255, 11618, 12466
2026/08/19 00:02:05.255, 11618, 12466
2026/08/19 00:02:10.256, 11618, 12466
2026/08/19 00:02:15.256, 11618, 12466
2026/08/19 00:02:20.257, 11618, 12466
2026/08/19 00:02:25.257, 11618, 12466
2026/08/19 00:02:30.258, 11618, 12466
2026/08/19 00:02:35.258, 11618, 12466
2026/08/19 00:02:40.259, 11618, 12466
2026/08/19 00:02:45.259, 11618, 12466
2026/08/19 00:02:50.260, 11618, 12466
2026/08/19 00:02:55.260, 11618, 12466
2026/08/19 00:03:00.261, 11618, 12466
2026/08/19 00:03:05.261, 11618, 12466
2026/08/19 00:03:10.262, 11618, 12466
2026/08/19 00:03:15.262, 11618, 12466
2026/08/19 00:03:20.263, 11618, 12466
2026/08/19 00:03:25.263, 11618, 12466
2026/08/19 00:03:30.264, 11618, 12466
2026/08/19 00:03:35.264, 11618, 12466
2026/08/19 00:03:40.265, 11618, 12466
2026/08/19 00:03:45.265, 11618, 12466
2026/08/19 00:03:50.266, 11618, 12466
2026/08/19 00:03:55.266, 11618, 12466
2026/08/19 00:04:00.267, 11618, 12466
2026/08/19 00:04:05.268, 11618, 12466
2026/08/19 00:04:10.268, 11618, 12466
2026/08/19 00:04:15.269, 11618, 12466
2026/08/19 00:04:20.269, 11618, 12466
2026/08/19 00:04:25.270, 11618, 12466
2026/08/19 00:04:30.270, 11618, 12466
2026/08/19 00:04:35.271, 11618, 12466
2026/08/19 00:04:40.271, 11618, 12466
2026/08/19 00:04:45.272, 11618, 12466
2026/08/19 00:04:50.272, 11618, 12466
2026/08/19 00:04:55.273, 11618, 12466
2026/08/19 00:05:00.273, 11618, 12466
2026/08/19 00:05:05.274, 11618, 12466
2026/08/19 00:05:10.274, 11618, 12466
2026/08/19 00:05:15.275, 11618, 12466
2026/08/19 00:05:20.275, 11618, 12466
2026/08/19 00:05:25.276, 11618, 12466
2026/08/19 00:05:30.276, 11618, 12466
2026/08/19 00:05:35.277, 11618, 12466
2026/08/19 00:05:40.277, 11618, 12466
2026/08/19 00:05:45.278, 11618, 12466
2026/08/19 00:05:50.278, 11618, 12466
2026/08/19 00:05:55.279, 11618, 12466
2026/08/19 00:06:00.279, 11618, 12466
2026/08/19 00:06:05.280, 11618, 12466
2026/08/19 00:06:10.280, 11618, 12466
2026/08/19 00:06:15.281, 11618, 12466
2026/08/19 00:06:20.281, 11618, 12466
2026/08/19 00:06:25.282, 11618, 12466
2026/08/19 00:06:30.282, 11618, 12466
2026/08/19 00:06:35.283, 11618, 12466
2026/08/19 00:06:40.283, 11618, 12466
2026/08/19 00:06:45.284, 11618, 12466
2026/08/19 00:06:50.284, 11618, 12466
2026/08/19 00:06:55.285, 11618, 12466
2026/08/19 00:07:00.285, 11618, 12466
2026/08/19 00:07:05.286, 11618, 12466
2026/08/19 00:07:10.286, 11618, 12466
2026/08/19 00:07:15.287, 11618, 12466
2026/08/19 00:07:20.287, 11618, 12466
2026/08/19 00:07:25.288, 11618, 12466
2026/08/19 00:07:30.288, 11618, 12466
2026/08/19 00:07:35.289, 11618, 12466
2026/08/19 00:07:40.290, 11618, 12466
2026/08/19 00:07:45.290, 11618, 12466
2026/08/19 00:07:50.291, 11618, 12466
2026/08/19 00:07:55.291, 11618, 12466
2026/08/19 00:08:00.292, 11618, 12466
2026/08/19 00:08:05.292, 11618, 12466
2026/08/19 00:08:10.293, 11618, 12466
2026/08/19 00:08:15.293, 11618, 12466
2026/08/19 00:08:20.294, 11618, 12466
2026/08/19 00:08:25.294, 11618, 12466
2026/08/19 00:08:30.295, 11618, 12466
2026/08/19 00:08:35.295, 11618, 12466
2026/08/19 00:08:40.296, 11618, 12466
2026/08/19 00:08:45.296, 11618, 12466
2026/08/19 00:08:50.297, 11618, 12466
2026/08/19 00:08:55.297, 11618, 12466
2026/08/19 00:09:00.298, 11618, 12466
2026/08/19 00:09:05.298, 11618, 12466
2026/08/19 00:09:10.299, 11618, 12466
2026/08/19 00:09:15.299, 11618, 12466
2026/08/19 00:09:20.300, 11618, 12466
2026/08/19 00:09:25.300, 11618, 12466
2026/08/19 00:09:30.301, 11618, 12466
2026/08/19 00:09:35.301, 11618, 12466
2026/08/19 00:09:40.302, 11618, 12466
2026/08/19 00:09:45.302, 11618, 12466
2026/08/19 00:09:50.303, 11618, 12466
2026/08/19 00:09:55.303, 11618, 12466
2026/08/19 00:10:00.304, 11618, 12466
2026/08/19 00:10:05.304, 11618, 12466
2026/08/19 00:10:10.305, 11618, 12466
2026/08/19 00:10:15.306, 11618, 12466
2026/08/19 00:10:20.306, 11618, 12466
2026/08/19 00:10:25.307, 11618, 12466
2026/08/19 00:10:30.307, 11618, 12466
2026/08/19 00:10:35.308, 11618, 12466
2026/08/19 00:10:40.308, 11618, 12466
2026/08/19 00:10:45.309, 11618, 12466
2026/08/19 00:10:50.309, 11618, 12466
2026/08/19 00:10:55.310, 11618, 12466
2026/08/19 00:11:00.310, 11618, 12466
2026/08/19 00:11:05.311, 11618, 12466
2026/08/19 00:11:10.311, 11618, 12466
2026/08/19 00:11:15.312, 11618, 12466
2026/08/19 00:11:20.312, 11618, 12466
2026/08/19 00:11:25.313, 11618, 12466
2026/08/19 00:11:30.313, 11618, 12466
2026/08/19 00:11:35.314, 11618, 12466
2026/08/19 00:11:40.314, 11618, 12466
2026/08/19 00:11:45.315, 11618, 12466
2026/08/19 00:11:50.315, 11618, 12466
2026/08/19 00:11:55.316, 11618, 12466
2026/08/19 00:12:00.316, 11618, 12466
2026/08/19 00:12:05.317, 11618, 12466
2026/08/19 00:12:10.318, 11618, 12466
2026/08/19 00:12:15.318, 11618, 12466
2026/08/19 00:12:20.319, 11618, 12466
2026/08/19 00:12:25.319, 11618, 12466
2026/08/19 00:12:30.320, 11618, 12466
2026/08/19 00:12:35.320, 11618, 12466
2026/08/19 00:12:40.321, 11618, 12466
2026/08/19 00:12:45.321, 11618, 12466
2026/08/19 00:12:50.322, 11618, 12466
2026/08/19 00:12:55.322, 11618, 12466
2026/08/19 00:13:00.323, 11618, 12466
2026/08/19 00:13:05.323, 11618, 12466
2026/08/19 00:13:10.324, 11618, 12466
2026/08/19 00:13:15.324, 11618, 12466
2026/08/19 00:13:20.325, 11618, 12466
2026/08/19 00:13:25.325, 11618, 12466
2026/08/19 00:13:30.326, 11618, 12466
2026/08/19 00:13:35.326, 11618, 12466
2026/08/19 00:13:40.327, 11618, 12466
2026/08/19 00:13:45.327, 11618, 12466
2026/08/19 00:13:50.328, 11618, 12466
2026/08/19 00:13:55.328, 11618, 12466
2026/08/19 00:14:00.329, 11618, 12466
2026/08/19 00:14:05.329, 11618, 12466
2026/08/19 00:14:10.330, 11618, 12466
2026/08/19 00:14:15.330, 11618, 12466
2026/08/19 00:14:20.331, 11618, 12466
2026/08/19 00:14:25.332, 11618, 12466
2026/08/19 00:14:30.332, 11618, 12466
2026/08/19 00:14:35.332, 11618, 12466
2026/08/19 00:14:40.333, 11618, 12466
2026/08/19 00:14:45.333, 11618, 12466
2026/08/19 00:14:50.334, 11618, 12466
2026/08/19 00:14:55.335, 11618, 12466
2026/08/19 00:15:00.335, 11618, 12466
2026/08/19 00:15:05.336, 11618, 12466
2026/08/19 00:15:10.336, 11618, 12466
2026/08/19 00:15:15.337, 11618, 12466
2026/08/19 00:15:20.337, 11618, 12466
2026/08/19 00:15:25.338, 11618, 12466
2026/08/19 00:15:30.338, 11618, 12466
2026/08/19 00:15:35.339, 11618, 12466
2026/08/19 00:15:40.339, 11618, 12466
2026/08/19 00:15:45.340, 11618, 12466
2026/08/19 00:15:50.340, 11618, 12466
2026/08/19 00:15:55.341, 11618, 12466
2026/08/19 00:16:00.341, 11618, 12466
2026/08/19 00:16:05.342, 11618, 12466
2026/08/19 00:16:10.343, 11618, 12466
2026/08/19 00:16:15.343, 11618, 12466
2026/08/19 00:16:20.344, 11618, 12466
2026/08/19 00:16:25.344, 11618, 12466
2026/08/19 00:16:30.345, 11618, 12466
2026/08/19 00:16:35.345, 11618, 12466
2026/08/19 00:16:40.346, 11618, 12466
2026/08/19 00:16:45.346, 11618, 12466
2026/08/19 00:16:50.347, 11618, 12466
2026/08/19 00:16:55.347, 11618, 12466
2026/08/19 00:17:00.348, 11618, 12466
2026/08/19 00:17:05.348, 11618, 12466
2026/08/19 00:17:10.349, 11618, 12466
2026/08/19 00:17:15.349, 11618, 12466
2026/08/19 00:17:20.350, 11618, 12466
2026/08/19 00:17:25.350, 11618, 12466
2026/08/19 00:17:30.351, 11618, 12466
2026/08/19 00:17:35.352, 11618, 12466
2026/08/19 00:17:40.352, 11618, 12466
2026/08/19 00:17:45.353, 11618, 12466
2026/08/19 00:17:50.353, 11618, 12466
2026/08/19 00:17:55.354, 11618, 12466
2026/08/19 00:18:00.354, 11618, 12466
2026/08/19 00:18:05.355, 11618, 12466
2026/08/19 00:18:10.355, 11618, 12466
2026/08/19 00:18:15.356, 11618, 12466
2026/08/19 00:18:20.356, 11618, 12466
2026/08/19 00:18:25.357, 11618, 12466
2026/08/19 00:18:30.357, 11618, 12466
2026/08/19 00:18:35.358, 11618, 12466
2026/08/19 00:18:40.358, 11618, 12466
2026/08/19 00:18:45.359, 11618, 12466
2026/08/19 00:18:50.360, 11618, 12466
2026/08/19 00:18:55.360, 11618, 12466
2026/08/19 00:19:00.361, 11618, 12466
2026/08/19 00:19:05.361, 11618, 12466
2026/08/19 00:19:10.362, 11618, 12466
2026/08/19 00:19:15.362, 11618, 12466
2026/08/19 00:19:20.363, 11618, 12466
2026/08/19 00:19:25.363, 11618, 12466
2026/08/19 00:19:30.364, 11618, 12466
2026/08/19 00:19:35.364, 11618, 12466
2026/08/19 00:19:40.365, 11618, 12466
2026/08/19 00:19:45.365, 11618, 12466
2026/08/19 00:19:50.366, 11618, 12466
2026/08/19 00:19:55.366, 11618, 12466
2026/08/19 00:20:00.367, 11618, 12466
2026/08/19 00:20:05.367, 11618, 12466
2026/08/19 00:20:10.368, 11618, 12466
2026/08/19 00:20:15.368, 11618, 12466
2026/08/19 00:20:20.369, 11618, 12466
2026/08/19 00:20:25.369, 11618, 12466
2026/08/19 00:20:30.370, 11618, 12466
2026/08/19 00:20:35.371, 11618, 12466
2026/08/19 00:20:40.371, 11618, 12466
2026/08/19 00:20:45.372, 11618, 12466
2026/08/19 00:20:50.372, 11618, 12466
2026/08/19 00:20:55.373, 11618, 12466
2026/08/19 00:21:00.373, 11618, 12466
2026/08/19 00:21:05.374, 11618, 12466
2026/08/19 00:21:10.374, 11618, 12466
2026/08/19 00:21:15.375, 11618, 12466
2026/08/19 00:21:20.375, 11618, 12466
2026/08/19 00:21:25.376, 11618, 12466
2026/08/19 00:21:30.376, 11618, 12466
2026/08/19 00:21:35.377, 11618, 12466
2026/08/19 00:21:40.377, 11618, 12466
2026/08/19 00:21:45.378, 11618, 12466
2026/08/19 00:21:50.378, 11618, 12466
2026/08/19 00:21:55.379, 11618, 12466
2026/08/19 00:22:00.380, 11618, 12466
2026/08/19 00:22:05.380, 11618, 12466
2026/08/19 00:22:10.381, 11618, 12466
2026/08/19 00:22:15.381, 11618, 12466
2026/08/19 00:22:20.382, 11618, 12466
2026/08/19 00:22:25.382, 11618, 12466
2026/08/19 00:22:30.383, 11618, 12466
2026/08/19 00:22:35.383, 11618, 12466
2026/08/19 00:22:40.384, 11618, 12466
2026/08/19 00:22:45.384, 11618, 12466
2026/08/19 00:22:50.385, 11618, 12466
2026/08/19 00:22:55.385, 11618, 12466
2026/08/19 00:23:00.386, 11618, 12466
2026/08/19 00:23:05.387, 11618, 12466
2026/08/19 00:23:10.387, 11618, 12466
2026/08/19 00:23:15.388, 11618, 12466
2026/08/19 00:23:20.388, 11618, 12466
2026/08/19 00:23:25.389, 11618, 12466
2026/08/19 00:23:30.389, 11618, 12466
2026/08/19 00:23:35.390, 11618, 12466
2026/08/19 00:23:40.390, 11618, 12466
2026/08/19 00:23:45.391, 11618, 12466
2026/08/19 00:23:50.391, 11618, 12466
2026/08/19 00:23:55.392, 11618, 12466
2026/08/19 00:24:00.392, 11618, 12466
2026/08/19 00:24:05.393, 11618, 12466
2026/08/19 00:24:10.393, 11618, 12466
2026/08/19 00:24:15.394, 11618, 12466
2026/08/19 00:24:20.394, 11618, 12466
2026/08/19 00:24:25.395, 11618, 12466
2026/08/19 00:24:30.396, 11618, 12466
2026/08/19 00:24:35.396, 11618, 12466
2026/08/19 00:24:40.397, 11618, 12466
2026/08/19 00:24:45.397, 11618, 12466
2026/08/19 00:24:50.398, 11618, 12466
2026/08/19 00:24:55.398, 11618, 12466
2026/08/19 00:25:00.399, 11618, 12466
2026/08/19 00:25:05.399, 11618, 12466
2026/08/19 00:25:10.400, 11618, 12466
2026/08/19 00:25:15.400, 11618, 12466
2026/08/19 00:25:20.401, 11618, 12466
2026/08/19 00:25:25.401, 11618, 12466
2026/08/19 00:25:30.402, 11618, 12466
2026/08/19 00:25:35.402, 11618, 12466
2026/08/19 00:25:40.403, 11618, 12466
2026/08/19 00:25:45.403, 11618, 12466
2026/08/19 00:25:50.404, 11618, 12466
2026/08/19 00:25:55.404, 11618, 12466
2026/08/19 00:26:00.405, 11618, 12466
2026/08/19 00:26:05.405, 11618, 12466
2026/08/19 00:26:10.406, 11618, 12466
2026/08/19 00:26:15.406, 11618, 12466
2026/08/19 00:26:20.407, 11618, 12466
2026/08/19 00:26:25.407, 11618, 12466
2026/08/19 00:26:30.408, 11618, 12466
2026/08/19 00:26:35.408, 11618, 12466
2026/08/19 00:26:40.409, 11618, 12466
2026/08/19 00:26:45.410, 11618, 12466
2026/08/19 00:26:50.410, 11618, 12466
2026/08/19 00:26:55.410, 11618, 12466
2026/08/19 00:27:00.411, 11618, 12466
2026/08/19 00:27:05.412, 11618, 12466
2026/08/19 00:27:10.412, 11618, 12466
2026/08/19 00:27:15.413, 11618, 12466
2026/08/19 00:27:20.413, 11618, 12466
2026/08/19 00:27:25.414, 11618, 12466
2026/08/19 00:27:30.414, 11618, 12466
2026/08/19 00:27:35.415, 11618, 12466
2026/08/19 00:27:40.415, 11618, 12466
2026/08/19 00:27:45.416, 11618, 12466
2026/08/19 00:27:50.416, 11618, 12466
2026/08/19 00:27:55.417, 11618, 12466
2026/08/19 00:28:00.417, 11618, 12466
2026/08/19 00:28:05.418, 11618, 12466
2026/08/19 00:28:10.418, 11618, 12466
2026/08/19 00:28:15.419, 11618, 12466
2026/08/19 00:28:20.419, 11618, 12466
2026/08/19 00:28:25.420, 11618, 12466
2026/08/19 00:28:30.420, 11618, 12466
2026/08/19 00:28:35.421, 11618, 12466
2026/08/19 00:28:40.421, 11618, 12466
2026/08/19 00:28:45.422, 11618, 12466
2026/08/19 00:28:50.422, 11618, 12466
2026/08/19 00:28:55.423, 11618, 12466
2026/08/19 00:29:00.423, 11618, 12466
2026/08/19 00:29:05.424, 11618, 12466
2026/08/19 00:29:10.424, 11618, 12466
2026/08/19 00:29:15.425, 11618, 12466
2026/08/19 00:29:20.425, 11618, 12466
2026/08/19 00:29:25.426, 11618, 12466
2026/08/19 00:29:30.426, 11618, 12466
2026/08/19 00:29:35.427, 11618, 12466
2026/08/19 00:29:40.427, 11618, 12466
2026/08/19 00:29:45.428, 11618, 12466
2026/08/19 00:29:50.428, 11618, 12466
2026/08/19 00:29:55.429, 11618, 12466
2026/08/19 00:30:00.429, 11618, 12466
2026/08/19 00:30:05.430, 11618, 12466
2026/08/19 00:30:10.430, 11618, 12466
2026/08/19 00:30:15.431, 11618, 12466
2026/08/19 00:30:20.431, 11618, 12466
2026/08/19 00:30:25.432, 11618, 12466
2026/08/19 00:30:30.432, 11618, 12466
2026/08/19 00:30:35.433, 11618, 12466
2026/08/19 00:30:40.433, 11618, 12466
2026/08/19 00:30:45.434, 11618, 12466
2026/08/19 00:30:50.434, 11618, 12466
2026/08/19 00:30:55.435, 11618, 12466
2026/08/19 00:31:00.435, 11618, 12466
2026/08/19 00:31:05.436, 11618, 12466
2026/08/19 00:31:10.436, 11618, 12466
2026/08/19 00:31:15.437, 11618, 12466
2026/08/19 00:31:20.437, 11618, 12466
2026/08/19 00:31:25.438, 11618, 12466
2026/08/19 00:31:30.438, 11618, 12466
2026/08/19 00:31:35.439, 11618, 12466
2026/08/19 00:31:40.439, 11618, 12466
2026/08/19 00:31:45.440, 11618, 12466
2026/08/19 00:31:50.440, 11618, 12466
2026/08/19 00:31:55.441, 11618, 12466
2026/08/19 00:32:00.441, 11618, 12466
2026/08/19 00:32:05.442, 11618, 12466
2026/08/19 00:32:10.442, 11618, 12466
2026/08/19 00:32:15.443, 11618, 12466
2026/08/19 00:32:20.443, 11618, 12466
2026/08/19 00:32:25.444, 11618, 12466
2026/08/19 00:32:30.445, 11618, 12466
2026/08/19 00:32:35.445, 11618, 12466
2026/08/19 00:32:40.446, 11618, 12466
2026/08/19 00:32:45.446, 11618, 12466
2026/08/19 00:32:50.447, 11618, 12466
2026/08/19 00:32:55.447, 11618, 12466
2026/08/19 00:33:00.448, 11618, 12466
2026/08/19 00:33:05.448, 11618, 12466
2026/08/19 00:33:10.449, 11618, 12466
2026/08/19 00:33:15.449, 11618, 12466
2026/08/19 00:33:20.450, 11618, 12466
2026/08/19 00:33:25.450, 11618, 12466
2026/08/19 00:33:30.451, 11618, 12466
2026/08/19 00:33:35.451, 11618, 12466
2026/08/19 00:33:40.452, 11618, 12466
2026/08/19 00:33:45.452, 11618, 12466
2026/08/19 00:33:50.453, 11618, 12466
2026/08/19 00:33:55.453, 11618, 12466
2026/08/19 00:34:00.454, 11618, 12466
2026/08/19 00:34:05.454, 11618, 12466
2026/08/19 00:34:10.455, 11618, 12466
2026/08/19 00:34:15.455, 11618, 12466
2026/08/19 00:34:20.456, 11618, 12466
2026/08/19 00:34:25.456, 11618, 12466
2026/08/19 00:34:30.457, 11618, 12466
2026/08/19 00:34:35.457, 11618, 12466
2026/08/19 00:34:40.458, 11618, 12466
2026/08/19 00:34:45.458, 11618, 12466
2026/08/19 00:34:50.459, 11618, 12466
2026/08/19 00:34:55.459, 11618, 12466
2026/08/19 00:35:00.460, 11618, 12466
2026/08/19 00:35:05.460, 11618, 12466
2026/08/19 00:35:10.461, 11618, 12466
2026/08/19 00:35:15.461, 11618, 12466
2026/08/19 00:35:20.462, 11618, 12466
2026/08/19 00:35:25.462, 11618, 12466
2026/08/19 00:35:30.463, 11618, 12466
2026/08/19 00:35:35.463, 11618, 12466
2026/08/19 00:35:40.464, 11618, 12466
2026/08/19 00:35:45.464, 11618, 12466
2026/08/19 00:35:50.465, 11618, 12466
2026/08/19 00:35:55.465, 11618, 12466
2026/08/19 00:36:00.466, 11618, 12466
2026/08/19 00:36:05.466, 11618, 12466
2026/08/19 00:36:10.467, 11618, 12466
2026/08/19 00:36:15.467, 11618, 12466
2026/08/19 00:36:20.468, 11618, 12466
2026/08/19 00:36:25.468, 11618, 12466
2026/08/19 00:36:30.469, 11618, 12466
2026/08/19 00:36:35.469, 11618, 12466
2026/08/19 00:36:40.470, 11618, 12466
2026/08/19 00:36:45.470, 11618, 12466
2026/08/19 00:36:50.471, 11618, 12466
2026/08/19 00:36:55.471, 11618, 12466
2026/08/19 00:37:00.472, 11618, 12466
2026/08/19 00:37:05.472, 11618, 12466
2026/08/19 00:37:10.473, 11618, 12466
2026/08/19 00:37:15.473, 11618, 12466
2026/08/19 00:37:20.474, 11618, 12466
2026/08/19 00:37:25.474, 11618, 12466
2026/08/19 00:37:30.475, 11618, 12466
2026/08/19 00:37:35.476, 11618, 12466
2026/08/19 00:37:40.476, 11618, 12466
2026/08/19 00:37:45.477, 11618, 12466
2026/08/19 00:37:50.477, 11618, 12466
2026/08/19 00:37:55.478, 11618, 12466
2026/08/19 00:38:00.478, 11618, 12466
2026/08/19 00:38:05.478, 11618, 12466
2026/08/19 00:38:10.479, 11618, 12466
2026/08/19 00:38:15.488, 11618, 12466
2026/08/19 00:38:20.488, 11618, 12466
2026/08/19 00:38:25.489, 11618, 12466
2026/08/19 00:38:30.490, 11618, 12466
2026/08/19 00:38:35.490, 11618, 12466
2026/08/19 00:38:40.491, 11618, 12466
2026/08/19 00:38:45.491, 11618, 12466
2026/08/19 00:38:50.492, 11618, 12466
2026/08/19 00:38:55.492, 11618, 12466
2026/08/19 00:39:00.493, 11618, 12466
2026/08/19 00:39:05.493, 11618, 12466
2026/08/19 00:39:10.494, 11618, 12466
2026/08/19 00:39:15.494, 11618, 12466
2026/08/19 00:39:20.495, 11618, 12466
2026/08/19 00:39:25.495, 11618, 12466
2026/08/19 00:39:30.496, 11618, 12466
2026/08/19 00:39:35.496, 11618, 12466
2026/08/19 00:39:40.497, 11618, 12466
2026/08/19 00:39:45.497, 11618, 12466
2026/08/19 00:39:50.498, 11618, 12466
2026/08/19 00:39:55.498, 11618, 12466
2026/08/19 00:40:00.499, 11618, 12466
2026/08/19 00:40:05.499, 11618, 12466
2026/08/19 00:40:10.500, 11618, 12466
2026/08/19 00:40:15.500, 11618, 12466
2026/08/19 00:40:20.501, 11618, 12466
2026/08/19 00:40:25.502, 11618, 12466
2026/08/19 00:40:30.502, 11618, 12466
2026/08/19 00:40:35.503, 11618, 12466
2026/08/19 00:40:40.503, 11618, 12466
2026/08/19 00:40:45.504, 11618, 12466
2026/08/19 00:40:50.504, 11618, 12466
2026/08/19 00:40:55.505, 11618, 12466
2026/08/19 00:41:00.505, 11618, 12466
2026/08/19 00:41:05.506, 11618, 12466
2026/08/19 00:41:10.506, 11618, 12466
2026/08/19 00:41:15.507, 11618, 12466
2026/08/19 00:41:20.507, 11618, 12466
2026/08/19 00:41:25.508, 11618, 12466
2026/08/19 00:41:30.508, 11618, 12466
2026/08/19 00:41:35.509, 11618, 12466
2026/08/19 00:41:40.509, 11618, 12466
2026/08/19 00:41:45.510, 11618, 12466
2026/08/19 00:41:50.511, 11618, 12466
2026/08/19 00:41:55.511, 11618, 12466
2026/08/19 00:42:00.512, 11618, 12466
2026/08/19 00:42:05.512, 11618, 12466
2026/08/19 00:42:10.513, 11618, 12466
2026/08/19 00:42:15.513, 11618, 12466
2026/08/19 00:42:20.514, 11618, 12466
2026/08/19 00:42:25.514, 11618, 12466
2026/08/19 00:42:30.515, 11618, 12466
2026/08/19 00:42:35.515, 11618, 12466
2026/08/19 00:42:40.516, 11618, 12466
2026/08/19 00:42:45.516, 11618, 12466
2026/08/19 00:42:50.517, 11618, 12466
2026/08/19 00:42:55.517, 11618, 12466
2026/08/19 00:43:00.518, 11618, 12466
2026/08/19 00:43:05.518, 11618, 12466
2026/08/19 00:43:10.519, 11618, 12466
2026/08/19 00:43:15.520, 11618, 12466
2026/08/19 00:43:20.520, 11618, 12466
2026/08/19 00:43:25.521, 11618, 12466
2026/08/19 00:43:30.521, 11618, 12466
2026/08/19 00:43:35.522, 11618, 12466
2026/08/19 00:43:40.522, 11618, 12466
2026/08/19 00:43:45.523, 11618, 12466
2026/08/19 00:43:50.523, 11618, 12466
2026/08/19 00:43:55.524, 11618, 12466
2026/08/19 00:44:00.524, 11618, 12466
2026/08/19 00:44:05.525, 11618, 12466
2026/08/19 00:44:10.525, 11618, 12466
2026/08/19 00:44:15.526, 11618, 12466
2026/08/19 00:44:20.526, 11618, 12466
2026/08/19 00:44:25.527, 11618, 12466
2026/08/19 00:44:30.528, 11618, 12466
2026/08/19 00:44:35.528, 11618, 12466
2026/08/19 00:44:40.529, 11618, 12466
2026/08/19 00:44:45.529, 11618, 12466
2026/08/19 00:44:50.530, 11618, 12466
2026/08/19 00:44:55.530, 11618, 12466
2026/08/19 00:45:00.531, 11618, 12466
2026/08/19 00:45:05.531, 11618, 12466
2026/08/19 00:45:10.532, 11618, 12466
2026/08/19 00:45:15.532, 11618, 12466
2026/08/19 00:45:20.533, 11618, 12466
2026/08/19 00:45:25.533, 11618, 12466
2026/08/19 00:45:30.534, 11618, 12466
2026/08/19 00:45:35.534, 11618, 12466
2026/08/19 00:45:40.535, 11618, 12466
2026/08/19 00:45:45.535, 11618, 12466
2026/08/19 00:45:50.536, 11618, 12466
2026/08/19 00:45:55.536, 11618, 12466
2026/08/19 00:46:00.537, 11618, 12466
2026/08/19 00:46:05.538, 11618, 12466
2026/08/19 00:46:10.538, 11618, 12466
2026/08/19 00:46:15.539, 11618, 12466
2026/08/19 00:46:20.539, 11618, 12466
2026/08/19 00:46:25.540, 11618, 12466
2026/08/19 00:46:30.540, 11618, 12466
2026/08/19 00:46:35.541, 11618, 12466
2026/08/19 00:46:40.541, 11618, 12466
2026/08/19 00:46:45.542, 11618, 12466
2026/08/19 00:46:50.542, 11618, 12466
2026/08/19 00:46:55.543, 11618, 12466
2026/08/19 00:47:00.543, 11618, 12466
2026/08/19 00:47:05.544, 11618, 12466
2026/08/19 00:47:10.544, 11618, 12466
2026/08/19 00:47:15.545, 11618, 12466
2026/08/19 00:47:20.545, 11618, 12466
2026/08/19 00:47:25.546, 11618, 12466
2026/08/19 00:47:30.547, 11618, 12466
2026/08/19 00:47:35.547, 11618, 12466
2026/08/19 00:47:40.548, 11618, 12466
2026/08/19 00:47:45.548, 11618, 12466
2026/08/19 00:47:50.549, 11618, 12466
2026/08/19 00:47:55.549, 11618, 12466
2026/08/19 00:48:00.550, 11618, 12466
2026/08/19 00:48:05.550, 11618, 12466
2026/08/19 00:48:10.551, 11618, 12466
2026/08/19 00:48:15.551, 11618, 12466
2026/08/19 00:48:20.552, 11618, 12466
2026/08/19 00:48:25.552, 11618, 12466
2026/08/19 00:48:30.553, 11618, 12466
2026/08/19 00:48:35.553, 11618, 12466
2026/08/19 00:48:40.554, 11618, 12466
2026/08/19 00:48:45.554, 11618, 12466
2026/08/19 00:48:50.555, 11618, 12466
2026/08/19 00:48:55.555, 11618, 12466
2026/08/19 00:49:00.556, 11618, 12466
2026/08/19 00:49:05.556, 11618, 12466
2026/08/19 00:49:10.557, 11618, 12466
2026/08/19 00:49:15.558, 11618, 12466
2026/08/19 00:49:20.558, 11618, 12466
2026/08/19 00:49:25.559, 11618, 12466
2026/08/19 00:49:30.559, 11618, 12466
2026/08/19 00:49:35.560, 11618, 12466
2026/08/19 00:49:40.560, 11618, 12466
2026/08/19 00:49:45.561, 11618, 12466
2026/08/19 00:49:50.561, 11618, 12466
2026/08/19 00:49:55.562, 11618, 12466
2026/08/19 00:50:00.562, 11618, 12466
2026/08/19 00:50:05.563, 11618, 12466
2026/08/19 00:50:10.563, 11618, 12466
2026/08/19 00:50:15.564, 11618, 12466
2026/08/19 00:50:20.564, 11618, 12466
2026/08/19 00:50:25.565, 11618, 12466
2026/08/19 00:50:30.565, 11618, 12466
2026/08/19 00:50:35.566, 11618, 12466
2026/08/19 00:50:40.566, 11618, 12466
2026/08/19 00:50:45.567, 11618, 12466
2026/08/19 00:50:50.567, 11618, 12466
2026/08/19 00:50:55.568, 11618, 12466
2026/08/19 00:51:00.568, 11618, 12466
2026/08/19 00:51:05.569, 11618, 12466
2026/08/19 00:51:10.569, 11618, 12466
2026/08/19 00:51:15.570, 11618, 12466
2026/08/19 00:51:20.570, 11618, 12466
2026/08/19 00:51:25.571, 11618, 12466
2026/08/19 00:51:30.571, 11618, 12466
2026/08/19 00:51:35.572, 11618, 12466
2026/08/19 00:51:40.573, 11618, 12466
2026/08/19 00:51:45.573, 11618, 12466
2026/08/19 00:51:50.574, 11618, 12466
2026/08/19 00:51:55.574, 11618, 12466
2026/08/19 00:52:00.575, 11618, 12466
2026/08/19 00:52:05.575, 11618, 12466
2026/08/19 00:52:10.576, 11618, 12466
2026/08/19 00:52:15.576, 11618, 12466
2026/08/19 00:52:20.577, 11618, 12466
2026/08/19 00:52:25.577, 11618, 12466
2026/08/19 00:52:30.578, 11618, 12466
2026/08/19 00:52:35.578, 11618, 12466
2026/08/19 00:52:40.579, 11618, 12466
2026/08/19 00:52:45.579, 11618, 12466
2026/08/19 00:52:50.580, 11618, 12466
2026/08/19 00:52:55.580, 11618, 12466
2026/08/19 00:53:00.581, 11618, 12466
2026/08/19 00:53:05.581, 11618, 12466
2026/08/19 00:53:10.582, 11618, 12466
2026/08/19 00:53:15.582, 11618, 12466
2026/08/19 00:53:20.583, 11618, 12466
2026/08/19 00:53:25.583, 11618, 12466
2026/08/19 00:53:30.584, 11618, 12466
2026/08/19 00:53:35.584, 11618, 12466
2026/08/19 00:53:40.585, 11618, 12466
2026/08/19 00:53:45.585, 11618, 12466
2026/08/19 00:53:50.586, 11618, 12466
2026/08/19 00:53:55.586, 11618, 12466
2026/08/19 00:54:00.587, 11618, 12466
2026/08/19 00:54:05.587, 11618, 12466
2026/08/19 00:54:10.588, 11618, 12466
2026/08/19 00:54:15.588, 11618, 12466
2026/08/19 00:54:20.589, 11618, 12466
2026/08/19 00:54:25.589, 11618, 12466
2026/08/19 00:54:30.590, 11618, 12466
2026/08/19 00:54:35.590, 11618, 12466
2026/08/19 00:54:40.591, 11618, 12466
2026/08/19 00:54:45.591, 11618, 12466
2026/08/19 00:54:50.592, 11618, 12466
2026/08/19 00:54:55.592, 11618, 12466
2026/08/19 00:55:00.593, 11618, 12466
2026/08/19 00:55:05.593, 11618, 12466
2026/08/19 00:55:10.594, 11618, 12466
2026/08/19 00:55:15.594, 11618, 12466
2026/08/19 00:55:20.595, 11618, 12466
2026/08/19 00:55:25.595, 11618, 12466
2026/08/19 00:55:30.596, 11618, 12466
2026/08/19 00:55:35.596, 11618, 12466
2026/08/19 00:55:40.597, 11618, 12466
2026/08/19 00:55:45.597, 11618, 12466
2026/08/19 00:55:50.598, 11618, 12466
2026/08/19 00:55:55.599, 11618, 12466
2026/08/19 00:56:00.599, 11618, 12466
2026/08/19 00:56:05.600, 11618, 12466
2026/08/19 00:56:10.600, 11618, 12466
2026/08/19 00:56:15.601, 11618, 12466
2026/08/19 00:56:20.601, 11618, 12466
2026/08/19 00:56:25.602, 11618, 12466
2026/08/19 00:56:30.602, 11618, 12466
2026/08/19 00:56:35.603, 11618, 12466
2026/08/19 00:56:40.603, 11618, 12466
2026/08/19 00:56:45.604, 11618, 12466
2026/08/19 00:56:50.604, 11618, 12466
2026/08/19 00:56:55.605, 11618, 12466
2026/08/19 00:57:00.605, 11618, 12466
2026/08/19 00:57:05.606, 11618, 12466
2026/08/19 00:57:10.606, 11618, 12466
2026/08/19 00:57:15.607, 11618, 12466
2026/08/19 00:57:20.607, 11618, 12466
2026/08/19 00:57:25.608, 11618, 12466
2026/08/19 00:57:30.608, 11618, 12466
2026/08/19 00:57:35.609, 11618, 12466
2026/08/19 00:57:40.609, 11618, 12466
2026/08/19 00:57:45.610, 11618, 12466
2026/08/19 00:57:50.611, 11618, 12466
2026/08/19 00:57:55.611, 11618, 12466
2026/08/19 00:58:00.612, 11618, 12466
2026/08/19 00:58:05.612, 11618, 12466
2026/08/19 00:58:10.613, 11618, 12466
2026/08/19 00:58:15.613, 11618, 12466
2026/08/19 00:58:20.614, 11618, 12466
2026/08/19 00:58:25.614, 11618, 12466
2026/08/19 00:58:30.615, 11618, 12466
2026/08/19 00:58:35.615, 11618, 12466
2026/08/19 00:58:40.616, 11618, 12466
2026/08/19 00:58:45.616, 11618, 12466
2026/08/19 00:58:50.617, 11618, 12466
2026/08/19 00:58:55.617, 11618, 12466
2026/08/19 00:59:00.618, 11618, 12466
2026/08/19 00:59:05.618, 11618, 12466
2026/08/19 00:59:10.619, 11618, 12466
2026/08/19 00:59:15.619, 11618, 12466
2026/08/19 00:59:20.620, 11618, 12466
2026/08/19 00:59:25.620, 11618, 12466
2026/08/19 00:59:30.621, 11618, 12466
2026/08/19 00:59:35.621, 11618, 12466
2026/08/19 00:59:40.622, 11618, 12466
2026/08/19 00:59:45.623, 11618, 12466
2026/08/19 00:59:50.623, 11618, 12466
2026/08/19 00:59:55.624, 11618, 12466
2026/08/19 01:00:00.624, 11618, 12466
2026/08/19 01:00:05.625, 11618, 12466
2026/08/19 01:00:10.625, 11618, 12466
2026/08/19 01:00:15.626, 11618, 12466
2026/08/19 01:00:20.626, 11618, 12466
2026/08/19 01:00:25.627, 11618, 12466
2026/08/19 01:00:30.627, 11618, 12466
2026/08/19 01:00:35.628, 11618, 12466
2026/08/19 01:00:40.628, 11618, 12466
2026/08/19 01:00:45.629, 11618, 12466
2026/08/19 01:00:50.629, 11618, 12466
2026/08/19 01:00:55.630, 11618, 12466
2026/08/19 01:01:00.630, 11618, 12466
2026/08/19 01:01:05.631, 11618, 12466
2026/08/19 01:01:10.631, 11618, 12466
2026/08/19 01:01:15.632, 11618, 12466
2026/08/19 01:01:20.632, 11618, 12466
2026/08/19 01:01:25.633, 11618, 12466
2026/08/19 01:01:30.633, 11618, 12466
2026/08/19 01:01:35.634, 11618, 12466
2026/08/19 01:01:40.634, 11618, 12466
2026/08/19 01:01:45.635, 11618, 12466
2026/08/19 01:01:50.636, 11618, 12466
2026/08/19 01:01:55.636, 11618, 12466
2026/08/19 01:02:00.637, 11618, 12466
2026/08/19 01:02:05.637, 11618, 12466
2026/08/19 01:02:10.638, 11618, 12466
2026/08/19 01:02:15.638, 11618, 12466
2026/08/19 01:02:20.639, 11618, 12466
2026/08/19 01:02:25.639, 11618, 12466
2026/08/19 01:02:30.640, 11618, 12466
2026/08/19 01:02:35.640, 11618, 12466
2026/08/19 01:02:40.641, 11618, 12466
2026/08/19 01:02:45.641, 11618, 12466
2026/08/19 01:02:50.642, 11618, 12466
2026/08/19 01:02:55.642, 11618, 12466
2026/08/19 01:03:00.643, 11618, 12466
2026/08/19 01:03:05.643, 11618, 12466
2026/08/19 01:03:10.644, 11618, 12466
2026/08/19 01:03:15.644, 11618, 12466
2026/08/19 01:03:20.645, 11618, 12466
2026/08/19 01:03:25.645, 11618, 12466
2026/08/19 01:03:30.646, 11618, 12466
2026/08/19 01:03:35.646, 11618, 12466
2026/08/19 01:03:40.647, 11618, 12466
2026/08/19 01:03:45.647, 11618, 12466
2026/08/19 01:03:50.648, 11618, 12466
2026/08/19 01:03:55.648, 11618, 12466
2026/08/19 01:04:00.649, 11618, 12466
2026/08/19 01:04:05.649, 11618, 12466
2026/08/19 01:04:10.650, 11618, 12466
2026/08/19 01:04:15.650, 11618, 12466
2026/08/19 01:04:20.651, 11618, 12466
2026/08/19 01:04:25.652, 11618, 12466
2026/08/19 01:04:30.652, 11618, 12466
2026/08/19 01:04:35.653, 11618, 12466
2026/08/19 01:04:40.653, 11618, 12466
2026/08/19 01:04:45.654, 11618, 12466
2026/08/19 01:04:50.654, 11618, 12466
2026/08/19 01:04:55.655, 11618, 12466
2026/08/19 01:05:00.655, 11618, 12466
2026/08/19 01:05:05.656, 11618, 12466
2026/08/19 01:05:10.656, 11618, 12466
2026/08/19 01:05:15.657, 11618, 12466
2026/08/19 01:05:20.657, 11618, 12466
2026/08/19 01:05:25.658, 11618, 12466
2026/08/19 01:05:30.658, 11618, 12466
2026/08/19 01:05:35.659, 11618, 12466
2026/08/19 01:05:40.659, 11618, 12466
2026/08/19 01:05:45.660, 11618, 12466
2026/08/19 01:05:50.661, 11618, 12466
2026/08/19 01:05:55.661, 11618, 12466
2026/08/19 01:06:00.662, 11618, 12466
2026/08/19 01:06:05.662, 11618, 12466
2026/08/19 01:06:10.663, 11618, 12466
2026/08/19 01:06:15.663, 11618, 12466
2026/08/19 01:06:20.664, 11618, 12466
2026/08/19 01:06:25.664, 11618, 12466
2026/08/19 01:06:30.665, 11618, 12466
2026/08/19 01:06:35.665, 11618, 12466
2026/08/19 01:06:40.666, 11618, 12466
2026/08/19 01:06:45.666, 11618, 12466
2026/08/19 01:06:50.667, 11618, 12466
2026/08/19 01:06:55.667, 11618, 12466
2026/08/19 01:07:00.668, 11618, 12466
2026/08/19 01:07:05.668, 11618, 12466
2026/08/19 01:07:10.669, 11618, 12466
2026/08/19 01:07:15.669, 11618, 12466
2026/08/19 01:07:20.670, 11618, 12466
2026/08/19 01:07:25.671, 11618, 12466
2026/08/19 01:07:30.671, 11618, 12466
2026/08/19 01:07:35.672, 11618, 12466
2026/08/19 01:07:40.672, 11618, 12466
2026/08/19 01:07:45.673, 11618, 12466
2026/08/19 01:07:50.673, 11618, 12466
2026/08/19 01:07:55.674, 11618, 12466
2026/08/19 01:08:00.674, 11618, 12466
2026/08/19 01:08:05.675, 11618, 12466
2026/08/19 01:08:10.675, 11618, 12466
2026/08/19 01:08:15.676, 11618, 12466
2026/08/19 01:08:20.676, 11618, 12466
2026/08/19 01:08:25.677, 11618, 12466
2026/08/19 01:08:30.677, 11618, 12466
2026/08/19 01:08:35.678, 11618, 12466
2026/08/19 01:08:40.678, 11618, 12466
2026/08/19 01:08:45.679, 11618, 12466
2026/08/19 01:08:50.679, 11618, 12466
2026/08/19 01:08:55.680, 11618, 12466
2026/08/19 01:09:00.680, 11618, 12466
2026/08/19 01:09:05.681, 11618, 12466
2026/08/19 01:09:10.681, 11618, 12466
2026/08/19 01:09:15.682, 11618, 12466
2026/08/19 01:09:20.683, 11618, 12466
2026/08/19 01:09:25.683, 11618, 12466
2026/08/19 01:09:30.684, 11618, 12466
2026/08/19 01:09:35.684, 11618, 12466
2026/08/19 01:09:40.685, 11618, 12466
2026/08/19 01:09:45.685, 11618, 12466
2026/08/19 01:09:50.686, 11618, 12466
2026/08/19 01:09:55.686, 11618, 12466
2026/08/19 01:10:00.687, 11618, 12466
2026/08/19 01:10:05.687, 11618, 12466
2026/08/19 01:10:10.688, 11618, 12466
2026/08/19 01:10:15.688, 11618, 12466
2026/08/19 01:10:20.689, 11618, 12466
2026/08/19 01:10:25.689, 11618, 12466
2026/08/19 01:10:30.690, 11618, 12466
2026/08/19 01:10:35.690, 11618, 12466
2026/08/19 01:10:40.691, 11618, 12466
2026/08/19 01:10:45.691, 11618, 12466
2026/08/19 01:10:50.692, 11618, 12466
2026/08/19 01:10:55.692, 11618, 12466
2026/08/19 01:11:00.693, 11618, 12466
2026/08/19 01:11:05.693, 11618, 12466
2026/08/19 01:11:10.694, 11618, 12466
2026/08/19 01:11:15.694, 11618, 12466
2026/08/19 01:11:20.695, 11618, 12466
2026/08/19 01:11:25.695, 11618, 12466
2026/08/19 01:11:30.696, 11618, 12466
2026/08/19 01:11:35.696, 11618, 12466
2026/08/19 01:11:40.697, 11618, 12466
2026/08/19 01:11:45.697, 11618, 12466
2026/08/19 01:11:50.698, 11618, 12466
2026/08/19 01:11:55.699, 11618, 12466
2026/08/19 01:12:00.699, 11618, 12466
2026/08/19 01:12:05.700, 11618, 12466
2026/08/19 01:12:10.700, 11618, 12466
2026/08/19 01:12:15.701, 11618, 12466
2026/08/19 01:12:20.701, 11618, 12466
2026/08/19 01:12:25.702, 11618, 12466
2026/08/19 01:12:30.702, 11618, 12466
2026/08/19 01:12:35.703, 11618, 12466
2026/08/19 01:12:40.703, 11618, 12466
2026/08/19 01:12:45.704, 11618, 12466
2026/08/19 01:12:50.704, 11618, 12466
2026/08/19 01:12:55.705, 11618, 12466
2026/08/19 01:13:00.705, 11618, 12466
2026/08/19 01:13:05.706, 11618, 12466
2026/08/19 01:13:10.706, 11618, 12466
2026/08/19 01:13:15.707, 11618, 12466
2026/08/19 01:13:20.707, 11618, 12466
2026/08/19 01:13:25.708, 11618, 12466
2026/08/19 01:13:30.708, 11618, 12466
2026/08/19 01:13:35.709, 11618, 12466
2026/08/19 01:13:40.709, 11618, 12466
2026/08/19 01:13:45.710, 11618, 12466
2026/08/19 01:13:50.711, 11618, 12466
2026/08/19 01:13:55.711, 11618, 12466
2026/08/19 01:14:00.712, 11618, 12466
2026/08/19 01:14:05.712, 11618, 12466
2026/08/19 01:14:10.713, 11618, 12466
2026/08/19 01:14:15.713, 11618, 12466
2026/08/19 01:14:20.714, 11618, 12466
2026/08/19 01:14:25.714, 11618, 12466
2026/08/19 01:14:30.715, 11618, 12466
2026/08/19 01:14:35.715, 11618, 12466
2026/08/19 01:14:40.716, 11618, 12466
2026/08/19 01:14:45.716, 11618, 12466
2026/08/19 01:14:50.717, 11618, 12466
2026/08/19 01:14:55.717, 11618, 12466
2026/08/19 01:15:00.718, 11618, 12466
2026/08/19 01:15:05.718, 11618, 12466
2026/08/19 01:15:10.719, 11618, 12466
2026/08/19 01:15:15.719, 11618, 12466
2026/08/19 01:15:20.720, 11618, 12466
2026/08/19 01:15:25.720, 11618, 12466
2026/08/19 01:15:30.721, 11618, 12466
2026/08/19 01:15:35.721, 11618, 12466
2026/08/19 01:15:40.722, 11618, 12466
2026/08/19 01:15:45.722, 11618, 12466
2026/08/19 01:15:50.723, 11618, 12466
2026/08/19 01:15:55.723, 11618, 12466
2026/08/19 01:16:00.724, 11618, 12466
2026/08/19 01:16:05.725, 11618, 12466
2026/08/19 01:16:10.725, 11618, 12466
2026/08/19 01:16:15.726, 11618, 12466
2026/08/19 01:16:20.726, 11618, 12466
2026/08/19 01:16:25.727, 11618, 12466
2026/08/19 01:16:30.727, 11618, 12466
2026/08/19 01:16:35.728, 11618, 12466
2026/08/19 01:16:40.728, 11618, 12466
2026/08/19 01:16:45.729, 11618, 12466
2026/08/19 01:16:50.729, 11618, 12466
2026/08/19 01:16:55.730, 11618, 12466
2026/08/19 01:17:00.730, 11618, 12466
2026/08/19 01:17:05.731, 11618, 12466
2026/08/19 01:17:10.731, 11618, 12466
2026/08/19 01:17:15.732, 11618, 12466
2026/08/19 01:17:20.732, 11618, 12466
2026/08/19 01:17:25.733, 11618, 12466
2026/08/19 01:17:30.733, 11618, 12466
2026/08/19 01:17:35.734, 11618, 12466
2026/08/19 01:17:40.734, 11618, 12466
2026/08/19 01:17:45.735, 11618, 12466
2026/08/19 01:17:50.735, 11618, 12466
2026/08/19 01:17:55.736, 11618, 12466
2026/08/19 01:18:00.736, 11618, 12466
2026/08/19 01:18:05.737, 11618, 12466
2026/08/19 01:18:10.738, 11618, 12466
2026/08/19 01:18:15.738, 11618, 12466
2026/08/19 01:18:20.738, 11618, 12466
2026/08/19 01:18:25.739, 11618, 12466
2026/08/19 01:18:30.739, 11618, 12466
2026/08/19 01:18:35.740, 11618, 12466
2026/08/19 01:18:40.740, 11618, 12466
2026/08/19 01:18:45.741, 11618, 12466
2026/08/19 01:18:50.742, 11618, 12466
2026/08/19 01:18:55.742, 11618, 12466
2026/08/19 01:19:00.743, 11618, 12466
2026/08/19 01:19:05.743, 11618, 12466
2026/08/19 01:19:10.744, 11618, 12466
2026/08/19 01:19:15.744, 11618, 12466
2026/08/19 01:19:20.745, 11618, 12466
2026/08/19 01:19:25.745, 11618, 12466
2026/08/19 01:19:30.746, 11618, 12466
2026/08/19 01:19:35.746, 11618, 12466
2026/08/19 01:19:40.747, 11618, 12466
2026/08/19 01:19:45.747, 11618, 12466
2026/08/19 01:19:50.748, 11618, 12466
2026/08/19 01:19:55.748, 11618, 12466
2026/08/19 01:20:00.749, 11618, 12466
2026/08/19 01:20:05.749, 11618, 12466
2026/08/19 01:20:10.750, 11618, 12466
2026/08/19 01:20:15.750, 11618, 12466
2026/08/19 01:20:20.751, 11618, 12466
2026/08/19 01:20:25.751, 11618, 12466
2026/08/19 01:20:30.752, 11618, 12466
2026/08/19 01:20:35.752, 11618, 12466
2026/08/19 01:20:40.753, 11618, 12466
2026/08/19 01:20:45.753, 11618, 12466
2026/08/19 01:20:50.754, 11618, 12466
2026/08/19 01:20:55.754, 11618, 12466
2026/08/19 01:21:00.755, 11618, 12466
2026/08/19 01:21:05.755, 11618, 12466
2026/08/19 01:21:10.756, 11618, 12466
2026/08/19 01:21:15.756, 11618, 12466
2026/08/19 01:21:20.757, 11618, 12466
2026/08/19 01:21:25.757, 11618, 12466
2026/08/19 01:21:30.757, 11618, 12466
2026/08/19 01:21:35.758, 11618, 12466
2026/08/19 01:21:40.759, 11618, 12466
2026/08/19 01:21:45.759, 11618, 12466
2026/08/19 01:21:50.760, 11618, 12466
2026/08/19 01:21:55.760, 11618, 12466
2026/08/19 01:22:00.760, 11618, 12466
2026/08/19 01:22:05.761, 11618, 12466
2026/08/19 01:22:10.761, 11618, 12466
2026/08/19 01:22:15.762, 11618, 12466
2026/08/19 01:22:20.763, 11618, 12466
2026/08/19 01:22:25.763, 11618, 12466
2026/08/19 01:22:30.764, 11618, 12466
2026/08/19 01:22:35.764, 11618, 12466
2026/08/19 01:22:40.765, 11618, 12466
2026/08/19 01:22:45.765, 11618, 12466
2026/08/19 01:22:50.766, 11618, 12466
2026/08/19 01:22:55.766, 11618, 12466
2026/08/19 01:23:00.767, 11618, 12466
2026/08/19 01:23:05.767, 11618, 12466
2026/08/19 01:23:10.768, 11618, 12466
2026/08/19 01:23:15.768, 11618, 12466
2026/08/19 01:23:20.769, 11618, 12466
2026/08/19 01:23:25.769, 11618, 12466
2026/08/19 01:23:30.770, 11618, 12466
2026/08/19 01:23:35.770, 11618, 12466
2026/08/19 01:23:40.771, 11618, 12466
2026/08/19 01:23:45.771, 11618, 12466
2026/08/19 01:23:50.771, 11618, 12466
2026/08/19 01:23:55.772, 11618, 12466
2026/08/19 01:24:00.773, 11618, 12466
2026/08/19 01:24:05.773, 11618, 12466
2026/08/19 01:24:10.774, 11618, 12466
2026/08/19 01:24:15.774, 11618, 12466
2026/08/19 01:24:20.774, 11618, 12466
2026/08/19 01:24:25.775, 11618, 12466
2026/08/19 01:24:30.776, 11618, 12466
2026/08/19 01:24:35.776, 11618, 12466
2026/08/19 01:24:40.777, 11618, 12466
2026/08/19 01:24:45.777, 11618, 12466
2026/08/19 01:24:50.778, 11618, 12466
2026/08/19 01:24:55.778, 11618, 12466
2026/08/19 01:25:00.779, 11618, 12466
2026/08/19 01:25:05.779, 11618, 12466
2026/08/19 01:25:10.779, 11618, 12466
2026/08/19 01:25:15.780, 11618, 12466
2026/08/19 01:25:20.780, 11618, 12466
2026/08/19 01:25:25.781, 11618, 12466
2026/08/19 01:25:30.781, 11618, 12466
2026/08/19 01:25:35.782, 11618, 12466
2026/08/19 01:25:40.782, 11618, 12466
2026/08/19 01:25:45.783, 11618, 12466
2026/08/19 01:25:50.783, 11618, 12466
2026/08/19 01:25:55.784, 11618, 12466
2026/08/19 01:26:00.784, 11618, 12466
2026/08/19 01:26:05.785, 11618, 12466
2026/08/19 01:26:10.785, 11618, 12466
2026/08/19 01:26:15.786, 11618, 12466
2026/08/19 01:26:20.786, 11618, 12466
2026/08/19 01:26:25.787, 11618, 12466
2026/08/19 01:26:30.787, 11618, 12466
2026/08/19 01:26:35.788, 11618, 12466
2026/08/19 01:26:40.788, 11618, 12466
2026/08/19 01:26:45.789, 11618, 12466
2026/08/19 01:26:50.789, 11618, 12466
2026/08/19 01:26:55.790, 11618, 12466
2026/08/19 01:27:00.790, 11618, 12466
2026/08/19 01:27:05.791, 11618, 12466
2026/08/19 01:27:10.791, 11618, 12466
2026/08/19 01:27:15.792, 11618, 12466
2026/08/19 01:27:20.792, 11618, 12466
2026/08/19 01:27:25.793, 11618, 12466
2026/08/19 01:27:30.793, 11618, 12466
2026/08/19 01:27:35.794, 11618, 12466
2026/08/19 01:27:40.794, 11618, 12466
2026/08/19 01:27:45.795, 11618, 12466
2026/08/19 01:27:50.795, 11618, 12466
2026/08/19 01:27:55.796, 11618, 12466
2026/08/19 01:28:00.796, 11618, 12466
2026/08/19 01:28:05.797, 11618, 12466
2026/08/19 01:28:10.797, 11618, 12466
2026/08/19 01:28:15.798, 11618, 12466
2026/08/19 01:28:20.798, 11618, 12466
2026/08/19 01:28:25.799, 11618, 12466
2026/08/19 01:28:30.799, 11618, 12466
2026/08/19 01:28:35.800, 11618, 12466
2026/08/19 01:28:40.800, 11618, 12466
2026/08/19 01:28:45.801, 11618, 12466
2026/08/19 01:28:50.801, 11618, 12466
2026/08/19 01:28:55.802, 11618, 12466
2026/08/19 01:29:00.802, 11618, 12466
2026/08/19 01:29:05.803, 11618, 12466
2026/08/19 01:29:10.803, 11618, 12466
2026/08/19 01:29:15.804, 11618, 12466
2026/08/19 01:29:20.804, 11618, 12466
2026/08/19 01:29:25.805, 11618, 12466
2026/08/19 01:29:30.805, 11618, 12466
2026/08/19 01:29:35.806, 11618, 12466
2026/08/19 01:29:40.806, 11618, 12466
2026/08/19 01:29:45.807, 11618, 12466
2026/08/19 01:29:50.807, 11618, 12466
2026/08/19 01:29:55.808, 11618, 12466
2026/08/19 01:30:00.808, 11618, 12466
2026/08/19 01:30:05.809, 11618, 12466
2026/08/19 01:30:10.809, 11618, 12466
2026/08/19 01:30:15.810, 11618, 12466
2026/08/19 01:30:20.810, 11618, 12466
2026/08/19 01:30:25.811, 11618, 12466
2026/08/19 01:30:30.811, 11618, 12466
2026/08/19 01:30:35.812, 11618, 12466
2026/08/19 01:30:40.812, 11618, 12466
2026/08/19 01:30:45.813, 11618, 12466
2026/08/19 01:30:50.813, 11618, 12466
2026/08/19 01:30:55.814, 11618, 12466
2026/08/19 01:31:00.814, 11618, 12466
2026/08/19 01:31:05.815, 11618, 12466
2026/08/19 01:31:10.815, 11618, 12466
2026/08/19 01:31:15.816, 11618, 12466
2026/08/19 01:31:20.816, 11618, 12466
2026/08/19 01:31:25.817, 11618, 12466
2026/08/19 01:31:30.817, 11618, 12466
2026/08/19 01:31:35.818, 11618, 12466
2026/08/19 01:31:40.818, 11618, 12466
2026/08/19 01:31:45.819, 11618, 12466
2026/08/19 01:31:50.819, 11618, 12466
2026/08/19 01:31:55.820, 11618, 12466
2026/08/19 01:32:00.820, 11618, 12466
2026/08/19 01:32:05.821, 11618, 12466
2026/08/19 01:32:10.821, 11618, 12466
2026/08/19 01:32:15.822, 11618, 12466
2026/08/19 01:32:20.822, 11618, 12466
2026/08/19 01:32:25.823, 11618, 12466
2026/08/19 01:32:30.823, 11618, 12466
2026/08/19 01:32:35.824, 11618, 12466
2026/08/19 01:32:40.824, 11618, 12466
2026/08/19 01:32:45.825, 11618, 12466
2026/08/19 01:32:50.825, 11618, 12466
2026/08/19 01:32:55.826, 11618, 12466
2026/08/19 01:33:00.826, 11618, 12466
2026/08/19 01:33:05.827, 11618, 12466
2026/08/19 01:33:10.827, 11618, 12466
2026/08/19 01:33:15.828, 11618, 12466
2026/08/19 01:33:20.828, 11618, 12466
2026/08/19 01:33:25.829, 11618, 12466
2026/08/19 01:33:30.829, 11618, 12466
2026/08/19 01:33:35.830, 11618, 12466
2026/08/19 01:33:40.830, 11618, 12466
2026/08/19 01:33:45.831, 11618, 12466
2026/08/19 01:33:50.831, 11618, 12466
2026/08/19 01:33:55.832, 11618, 12466
2026/08/19 01:34:00.832, 11618, 12466
2026/08/19 01:34:05.833, 11618, 12466
2026/08/19 01:34:10.833, 11618, 12466
2026/08/19 01:34:15.834, 11618, 12466
2026/08/19 01:34:20.834, 11618, 12466
2026/08/19 01:34:25.835, 11618, 12466
2026/08/19 01:34:30.835, 11618, 12466
2026/08/19 01:34:35.836, 11618, 12466
2026/08/19 01:34:40.836, 11618, 12466
2026/08/19 01:34:45.837, 11618, 12466
2026/08/19 01:34:50.837, 11618, 12466
2026/08/19 01:34:55.838, 11618, 12466
2026/08/19 01:35:00.838, 11618, 12466
2026/08/19 01:35:05.839, 11618, 12466
2026/08/19 01:35:10.839, 11618, 12466
2026/08/19 01:35:15.840, 11618, 12466
2026/08/19 01:35:20.841, 11618, 12466
2026/08/19 01:35:25.841, 11618, 12466
2026/08/19 01:35:30.841, 11618, 12466
2026/08/19 01:35:35.842, 11618, 12466
2026/08/19 01:35:40.843, 11618, 12466
2026/08/19 01:35:45.843, 11618, 12466
2026/08/19 01:35:50.844, 11618, 12466
2026/08/19 01:35:55.844, 11618, 12466
2026/08/19 01:36:00.845, 11618, 12466
2026/08/19 01:36:05.845, 11618, 12466
2026/08/19 01:36:10.846, 11618, 12466
2026/08/19 01:36:15.846, 11618, 12466
2026/08/19 01:36:20.847, 11618, 12466
2026/08/19 01:36:25.847, 11618, 12466
2026/08/19 01:36:30.848, 11618, 12466
2026/08/19 01:36:35.848, 11618, 12466
2026/08/19 01:36:40.849, 11618, 12466
2026/08/19 01:36:45.849, 11618, 12466
2026/08/19 01:36:50.850, 11618, 12466
2026/08/19 01:36:55.850, 11618, 12466
2026/08/19 01:37:00.851, 11618, 12466
2026/08/19 01:37:05.851, 11618, 12466
2026/08/19 01:37:10.852, 11618, 12466
2026/08/19 01:37:15.852, 11618, 12466
2026/08/19 01:37:20.853, 11618, 12466
2026/08/19 01:37:25.853, 11618, 12466
2026/08/19 01:37:30.854, 11618, 12466
2026/08/19 01:37:35.854, 11618, 12466
2026/08/19 01:37:40.855, 11618, 12466
2026/08/19 01:37:45.855, 11618, 12466
2026/08/19 01:37:50.856, 11618, 12466
2026/08/19 01:37:55.856, 11618, 12466
2026/08/19 01:38:00.857, 11618, 12466
2026/08/19 01:38:05.857, 11618, 12466
2026/08/19 01:38:10.858, 11618, 12466
2026/08/19 01:38:15.858, 11618, 12466
2026/08/19 01:38:20.859, 11618, 12466
2026/08/19 01:38:25.859, 11618, 12466
2026/08/19 01:38:30.860, 11618, 12466
2026/08/19 01:38:35.860, 11618, 12466
2026/08/19 01:38:40.861, 11618, 12466
2026/08/19 01:38:45.861, 11618, 12466
2026/08/19 01:38:50.862, 11618, 12466
2026/08/19 01:38:55.862, 11618, 12466
2026/08/19 01:39:00.863, 11618, 12466
2026/08/19 01:39:05.863, 11618, 12466
2026/08/19 01:39:10.864, 11618, 12466
2026/08/19 01:39:15.864, 11618, 12466
2026/08/19 01:39:20.865, 11618, 12466
2026/08/19 01:39:25.865, 11618, 12466
2026/08/19 01:39:30.866, 11618, 12466
2026/08/19 01:39:35.866, 11618, 12466
2026/08/19 01:39:40.867, 11618, 12466
2026/08/19 01:39:45.868, 11618, 12466
2026/08/19 01:39:50.868, 11618, 12466
2026/08/19 01:39:55.869, 11618, 12466
2026/08/19 01:40:00.869, 11618, 12466
2026/08/19 01:40:05.870, 11618, 12466
2026/08/19 01:40:10.870, 11618, 12466
2026/08/19 01:40:15.871, 11618, 12466
2026/08/19 01:40:20.871, 11618, 12466
2026/08/19 01:40:25.872, 11618, 12466
2026/08/19 01:40:30.872, 11618, 12466
2026/08/19 01:40:35.873, 11618, 12466
2026/08/19 01:40:40.873, 11618, 12466
2026/08/19 01:40:45.874, 11618, 12466
2026/08/19 01:40:50.874, 11618, 12466
2026/08/19 01:40:55.875, 11618, 12466
2026/08/19 01:41:00.875, 11618, 12466
2026/08/19 01:41:05.876, 11618, 12466
2026/08/19 01:41:10.876, 11618, 12466
2026/08/19 01:41:15.877, 11618, 12466
2026/08/19 01:41:20.878, 11618, 12466
2026/08/19 01:41:25.878, 11618, 12466
2026/08/19 01:41:30.879, 11618, 12466
2026/08/19 01:41:35.879, 11618, 12466
2026/08/19 01:41:40.880, 11618, 12466
2026/08/19 01:41:45.880, 11618, 12466
2026/08/19 01:41:50.881, 11618, 12466
2026/08/19 01:41:55.881, 11618, 12466
2026/08/19 01:42:00.882, 11618, 12466
2026/08/19 01:42:05.882, 11618, 12466
2026/08/19 01:42:10.883, 11618, 12466
2026/08/19 01:42:15.883, 11618, 12466
2026/08/19 01:42:20.884, 11618, 12466
2026/08/19 01:42:25.884, 11618, 12466
2026/08/19 01:42:30.885, 11618, 12466
2026/08/19 01:42:35.885, 11618, 12466
2026/08/19 01:42:40.886, 11618, 12466
2026/08/19 01:42:45.886, 11618, 12466
2026/08/19 01:42:50.887, 11618, 12466
2026/08/19 01:42:55.887, 11618, 12466
2026/08/19 01:43:00.888, 11618, 12466
2026/08/19 01:43:05.888, 11618, 12466
2026/08/19 01:43:10.889, 11618, 12466
2026/08/19 01:43:15.889, 11618, 12466
2026/08/19 01:43:20.890, 11618, 12466
2026/08/19 01:43:25.890, 11618, 12466
2026/08/19 01:43:30.891, 11618, 12466
2026/08/19 01:43:35.891, 11618, 12466
2026/08/19 01:43:40.892, 11618, 12466
2026/08/19 01:43:45.893, 11618, 12466
2026/08/19 01:43:50.893, 11618, 12466
2026/08/19 01:43:55.894, 11618, 12466
2026/08/19 01:44:00.894, 11618, 12466
2026/08/19 01:44:05.895, 11618, 12466
2026/08/19 01:44:10.895, 11618, 12466
2026/08/19 01:44:15.896, 11618, 12466
2026/08/19 01:44:20.896, 11618, 12466
2026/08/19 01:44:25.897, 11618, 12466
2026/08/19 01:44:30.897, 11618, 12466
2026/08/19 01:44:35.898, 11618, 12466
2026/08/19 01:44:40.898, 11618, 12466
2026/08/19 01:44:45.899, 11618, 12466
2026/08/19 01:44:50.899, 11618, 12466
2026/08/19 01:44:55.900, 11618, 12466
2026/08/19 01:45:00.900, 11618, 12466
2026/08/19 01:45:05.901, 11618, 12466
2026/08/19 01:45:10.901, 11618, 12466
2026/08/19 01:45:15.902, 11618, 12466
2026/08/19 01:45:20.902, 11618, 12466
2026/08/19 01:45:25.903, 11618, 12466
2026/08/19 01:45:30.903, 11618, 12466
2026/08/19 01:45:35.904, 11618, 12466
2026/08/19 01:45:40.904, 11618, 12466
2026/08/19 01:45:45.905, 11618, 12466
2026/08/19 01:45:50.906, 11618, 12466
2026/08/19 01:45:55.906, 11618, 12466
2026/08/19 01:46:00.907, 11618, 12466
2026/08/19 01:46:05.907, 11618, 12466
2026/08/19 01:46:10.908, 11618, 12466
2026/08/19 01:46:15.908, 11618, 12466
2026/08/19 01:46:20.909, 11618, 12466
2026/08/19 01:46:25.909, 11618, 12466
2026/08/19 01:46:30.910, 11618, 12466
2026/08/19 01:46:35.910, 11618, 12466
2026/08/19 01:46:40.911, 11618, 12466
2026/08/19 01:46:45.911, 11618, 12466
2026/08/19 01:46:50.912, 11618, 12466
2026/08/19 01:46:55.912, 11618, 12466
2026/08/19 01:47:00.913, 11618, 12466
2026/08/19 01:47:05.913, 11618, 12466
2026/08/19 01:47:10.914, 11618, 12466
2026/08/19 01:47:15.914, 11618, 12466
2026/08/19 01:47:20.915, 11618, 12466
2026/08/19 01:47:25.915, 11618, 12466
2026/08/19 01:47:30.916, 11618, 12466
2026/08/19 01:47:35.916, 11618, 12466
2026/08/19 01:47:40.917, 11618, 12466
2026/08/19 01:47:45.917, 11618, 12466
2026/08/19 01:47:50.918, 11618, 12466
2026/08/19 01:47:55.918, 11618, 12466
2026/08/19 01:48:00.919, 11618, 12466
2026/08/19 01:48:05.920, 11618, 12466
2026/08/19 01:48:10.920, 11618, 12466
2026/08/19 01:48:15.921, 11618, 12466
2026/08/19 01:48:20.921, 11618, 12466
2026/08/19 01:48:25.922, 11618, 12466
2026/08/19 01:48:30.922, 11618, 12466
2026/08/19 01:48:35.923, 11618, 12466
2026/08/19 01:48:40.923, 11618, 12466
2026/08/19 01:48:45.924, 11618, 12466
2026/08/19 01:48:50.924, 11618, 12466
2026/08/19 01:48:55.925, 11618, 12466
2026/08/19 01:49:00.925, 11618, 12466
2026/08/19 01:49:05.926, 11618, 12466
2026/08/19 01:49:10.926, 11618, 12466
2026/08/19 01:49:15.927, 11618, 12466
2026/08/19 01:49:20.927, 11618, 12466
2026/08/19 01:49:25.928, 11618, 12466
2026/08/19 01:49:30.928, 11618, 12466
2026/08/19 01:49:35.929, 11618, 12466
2026/08/19 01:49:40.929, 11618, 12466
2026/08/19 01:49:45.930, 11618, 12466
2026/08/19 01:49:50.930, 11618, 12466
2026/08/19 01:49:55.931, 11618, 12466
2026/08/19 01:50:00.932, 11618, 12466
2026/08/19 01:50:05.932, 11618, 12466
2026/08/19 01:50:10.933, 11618, 12466
2026/08/19 01:50:15.933, 11618, 12466
2026/08/19 01:50:20.934, 11618, 12466
2026/08/19 01:50:25.934, 11618, 12466
2026/08/19 01:50:30.935, 11618, 12466
2026/08/19 01:50:35.935, 11618, 12466
2026/08/19 01:50:40.936, 11618, 12466
2026/08/19 01:50:45.936, 11618, 12466
2026/08/19 01:50:50.937, 11618, 12466
2026/08/19 01:50:55.937, 11618, 12466
2026/08/19 01:51:00.938, 11618, 12466
2026/08/19 01:51:05.938, 11618, 12466
2026/08/19 01:51:10.939, 11618, 12466
2026/08/19 01:51:15.939, 11618, 12466
2026/08/19 01:51:20.940, 11618, 12466
2026/08/19 01:51:25.940, 11618, 12466
2026/08/19 01:51:30.941, 11618, 12466
2026/08/19 01:51:35.941, 11618, 12466
2026/08/19 01:51:40.942, 11618, 12466
2026/08/19 01:51:45.943, 11618, 12466
2026/08/19 01:51:50.943, 11618, 12466
2026/08/19 01:51:55.944, 11618, 12466
2026/08/19 01:52:00.944, 11618, 12466
2026/08/19 01:52:05.945, 11618, 12466
2026/08/19 01:52:10.945, 11618, 12466
2026/08/19 01:52:15.946, 11618, 12466
2026/08/19 01:52:20.946, 11618, 12466
2026/08/19 01:52:25.947, 11618, 12466
2026/08/19 01:52:30.947, 11618, 12466
2026/08/19 01:52:35.948, 11618, 12466
2026/08/19 01:52:40.949, 11618, 12466
2026/08/19 01:52:45.949, 11618, 12466
2026/08/19 01:52:50.950, 11618, 12466
2026/08/19 01:52:55.950, 11618, 12466
2026/08/19 01:53:00.951, 11618, 12466
2026/08/19 01:53:05.951, 11618, 12466
2026/08/19 01:53:10.952, 11618, 12466
2026/08/19 01:53:15.952, 11618, 12466
2026/08/19 01:53:20.953, 11618, 12466
2026/08/19 01:53:25.953, 11618, 12466
2026/08/19 01:53:30.954, 11618, 12466
2026/08/19 01:53:35.954, 11618, 12466
2026/08/19 01:53:40.955, 11618, 12466
2026/08/19 01:53:45.956, 11618, 12466
2026/08/19 01:53:50.956, 11618, 12466
2026/08/19 01:53:55.957, 11618, 12466
2026/08/19 01:54:00.957, 11618, 12466
2026/08/19 01:54:05.958, 11618, 12466
2026/08/19 01:54:10.958, 11618, 12466
2026/08/19 01:54:15.959, 11618, 12466
2026/08/19 01:54:20.959, 11618, 12466
2026/08/19 01:54:25.960, 11618, 12466
2026/08/19 01:54:30.960, 11618, 12466
2026/08/19 01:54:35.961, 11618, 12466
2026/08/19 01:54:40.961, 11618, 12466
2026/08/19 01:54:45.962, 11618, 12466
2026/08/19 01:54:50.962, 11618, 12466
2026/08/19 01:54:55.963, 11618, 12466
2026/08/19 01:55:00.963, 11618, 12466
2026/08/19 01:55:05.964, 11618, 12466
2026/08/19 01:55:10.964, 11618, 12466
2026/08/19 01:55:15.965, 11618, 12466
2026/08/19 01:55:20.965, 11618, 12466
2026/08/19 01:55:25.966, 11618, 12466
2026/08/19 01:55:30.966, 11618, 12466
2026/08/19 01:55:35.967, 11618, 12466
2026/08/19 01:55:40.967, 11618, 12466
2026/08/19 01:55:45.968, 11618, 12466
2026/08/19 01:55:50.968, 11618, 12466
2026/08/19 01:55:55.969, 11618, 12466
2026/08/19 01:56:00.970, 11618, 12466
2026/08/19 01:56:05.970, 11618, 12466
2026/08/19 01:56:10.970, 11618, 12466
2026/08/19 01:56:15.971, 11618, 12466
2026/08/19 01:56:20.971, 11618, 12466
2026/08/19 01:56:25.972, 11618, 12466
2026/08/19 01:56:30.973, 11618, 12466
2026/08/19 01:56:35.973, 11618, 12466
2026/08/19 01:56:40.973, 11618, 12466
2026/08/19 01:56:45.974, 11618, 12466
2026/08/19 01:56:50.974, 11618, 12466
2026/08/19 01:56:55.975, 11618, 12466
2026/08/19 01:57:00.976, 11618, 12466
2026/08/19 01:57:05.976, 11618, 12466
2026/08/19 01:57:10.977, 11618, 12466
2026/08/19 01:57:15.977, 11618, 12466
2026/08/19 01:57:20.978, 11618, 12466
2026/08/19 01:57:25.978, 11618, 12466
2026/08/19 01:57:30.979, 11618, 12466
2026/08/19 01:57:35.979, 11618, 12466
2026/08/19 01:57:40.980, 11618, 12466
2026/08/19 01:57:45.980, 11618, 12466
2026/08/19 01:57:50.981, 11618, 12466
2026/08/19 01:57:55.981, 11618, 12466
2026/08/19 01:58:00.982, 11618, 12466
2026/08/19 01:58:05.982, 11618, 12466
2026/08/19 01:58:10.983, 11618, 12466
2026/08/19 01:58:15.983, 11618, 12466
2026/08/19 01:58:20.984, 11618, 12466
2026/08/19 01:58:25.984, 11618, 12466
2026/08/19 01:58:30.985, 11618, 12466
2026/08/19 01:58:35.986, 11618, 12466
2026/08/19 01:58:40.986, 11618, 12466
2026/08/19 01:58:45.987, 11618, 12466
2026/08/19 01:58:50.987, 11618, 12466
2026/08/19 01:58:55.988, 11618, 12466
2026/08/19 01:59:00.988, 11618, 12466
2026/08/19 01:59:05.989, 11618, 12466
2026/08/19 01:59:10.989, 11618, 12466
2026/08/19 01:59:15.990, 11618, 12466
2026/08/19 01:59:20.990, 11618, 12466
2026/08/19 01:59:25.991, 11618, 12466
2026/08/19 01:59:30.991, 11618, 12466
2026/08/19 01:59:35.992, 11618, 12466
2026/08/19 01:59:40.992, 11618, 12466
2026/08/19 01:59:45.993, 11618, 12466
2026/08/19 01:59:50.993, 11618, 12466
2026/08/19 01:59:55.994, 11618, 12466
2026/08/19 02:00:00.994, 11618, 12466
2026/08/19 02:00:05.995, 11618, 12466
2026/08/19 02:00:10.995, 11618, 12466
2026/08/19 02:00:15.996, 11618, 12466
2026/08/19 02:00:20.996, 11618, 12466
2026/08/19 02:00:25.997, 11618, 12466
2026/08/19 02:00:30.998, 11618, 12466
2026/08/19 02:00:35.998, 11618, 12466
2026/08/19 02:00:40.999, 11618, 12466
2026/08/19 02:00:45.999, 11618, 12466
2026/08/19 02:00:51.000, 11618, 12466
2026/08/19 02:00:56.000, 11618, 12466
2026/08/19 02:01:01.001, 11618, 12466
2026/08/19 02:01:06.001, 11618, 12466
2026/08/19 02:01:11.002, 11618, 12466
2026/08/19 02:01:16.002, 11618, 12466
2026/08/19 02:01:21.003, 11618, 12466
2026/08/19 02:01:26.003, 11618, 12466
2026/08/19 02:01:31.004, 11618, 12466
2026/08/19 02:01:36.005, 11618, 12466
2026/08/19 02:01:41.005, 11618, 12466
2026/08/19 02:01:46.006, 11618, 12466
2026/08/19 02:01:51.006, 11618, 12466
2026/08/19 02:01:56.007, 11618, 12466
2026/08/19 02:02:01.007, 11618, 12466
2026/08/19 02:02:06.008, 11618, 12466
2026/08/19 02:02:11.008, 11618, 12466
2026/08/19 02:02:16.009, 11618, 12466
2026/08/19 02:02:21.009, 11618, 12466
2026/08/19 02:02:26.010, 11618, 12466
2026/08/19 02:02:31.010, 11618, 12466
2026/08/19 02:02:36.011, 11618, 12466
2026/08/19 02:02:41.011, 11618, 12466
2026/08/19 02:02:46.012, 11618, 12466
2026/08/19 02:02:51.012, 11618, 12466
2026/08/19 02:02:56.013, 11618, 12466
2026/08/19 02:03:01.013, 11618, 12466
2026/08/19 02:03:06.014, 11618, 12466
2026/08/19 02:03:11.015, 11618, 12466
2026/08/19 02:03:16.015, 11618, 12466
2026/08/19 02:03:21.016, 11618, 12466
2026/08/19 02:03:26.016, 11618, 12466
2026/08/19 02:03:31.017, 11618, 12466
2026/08/19 02:03:36.017, 11618, 12466
2026/08/19 02:03:41.018, 11618, 12466
2026/08/19 02:03:46.018, 11618, 12466
2026/08/19 02:03:51.019, 11618, 12466
2026/08/19 02:03:56.019, 11618, 12466
2026/08/19 02:04:01.020, 11618, 12466
2026/08/19 02:04:06.021, 11618, 12466
2026/08/19 02:04:11.021, 11618, 12466
2026/08/19 02:04:16.022, 11618, 12466
2026/08/19 02:04:21.022, 11618, 12466
2026/08/19 02:04:26.023, 11618, 12466
2026/08/19 02:04:31.023, 11618, 12466
2026/08/19 02:04:36.024, 11618, 12466
2026/08/19 02:04:41.024, 11618, 12466
2026/08/19 02:04:46.025, 11618, 12466
2026/08/19 02:04:51.025, 11618, 12466
2026/08/19 02:04:56.026, 11618, 12466
2026/08/19 02:05:01.026, 11618, 12466
2026/08/19 02:05:06.027, 11618, 12466
2026/08/19 02:05:11.027, 11618, 12466
2026/08/19 02:05:16.027, 11618, 12466
2026/08/19 02:05:21.028, 11618, 12466
2026/08/19 02:05:26.028, 11618, 12466
2026/08/19 02:05:31.029, 11618, 12466
2026/08/19 02:05:36.029, 11618, 12466
2026/08/19 02:05:41.030, 11618, 12466
2026/08/19 02:05:46.030, 11618, 12466
2026/08/19 02:05:51.030, 11618, 12466
2026/08/19 02:05:56.031, 11618, 12466
2026/08/19 02:06:01.031, 11618, 12466
2026/08/19 02:06:06.032, 11618, 12466
2026/08/19 02:06:11.032, 11618, 12466
2026/08/19 02:06:16.032, 11618, 12466
2026/08/19 02:06:21.033, 11618, 12466
2026/08/19 02:06:26.033, 11618, 12466
2026/08/19 02:06:31.034, 11618, 12466
2026/08/19 02:06:36.034, 11618, 12466
2026/08/19 02:06:41.035, 11618, 12466
2026/08/19 02:06:46.035, 11618, 12466
2026/08/19 02:06:51.035, 11618, 12466
2026/08/19 02:06:56.036, 11618, 12466
2026/08/19 02:07:01.036, 11618, 12466
2026/08/19 02:07:06.037, 11618, 12466
2026/08/19 02:07:11.037, 11618, 12466
2026/08/19 02:07:16.037, 11618, 12466
2026/08/19 02:07:21.038, 11618, 12466
2026/08/19 02:07:26.038, 11618, 12466
2026/08/19 02:07:31.039, 11618, 12466
2026/08/19 02:07:36.039, 11618, 12466
2026/08/19 02:07:41.040, 11618, 12466
2026/08/19 02:07:46.040, 11618, 12466
2026/08/19 02:07:51.041, 11618, 12466
2026/08/19 02:07:56.041, 11618, 12466
2026/08/19 02:08:01.042, 11618, 12466
2026/08/19 02:08:06.042, 11618, 12466
2026/08/19 02:08:11.043, 11618, 12466
2026/08/19 02:08:16.043, 11618, 12466
2026/08/19 02:08:21.044, 11618, 12466
2026/08/19 02:08:26.044, 11618, 12466
2026/08/19 02:08:31.044, 11618, 12466
2026/08/19 02:08:36.045, 11618, 12466
2026/08/19 02:08:41.045, 11618, 12466
2026/08/19 02:08:46.046, 11618, 12466
2026/08/19 02:08:51.046, 11618, 12466
2026/08/19 02:08:56.046, 11618, 12466
2026/08/19 02:09:01.047, 11618, 12466
2026/08/19 02:09:06.047, 11618, 12466
2026/08/19 02:09:11.048, 11618, 12466
2026/08/19 02:09:16.048, 11618, 12466
2026/08/19 02:09:21.049, 11618, 12466
2026/08/19 02:09:26.049, 11618, 12466
2026/08/19 02:09:31.049, 11618, 12466
2026/08/19 02:09:36.050, 11618, 12466
2026/08/19 02:09:41.050, 11618, 12466
2026/08/19 02:09:46.051, 11618, 12466
2026/08/19 02:09:51.051, 11618, 12466
2026/08/19 02:09:56.052, 11618, 12466
2026/08/19 02:10:01.052, 11618, 12466
2026/08/19 02:10:06.052, 11618, 12466
2026/08/19 02:10:11.053, 11618, 12466
2026/08/19 02:10:16.053, 11618, 12466
2026/08/19 02:10:21.054, 11618, 12466
2026/08/19 02:10:26.054, 11618, 12466
2026/08/19 02:10:31.055, 11618, 12466
2026/08/19 02:10:36.055, 11618, 12466
2026/08/19 02:10:41.055, 11618, 12466
2026/08/19 02:10:46.056, 11618, 12466
2026/08/19 02:10:51.056, 11618, 12466
2026/08/19 02:10:56.057, 11618, 12466
2026/08/19 02:11:01.057, 11618, 12466
2026/08/19 02:11:06.057, 11618, 12466
2026/08/19 02:11:11.058, 11618, 12466
2026/08/19 02:11:16.058, 11618, 12466
2026/08/19 02:11:21.059, 11618, 12466
2026/08/19 02:11:26.059, 11618, 12466
2026/08/19 02:11:31.060, 11618, 12466
2026/08/19 02:11:36.060, 11618, 12466
2026/08/19 02:11:41.060, 11618, 12466
2026/08/19 02:11:46.061, 11618, 12466
2026/08/19 02:11:51.061, 11618, 12466
2026/08/19 02:11:56.062, 11618, 12466
2026/08/19 02:12:01.062, 11618, 12466
2026/08/19 02:12:06.062, 11618, 12466
2026/08/19 02:12:11.063, 11618, 12466
2026/08/19 02:12:16.063, 11618, 12466
2026/08/19 02:12:21.064, 11618, 12466
2026/08/19 02:12:26.064, 11618, 12466
2026/08/19 02:12:31.065, 11618, 12466
2026/08/19 02:12:36.065, 11618, 12466
2026/08/19 02:12:41.065, 11618, 12466
2026/08/19 02:12:46.066, 11618, 12466
2026/08/19 02:12:51.066, 11618, 12466
2026/08/19 02:12:56.067, 11618, 12466
2026/08/19 02:13:01.067, 11618, 12466
2026/08/19 02:13:06.067, 11618, 12466
2026/08/19 02:13:11.068, 11618, 12466
2026/08/19 02:13:16.068, 11618, 12466
2026/08/19 02:13:21.069, 11618, 12466
2026/08/19 02:13:26.069, 11618, 12466
2026/08/19 02:13:31.069, 11618, 12466
2026/08/19 02:13:36.070, 11618, 12466
2026/08/19 02:13:41.070, 11618, 12466
2026/08/19 02:13:46.071, 11618, 12466
2026/08/19 02:13:51.071, 11618, 12466
2026/08/19 02:13:56.072, 11618, 12466
2026/08/19 02:14:01.072, 11618, 12466
2026/08/19 02:14:06.072, 11618, 12466
2026/08/19 02:14:11.073, 11618, 12466
2026/08/19 02:14:16.073, 11618, 12466
2026/08/19 02:14:21.074, 11618, 12466
2026/08/19 02:14:26.074, 11618, 12466
2026/08/19 02:14:31.075, 11618, 12466
2026/08/19 02:14:36.075, 11618, 12466
2026/08/19 02:14:41.075, 11618, 12466
2026/08/19 02:14:46.076, 11618, 12466
2026/08/19 02:14:51.076, 11618, 12466
2026/08/19 02:14:56.077, 11618, 12466
2026/08/19 02:15:01.077, 11618, 12466
2026/08/19 02:15:06.078, 11618, 12466
2026/08/19 02:15:11.078, 11618, 12466
2026/08/19 02:15:16.078, 11618, 12466
2026/08/19 02:15:21.079, 11618, 12466
2026/08/19 02:15:26.079, 11618, 12466
2026/08/19 02:15:31.080, 11618, 12466
2026/08/19 02:15:36.080, 11618, 12466
2026/08/19 02:15:41.081, 11618, 12466
2026/08/19 02:15:46.081, 11618, 12466
2026/08/19 02:15:51.081, 11618, 12466
2026/08/19 02:15:56.082, 11618, 12466
2026/08/19 02:16:01.082, 11618, 12466
2026/08/19 02:16:06.083, 11618, 12466
2026/08/19 02:16:11.083, 11618, 12466
2026/08/19 02:16:16.084, 11618, 12466
2026/08/19 02:16:21.084, 11618, 12466
2026/08/19 02:16:26.084, 11618, 12466
2026/08/19 02:16:31.085, 11618, 12466
2026/08/19 02:16:36.085, 11618, 12466
2026/08/19 02:16:41.086, 11618, 12466
2026/08/19 02:16:46.086, 11618, 12466
2026/08/19 02:16:51.087, 11618, 12466
2026/08/19 02:16:56.087, 11618, 12466
2026/08/19 02:17:01.088, 11618, 12466
2026/08/19 02:17:06.088, 11618, 12466
2026/08/19 02:17:11.088, 11618, 12466
2026/08/19 02:17:16.089, 11618, 12466
2026/08/19 02:17:21.089, 11618, 12466
2026/08/19 02:17:26.090, 11618, 12466
2026/08/19 02:17:31.090, 11618, 12466
2026/08/19 02:17:36.091, 11618, 12466
2026/08/19 02:17:41.091, 11618, 12466
2026/08/19 02:17:46.092, 11618, 12466
2026/08/19 02:17:51.092, 11618, 12466
2026/08/19 02:17:56.093, 11618, 12466
2026/08/19 02:18:01.093, 11618, 12466
2026/08/19 02:18:06.094, 11618, 12466
2026/08/19 02:18:11.094, 11618, 12466
2026/08/19 02:18:16.095, 11618, 12466
2026/08/19 02:18:21.095, 11618, 12466
2026/08/19 02:18:26.096, 11618, 12466
2026/08/19 02:18:31.096, 11618, 12466
2026/08/19 02:18:36.097, 11618, 12466
2026/08/19 02:18:41.097, 11618, 12466
2026/08/19 02:18:46.098, 11618, 12466
2026/08/19 02:18:51.098, 11618, 12466
2026/08/19 02:18:56.098, 11618, 12466
2026/08/19 02:19:01.099, 11618, 12466
2026/08/19 02:19:06.099, 11618, 12466
2026/08/19 02:19:11.100, 11618, 12466
2026/08/19 02:19:16.100, 11618, 12466
2026/08/19 02:19:21.101, 11618, 12466
2026/08/19 02:19:26.101, 11618, 12466
2026/08/19 02:19:31.102, 11618, 12466
2026/08/19 02:19:36.102, 11618, 12466
2026/08/19 02:19:41.103, 11618, 12466
2026/08/19 02:19:46.103, 11618, 12466
2026/08/19 02:19:51.104, 11618, 12466
2026/08/19 02:19:56.105, 11618, 12466
2026/08/19 02:20:01.105, 11618, 12466
2026/08/19 02:20:06.106, 11618, 12466
2026/08/19 02:20:11.106, 11618, 12466
2026/08/19 02:20:16.107, 11618, 12466
2026/08/19 02:20:21.107, 11618, 12466
2026/08/19 02:20:26.107, 11618, 12466
2026/08/19 02:20:31.108, 11618, 12466
2026/08/19 02:20:36.108, 11618, 12466
2026/08/19 02:20:41.109, 11618, 12466
2026/08/19 02:20:46.109, 11618, 12466
2026/08/19 02:20:51.110, 11618, 12466
2026/08/19 02:20:56.110, 11618, 12466
2026/08/19 02:21:01.111, 11618, 12466
2026/08/19 02:21:06.111, 11618, 12466
2026/08/19 02:21:11.112, 11618, 12466
2026/08/19 02:21:16.112, 11618, 12466
2026/08/19 02:21:21.113, 11618, 12466
2026/08/19 02:21:26.113, 11618, 12466
2026/08/19 02:21:31.114, 11618, 12466
2026/08/19 02:21:36.114, 11618, 12466
2026/08/19 02:21:41.115, 11618, 12466
2026/08/19 02:21:46.115, 11618, 12466
2026/08/19 02:21:51.116, 11618, 12466
2026/08/19 02:21:56.116, 11618, 12466
2026/08/19 02:22:01.117, 11618, 12466
2026/08/19 02:22:06.117, 11618, 12466
2026/08/19 02:22:11.118, 11618, 12466
2026/08/19 02:22:16.118, 11618, 12466
2026/08/19 02:22:21.119, 11618, 12466
2026/08/19 02:22:26.119, 11618, 12466
2026/08/19 02:22:31.120, 11618, 12466
2026/08/19 02:22:36.121, 11618, 12466
2026/08/19 02:22:41.121, 11618, 12466
2026/08/19 02:22:46.122, 11618, 12466
2026/08/19 02:22:51.122, 11618, 12466
2026/08/19 02:22:56.123, 11618, 12466
2026/08/19 02:23:01.123, 11618, 12466
2026/08/19 02:23:06.123, 11618, 12466
2026/08/19 02:23:11.124, 11618, 12466
2026/08/19 02:23:16.124, 11618, 12466
2026/08/19 02:23:21.125, 11618, 12466
2026/08/19 02:23:26.125, 11618, 12466
2026/08/19 02:23:31.126, 11618, 12466
2026/08/19 02:23:36.126, 11618, 12466
2026/08/19 02:23:41.127, 11618, 12466
2026/08/19 02:23:46.127, 11618, 12466
2026/08/19 02:23:51.128, 11618, 12466
2026/08/19 02:23:56.129, 11618, 12466
2026/08/19 02:24:01.129, 11618, 12466
2026/08/19 02:24:06.129, 11618, 12466
2026/08/19 02:24:11.130, 11618, 12466
2026/08/19 02:24:16.130, 11618, 12466
2026/08/19 02:24:21.131, 11618, 12466
2026/08/19 02:24:26.131, 11618, 12466
2026/08/19 02:24:31.132, 11618, 12466
2026/08/19 02:24:36.132, 11618, 12466
2026/08/19 02:24:41.133, 11618, 12466
2026/08/19 02:24:46.133, 11618, 12466
2026/08/19 02:24:51.134, 11618, 12466
2026/08/19 02:24:56.134, 11618, 12466
2026/08/19 02:25:01.135, 11618, 12466
2026/08/19 02:25:06.135, 11618, 12466
2026/08/19 02:25:11.136, 11618, 12466
2026/08/19 02:25:16.136, 11618, 12466
2026/08/19 02:25:21.137, 11618, 12466
2026/08/19 02:25:26.137, 11618, 12466
2026/08/19 02:25:31.138, 11618, 12466
2026/08/19 02:25:36.138, 11618, 12466
2026/08/19 02:25:41.138, 11618, 12466
2026/08/19 02:25:46.139, 11618, 12466
2026/08/19 02:25:51.139, 11618, 12466
2026/08/19 02:25:56.140, 11618, 12466
2026/08/19 02:26:01.141, 11618, 12466
2026/08/19 02:26:06.150, 11618, 12466
2026/08/19 02:26:11.150, 11618, 12466
2026/08/19 02:26:16.151, 11618, 12466
2026/08/19 02:26:21.151, 11618, 12466
2026/08/19 02:26:26.152, 11618, 12466
2026/08/19 02:26:31.152, 11618, 12466
2026/08/19 02:26:36.153, 11618, 12466
2026/08/19 02:26:41.153, 11618, 12466
2026/08/19 02:26:46.154, 11618, 12466
2026/08/19 02:26:51.154, 11618, 12466
2026/08/19 02:26:56.155, 11618, 12466
2026/08/19 02:27:01.155, 11618, 12466
2026/08/19 02:27:06.156, 11618, 12466
2026/08/19 02:27:11.156, 11618, 12466
2026/08/19 02:27:16.157, 11618, 12466
2026/08/19 02:27:21.157, 11618, 12466
2026/08/19 02:27:26.158, 11618, 12466
2026/08/19 02:27:31.158, 11618, 12466
2026/08/19 02:27:36.159, 11618, 12466
2026/08/19 02:27:41.159, 11618, 12466
2026/08/19 02:27:46.160, 11618, 12466
2026/08/19 02:27:51.160, 11618, 12466
2026/08/19 02:27:56.161, 11618, 12466
2026/08/19 02:28:01.161, 11618, 12466
2026/08/19 02:28:06.162, 11618, 12466
2026/08/19 02:28:11.162, 11618, 12466
2026/08/19 02:28:16.163, 11618, 12466
2026/08/19 02:28:21.163, 11618, 12466
2026/08/19 02:28:26.164, 11618, 12466
2026/08/19 02:28:31.164, 11618, 12466
2026/08/19 02:28:36.165, 11618, 12466
2026/08/19 02:28:41.165, 11618, 12466
2026/08/19 02:28:46.166, 11618, 12466
2026/08/19 02:28:51.166, 11618, 12466
2026/08/19 02:28:56.167, 11618, 12466
2026/08/19 02:29:01.167, 11618, 12466
2026/08/19 02:29:06.168, 11618, 12466
2026/08/19 02:29:11.169, 11618, 12466
2026/08/19 02:29:16.169, 11618, 12466
2026/08/19 02:29:21.169, 11618, 12466
2026/08/19 02:29:26.170, 11618, 12466
2026/08/19 02:29:31.170, 11618, 12466
2026/08/19 02:29:36.171, 11618, 12466
2026/08/19 02:29:41.171, 11618, 12466
2026/08/19 02:29:46.172, 11618, 12466
2026/08/19 02:29:51.172, 11618, 12466
2026/08/19 02:29:56.173, 11618, 12466
2026/08/19 02:30:01.173, 11618, 12466
2026/08/19 02:30:06.173, 11618, 12466
2026/08/19 02:30:11.174, 11618, 12466
2026/08/19 02:30:16.174, 11618, 12466
2026/08/19 02:30:21.175, 11618, 12466
2026/08/19 02:30:26.175, 11618, 12466
2026/08/19 02:30:31.175, 11618, 12466
2026/08/19 02:30:36.176, 11618, 12466
2026/08/19 02:30:41.176, 11618, 12466
2026/08/19 02:30:46.177, 11618, 12466
2026/08/19 02:30:51.177, 11618, 12466
2026/08/19 02:30:56.178, 11618, 12466
2026/08/19 02:31:01.178, 11618, 12466
2026/08/19 02:31:06.178, 11618, 12466
2026/08/19 02:31:11.179, 11618, 12466
2026/08/19 02:31:16.179, 11618, 12466
2026/08/19 02:31:21.180, 11618, 12466
2026/08/19 02:31:26.180, 11618, 12466
2026/08/19 02:31:31.181, 11618, 12466
2026/08/19 02:31:36.181, 11618, 12466
2026/08/19 02:31:41.181, 11618, 12466
2026/08/19 02:31:46.182, 11618, 12466
2026/08/19 02:31:51.182, 11618, 12466
2026/08/19 02:31:56.183, 11618, 12466
2026/08/19 02:32:01.183, 11618, 12466
2026/08/19 02:32:06.183, 11618, 12466
2026/08/19 02:32:11.184, 11618, 12466
2026/08/19 02:32:16.184, 11618, 12466
2026/08/19 02:32:21.185, 11618, 12466
2026/08/19 02:32:26.185, 11618, 12466
2026/08/19 02:32:31.186, 11618, 12466
2026/08/19 02:32:36.186, 11618, 12466
2026/08/19 02:32:41.186, 11618, 12466
2026/08/19 02:32:46.187, 11618, 12466
2026/08/19 02:32:51.187, 11618, 12466
2026/08/19 02:32:56.188, 11618, 12466
2026/08/19 02:33:01.188, 11618, 12466
2026/08/19 02:33:06.189, 11618, 12466
2026/08/19 02:33:11.189, 11618, 12466
2026/08/19 02:33:16.189, 11618, 12466
2026/08/19 02:33:21.190, 11618, 12466
2026/08/19 02:33:26.190, 11618, 12466
2026/08/19 02:33:31.191, 11618, 12466
2026/08/19 02:33:36.191, 11618, 12466
2026/08/19 02:33:41.191, 11618, 12466
2026/08/19 02:33:46.192, 11618, 12466
2026/08/19 02:33:51.192, 11618, 12466
2026/08/19 02:33:56.193, 11618, 12466
2026/08/19 02:34:01.193, 11618, 12466
2026/08/19 02:34:06.194, 11618, 12466
2026/08/19 02:34:11.194, 11618, 12466
2026/08/19 02:34:16.194, 11618, 12466
2026/08/19 02:34:21.195, 11618, 12466
2026/08/19 02:34:26.195, 11618, 12466
2026/08/19 02:34:31.196, 11618, 12466
2026/08/19 02:34:36.196, 11618, 12466
2026/08/19 02:34:41.197, 11618, 12466
2026/08/19 02:34:46.197, 11618, 12466
2026/08/19 02:34:51.197, 11618, 12466
2026/08/19 02:34:56.198, 11618, 12466
2026/08/19 02:35:01.207, 11618, 12466
2026/08/19 02:35:06.207, 11618, 12466
2026/08/19 02:35:11.207, 11618, 12466
2026/08/19 02:35:16.208, 11618, 12466
2026/08/19 02:35:21.208, 11618, 12466
2026/08/19 02:35:26.209, 11618, 12466
2026/08/19 02:35:31.209, 11618, 12466
2026/08/19 02:35:36.210, 11618, 12466
2026/08/19 02:35:41.210, 11618, 12466
2026/08/19 02:35:46.210, 11618, 12466
2026/08/19 02:35:51.211, 11618, 12466
2026/08/19 02:35:56.211, 11618, 12466
2026/08/19 02:36:01.212, 11618, 12466
2026/08/19 02:36:06.212, 11618, 12466
2026/08/19 02:36:11.212, 11618, 12466
2026/08/19 02:36:16.213, 11618, 12466
2026/08/19 02:36:21.213, 11618, 12466
2026/08/19 02:36:26.214, 11618, 12466
2026/08/19 02:36:31.214, 11618, 12466
2026/08/19 02:36:36.214, 11618, 12466
2026/08/19 02:36:41.215, 11618, 12466
2026/08/19 02:36:46.215, 11618, 12466
2026/08/19 02:36:51.216, 11618, 12466
2026/08/19 02:36:56.216, 11618, 12466
2026/08/19 02:37:01.217, 11618, 12466
2026/08/19 02:37:06.217, 11618, 12466
2026/08/19 02:37:11.217, 11618, 12466
2026/08/19 02:37:16.218, 11618, 12466
2026/08/19 02:37:21.218, 11618, 12466
2026/08/19 02:37:26.219, 11618, 12466
2026/08/19 02:37:31.219, 11618, 12466
2026/08/19 02:37:36.219, 11618, 12466
2026/08/19 02:37:41.220, 11618, 12466
2026/08/19 02:37:46.220, 11618, 12466
2026/08/19 02:37:51.221, 11618, 12466
2026/08/19 02:37:56.221, 11618, 12466
2026/08/19 02:38:01.222, 11618, 12466
2026/08/19 02:38:06.222, 11618, 12466
2026/08/19 02:38:11.222, 11618, 12466
2026/08/19 02:38:16.223, 11618, 12466
2026/08/19 02:38:21.223, 11618, 12466
2026/08/19 02:38:26.224, 11618, 12466
2026/08/19 02:38:31.224, 11618, 12466
2026/08/19 02:38:36.225, 11618, 12466
2026/08/19 02:38:41.225, 11618, 12466
2026/08/19 02:38:46.225, 11618, 12466
2026/08/19 02:38:51.226, 11618, 12466
2026/08/19 02:38:56.226, 11618, 12466
2026/08/19 02:39:01.227, 11618, 12466
2026/08/19 02:39:06.227, 11618, 12466
2026/08/19 02:39:11.227, 11618, 12466
2026/08/19 02:39:16.228, 11618, 12466
2026/08/19 02:39:21.228, 11618, 12466
2026/08/19 02:39:26.229, 11618, 12466
2026/08/19 02:39:31.229, 11618, 12466
2026/08/19 02:39:36.230, 11618, 12466
2026/08/19 02:39:41.230, 11618, 12466
2026/08/19 02:39:46.230, 11618, 12466
2026/08/19 02:39:51.231, 11618, 12466
2026/08/19 02:39:56.231, 11618, 12466
2026/08/19 02:40:01.232, 11618, 12466
2026/08/19 02:40:06.232, 11618, 12466
2026/08/19 02:40:11.232, 11618, 12466
2026/08/19 02:40:16.233, 11618, 12466
2026/08/19 02:40:21.233, 11618, 12466
2026/08/19 02:40:26.234, 11618, 12466
2026/08/19 02:40:31.234, 11618, 12466
2026/08/19 02:40:36.235, 11618, 12466
2026/08/19 02:40:41.235, 11618, 12466
2026/08/19 02:40:46.235, 11618, 12466
2026/08/19 02:40:51.236, 11618, 12466
2026/08/19 02:40:56.236, 11618, 12466
2026/08/19 02:41:01.237, 11618, 12466
2026/08/19 02:41:06.237, 11618, 12466
2026/08/19 02:41:11.237, 11618, 12466
2026/08/19 02:41:16.238, 11618, 12466
2026/08/19 02:41:21.238, 11618, 12466
2026/08/19 02:41:26.239, 11618, 12466
2026/08/19 02:41:31.239, 11618, 12466
2026/08/19 02:41:36.240, 11618, 12466
2026/08/19 02:41:41.240, 11618, 12466
2026/08/19 02:41:46.241, 11618, 12466
2026/08/19 02:41:51.241, 11618, 12466
2026/08/19 02:41:56.241, 11618, 12466
2026/08/19 02:42:01.242, 11618, 12466
2026/08/19 02:42:06.242, 11618, 12466
2026/08/19 02:42:11.243, 11618, 12466
2026/08/19 02:42:16.243, 11618, 12466
2026/08/19 02:42:21.244, 11618, 12466
2026/08/19 02:42:26.244, 11618, 12466
2026/08/19 02:42:31.244, 11618, 12466
2026/08/19 02:42:36.245, 11618, 12466
2026/08/19 02:42:41.245, 11618, 12466
2026/08/19 02:42:46.246, 11618, 12466
2026/08/19 02:42:51.246, 11618, 12466
2026/08/19 02:42:56.246, 11618, 12466
2026/08/19 02:43:01.247, 11618, 12466
2026/08/19 02:43:06.247, 11618, 12466
2026/08/19 02:43:11.248, 11618, 12466
2026/08/19 02:43:16.248, 11618, 12466
2026/08/19 02:43:21.249, 11618, 12466
2026/08/19 02:43:26.249, 11618, 12466
2026/08/19 02:43:31.250, 11618, 12466
2026/08/19 02:43:36.250, 11618, 12466
2026/08/19 02:43:41.251, 11618, 12466
2026/08/19 02:43:46.251, 11618, 12466
2026/08/19 02:43:51.252, 11618, 12466
2026/08/19 02:43:56.252, 11618, 12466
2026/08/19 02:44:01.253, 11618, 12466
2026/08/19 02:44:06.253, 11618, 12466
2026/08/19 02:44:11.254, 11618, 12466
2026/08/19 02:44:16.254, 11618, 12466
2026/08/19 02:44:21.255, 11618, 12466
2026/08/19 02:44:26.255, 11618, 12466
2026/08/19 02:44:31.256, 11618, 12466
2026/08/19 02:44:36.256, 11618, 12466
2026/08/19 02:44:41.257, 11618, 12466
2026/08/19 02:44:46.257, 11618, 12466
2026/08/19 02:44:51.257, 11618, 12466
2026/08/19 02:44:56.258, 11618, 12466
2026/08/19 02:45:01.258, 11618, 12466
2026/08/19 02:45:06.259, 11618, 12466
2026/08/19 02:45:11.259, 11618, 12466
2026/08/19 02:45:16.260, 11618, 12466
2026/08/19 02:45:21.260, 11618, 12466
2026/08/19 02:45:26.261, 11618, 12466
2026/08/19 02:45:31.261, 11618, 12466
2026/08/19 02:45:36.262, 11618, 12466
2026/08/19 02:45:41.262, 11618, 12466
2026/08/19 02:45:46.263, 11618, 12466
2026/08/19 02:45:51.263, 11618, 12466
2026/08/19 02:45:56.264, 11618, 12466
2026/08/19 02:46:01.264, 11618, 12466
2026/08/19 02:46:06.265, 11618, 12466
2026/08/19 02:46:11.265, 11618, 12466
2026/08/19 02:46:16.266, 11618, 12466
2026/08/19 02:46:21.266, 11618, 12466
2026/08/19 02:46:26.267, 11618, 12466
2026/08/19 02:46:31.267, 11618, 12466
2026/08/19 02:46:36.268, 11618, 12466
2026/08/19 02:46:41.268, 11618, 12466
2026/08/19 02:46:46.269, 11618, 12466
2026/08/19 02:46:51.269, 11618, 12466
2026/08/19 02:46:56.270, 11618, 12466
2026/08/19 02:47:01.270, 11618, 12466
2026/08/19 02:47:06.271, 11618, 12466
2026/08/19 02:47:11.271, 11618, 12466
2026/08/19 02:47:16.272, 11618, 12466
2026/08/19 02:47:21.272, 11618, 12466
2026/08/19 02:47:26.273, 11618, 12466
2026/08/19 02:47:31.273, 11618, 12466
2026/08/19 02:47:36.274, 11618, 12466
2026/08/19 02:47:41.274, 11618, 12466
2026/08/19 02:47:46.275, 11618, 12466
2026/08/19 02:47:51.275, 11618, 12466
2026/08/19 02:47:56.275, 11618, 12466
2026/08/19 02:48:01.276, 11618, 12466
2026/08/19 02:48:06.276, 11618, 12466
2026/08/19 02:48:11.277, 11618, 12466
2026/08/19 02:48:16.277, 11618, 12466
2026/08/19 02:48:21.278, 11618, 12466
2026/08/19 02:48:26.278, 11618, 12466
2026/08/19 02:48:31.278, 11618, 12466
2026/08/19 02:48:36.279, 11618, 12466
2026/08/19 02:48:41.279, 11618, 12466
2026/08/19 02:48:46.280, 11618, 12466
2026/08/19 02:48:51.280, 11618, 12466
2026/08/19 02:48:56.280, 11618, 12466
2026/08/19 02:49:01.281, 11618, 12466
2026/08/19 02:49:06.281, 11618, 12466
2026/08/19 02:49:11.282, 11618, 12466
2026/08/19 02:49:16.282, 11618, 12466
2026/08/19 02:49:21.283, 11618, 12466
2026/08/19 02:49:26.283, 11618, 12466
2026/08/19 02:49:31.283, 11618, 12466
2026/08/19 02:49:36.284, 11618, 12466
2026/08/19 02:49:41.284, 11618, 12466
2026/08/19 02:49:46.285, 11618, 12466
2026/08/19 02:49:51.285, 11618, 12466
2026/08/19 02:49:56.286, 11618, 12466
2026/08/19 02:50:01.286, 11618, 12466
2026/08/19 02:50:06.286, 11618, 12466
2026/08/19 02:50:11.287, 11618, 12466
2026/08/19 02:50:16.287, 11618, 12466
2026/08/19 02:50:21.288, 11618, 12466
2026/08/19 02:50:26.288, 11618, 12466
2026/08/19 02:50:31.288, 11618, 12466
2026/08/19 02:50:36.289, 11618, 12466
2026/08/19 02:50:41.289, 11618, 12466
2026/08/19 02:50:46.290, 11618, 12466
2026/08/19 02:50:51.290, 11618, 12466
2026/08/19 02:50:56.291, 11618, 12466
2026/08/19 02:51:01.291, 11618, 12466
2026/08/19 02:51:06.292, 11618, 12466
2026/08/19 02:51:11.292, 11618, 12466
2026/08/19 02:51:16.293, 11618, 12466
2026/08/19 02:51:21.294, 11618, 12466
2026/08/19 02:51:26.294, 11618, 12466
2026/08/19 02:51:31.295, 11618, 12466
2026/08/19 02:51:36.295, 11618, 12466
2026/08/19 02:51:41.296, 11618, 12466
2026/08/19 02:51:46.296, 11618, 12466
2026/08/19 02:51:51.297, 11618, 12466
2026/08/19 02:51:56.297, 11618, 12466
2026/08/19 02:52:01.298, 11618, 12466
2026/08/19 02:52:06.299, 11618, 12466
2026/08/19 02:52:11.299, 11618, 12466
2026/08/19 02:52:16.300, 11618, 12466
2026/08/19 02:52:21.300, 11618, 12466
2026/08/19 02:52:26.301, 11618, 12466
2026/08/19 02:52:31.301, 11618, 12466
2026/08/19 02:52:36.302, 11618, 12466
2026/08/19 02:52:41.302, 11618, 12466
2026/08/19 02:52:46.303, 11618, 12466
2026/08/19 02:52:51.304, 11618, 12466
2026/08/19 02:52:56.304, 11618, 12466
2026/08/19 02:53:01.305, 11618, 12466
2026/08/19 02:53:06.305, 11618, 12466
2026/08/19 02:53:11.306, 11618, 12466
2026/08/19 02:53:16.306, 11618, 12466
2026/08/19 02:53:21.307, 11618, 12466
2026/08/19 02:53:26.307, 11618, 12466
2026/08/19 02:53:31.308, 11618, 12466
2026/08/19 02:53:36.309, 11618, 12466
2026/08/19 02:53:41.309, 11618, 12466
2026/08/19 02:53:46.310, 11618, 12466
2026/08/19 02:53:51.310, 11618, 12466
2026/08/19 02:53:56.311, 11618, 12466
2026/08/19 02:54:01.311, 11618, 12466
2026/08/19 02:54:06.312, 11618, 12466
2026/08/19 02:54:11.312, 11618, 12466
2026/08/19 02:54:16.313, 11618, 12466
2026/08/19 02:54:21.313, 11618, 12466
2026/08/19 02:54:26.314, 11618, 12466
2026/08/19 02:54:31.315, 11618, 12466
2026/08/19 02:54:36.315, 11618, 12466
2026/08/19 02:54:41.316, 11618, 12466
2026/08/19 02:54:46.316, 11618, 12466
2026/08/19 02:54:51.317, 11618, 12466
2026/08/19 02:54:56.317, 11618, 12466
2026/08/19 02:55:01.318, 11618, 12466
2026/08/19 02:55:06.318, 11618, 12466
2026/08/19 02:55:11.319, 11618, 12466
2026/08/19 02:55:16.320, 11618, 12466
2026/08/19 02:55:21.320, 11618, 12466
2026/08/19 02:55:26.321, 11618, 12466
2026/08/19 02:55:31.321, 11618, 12466
2026/08/19 02:55:36.322, 11618, 12466
2026/08/19 02:55:41.322, 11618, 12466
2026/08/19 02:55:46.323, 11618, 12466
2026/08/19 02:55:51.324, 11618, 12466
2026/08/19 02:55:56.324, 11618, 12466
2026/08/19 02:56:01.325, 11618, 12466
2026/08/19 02:56:06.325, 11618, 12466
2026/08/19 02:56:11.326, 11618, 12466
2026/08/19 02:56:16.326, 11618, 12466
2026/08/19 02:56:21.327, 11618, 12466
2026/08/19 02:56:26.328, 11618, 12466
2026/08/19 02:56:31.328, 11618, 12466
2026/08/19 02:56:36.329, 11618, 12466
2026/08/19 02:56:41.329, 11618, 12466
2026/08/19 02:56:46.330, 11618, 12466
2026/08/19 02:56:51.330, 11618, 12466
2026/08/19 02:56:56.331, 11618, 12466
2026/08/19 02:57:01.331, 11618, 12466
2026/08/19 02:57:06.332, 11618, 12466
2026/08/19 02:57:11.333, 11618, 12466
2026/08/19 02:57:16.333, 11618, 12466
2026/08/19 02:57:21.334, 11618, 12466
2026/08/19 02:57:26.334, 11618, 12466
2026/08/19 02:57:31.335, 11618, 12466
2026/08/19 02:57:36.336, 11618, 12466
2026/08/19 02:57:41.336, 11618, 12466
2026/08/19 02:57:46.337, 11618, 12466
2026/08/19 02:57:51.337, 11618, 12466
2026/08/19 02:57:56.338, 11618, 12466
2026/08/19 02:58:01.338, 11618, 12466
2026/08/19 02:58:06.339, 11618, 12466
2026/08/19 02:58:11.339, 11618, 12466
2026/08/19 02:58:16.340, 11618, 12466
2026/08/19 02:58:21.341, 11618, 12466
2026/08/19 02:58:26.341, 11618, 12466
2026/08/19 02:58:31.342, 11618, 12466
2026/08/19 02:58:36.342, 11618, 12466
2026/08/19 02:58:41.343, 11618, 12466
2026/08/19 02:58:46.343, 11618, 12466
2026/08/19 02:58:51.344, 11618, 12466
2026/08/19 02:58:56.345, 11618, 12466
2026/08/19 02:59:01.345, 11618, 12466
2026/08/19 02:59:06.346, 11618, 12466
2026/08/19 02:59:11.346, 11618, 12466
2026/08/19 02:59:16.347, 11618, 12466
2026/08/19 02:59:21.347, 11618, 12466
2026/08/19 02:59:26.348, 11618, 12466
2026/08/19 02:59:31.349, 11618, 12466
2026/08/19 02:59:36.349, 11618, 12466
2026/08/19 02:59:41.350, 11618, 12466
2026/08/19 02:59:46.350, 11618, 12466
2026/08/19 02:59:51.351, 11618, 12466
2026/08/19 02:59:56.352, 11618, 12466
2026/08/19 03:00:01.352, 11618, 12466
2026/08/19 03:00:06.353, 11618, 12466
2026/08/19 03:00:11.353, 11618, 12466
2026/08/19 03:00:16.354, 11618, 12466
2026/08/19 03:00:21.354, 11618, 12466
2026/08/19 03:00:26.355, 11618, 12466
2026/08/19 03:00:31.356, 11618, 12466
2026/08/19 03:00:36.356, 11618, 12466
2026/08/19 03:00:41.357, 11618, 12466
2026/08/19 03:00:46.357, 11618, 12466
2026/08/19 03:00:51.358, 11618, 12466
2026/08/19 03:00:56.358, 11618, 12466
2026/08/19 03:01:01.359, 11618, 12466
2026/08/19 03:01:06.360, 11618, 12466
2026/08/19 03:01:11.360, 11618, 12466
2026/08/19 03:01:16.361, 11618, 12466
2026/08/19 03:01:21.361, 11618, 12466
2026/08/19 03:01:26.362, 11618, 12466
2026/08/19 03:01:31.362, 11618, 12466
2026/08/19 03:01:36.363, 11618, 12466
2026/08/19 03:01:41.364, 11618, 12466
2026/08/19 03:01:46.364, 11618, 12466
2026/08/19 03:01:51.365, 11618, 12466
2026/08/19 03:01:56.365, 11618, 12466
2026/08/19 03:02:01.366, 11618, 12466
2026/08/19 03:02:06.366, 11618, 12466
2026/08/19 03:02:11.367, 11618, 12466
2026/08/19 03:02:16.368, 11618, 12466
2026/08/19 03:02:21.368, 11618, 12466
2026/08/19 03:02:26.369, 11618, 12466
2026/08/19 03:02:31.369, 11618, 12466
2026/08/19 03:02:36.370, 11618, 12466
2026/08/19 03:02:41.370, 11618, 12466
2026/08/19 03:02:46.371, 11618, 12466
2026/08/19 03:02:51.371, 11618, 12466
2026/08/19 03:02:56.372, 11618, 12466
2026/08/19 03:03:01.373, 11618, 12466
2026/08/19 03:03:06.373, 11618, 12466
2026/08/19 03:03:11.374, 11618, 12466
2026/08/19 03:03:16.374, 11618, 12466
2026/08/19 03:03:21.375, 11618, 12466
2026/08/19 03:03:26.375, 11618, 12466
2026/08/19 03:03:31.376, 11618, 12466
2026/08/19 03:03:36.376, 11618, 12466
2026/08/19 03:03:41.377, 11618, 12466
2026/08/19 03:03:46.377, 11618, 12466
2026/08/19 03:03:51.378, 11618, 12466
2026/08/19 03:03:56.379, 11618, 12466
2026/08/19 03:04:01.379, 11618, 12466
2026/08/19 03:04:06.380, 11618, 12466
2026/08/19 03:04:11.380, 11618, 12466
2026/08/19 03:04:16.381, 11618, 12466
2026/08/19 03:04:21.381, 11618, 12466
2026/08/19 03:04:26.382, 11618, 12466
2026/08/19 03:04:31.382, 11618, 12466
2026/08/19 03:04:36.383, 11618, 12466
2026/08/19 03:04:41.383, 11618, 12466
2026/08/19 03:04:46.384, 11618, 12466
2026/08/19 03:04:51.385, 11618, 12466
2026/08/19 03:04:56.385, 11618, 12466
2026/08/19 03:05:01.386, 11618, 12466
2026/08/19 03:05:06.386, 11618, 12466
2026/08/19 03:05:11.387, 11618, 12466
2026/08/19 03:05:16.387, 11618, 12466
2026/08/19 03:05:21.388, 11618, 12466
2026/08/19 03:05:26.388, 11618, 12466
2026/08/19 03:05:31.389, 11618, 12466
2026/08/19 03:05:36.389, 11618, 12466
2026/08/19 03:05:41.390, 11618, 12466
2026/08/19 03:05:46.390, 11618, 12466
2026/08/19 03:05:51.391, 11618, 12466
2026/08/19 03:05:56.392, 11618, 12466
2026/08/19 03:06:01.392, 11618, 12466
2026/08/19 03:06:06.393, 11618, 12466
2026/08/19 03:06:11.393, 11618, 12466
2026/08/19 03:06:16.394, 11618, 12466
2026/08/19 03:06:21.394, 11618, 12466
2026/08/19 03:06:26.395, 11618, 12466
2026/08/19 03:06:31.395, 11618, 12466
2026/08/19 03:06:36.396, 11618, 12466
2026/08/19 03:06:41.396, 11618, 12466
2026/08/19 03:06:46.397, 11618, 12466
2026/08/19 03:06:51.397, 11618, 12466
2026/08/19 03:06:56.398, 11618, 12466
2026/08/19 03:07:01.398, 11618, 12466
2026/08/19 03:07:06.399, 11618, 12466
2026/08/19 03:07:11.399, 11618, 12466
2026/08/19 03:07:16.400, 11618, 12466
2026/08/19 03:07:21.400, 11618, 12466
2026/08/19 03:07:26.401, 11618, 12466
2026/08/19 03:07:31.401, 11618, 12466
2026/08/19 03:07:36.402, 11618, 12466
2026/08/19 03:07:41.402, 11618, 12466
2026/08/19 03:07:46.403, 11618, 12466
2026/08/19 03:07:51.403, 11618, 12466
2026/08/19 03:07:56.404, 11618, 12466
2026/08/19 03:08:01.404, 11618, 12466
2026/08/19 03:08:06.405, 11618, 12466
2026/08/19 03:08:11.405, 11618, 12466
2026/08/19 03:08:16.406, 11618, 12466
2026/08/19 03:08:21.406, 11618, 12466
2026/08/19 03:08:26.407, 11618, 12466
2026/08/19 03:08:31.407, 11618, 12466
2026/08/19 03:08:36.408, 11618, 12466
2026/08/19 03:08:41.409, 11618, 12466
2026/08/19 03:08:46.409, 11618, 12466
2026/08/19 03:08:51.410, 11618, 12466
2026/08/19 03:08:56.410, 11618, 12466
2026/08/19 03:09:01.411, 11618, 12466
2026/08/19 03:09:06.411, 11618, 12466
2026/08/19 03:09:11.412, 11618, 12466
2026/08/19 03:09:16.412, 11618, 12466
2026/08/19 03:09:21.413, 11618, 12466
2026/08/19 03:09:26.413, 11618, 12466
2026/08/19 03:09:31.414, 11618, 12466
2026/08/19 03:09:36.414, 11618, 12466
2026/08/19 03:09:41.415, 11618, 12466
2026/08/19 03:09:46.415, 11618, 12466
2026/08/19 03:09:51.416, 11618, 12466
2026/08/19 03:09:56.416, 11618, 12466
2026/08/19 03:10:01.417, 11618, 12466
2026/08/19 03:10:06.417, 11618, 12466
2026/08/19 03:10:11.418, 11618, 12466
2026/08/19 03:10:16.418, 11618, 12466
2026/08/19 03:10:21.419, 11618, 12466
2026/08/19 03:10:26.420, 11618, 12466
2026/08/19 03:10:31.420, 11618, 12466
2026/08/19 03:10:36.421, 11618, 12466
2026/08/19 03:10:41.421, 11618, 12466
2026/08/19 03:10:46.422, 11618, 12466
2026/08/19 03:10:51.423, 11618, 12466
2026/08/19 03:10:56.423, 11618, 12466
2026/08/19 03:11:01.424, 11618, 12466
2026/08/19 03:11:06.424, 11618, 12466
2026/08/19 03:11:11.425, 11618, 12466
2026/08/19 03:11:16.425, 11618, 12466
2026/08/19 03:11:21.426, 11618, 12466
2026/08/19 03:11:26.426, 11618, 12466
2026/08/19 03:11:31.427, 11618, 12466
2026/08/19 03:11:36.427, 11618, 12466
2026/08/19 03:11:41.428, 11618, 12466
2026/08/19 03:11:46.429, 11618, 12466
2026/08/19 03:11:51.429, 11618, 12466
2026/08/19 03:11:56.430, 11618, 12466
2026/08/19 03:12:01.431, 11618, 12466
2026/08/19 03:12:06.431, 11618, 12466
2026/08/19 03:12:11.432, 11618, 12466
2026/08/19 03:12:16.432, 11618, 12466
2026/08/19 03:12:21.433, 11618, 12466
2026/08/19 03:12:26.434, 11618, 12466
2026/08/19 03:12:31.434, 11618, 12466
2026/08/19 03:12:36.435, 11618, 12466
2026/08/19 03:12:41.435, 11618, 12466
2026/08/19 03:12:46.436, 11618, 12466
2026/08/19 03:12:51.436, 11618, 12466
2026/08/19 03:12:56.437, 11618, 12466
2026/08/19 03:13:01.438, 11618, 12466
2026/08/19 03:13:06.438, 11618, 12466
2026/08/19 03:13:11.439, 11618, 12466
2026/08/19 03:13:16.440, 11618, 12466
2026/08/19 03:13:21.440, 11618, 12466
2026/08/19 03:13:26.441, 11618, 12466
2026/08/19 03:13:31.441, 11618, 12466
2026/08/19 03:13:36.442, 11618, 12466
2026/08/19 03:13:41.442, 11618, 12466
2026/08/19 03:13:46.443, 11618, 12466
2026/08/19 03:13:51.444, 11618, 12466
2026/08/19 03:13:56.444, 11618, 12466
2026/08/19 03:14:01.445, 11618, 12466
2026/08/19 03:14:06.445, 11618, 12466
2026/08/19 03:14:11.446, 11618, 12466
2026/08/19 03:14:16.447, 11618, 12466
2026/08/19 03:14:21.447, 11618, 12466
2026/08/19 03:14:26.448, 11618, 12466
2026/08/19 03:14:31.448, 11618, 12466
2026/08/19 03:14:36.449, 11618, 12466
2026/08/19 03:14:41.450, 11618, 12466
2026/08/19 03:14:46.450, 11618, 12466
2026/08/19 03:14:51.451, 11618, 12466
2026/08/19 03:14:56.451, 11618, 12466
2026/08/19 03:15:01.452, 11618, 12466
2026/08/19 03:15:06.453, 11618, 12466
2026/08/19 03:15:11.453, 11618, 12466
2026/08/19 03:15:16.454, 11618, 12466
2026/08/19 03:15:21.454, 11618, 12466
2026/08/19 03:15:26.455, 11618, 12466
2026/08/19 03:15:31.455, 11618, 12466
2026/08/19 03:15:36.456, 11618, 12466
2026/08/19 03:15:41.457, 11618, 12466
2026/08/19 03:15:46.457, 11618, 12466
2026/08/19 03:15:51.458, 11618, 12466
2026/08/19 03:15:56.458, 11618, 12466
2026/08/19 03:16:01.459, 11618, 12466
2026/08/19 03:16:06.460, 11618, 12466
2026/08/19 03:16:11.460, 11618, 12466
2026/08/19 03:16:16.461, 11618, 12466
2026/08/19 03:16:21.461, 11618, 12466
2026/08/19 03:16:26.462, 11618, 12466
2026/08/19 03:16:31.462, 11618, 12466
2026/08/19 03:16:36.463, 11618, 12466
2026/08/19 03:16:41.464, 11618, 12466
2026/08/19 03:16:46.464, 11618, 12466
2026/08/19 03:16:51.465, 11618, 12466
2026/08/19 03:16:56.465, 11618, 12466
2026/08/19 03:17:01.466, 11618, 12466
2026/08/19 03:17:06.467, 11618, 12466
2026/08/19 03:17:11.467, 11618, 12466
2026/08/19 03:17:16.468, 11618, 12466
2026/08/19 03:17:21.468, 11618, 12466
2026/08/19 03:17:26.469, 11618, 12466
2026/08/19 03:17:31.469, 11618, 12466
2026/08/19 03:17:36.470, 11618, 12466
2026/08/19 03:17:41.471, 11618, 12466
2026/08/19 03:17:46.471, 11618, 12466
2026/08/19 03:17:51.472, 11618, 12466
2026/08/19 03:17:56.472, 11618, 12466
2026/08/19 03:18:01.473, 11618, 12466
2026/08/19 03:18:06.474, 11618, 12466
2026/08/19 03:18:11.474, 11618, 12466
2026/08/19 03:18:16.475, 11618, 12466
2026/08/19 03:18:21.475, 11618, 12466
2026/08/19 03:18:26.476, 11618, 12466
2026/08/19 03:18:31.476, 11618, 12466
2026/08/19 03:18:36.477, 11618, 12466
2026/08/19 03:18:41.478, 11618, 12466
2026/08/19 03:18:46.478, 11618, 12466
2026/08/19 03:18:51.479, 11618, 12466
2026/08/19 03:18:56.479, 11618, 12466
2026/08/19 03:19:01.480, 11618, 12466
2026/08/19 03:19:06.481, 11618, 12466
2026/08/19 03:19:11.481, 11618, 12466
2026/08/19 03:19:16.482, 11618, 12466
2026/08/19 03:19:21.482, 11618, 12466
2026/08/19 03:19:26.483, 11618, 12466
2026/08/19 03:19:31.483, 11618, 12466
2026/08/19 03:19:36.484, 11618, 12466
2026/08/19 03:19:41.485, 11618, 12466
2026/08/19 03:19:46.485, 11618, 12466
2026/08/19 03:19:51.486, 11618, 12466
2026/08/19 03:19:56.486, 11618, 12466
2026/08/19 03:20:01.487, 11618, 12466
2026/08/19 03:20:06.488, 11618, 12466
2026/08/19 03:20:11.488, 11618, 12466
2026/08/19 03:20:16.489, 11618, 12466
2026/08/19 03:20:21.489, 11618, 12466
2026/08/19 03:20:26.490, 11618, 12466
2026/08/19 03:20:31.490, 11618, 12466
2026/08/19 03:20:36.491, 11618, 12466
2026/08/19 03:20:41.492, 11618, 12466
2026/08/19 03:20:46.492, 11618, 12466
2026/08/19 03:20:51.493, 11618, 12466
2026/08/19 03:20:56.493, 11618, 12466
2026/08/19 03:21:01.494, 11618, 12466
2026/08/19 03:21:06.495, 11618, 12466
2026/08/19 03:21:11.495, 11618, 12466
2026/08/19 03:21:16.496, 11618, 12466
2026/08/19 03:21:21.496, 11618, 12466
2026/08/19 03:21:26.497, 11618, 12466
2026/08/19 03:21:31.497, 11618, 12466
2026/08/19 03:21:36.498, 11618, 12466
2026/08/19 03:21:41.499, 11618, 12466
2026/08/19 03:21:46.499, 11618, 12466
2026/08/19 03:21:51.500, 11618, 12466
2026/08/19 03:21:56.500, 11618, 12466
2026/08/19 03:22:01.501, 11618, 12466
2026/08/19 03:22:06.501, 11618, 12466
2026/08/19 03:22:11.502, 11618, 12466
2026/08/19 03:22:16.502, 11618, 12466
2026/08/19 03:22:21.503, 11618, 12466
2026/08/19 03:22:26.504, 11618, 12466
2026/08/19 03:22:31.504, 11618, 12466
2026/08/19 03:22:36.505, 11618, 12466
2026/08/19 03:22:41.505, 11618, 12466
2026/08/19 03:22:46.506, 11618, 12466
2026/08/19 03:22:51.506, 11618, 12466
2026/08/19 03:22:56.507, 11618, 12466
2026/08/19 03:23:01.508, 11618, 12466
2026/08/19 03:23:06.508, 11618, 12466
2026/08/19 03:23:11.509, 11618, 12466
2026/08/19 03:23:16.509, 11618, 12466
2026/08/19 03:23:21.510, 11618, 12466
2026/08/19 03:23:26.511, 11618, 12466
2026/08/19 03:23:31.511, 11618, 12466
2026/08/19 03:23:36.512, 11618, 12466
2026/08/19 03:23:41.512, 11618, 12466
2026/08/19 03:23:46.513, 11618, 12466
2026/08/19 03:23:51.513, 11618, 12466
2026/08/19 03:23:56.514, 11618, 12466
2026/08/19 03:24:01.515, 11618, 12466
2026/08/19 03:24:06.515, 11618, 12466
2026/08/19 03:24:11.516, 11618, 12466
2026/08/19 03:24:16.516, 11618, 12466
2026/08/19 03:24:21.517, 11618, 12466
2026/08/19 03:24:26.518, 11618, 12466
2026/08/19 03:24:31.518, 11618, 12466
2026/08/19 03:24:36.519, 11618, 12466
2026/08/19 03:24:41.519, 11618, 12466
2026/08/19 03:24:46.520, 11618, 12466
2026/08/19 03:24:51.520, 11618, 12466
2026/08/19 03:24:56.521, 11618, 12466
2026/08/19 03:25:01.522, 11618, 12466
2026/08/19 03:25:06.522, 11618, 12466
2026/08/19 03:25:11.523, 11618, 12466
2026/08/19 03:25:16.523, 11618, 12466
2026/08/19 03:25:21.524, 11618, 12466
2026/08/19 03:25:26.525, 11618, 12466
2026/08/19 03:25:31.525, 11618, 12466
2026/08/19 03:25:36.526, 11618, 12466
2026/08/19 03:25:41.526, 11618, 12466
2026/08/19 03:25:46.527, 11618, 12466
2026/08/19 03:25:51.527, 11618, 12466
2026/08/19 03:25:56.528, 11618, 12466
2026/08/19 03:26:01.529, 11618, 12466
2026/08/19 03:26:06.529, 11618, 12466
2026/08/19 03:26:11.530, 11618, 12466
2026/08/19 03:26:16.530, 11618, 12466
2026/08/19 03:26:21.531, 11618, 12466
2026/08/19 03:26:26.532, 11618, 12466
2026/08/19 03:26:31.532, 11618, 12466
2026/08/19 03:26:36.533, 11618, 12466
2026/08/19 03:26:41.533, 11618, 12466
2026/08/19 03:26:46.534, 11618, 12466
2026/08/19 03:26:51.534, 11618, 12466
2026/08/19 03:26:56.535, 11618, 12466
2026/08/19 03:27:01.536, 11618, 12466
2026/08/19 03:27:06.536, 11618, 12466
2026/08/19 03:27:11.537, 11618, 12466
2026/08/19 03:27:16.537, 11618, 12466
2026/08/19 03:27:21.538, 11618, 12466
2026/08/19 03:27:26.538, 11618, 12466
2026/08/19 03:27:31.539, 11618, 12466
2026/08/19 03:27:36.540, 11618, 12466
2026/08/19 03:27:41.540, 11618, 12466
2026/08/19 03:27:46.541, 11618, 12466
2026/08/19 03:27:51.541, 11618, 12466
2026/08/19 03:27:56.542, 11618, 12466
2026/08/19 03:28:01.543, 11618, 12466
2026/08/19 03:28:06.543, 11618, 12466
2026/08/19 03:28:11.544, 11618, 12466
2026/08/19 03:28:16.544, 11618, 12466
2026/08/19 03:28:21.545, 11618, 12466
2026/08/19 03:28:26.545, 11618, 12466
2026/08/19 03:28:31.546, 11618, 12466
2026/08/19 03:28:36.547, 11618, 12466
2026/08/19 03:28:41.547, 11618, 12466
2026/08/19 03:28:46.548, 11618, 12466
2026/08/19 03:28:51.548, 11618, 12466
2026/08/19 03:28:56.549, 11618, 12466
2026/08/19 03:29:01.550, 11618, 12466
2026/08/19 03:29:06.550, 11618, 12466
2026/08/19 03:29:11.551, 11618, 12466
2026/08/19 03:29:16.551, 11618, 12466
2026/08/19 03:29:21.552, 11618, 12466
2026/08/19 03:29:26.552, 11618, 12466
2026/08/19 03:29:31.553, 11618, 12466
2026/08/19 03:29:36.554, 11618, 12466
2026/08/19 03:29:41.554, 11618, 12466
2026/08/19 03:29:46.555, 11618, 12466
2026/08/19 03:29:51.555, 11618, 12466
2026/08/19 03:29:56.556, 11618, 12466
2026/08/19 03:30:01.556, 11618, 12466
2026/08/19 03:30:06.557, 11618, 12466
2026/08/19 03:30:11.558, 11618, 12466
2026/08/19 03:30:16.558, 11618, 12466
2026/08/19 03:30:21.559, 11618, 12466
2026/08/19 03:30:26.559, 11618, 12466
2026/08/19 03:30:31.560, 11618, 12466
2026/08/19 03:30:36.560, 11618, 12466
2026/08/19 03:30:41.561, 11618, 12466
2026/08/19 03:30:46.562, 11618, 12466
2026/08/19 03:30:51.562, 11618, 12466
2026/08/19 03:30:56.563, 11618, 12466
2026/08/19 03:31:01.563, 11618, 12466
2026/08/19 03:31:06.564, 11618, 12466
2026/08/19 03:31:11.565, 11618, 12466
2026/08/19 03:31:16.565, 11618, 12466
2026/08/19 03:31:21.566, 11618, 12466
2026/08/19 03:31:26.566, 11618, 12466
2026/08/19 03:31:31.567, 11618, 12466
2026/08/19 03:31:36.567, 11618, 12466
2026/08/19 03:31:41.568, 11618, 12466
2026/08/19 03:31:46.569, 11618, 12466
2026/08/19 03:31:51.569, 11618, 12466
2026/08/19 03:31:56.570, 11618, 12466
2026/08/19 03:32:01.570, 11618, 12466
2026/08/19 03:32:06.571, 11618, 12466
2026/08/19 03:32:11.571, 11618, 12466
2026/08/19 03:32:16.572, 11618, 12466
2026/08/19 03:32:21.573, 11618, 12466
2026/08/19 03:32:26.573, 11618, 12466
2026/08/19 03:32:31.574, 11618, 12466
2026/08/19 03:32:36.574, 11618, 12466
2026/08/19 03:32:41.575, 11618, 12466
2026/08/19 03:32:46.575, 11618, 12466
2026/08/19 03:32:51.576, 11618, 12466
2026/08/19 03:32:56.577, 11618, 12466
2026/08/19 03:33:01.577, 11618, 12466
2026/08/19 03:33:06.578, 11618, 12466
2026/08/19 03:33:11.578, 11618, 12466
2026/08/19 03:33:16.579, 11618, 12466
2026/08/19 03:33:21.580, 11618, 12466
2026/08/19 03:33:26.580, 11618, 12466
2026/08/19 03:33:31.581, 11618, 12466
2026/08/19 03:33:36.581, 11618, 12466
2026/08/19 03:33:41.582, 11618, 12466
2026/08/19 03:33:46.582, 11618, 12466
2026/08/19 03:33:51.583, 11618, 12466
2026/08/19 03:33:56.584, 11618, 12466
2026/08/19 03:34:01.584, 11618, 12466
2026/08/19 03:34:06.585, 11618, 12466
2026/08/19 03:34:11.585, 11618, 12466
2026/08/19 03:34:16.586, 11618, 12466
2026/08/19 03:34:21.586, 11618, 12466
2026/08/19 03:34:26.593, 11618, 12466
2026/08/19 03:34:31.594, 11618, 12466
2026/08/19 03:34:36.594, 11618, 12466
2026/08/19 03:34:41.594, 11618, 12466
2026/08/19 03:34:46.595, 11618, 12466
2026/08/19 03:34:51.595, 11618, 12466
2026/08/19 03:34:56.596, 11618, 12466
2026/08/19 03:35:01.596, 11618, 12466
2026/08/19 03:35:06.597, 11618, 12466
2026/08/19 03:35:11.597, 11618, 12466
2026/08/19 03:35:16.598, 11618, 12466
2026/08/19 03:35:21.598, 11618, 12466
2026/08/19 03:35:26.599, 11618, 12466
2026/08/19 03:35:31.599, 11618, 12466
2026/08/19 03:35:36.599, 11618, 12466
2026/08/19 03:35:41.600, 11618, 12466
2026/08/19 03:35:46.600, 11618, 12466
2026/08/19 03:35:51.601, 11618, 12466
2026/08/19 03:35:56.601, 11618, 12466
2026/08/19 03:36:01.602, 11618, 12466
2026/08/19 03:36:06.602, 11618, 12466
2026/08/19 03:36:11.603, 11618, 12466
2026/08/19 03:36:16.603, 11618, 12466
2026/08/19 03:36:21.603, 11618, 12466
2026/08/19 03:36:26.604, 11618, 12466
2026/08/19 03:36:31.604, 11618, 12466
2026/08/19 03:36:36.605, 11618, 12466
2026/08/19 03:36:41.605, 11618, 12466
2026/08/19 03:36:46.606, 11618, 12466
2026/08/19 03:36:51.606, 11618, 12466
2026/08/19 03:36:56.607, 11618, 12466
2026/08/19 03:37:01.607, 11618, 12466
2026/08/19 03:37:06.608, 11618, 12466
2026/08/19 03:37:11.608, 11618, 12466
2026/08/19 03:37:16.609, 11618, 12466
2026/08/19 03:37:21.609, 11618, 12466
2026/08/19 03:37:26.610, 11618, 12466
2026/08/19 03:37:31.610, 11618, 12466
2026/08/19 03:37:36.611, 11618, 12466
2026/08/19 03:37:41.611, 11618, 12466
2026/08/19 03:37:46.612, 11618, 12466
2026/08/19 03:37:51.612, 11618, 12466
2026/08/19 03:37:56.613, 11618, 12466
2026/08/19 03:38:01.613, 11618, 12466
2026/08/19 03:38:06.614, 11618, 12466
2026/08/19 03:38:11.614, 11618, 12466
2026/08/19 03:38:16.615, 11618, 12466
2026/08/19 03:38:21.615, 11618, 12466
2026/08/19 03:38:26.616, 11618, 12466
2026/08/19 03:38:31.616, 11618, 12466
2026/08/19 03:38:36.617, 11618, 12466
2026/08/19 03:38:41.617, 11618, 12466
2026/08/19 03:38:46.618, 11618, 12466
2026/08/19 03:38:51.618, 11618, 12466
2026/08/19 03:38:56.619, 11618, 12466
2026/08/19 03:39:01.619, 11618, 12466
2026/08/19 03:39:06.620, 11618, 12466
2026/08/19 03:39:11.620, 11618, 12466
2026/08/19 03:39:16.621, 11618, 12466
2026/08/19 03:39:21.621, 11618, 12466
2026/08/19 03:39:26.622, 11618, 12466
2026/08/19 03:39:31.622, 11618, 12466
2026/08/19 03:39:36.623, 11618, 12466
2026/08/19 03:39:41.623, 11618, 12466
2026/08/19 03:39:46.624, 11618, 12466
2026/08/19 03:39:51.624, 11618, 12466
2026/08/19 03:39:56.625, 11618, 12466
2026/08/19 03:40:01.625, 11618, 12466
2026/08/19 03:40:06.626, 11618, 12466
2026/08/19 03:40:11.626, 11618, 12466
2026/08/19 03:40:16.627, 11618, 12466
2026/08/19 03:40:21.627, 11618, 12466
2026/08/19 03:40:26.628, 11618, 12466
2026/08/19 03:40:31.628, 11618, 12466
2026/08/19 03:40:36.629, 11618, 12466
2026/08/19 03:40:41.629, 11618, 12466
2026/08/19 03:40:46.630, 11618, 12466
2026/08/19 03:40:51.630, 11618, 12466
2026/08/19 03:40:56.631, 11618, 12466
2026/08/19 03:41:01.631, 11618, 12466
2026/08/19 03:41:06.632, 11618, 12466
2026/08/19 03:41:11.632, 11618, 12466
2026/08/19 03:41:16.632, 11618, 12466
2026/08/19 03:41:21.633, 11618, 12466
2026/08/19 03:41:26.634, 11618, 12466
2026/08/19 03:41:31.634, 11618, 12466
2026/08/19 03:41:36.635, 11618, 12466
2026/08/19 03:41:41.635, 11618, 12466
2026/08/19 03:41:46.635, 11618, 12466
2026/08/19 03:41:51.636, 11618, 12466
2026/08/19 03:41:56.636, 11618, 12466
2026/08/19 03:42:01.637, 11618, 12466
2026/08/19 03:42:06.638, 11618, 12466
2026/08/19 03:42:11.638, 11618, 12466
2026/08/19 03:42:16.638, 11618, 12466
2026/08/19 03:42:21.639, 11618, 12466
2026/08/19 03:42:26.639, 11618, 12466
2026/08/19 03:42:31.640, 11618, 12466
2026/08/19 03:42:36.641, 11618, 12466
2026/08/19 03:42:41.641, 11618, 12466
2026/08/19 03:42:46.642, 11618, 12466
2026/08/19 03:42:51.642, 11618, 12466
2026/08/19 03:42:56.643, 11618, 12466
2026/08/19 03:43:01.643, 11618, 12466
2026/08/19 03:43:06.644, 11618, 12466
2026/08/19 03:43:11.644, 11618, 12466
2026/08/19 03:43:16.645, 11618, 12466
2026/08/19 03:43:21.645, 11618, 12466
2026/08/19 03:43:26.646, 11618, 12466
2026/08/19 03:43:31.646, 11618, 12466
2026/08/19 03:43:36.647, 11618, 12466
2026/08/19 03:43:41.647, 11618, 12466
2026/08/19 03:43:46.648, 11618, 12466
2026/08/19 03:43:51.648, 11618, 12466
2026/08/19 03:43:56.649, 11618, 12466
2026/08/19 03:44:01.649, 11618, 12466
2026/08/19 03:44:06.650, 11618, 12466
2026/08/19 03:44:11.650, 11618, 12466
2026/08/19 03:44:16.651, 11618, 12466
2026/08/19 03:44:21.651, 11618, 12466
2026/08/19 03:44:26.652, 11618, 12466
2026/08/19 03:44:31.652, 11618, 12466
2026/08/19 03:44:36.653, 11618, 12466
2026/08/19 03:44:41.653, 11618, 12466
2026/08/19 03:44:46.654, 11618, 12466
2026/08/19 03:44:51.654, 11618, 12466
2026/08/19 03:44:56.655, 11618, 12466
2026/08/19 03:45:01.655, 11618, 12466
2026/08/19 03:45:06.656, 11618, 12466
2026/08/19 03:45:11.657, 11618, 12466
2026/08/19 03:45:16.657, 11618, 12466
2026/08/19 03:45:21.658, 11618, 12466
2026/08/19 03:45:26.658, 11618, 12466
2026/08/19 03:45:31.659, 11618, 12466
2026/08/19 03:45:36.659, 11618, 12466
2026/08/19 03:45:41.660, 11618, 12466
2026/08/19 03:45:46.660, 11618, 12466
2026/08/19 03:45:51.661, 11618, 12466
2026/08/19 03:45:56.661, 11618, 12466
2026/08/19 03:46:01.662, 11618, 12466
2026/08/19 03:46:06.662, 11618, 12466
2026/08/19 03:46:11.663, 11618, 12466
2026/08/19 03:46:16.664, 11618, 12466
2026/08/19 03:46:21.664, 11618, 12466
2026/08/19 03:46:26.665, 11618, 12466
2026/08/19 03:46:31.665, 11618, 12466
2026/08/19 03:46:36.666, 11618, 12466
2026/08/19 03:46:41.666, 11618, 12466
2026/08/19 03:46:46.667, 11618, 12466
2026/08/19 03:46:51.667, 11618, 12466
2026/08/19 03:46:56.668, 11618, 12466
2026/08/19 03:47:01.668, 11618, 12466
2026/08/19 03:47:06.669, 11618, 12466
2026/08/19 03:47:11.669, 11618, 12466
2026/08/19 03:47:16.670, 11618, 12466
2026/08/19 03:47:21.670, 11618, 12466
2026/08/19 03:47:26.671, 11618, 12466
2026/08/19 03:47:31.671, 11618, 12466
2026/08/19 03:47:36.672, 11618, 12466
2026/08/19 03:47:41.672, 11618, 12466
2026/08/19 03:47:46.673, 11618, 12466
2026/08/19 03:47:51.674, 11618, 12466
2026/08/19 03:47:56.674, 11618, 12466
2026/08/19 03:48:01.675, 11618, 12466
2026/08/19 03:48:06.675, 11618, 12466
2026/08/19 03:48:11.676, 11618, 12466
2026/08/19 03:48:16.676, 11618, 12466
2026/08/19 03:48:21.677, 11618, 12466
2026/08/19 03:48:26.677, 11618, 12466
2026/08/19 03:48:31.678, 11618, 12466
2026/08/19 03:48:36.678, 11618, 12466
2026/08/19 03:48:41.679, 11618, 12466
2026/08/19 03:48:46.679, 11618, 12466
2026/08/19 03:48:51.680, 11618, 12466
2026/08/19 03:48:56.680, 11618, 12466
2026/08/19 03:49:01.681, 11618, 12466
2026/08/19 03:49:06.681, 11618, 12466
2026/08/19 03:49:11.682, 11618, 12466
2026/08/19 03:49:16.682, 11618, 12466
2026/08/19 03:49:21.682, 11618, 12466
2026/08/19 03:49:26.683, 11618, 12466
2026/08/19 03:49:31.683, 11618, 12466
2026/08/19 03:49:36.684, 11618, 12466
2026/08/19 03:49:41.684, 11618, 12466
2026/08/19 03:49:46.684, 11618, 12466
2026/08/19 03:49:51.685, 11618, 12466
2026/08/19 03:49:56.685, 11618, 12466
2026/08/19 03:50:01.686, 11618, 12466
2026/08/19 03:50:06.686, 11618, 12466
2026/08/19 03:50:11.686, 11618, 12466
2026/08/19 03:50:16.687, 11618, 12466
2026/08/19 03:50:21.687, 11618, 12466
2026/08/19 03:50:26.688, 11618, 12466
2026/08/19 03:50:31.688, 11618, 12466
2026/08/19 03:50:36.689, 11618, 12466
2026/08/19 03:50:41.689, 11618, 12466
2026/08/19 03:50:46.689, 11618, 12466
2026/08/19 03:50:51.690, 11618, 12466
2026/08/19 03:50:56.690, 11618, 12466
2026/08/19 03:51:01.691, 11618, 12466
2026/08/19 03:51:06.691, 11618, 12466
2026/08/19 03:51:11.692, 11618, 12466
2026/08/19 03:51:16.692, 11618, 12466
2026/08/19 03:51:21.693, 11618, 12466
2026/08/19 03:51:26.693, 11618, 12466
2026/08/19 03:51:31.693, 11618, 12466
2026/08/19 03:51:36.694, 11618, 12466
2026/08/19 03:51:41.694, 11618, 12466
2026/08/19 03:51:46.695, 11618, 12466
2026/08/19 03:51:51.695, 11618, 12466
2026/08/19 03:51:56.695, 11618, 12466
2026/08/19 03:52:01.696, 11618, 12466
2026/08/19 03:52:06.696, 11618, 12466
2026/08/19 03:52:11.697, 11618, 12466
2026/08/19 03:52:16.697, 11618, 12466
2026/08/19 03:52:21.698, 11618, 12466
2026/08/19 03:52:26.698, 11618, 12466
2026/08/19 03:52:31.698, 11618, 12466
2026/08/19 03:52:36.699, 11618, 12466
2026/08/19 03:52:41.699, 11618, 12466
2026/08/19 03:52:46.700, 11618, 12466
2026/08/19 03:52:51.700, 11618, 12466
2026/08/19 03:52:56.700, 11618, 12466
2026/08/19 03:53:01.701, 11618, 12466
2026/08/19 03:53:06.701, 11618, 12466
2026/08/19 03:53:11.702, 11618, 12466
2026/08/19 03:53:16.702, 11618, 12466
2026/08/19 03:53:21.703, 11618, 12466
2026/08/19 03:53:26.703, 11618, 12466
2026/08/19 03:53:31.704, 11618, 12466
2026/08/19 03:53:36.704, 11618, 12466
2026/08/19 03:53:41.704, 11618, 12466
2026/08/19 03:53:46.705, 11618, 12466
2026/08/19 03:53:51.705, 11618, 12466
2026/08/19 03:53:56.706, 11618, 12466
2026/08/19 03:54:01.706, 11618, 12466
2026/08/19 03:54:06.706, 11618, 12466
2026/08/19 03:54:11.707, 11618, 12466
2026/08/19 03:54:16.707, 11618, 12466
2026/08/19 03:54:21.708, 11618, 12466
2026/08/19 03:54:26.708, 11618, 12466
2026/08/19 03:54:31.709, 11618, 12466
2026/08/19 03:54:36.709, 11618, 12466
2026/08/19 03:54:41.709, 11618, 12466
2026/08/19 03:54:46.710, 11618, 12466
2026/08/19 03:54:51.710, 11618, 12466
2026/08/19 03:54:56.711, 11618, 12466
2026/08/19 03:55:01.711, 11618, 12466
2026/08/19 03:55:06.711, 11618, 12466
2026/08/19 03:55:11.712, 11618, 12466
2026/08/19 03:55:16.712, 11618, 12466
2026/08/19 03:55:21.713, 11618, 12466
2026/08/19 03:55:26.713, 11618, 12466
2026/08/19 03:55:31.714, 11618, 12466
2026/08/19 03:55:36.714, 11618, 12466
2026/08/19 03:55:41.714, 11618, 12466
2026/08/19 03:55:46.715, 11618, 12466
2026/08/19 03:55:51.715, 11618, 12466
2026/08/19 03:55:56.716, 11618, 12466
2026/08/19 03:56:01.716, 11618, 12466
2026/08/19 03:56:06.717, 11618, 12466
2026/08/19 03:56:11.717, 11618, 12466
2026/08/19 03:56:16.717, 11618, 12466
2026/08/19 03:56:21.718, 11618, 12466
2026/08/19 03:56:26.718, 11618, 12466
2026/08/19 03:56:31.719, 11618, 12466
2026/08/19 03:56:36.720, 11618, 12466
2026/08/19 03:56:41.720, 11618, 12466
2026/08/19 03:56:46.721, 11618, 12466
2026/08/19 03:56:51.721, 11618, 12466
2026/08/19 03:56:56.722, 11618, 12466
2026/08/19 03:57:01.723, 11618, 12466
2026/08/19 03:57:06.723, 11618, 12466
2026/08/19 03:57:11.724, 11618, 12466
2026/08/19 03:57:16.724, 11618, 12466
2026/08/19 03:57:21.725, 11618, 12466
2026/08/19 03:57:26.726, 11618, 12466
2026/08/19 03:57:31.726, 11618, 12466
2026/08/19 03:57:36.727, 11618, 12466
2026/08/19 03:57:41.727, 11618, 12466
2026/08/19 03:57:46.728, 11618, 12466
2026/08/19 03:57:51.728, 11618, 12466
2026/08/19 03:57:56.729, 11618, 12466
2026/08/19 03:58:01.730, 11618, 12466
2026/08/19 03:58:06.730, 11618, 12466
2026/08/19 03:58:11.731, 11618, 12466
2026/08/19 03:58:16.731, 11618, 12466
2026/08/19 03:58:21.732, 11618, 12466
2026/08/19 03:58:26.733, 11618, 12466
2026/08/19 03:58:31.733, 11618, 12466
2026/08/19 03:58:36.734, 11618, 12466
2026/08/19 03:58:41.734, 11618, 12466
2026/08/19 03:58:46.735, 11618, 12466
2026/08/19 03:58:51.736, 11618, 12466
2026/08/19 03:58:56.736, 11618, 12466
2026/08/19 03:59:01.737, 11618, 12466
2026/08/19 03:59:06.737, 11618, 12466
2026/08/19 03:59:11.738, 11618, 12466
2026/08/19 03:59:16.739, 11618, 12466
2026/08/19 03:59:21.739, 11618, 12466
2026/08/19 03:59:26.740, 11618, 12466
2026/08/19 03:59:31.740, 11618, 12466
2026/08/19 03:59:36.741, 11618, 12466
2026/08/19 03:59:41.742, 11618, 12466
2026/08/19 03:59:46.742, 11618, 12466
2026/08/19 03:59:51.743, 11618, 12466
2026/08/19 03:59:56.743, 11618, 12466
2026/08/19 04:00:01.744, 11618, 12466
2026/08/19 04:00:06.745, 11618, 12466
2026/08/19 04:00:11.745, 11618, 12466
2026/08/19 04:00:16.746, 11618, 12466
2026/08/19 04:00:21.746, 11618, 12466
2026/08/19 04:00:26.747, 11618, 12466
2026/08/19 04:00:31.747, 11618, 12466
2026/08/19 04:00:36.748, 11618, 12466
2026/08/19 04:00:41.749, 11618, 12466
2026/08/19 04:00:46.749, 11618, 12466
2026/08/19 04:00:51.750, 11618, 12466
2026/08/19 04:00:56.750, 11618, 12466
2026/08/19 04:01:01.751, 11618, 12466
2026/08/19 04:01:06.752, 11618, 12466
2026/08/19 04:01:11.752, 11618, 12466
2026/08/19 04:01:16.753, 11618, 12466
2026/08/19 04:01:21.753, 11618, 12466
2026/08/19 04:01:26.754, 11618, 12466
2026/08/19 04:01:31.754, 11618, 12466
2026/08/19 04:01:36.755, 11618, 12466
2026/08/19 04:01:41.756, 11618, 12466
2026/08/19 04:01:46.756, 11618, 12466
2026/08/19 04:01:51.757, 11618, 12466
2026/08/19 04:01:56.758, 11618, 12466
2026/08/19 04:02:01.758, 11618, 12466
2026/08/19 04:02:06.759, 11618, 12466
2026/08/19 04:02:11.759, 11618, 12466
2026/08/19 04:02:16.760, 11618, 12466
2026/08/19 04:02:21.760, 11618, 12466
2026/08/19 04:02:26.761, 11618, 12466
2026/08/19 04:02:31.762, 11618, 12466
2026/08/19 04:02:36.762, 11618, 12466
2026/08/19 04:02:41.763, 11618, 12466
2026/08/19 04:02:46.763, 11618, 12466
2026/08/19 04:02:51.764, 11618, 12466
2026/08/19 04:02:56.765, 11618, 12466
2026/08/19 04:03:01.765, 11618, 12466
2026/08/19 04:03:06.766, 11618, 12466
2026/08/19 04:03:11.766, 11618, 12466
2026/08/19 04:03:16.767, 11618, 12466
2026/08/19 04:03:21.768, 11618, 12466
2026/08/19 04:03:26.768, 11618, 12466
2026/08/19 04:03:31.769, 11618, 12466
2026/08/19 04:03:36.769, 11618, 12466
2026/08/19 04:03:41.770, 11618, 12466
2026/08/19 04:03:46.771, 11618, 12466
2026/08/19 04:03:51.771, 11618, 12466
2026/08/19 04:03:56.772, 11618, 12466
2026/08/19 04:04:01.772, 11618, 12466
2026/08/19 04:04:06.773, 11618, 12466
2026/08/19 04:04:11.773, 11618, 12466
2026/08/19 04:04:16.774, 11618, 12466
2026/08/19 04:04:21.775, 11618, 12466
2026/08/19 04:04:26.775, 11618, 12466
2026/08/19 04:04:31.776, 11618, 12466
2026/08/19 04:04:36.776, 11618, 12466
2026/08/19 04:04:41.777, 11618, 12466
2026/08/19 04:04:46.778, 11618, 12466
2026/08/19 04:04:51.778, 11618, 12466
2026/08/19 04:04:56.779, 11618, 12466
2026/08/19 04:05:01.779, 11618, 12466
2026/08/19 04:05:06.780, 11618, 12466
2026/08/19 04:05:11.780, 11618, 12466
2026/08/19 04:05:16.781, 11618, 12466
2026/08/19 04:05:21.782, 11618, 12466
2026/08/19 04:05:26.782, 11618, 12466
2026/08/19 04:05:31.783, 11618, 12466
2026/08/19 04:05:36.783, 11618, 12466
2026/08/19 04:05:41.784, 11618, 12466
2026/08/19 04:05:46.785, 11618, 12466
2026/08/19 04:05:51.785, 11618, 12466
2026/08/19 04:05:56.786, 11618, 12466
2026/08/19 04:06:01.786, 11618, 12466
2026/08/19 04:06:06.787, 11618, 12466
2026/08/19 04:06:11.787, 11618, 12466
2026/08/19 04:06:16.788, 11618, 12466
2026/08/19 04:06:21.788, 11618, 12466
2026/08/19 04:06:26.789, 11618, 12466
2026/08/19 04:06:31.790, 11618, 12466
2026/08/19 04:06:36.790, 11618, 12466
2026/08/19 04:06:41.791, 11618, 12466
2026/08/19 04:06:46.791, 11618, 12466
2026/08/19 04:06:51.792, 11618, 12466
2026/08/19 04:06:56.792, 11618, 12466
2026/08/19 04:07:01.793, 11618, 12466
2026/08/19 04:07:06.793, 11618, 12466
2026/08/19 04:07:11.794, 11618, 12466
2026/08/19 04:07:16.795, 11618, 12466
2026/08/19 04:07:21.795, 11618, 12466
2026/08/19 04:07:26.796, 11618, 12466
2026/08/19 04:07:31.796, 11618, 12466
2026/08/19 04:07:36.797, 11618, 12466
2026/08/19 04:07:41.798, 11618, 12466
2026/08/19 04:07:46.798, 11618, 12466
2026/08/19 04:07:51.799, 11618, 12466
2026/08/19 04:07:56.799, 11618, 12466
2026/08/19 04:08:01.800, 11618, 12466
2026/08/19 04:08:06.800, 11618, 12466
2026/08/19 04:08:11.801, 11618, 12466
2026/08/19 04:08:16.801, 11618, 12466
2026/08/19 04:08:21.802, 11618, 12466
2026/08/19 04:08:26.803, 11618, 12466
2026/08/19 04:08:31.803, 11618, 12466
2026/08/19 04:08:36.804, 11618, 12466
2026/08/19 04:08:41.804, 11618, 12466
2026/08/19 04:08:46.805, 11618, 12466
2026/08/19 04:08:51.805, 11618, 12466
2026/08/19 04:08:56.806, 11618, 12466
2026/08/19 04:09:01.806, 11618, 12466
2026/08/19 04:09:06.807, 11618, 12466
2026/08/19 04:09:11.807, 11618, 12466
2026/08/19 04:09:16.808, 11618, 12466
2026/08/19 04:09:21.809, 11618, 12466
2026/08/19 04:09:26.809, 11618, 12466
2026/08/19 04:09:31.810, 11618, 12466
2026/08/19 04:09:36.810, 11618, 12466
2026/08/19 04:09:41.811, 11618, 12466
2026/08/19 04:09:46.811, 11618, 12466
2026/08/19 04:09:51.812, 11618, 12466
2026/08/19 04:09:56.812, 11618, 12466
2026/08/19 04:10:01.813, 11618, 12466
2026/08/19 04:10:06.813, 11618, 12466
2026/08/19 04:10:11.814, 11618, 12466
2026/08/19 04:10:16.814, 11618, 12466
2026/08/19 04:10:21.815, 11618, 12466
2026/08/19 04:10:26.816, 11618, 12466
2026/08/19 04:10:31.816, 11618, 12466
2026/08/19 04:10:36.817, 11618, 12466
2026/08/19 04:10:41.817, 11618, 12466
2026/08/19 04:10:46.818, 11618, 12466
2026/08/19 04:10:51.818, 11618, 12466
2026/08/19 04:10:56.819, 11618, 12466
2026/08/19 04:11:01.820, 11618, 12466
2026/08/19 04:11:06.820, 11618, 12466
2026/08/19 04:11:11.821, 11618, 12466
2026/08/19 04:11:16.821, 11618, 12466
2026/08/19 04:11:21.822, 11618, 12466
2026/08/19 04:11:26.822, 11618, 12466
2026/08/19 04:11:31.823, 11618, 12466
2026/08/19 04:11:36.824, 11618, 12466
2026/08/19 04:11:41.824, 11618, 12466
2026/08/19 04:11:46.825, 11618, 12466
2026/08/19 04:11:51.825, 11618, 12466
2026/08/19 04:11:56.826, 11618, 12466
2026/08/19 04:12:01.827, 11618, 12466
2026/08/19 04:12:06.827, 11618, 12466
2026/08/19 04:12:11.828, 11618, 12466
2026/08/19 04:12:16.828, 11618, 12466
2026/08/19 04:12:21.829, 11618, 12466
2026/08/19 04:12:26.829, 11618, 12466
2026/08/19 04:12:31.830, 11618, 12466
2026/08/19 04:12:36.830, 11618, 12466
2026/08/19 04:12:41.831, 11618, 12466
2026/08/19 04:12:46.832, 11618, 12466
2026/08/19 04:12:51.832, 11618, 12466
2026/08/19 04:12:56.833, 11618, 12466
2026/08/19 04:13:01.833, 11618, 12466
2026/08/19 04:13:06.834, 11618, 12466
2026/08/19 04:13:11.834, 11618, 12466
2026/08/19 04:13:16.835, 11618, 12466
2026/08/19 04:13:21.835, 11618, 12466
2026/08/19 04:13:26.836, 11618, 12466
2026/08/19 04:13:31.837, 11618, 12466
2026/08/19 04:13:36.837, 11618, 12466
2026/08/19 04:13:41.838, 11618, 12466
2026/08/19 04:13:46.838, 11618, 12466
2026/08/19 04:13:51.839, 11618, 12466
2026/08/19 04:13:56.839, 11618, 12466
2026/08/19 04:14:01.840, 11618, 12466
2026/08/19 04:14:06.841, 11618, 12466
2026/08/19 04:14:11.841, 11618, 12466
2026/08/19 04:14:16.842, 11618, 12466
2026/08/19 04:14:21.842, 11618, 12466
2026/08/19 04:14:26.843, 11618, 12466
2026/08/19 04:14:31.843, 11618, 12466
2026/08/19 04:14:36.844, 11618, 12466
2026/08/19 04:14:41.845, 11618, 12466
2026/08/19 04:14:46.845, 11618, 12466
2026/08/19 04:14:51.846, 11618, 12466
2026/08/19 04:14:56.846, 11618, 12466
2026/08/19 04:15:01.847, 11618, 12466
2026/08/19 04:15:06.848, 11618, 12466
2026/08/19 04:15:11.848, 11618, 12466
2026/08/19 04:15:16.849, 11618, 12466
2026/08/19 04:15:21.849, 11618, 12466
2026/08/19 04:15:26.850, 11618, 12466
2026/08/19 04:15:31.850, 11618, 12466
2026/08/19 04:15:36.851, 11618, 12466
2026/08/19 04:15:41.852, 11618, 12466
2026/08/19 04:15:46.852, 11618, 12466
2026/08/19 04:15:51.853, 11618, 12466
2026/08/19 04:15:56.853, 11618, 12466
2026/08/19 04:16:01.854, 11618, 12466
2026/08/19 04:16:06.855, 11618, 12466
2026/08/19 04:16:11.855, 11618, 12466
2026/08/19 04:16:16.856, 11618, 12466
2026/08/19 04:16:21.856, 11618, 12466
2026/08/19 04:16:26.857, 11618, 12466
2026/08/19 04:16:31.858, 11618, 12466
2026/08/19 04:16:36.858, 11618, 12466
2026/08/19 04:16:41.859, 11618, 12466
2026/08/19 04:16:46.859, 11618, 12466
2026/08/19 04:16:51.860, 11618, 12466
2026/08/19 04:16:56.860, 11618, 12466
2026/08/19 04:17:01.861, 11618, 12466
2026/08/19 04:17:06.862, 11618, 12466
2026/08/19 04:17:11.862, 11618, 12466
2026/08/19 04:17:16.863, 11618, 12466
2026/08/19 04:17:21.863, 11618, 12466
2026/08/19 04:17:26.864, 11618, 12466
2026/08/19 04:17:31.865, 11618, 12466
2026/08/19 04:17:36.865, 11618, 12466
2026/08/19 04:17:41.866, 11618, 12466
2026/08/19 04:17:46.866, 11618, 12466
2026/08/19 04:17:51.867, 11618, 12466
2026/08/19 04:17:56.867, 11618, 12466
2026/08/19 04:18:01.868, 11618, 12466
2026/08/19 04:18:06.869, 11618, 12466
2026/08/19 04:18:11.869, 11618, 12466
2026/08/19 04:18:16.870, 11618, 12466
2026/08/19 04:18:21.871, 11618, 12466
2026/08/19 04:18:26.872, 11618, 12466
2026/08/19 04:18:31.872, 11618, 12466
2026/08/19 04:18:36.873, 11618, 12466
2026/08/19 04:18:41.874, 11618, 12466
2026/08/19 04:18:46.875, 11618, 12466
2026/08/19 04:18:51.883, 11618, 12466
2026/08/19 04:18:56.884, 11618, 12466
2026/08/19 04:19:01.885, 11618, 12466
2026/08/19 04:19:06.886, 11618, 12466
2026/08/19 04:19:11.886, 11618, 12466
2026/08/19 04:19:16.887, 11618, 12466
2026/08/19 04:19:21.888, 11618, 12466
2026/08/19 04:19:26.889, 11618, 12466
2026/08/19 04:19:31.890, 11618, 12466
2026/08/19 04:19:36.890, 11618, 12466
2026/08/19 04:19:41.891, 11618, 12466
2026/08/19 04:19:46.892, 11618, 12466
2026/08/19 04:19:51.893, 11618, 12466
2026/08/19 04:19:56.894, 11618, 12466
2026/08/19 04:20:01.894, 11618, 12466
2026/08/19 04:20:06.895, 11618, 12466
2026/08/19 04:20:11.896, 11618, 12466
2026/08/19 04:20:16.897, 11618, 12466
2026/08/19 04:20:21.897, 11618, 12466
2026/08/19 04:20:26.898, 11618, 12466
2026/08/19 04:20:31.899, 11618, 12466
2026/08/19 04:20:36.900, 11618, 12466
2026/08/19 04:20:41.900, 11618, 12466
2026/08/19 04:20:46.901, 11618, 12466
2026/08/19 04:20:51.902, 11618, 12466
2026/08/19 04:20:56.903, 11618, 12466
2026/08/19 04:21:01.904, 11618, 12466
2026/08/19 04:21:06.904, 11618, 12466
2026/08/19 04:21:11.905, 11618, 12466
2026/08/19 04:21:16.906, 11618, 12466
2026/08/19 04:21:21.907, 11618, 12466
2026/08/19 04:21:26.907, 11618, 12466
2026/08/19 04:21:31.908, 11618, 12466
2026/08/19 04:21:36.909, 11618, 12466
2026/08/19 04:21:41.910, 11618, 12466
2026/08/19 04:21:46.910, 11618, 12466
2026/08/19 04:21:51.911, 11618, 12466
2026/08/19 04:21:56.912, 11618, 12466
2026/08/19 04:22:01.913, 11618, 12466
2026/08/19 04:22:06.913, 11618, 12466
2026/08/19 04:22:11.914, 11618, 12466
2026/08/19 04:22:16.915, 11618, 12466
2026/08/19 04:22:21.916, 11618, 12466
2026/08/19 04:22:26.916, 11618, 12466
2026/08/19 04:22:31.917, 11618, 12466
2026/08/19 04:22:36.918, 11618, 12466
2026/08/19 04:22:41.918, 11618, 12466
2026/08/19 04:22:46.919, 11618, 12466
2026/08/19 04:22:51.920, 11618, 12466
2026/08/19 04:22:56.921, 11618, 12466
2026/08/19 04:23:01.921, 11618, 12466
2026/08/19 04:23:06.922, 11618, 12466
2026/08/19 04:23:11.923, 11618, 12466
2026/08/19 04:23:16.924, 11618, 12466
2026/08/19 04:23:21.924, 11618, 12466
2026/08/19 04:23:26.925, 11618, 12466
2026/08/19 04:23:31.926, 11618, 12466
2026/08/19 04:23:36.927, 11618, 12466
2026/08/19 04:23:41.927, 11618, 12466
2026/08/19 04:23:46.928, 11618, 12466
2026/08/19 04:23:51.929, 11618, 12466
2026/08/19 04:23:56.930, 11618, 12466
2026/08/19 04:24:01.930, 11618, 12466
2026/08/19 04:24:06.931, 11618, 12466
2026/08/19 04:24:11.932, 11618, 12466
2026/08/19 04:24:16.932, 11618, 12466
2026/08/19 04:24:21.933, 11618, 12466
2026/08/19 04:24:26.934, 11618, 12466
2026/08/19 04:24:31.935, 11618, 12466
2026/08/19 04:24:36.935, 11618, 12466
2026/08/19 04:24:41.936, 11618, 12466
2026/08/19 04:24:46.937, 11618, 12466
2026/08/19 04:24:51.937, 11618, 12466
2026/08/19 04:24:56.938, 11618, 12466
2026/08/19 04:25:01.939, 11618, 12466
2026/08/19 04:25:06.940, 11618, 12466
2026/08/19 04:25:11.940, 11618, 12466
2026/08/19 04:25:16.941, 11618, 12466
2026/08/19 04:25:21.942, 11618, 12466
2026/08/19 04:25:26.942, 11618, 12466
2026/08/19 04:25:31.943, 11618, 12466
2026/08/19 04:25:36.944, 11618, 12466
2026/08/19 04:25:41.944, 11618, 12466
2026/08/19 04:25:46.945, 11618, 12466
2026/08/19 04:25:51.946, 11618, 12466
2026/08/19 04:25:56.947, 11618, 12466
2026/08/19 04:26:01.947, 11618, 12466
2026/08/19 04:26:06.948, 11618, 12466
2026/08/19 04:26:11.949, 11618, 12466
2026/08/19 04:26:16.949, 11618, 12466
2026/08/19 04:26:21.950, 11618, 12466
2026/08/19 04:26:26.951, 11618, 12466
2026/08/19 04:26:31.952, 11618, 12466
2026/08/19 04:26:36.952, 11618, 12466
2026/08/19 04:26:41.953, 11618, 12466
2026/08/19 04:26:46.954, 11618, 12466
2026/08/19 04:26:51.954, 11618, 12466
2026/08/19 04:26:56.955, 11618, 12466
2026/08/19 04:27:01.956, 11618, 12466
2026/08/19 04:27:06.956, 11618, 12466
2026/08/19 04:27:11.957, 11618, 12466
2026/08/19 04:27:16.958, 11618, 12466
2026/08/19 04:27:21.958, 11618, 12466
2026/08/19 04:27:26.959, 11618, 12466
2026/08/19 04:27:31.960, 11618, 12466
2026/08/19 04:27:36.961, 11618, 12466
2026/08/19 04:27:41.961, 11618, 12466
2026/08/19 04:27:46.962, 11618, 12466
2026/08/19 04:27:51.963, 11618, 12466
2026/08/19 04:27:56.963, 11618, 12466
2026/08/19 04:28:01.964, 11618, 12466
2026/08/19 04:28:06.965, 11618, 12466
2026/08/19 04:28:11.965, 11618, 12466
2026/08/19 04:28:16.966, 11618, 12466
2026/08/19 04:28:21.967, 11618, 12466
2026/08/19 04:28:26.967, 11618, 12466
2026/08/19 04:28:31.968, 11618, 12466
2026/08/19 04:28:36.969, 11618, 12466
2026/08/19 04:28:41.969, 11618, 12466
2026/08/19 04:28:46.970, 11618, 12466
2026/08/19 04:28:51.971, 11618, 12466
2026/08/19 04:28:56.971, 11618, 12466
2026/08/19 04:29:01.972, 11618, 12466
2026/08/19 04:29:06.973, 11618, 12466
2026/08/19 04:29:11.973, 11618, 12466
2026/08/19 04:29:16.974, 11618, 12466
2026/08/19 04:29:21.975, 11618, 12466
2026/08/19 04:29:26.976, 11618, 12466
2026/08/19 04:29:31.976, 11618, 12466
2026/08/19 04:29:36.977, 11618, 12466
2026/08/19 04:29:41.978, 11618, 12466
2026/08/19 04:29:46.978, 11618, 12466
2026/08/19 04:29:51.979, 11618, 12466
2026/08/19 04:29:56.979, 11618, 12466
2026/08/19 04:30:01.980, 11618, 12466
2026/08/19 04:30:06.981, 11618, 12466
2026/08/19 04:30:11.982, 11618, 12466
2026/08/19 04:30:16.982, 11618, 12466
2026/08/19 04:30:21.983, 11618, 12466
2026/08/19 04:30:26.984, 11618, 12466
2026/08/19 04:30:31.984, 11618, 12466
2026/08/19 04:30:36.985, 11618, 12466
2026/08/19 04:30:41.986, 11618, 12466
2026/08/19 04:30:46.986, 11618, 12466
2026/08/19 04:30:51.987, 11618, 12466
2026/08/19 04:30:56.988, 11618, 12466
2026/08/19 04:31:01.988, 11618, 12466
2026/08/19 04:31:06.989, 11618, 12466
2026/08/19 04:31:11.990, 11618, 12466
2026/08/19 04:31:16.990, 11618, 12466
2026/08/19 04:31:21.991, 11618, 12466
2026/08/19 04:31:26.992, 11618, 12466
2026/08/19 04:31:31.992, 11618, 12466
2026/08/19 04:31:36.993, 11618, 12466
2026/08/19 04:31:41.993, 11618, 12466
2026/08/19 04:31:46.994, 11618, 12466
2026/08/19 04:31:51.995, 11618, 12466
2026/08/19 04:31:56.995, 11618, 12466
2026/08/19 04:32:01.996, 11618, 12466
2026/08/19 04:32:06.997, 11618, 12466
2026/08/19 04:32:11.997, 11618, 12466
2026/08/19 04:32:17.003, 11618, 12466
2026/08/19 04:32:22.004, 11618, 12466
2026/08/19 04:32:27.004, 11618, 12466
2026/08/19 04:32:32.005, 11618, 12466
2026/08/19 04:32:37.006, 11618, 12466
2026/08/19 04:32:42.006, 11618, 12466
2026/08/19 04:32:47.007, 11618, 12466
2026/08/19 04:32:52.008, 11618, 12466
2026/08/19 04:32:57.008, 11618, 12466
2026/08/19 04:33:02.009, 11618, 12466
2026/08/19 04:33:07.010, 11618, 12466
2026/08/19 04:33:12.010, 11618, 12466
2026/08/19 04:33:17.011, 11618, 12466
2026/08/19 04:33:22.012, 11618, 12466
2026/08/19 04:33:27.012, 11618, 12466
2026/08/19 04:33:32.013, 11618, 12466
2026/08/19 04:33:37.014, 11618, 12466
2026/08/19 04:33:42.014, 11618, 12466
2026/08/19 04:33:47.015, 11618, 12466
2026/08/19 04:33:52.016, 11618, 12466
2026/08/19 04:33:57.016, 11618, 12466
2026/08/19 04:34:02.017, 11618, 12466
2026/08/19 04:34:07.017, 11618, 12466
2026/08/19 04:34:12.018, 11618, 12466
2026/08/19 04:34:17.019, 11618, 12466
2026/08/19 04:34:22.019, 11618, 12466
2026/08/19 04:34:27.020, 11618, 12466
2026/08/19 04:34:32.021, 11618, 12466
2026/08/19 04:34:37.021, 11618, 12466
2026/08/19 04:34:42.022, 11618, 12466
2026/08/19 04:34:47.022, 11618, 12466
2026/08/19 04:34:52.023, 11618, 12466
2026/08/19 04:34:57.023, 11618, 12466
2026/08/19 04:35:02.024, 11618, 12466
2026/08/19 04:35:07.024, 11618, 12466
2026/08/19 04:35:12.024, 11618, 12466
2026/08/19 04:35:17.025, 11618, 12466
2026/08/19 04:35:22.025, 11618, 12466
2026/08/19 04:35:27.026, 11618, 12466
2026/08/19 04:35:32.026, 11618, 12466
2026/08/19 04:35:37.027, 11618, 12466
2026/08/19 04:35:42.027, 11618, 12466
2026/08/19 04:35:47.027, 11618, 12466
2026/08/19 04:35:52.028, 11618, 12466
2026/08/19 04:35:57.028, 11618, 12466
2026/08/19 04:36:02.029, 11618, 12466
2026/08/19 04:36:07.029, 11618, 12466
2026/08/19 04:36:12.029, 11618, 12466
2026/08/19 04:36:17.030, 11618, 12466
2026/08/19 04:36:22.030, 11618, 12466
2026/08/19 04:36:27.031, 11618, 12466
2026/08/19 04:36:32.031, 11618, 12466
2026/08/19 04:36:37.032, 11618, 12466
2026/08/19 04:36:42.032, 11618, 12466
2026/08/19 04:36:47.032, 11618, 12466
2026/08/19 04:36:52.033, 11618, 12466
2026/08/19 04:36:57.033, 11618, 12466
2026/08/19 04:37:02.034, 11618, 12466
2026/08/19 04:37:07.034, 11618, 12466
2026/08/19 04:37:12.035, 11618, 12466
2026/08/19 04:37:17.035, 11618, 12466
2026/08/19 04:37:22.036, 11618, 12466
2026/08/19 04:37:27.036, 11618, 12466
2026/08/19 04:37:32.036, 11618, 12466
2026/08/19 04:37:37.037, 11618, 12466
2026/08/19 04:37:42.037, 11618, 12466
2026/08/19 04:37:47.038, 11618, 12466
2026/08/19 04:37:52.038, 11618, 12466
2026/08/19 04:37:57.038, 11618, 12466
2026/08/19 04:38:02.039, 11618, 12466
2026/08/19 04:38:07.039, 11618, 12466
2026/08/19 04:38:12.040, 11618, 12466
2026/08/19 04:38:17.040, 11618, 12466
2026/08/19 04:38:22.041, 11618, 12466
2026/08/19 04:38:27.041, 11618, 12466
2026/08/19 04:38:32.041, 11618, 12466
2026/08/19 04:38:37.042, 11618, 12466
2026/08/19 04:38:42.042, 11618, 12466
2026/08/19 04:38:47.043, 11618, 12466
2026/08/19 04:38:52.043, 11618, 12466
2026/08/19 04:38:57.044, 11618, 12466
2026/08/19 04:39:02.044, 11618, 12466
2026/08/19 04:39:07.044, 11618, 12466
2026/08/19 04:39:12.045, 11618, 12466
2026/08/19 04:39:17.045, 11618, 12466
2026/08/19 04:39:22.046, 11618, 12466
2026/08/19 04:39:27.046, 11618, 12466
2026/08/19 04:39:32.047, 11618, 12466
2026/08/19 04:39:37.047, 11618, 12466
2026/08/19 04:39:42.047, 11618, 12466
2026/08/19 04:39:47.048, 11618, 12466
2026/08/19 04:39:52.048, 11618, 12466
2026/08/19 04:39:57.049, 11618, 12466
2026/08/19 04:40:02.049, 11618, 12466
2026/08/19 04:40:07.049, 11618, 12466
2026/08/19 04:40:12.050, 11618, 12466
2026/08/19 04:40:17.050, 11618, 12466
2026/08/19 04:40:22.051, 11618, 12466
2026/08/19 04:40:27.051, 11618, 12466
2026/08/19 04:40:32.052, 11618, 12466
2026/08/19 04:40:37.052, 11618, 12466
2026/08/19 04:40:42.052, 11618, 12466
2026/08/19 04:40:47.053, 11618, 12466
2026/08/19 04:40:52.053, 11618, 12466
2026/08/19 04:40:57.054, 11618, 12466
2026/08/19 04:41:02.054, 11618, 12466
2026/08/19 04:41:07.055, 11618, 12466
2026/08/19 04:41:12.055, 11618, 12466
2026/08/19 04:41:17.055, 11618, 12466
2026/08/19 04:41:22.056, 11618, 12466
2026/08/19 04:41:27.056, 11618, 12466
2026/08/19 04:41:32.057, 11618, 12466
2026/08/19 04:41:37.057, 11618, 12466
2026/08/19 04:41:42.057, 11618, 12466
2026/08/19 04:41:47.058, 11618, 12466
2026/08/19 04:41:52.058, 11618, 12466
2026/08/19 04:41:57.059, 11618, 12466
2026/08/19 04:42:02.059, 11618, 12466
2026/08/19 04:42:07.060, 11618, 12466
2026/08/19 04:42:12.060, 11618, 12466
2026/08/19 04:42:17.060, 11618, 12466
2026/08/19 04:42:22.061, 11618, 12466
2026/08/19 04:42:27.061, 11618, 12466
2026/08/19 04:42:32.062, 11618, 12466
2026/08/19 04:42:37.062, 11618, 12466
2026/08/19 04:42:42.062, 11618, 12466
2026/08/19 04:42:47.063, 11618, 12466
2026/08/19 04:42:52.063, 11618, 12466
2026/08/19 04:42:57.064, 11618, 12466
2026/08/19 04:43:02.064, 11618, 12466
2026/08/19 04:43:07.065, 11618, 12466
2026/08/19 04:43:12.065, 11618, 12466
2026/08/19 04:43:17.065, 11618, 12466
2026/08/19 04:43:22.066, 11618, 12466
2026/08/19 04:43:27.066, 11618, 12466
2026/08/19 04:43:32.067, 11618, 12466
2026/08/19 04:43:37.067, 11618, 12466
2026/08/19 04:43:42.068, 11618, 12466
2026/08/19 04:43:47.068, 11618, 12466
2026/08/19 04:43:52.068, 11618, 12466
2026/08/19 04:43:57.069, 11618, 12466
2026/08/19 04:44:02.069, 11618, 12466
2026/08/19 04:44:07.070, 11618, 12466
2026/08/19 04:44:12.070, 11618, 12466
2026/08/19 04:44:17.071, 11618, 12466
2026/08/19 04:44:22.071, 11618, 12466
2026/08/19 04:44:27.071, 11618, 12466
2026/08/19 04:44:32.072, 11618, 12466
2026/08/19 04:44:37.072, 11618, 12466
2026/08/19 04:44:42.073, 11618, 12466
2026/08/19 04:44:47.073, 11618, 12466
2026/08/19 04:44:52.074, 11618, 12466
2026/08/19 04:44:57.074, 11618, 12466
2026/08/19 04:45:02.074, 11618, 12466
2026/08/19 04:45:07.075, 11618, 12466
2026/08/19 04:45:12.075, 11618, 12466
2026/08/19 04:45:17.076, 11618, 12466
2026/08/19 04:45:22.076, 11618, 12466
2026/08/19 04:45:27.077, 11618, 12466
2026/08/19 04:45:32.077, 11618, 12466
2026/08/19 04:45:37.077, 11618, 12466
2026/08/19 04:45:42.078, 11618, 12466
2026/08/19 04:45:47.078, 11618, 12466
2026/08/19 04:45:52.079, 11618, 12466
2026/08/19 04:45:57.079, 11618, 12466
2026/08/19 04:46:02.080, 11618, 12466
2026/08/19 04:46:07.080, 11618, 12466
2026/08/19 04:46:12.080, 11618, 12466
2026/08/19 04:46:17.081, 11618, 12466
2026/08/19 04:46:22.081, 11618, 12466
2026/08/19 04:46:27.082, 11618, 12466
2026/08/19 04:46:32.082, 11618, 12466
2026/08/19 04:46:37.083, 11618, 12466
2026/08/19 04:46:42.083, 11618, 12466
2026/08/19 04:46:47.083, 11618, 12466
2026/08/19 04:46:52.084, 11618, 12466
2026/08/19 04:46:57.084, 11618, 12466
2026/08/19 04:47:02.085, 11618, 12466
2026/08/19 04:47:07.085, 11618, 12466
2026/08/19 04:47:12.086, 11618, 12466
2026/08/19 04:47:17.086, 11618, 12466
2026/08/19 04:47:22.086, 11618, 12466
2026/08/19 04:47:27.087, 11618, 12466
2026/08/19 04:47:32.087, 11618, 12466
2026/08/19 04:47:37.088, 11618, 12466
2026/08/19 04:47:42.088, 11618, 12466
2026/08/19 04:47:47.088, 11618, 12466
2026/08/19 04:47:52.089, 11618, 12466
2026/08/19 04:47:57.089, 11618, 12466
2026/08/19 04:48:02.090, 11618, 12466
2026/08/19 04:48:07.090, 11618, 12466
2026/08/19 04:48:12.091, 11618, 12466
2026/08/19 04:48:17.091, 11618, 12466
2026/08/19 04:48:22.091, 11618, 12466
2026/08/19 04:48:27.092, 11618, 12466
2026/08/19 04:48:32.092, 11618, 12466
2026/08/19 04:48:37.093, 11618, 12466
2026/08/19 04:48:42.093, 11618, 12466
2026/08/19 04:48:47.094, 11618, 12466
2026/08/19 04:48:52.094, 11618, 12466
2026/08/19 04:48:57.094, 11618, 12466
2026/08/19 04:49:02.095, 11618, 12466
2026/08/19 04:49:07.095, 11618, 12466
2026/08/19 04:49:12.096, 11618, 12466
2026/08/19 04:49:17.096, 11618, 12466
2026/08/19 04:49:22.097, 11618, 12466
2026/08/19 04:49:27.097, 11618, 12466
2026/08/19 04:49:32.097, 11618, 12466
2026/08/19 04:49:37.098, 11618, 12466
2026/08/19 04:49:42.098, 11618, 12466
2026/08/19 04:49:47.099, 11618, 12466
2026/08/19 04:49:52.099, 11618, 12466
2026/08/19 04:49:57.100, 11618, 12466
2026/08/19 04:50:02.100, 11618, 12466
2026/08/19 04:50:07.100, 11618, 12466
2026/08/19 04:50:12.101, 11618, 12466
2026/08/19 04:50:17.101, 11618, 12466
2026/08/19 04:50:22.102, 11618, 12466
2026/08/19 04:50:27.102, 11618, 12466
2026/08/19 04:50:32.102, 11618, 12466
2026/08/19 04:50:37.103, 11618, 12466
2026/08/19 04:50:42.103, 11618, 12466
2026/08/19 04:50:47.104, 11618, 12466
2026/08/19 04:50:52.104, 11618, 12466
2026/08/19 04:50:57.105, 11618, 12466
2026/08/19 04:51:02.105, 11618, 12466
2026/08/19 04:51:07.105, 11618, 12466
2026/08/19 04:51:12.106, 11618, 12466
2026/08/19 04:51:17.106, 11618, 12466
2026/08/19 04:51:22.107, 11618, 12466
2026/08/19 04:51:27.107, 11618, 12466
2026/08/19 04:51:32.108, 11618, 12466
2026/08/19 04:51:37.108, 11618, 12466
2026/08/19 04:51:42.108, 11618, 12466
2026/08/19 04:51:47.109, 11618, 12466
2026/08/19 04:51:52.109, 11618, 12466
2026/08/19 04:51:57.110, 11618, 12466
2026/08/19 04:52:02.110, 11618, 12466
2026/08/19 04:52:07.110, 11618, 12466
2026/08/19 04:52:12.111, 11618, 12466
2026/08/19 04:52:17.111, 11618, 12466
2026/08/19 04:52:22.112, 11618, 12466
2026/08/19 04:52:27.112, 11618, 12466
2026/08/19 04:52:32.113, 11618, 12466
2026/08/19 04:52:37.113, 11618, 12466
2026/08/19 04:52:42.113, 11618, 12466
2026/08/19 04:52:47.114, 11618, 12466
2026/08/19 04:52:52.114, 11618, 12466
2026/08/19 04:52:57.115, 11618, 12466
2026/08/19 04:53:02.115, 11618, 12466
2026/08/19 04:53:07.116, 11618, 12466
2026/08/19 04:53:12.116, 11618, 12466
2026/08/19 04:53:17.117, 11618, 12466
2026/08/19 04:53:22.117, 11618, 12466
2026/08/19 04:53:27.117, 11618, 12466
2026/08/19 04:53:32.118, 11618, 12466
2026/08/19 04:53:37.118, 11618, 12466
2026/08/19 04:53:42.119, 11618, 12466
2026/08/19 04:53:47.119, 11618, 12466
2026/08/19 04:53:52.120, 11618, 12466
2026/08/19 04:53:57.120, 11618, 12466
2026/08/19 04:54:02.121, 11618, 12466
2026/08/19 04:54:07.121, 11618, 12466
2026/08/19 04:54:12.122, 11618, 12466
2026/08/19 04:54:17.122, 11618, 12466
2026/08/19 04:54:22.123, 11618, 12466
2026/08/19 04:54:27.123, 11618, 12466
2026/08/19 04:54:32.123, 11618, 12466
2026/08/19 04:54:37.124, 11618, 12466
2026/08/19 04:54:42.124, 11618, 12466
2026/08/19 04:54:47.125, 11618, 12466
2026/08/19 04:54:52.125, 11618, 12466
2026/08/19 04:54:57.126, 11618, 12466
2026/08/19 04:55:02.126, 11618, 12466
2026/08/19 04:55:07.127, 11618, 12466
2026/08/19 04:55:12.127, 11618, 12466
2026/08/19 04:55:17.128, 11618, 12466
2026/08/19 04:55:22.128, 11618, 12466
2026/08/19 04:55:27.128, 11618, 12466
2026/08/19 04:55:32.129, 11618, 12466
2026/08/19 04:55:37.129, 11618, 12466
2026/08/19 04:55:42.130, 11618, 12466
2026/08/19 04:55:47.130, 11618, 12466
2026/08/19 04:55:52.131, 11618, 12466
2026/08/19 04:55:57.131, 11618, 12466
2026/08/19 04:56:02.132, 11618, 12466
2026/08/19 04:56:07.132, 11618, 12466
2026/08/19 04:56:12.133, 11618, 12466
2026/08/19 04:56:17.133, 11618, 12466
2026/08/19 04:56:22.133, 11618, 12466
2026/08/19 04:56:27.134, 11618, 12466
2026/08/19 04:56:32.134, 11618, 12466
2026/08/19 04:56:37.135, 11618, 12466
2026/08/19 04:56:42.135, 11618, 12466
2026/08/19 04:56:47.136, 11618, 12466
2026/08/19 04:56:52.136, 11618, 12466
2026/08/19 04:56:57.137, 11618, 12466
2026/08/19 04:57:02.137, 11618, 12466
2026/08/19 04:57:07.138, 11618, 12466
2026/08/19 04:57:12.138, 11618, 12466
2026/08/19 04:57:17.139, 11618, 12466
2026/08/19 04:57:22.139, 11618, 12466
2026/08/19 04:57:27.139, 11618, 12466
2026/08/19 04:57:32.140, 11618, 12466
2026/08/19 04:57:37.140, 11618, 12466
2026/08/19 04:57:42.141, 11618, 12466
2026/08/19 04:57:47.141, 11618, 12466
2026/08/19 04:57:52.142, 11618, 12466
2026/08/19 04:57:57.142, 11618, 12466
2026/08/19 04:58:02.143, 11618, 12466
2026/08/19 04:58:07.143, 11618, 12466
2026/08/19 04:58:12.144, 11618, 12466
2026/08/19 04:58:17.144, 11618, 12466
2026/08/19 04:58:22.144, 11618, 12466
2026/08/19 04:58:27.145, 11618, 12466
2026/08/19 04:58:32.145, 11618, 12466
2026/08/19 04:58:37.146, 11618, 12466
2026/08/19 04:58:42.146, 11618, 12466
2026/08/19 04:58:47.147, 11618, 12466
2026/08/19 04:58:52.147, 11618, 12466
2026/08/19 04:58:57.148, 11618, 12466
2026/08/19 04:59:02.148, 11618, 12466
2026/08/19 04:59:07.148, 11618, 12466
2026/08/19 04:59:12.149, 11618, 12466
2026/08/19 04:59:17.149, 11618, 12466
2026/08/19 04:59:22.150, 11618, 12466
2026/08/19 04:59:27.150, 11618, 12466
2026/08/19 04:59:32.151, 11618, 12466
2026/08/19 04:59:37.151, 11618, 12466
2026/08/19 04:59:42.152, 11618, 12466
2026/08/19 04:59:47.152, 11618, 12466
2026/08/19 04:59:52.153, 11618, 12466
2026/08/19 04:59:57.153, 11618, 12466
2026/08/19 05:00:02.153, 11618, 12466
2026/08/19 05:00:07.154, 11618, 12466
2026/08/19 05:00:12.154, 11618, 12466
2026/08/19 05:00:17.155, 11618, 12466
2026/08/19 05:00:22.155, 11618, 12466
2026/08/19 05:00:27.156, 11618, 12466
2026/08/19 05:00:32.156, 11618, 12466
2026/08/19 05:00:37.157, 11618, 12466
2026/08/19 05:00:42.157, 11618, 12466
2026/08/19 05:00:47.157, 11618, 12466
2026/08/19 05:00:52.158, 11618, 12466
2026/08/19 05:00:57.158, 11618, 12466
2026/08/19 05:01:02.159, 11618, 12466
2026/08/19 05:01:07.159, 11618, 12466
2026/08/19 05:01:12.160, 11618, 12466
2026/08/19 05:01:17.160, 11618, 12466
2026/08/19 05:01:22.161, 11618, 12466
2026/08/19 05:01:27.161, 11618, 12466
2026/08/19 05:01:32.161, 11618, 12466
2026/08/19 05:01:37.162, 11618, 12466
2026/08/19 05:01:42.162, 11618, 12466
2026/08/19 05:01:47.163, 11618, 12466
2026/08/19 05:01:52.163, 11618, 12466
2026/08/19 05:01:57.164, 11618, 12466
2026/08/19 05:02:02.164, 11618, 12466
2026/08/19 05:02:07.165, 11618, 12466
2026/08/19 05:02:12.165, 11618, 12466
2026/08/19 05:02:17.165, 11618, 12466
2026/08/19 05:02:22.166, 11618, 12466
2026/08/19 05:02:27.166, 11618, 12466
2026/08/19 05:02:32.167, 11618, 12466
2026/08/19 05:02:37.167, 11618, 12466
2026/08/19 05:02:42.168, 11618, 12466
2026/08/19 05:02:47.168, 11618, 12466
2026/08/19 05:02:52.169, 11618, 12466
2026/08/19 05:02:57.169, 11618, 12466
2026/08/19 05:03:02.170, 11618, 12466
2026/08/19 05:03:07.170, 11618, 12466
2026/08/19 05:03:12.170, 11618, 12466
2026/08/19 05:03:17.171, 11618, 12466
2026/08/19 05:03:22.171, 11618, 12466
2026/08/19 05:03:27.172, 11618, 12466
2026/08/19 05:03:32.172, 11618, 12466
2026/08/19 05:03:37.173, 11618, 12466
2026/08/19 05:03:42.173, 11618, 12466
2026/08/19 05:03:47.174, 11618, 12466
2026/08/19 05:03:52.174, 11618, 12466
2026/08/19 05:03:57.174, 11618, 12466
2026/08/19 05:04:02.175, 11618, 12466
2026/08/19 05:04:07.175, 11618, 12466
2026/08/19 05:04:12.176, 11618, 12466
2026/08/19 05:04:17.176, 11618, 12466
2026/08/19 05:04:22.177, 11618, 12466
2026/08/19 05:04:27.177, 11618, 12466
2026/08/19 05:04:32.178, 11618, 12466
2026/08/19 05:04:37.178, 11618, 12466
2026/08/19 05:04:42.178, 11618, 12466
2026/08/19 05:04:47.179, 11618, 12466
2026/08/19 05:04:52.179, 11618, 12466
2026/08/19 05:04:57.180, 11618, 12466
2026/08/19 05:05:02.180, 11618, 12466
2026/08/19 05:05:07.181, 11618, 12466
2026/08/19 05:05:12.181, 11618, 12466
2026/08/19 05:05:17.182, 11618, 12466
2026/08/19 05:05:22.182, 11618, 12466
2026/08/19 05:05:27.182, 11618, 12466
2026/08/19 05:05:32.183, 11618, 12466
2026/08/19 05:05:37.183, 11618, 12466
2026/08/19 05:05:42.184, 11618, 12466
2026/08/19 05:05:47.184, 11618, 12466
2026/08/19 05:05:52.185, 11618, 12466
2026/08/19 05:05:57.185, 11618, 12466
2026/08/19 05:06:02.185, 11618, 12466
2026/08/19 05:06:07.186, 11618, 12466
2026/08/19 05:06:12.186, 11618, 12466
2026/08/19 05:06:17.187, 11618, 12466
2026/08/19 05:06:22.187, 11618, 12466
2026/08/19 05:06:27.188, 11618, 12466
2026/08/19 05:06:32.188, 11618, 12466
2026/08/19 05:06:37.189, 11618, 12466
2026/08/19 05:06:42.189, 11618, 12466
2026/08/19 05:06:47.189, 11618, 12466
2026/08/19 05:06:52.190, 11618, 12466
2026/08/19 05:06:57.190, 11618, 12466
2026/08/19 05:07:02.191, 11618, 12466
2026/08/19 05:07:07.191, 11618, 12466
2026/08/19 05:07:12.192, 11618, 12466
2026/08/19 05:07:17.192, 11618, 12466
2026/08/19 05:07:22.193, 11618, 12466
2026/08/19 05:07:27.193, 11618, 12466
2026/08/19 05:07:32.193, 11618, 12466
2026/08/19 05:07:37.194, 11618, 12466
2026/08/19 05:07:42.194, 11618, 12466
2026/08/19 05:07:47.195, 11618, 12466
2026/08/19 05:07:52.195, 11618, 12466
2026/08/19 05:07:57.196, 11618, 12466
2026/08/19 05:08:02.196, 11618, 12466
2026/08/19 05:08:07.196, 11618, 12466
2026/08/19 05:08:12.197, 11618, 12466
2026/08/19 05:08:17.197, 11618, 12466
2026/08/19 05:08:22.198, 11618, 12466
2026/08/19 05:08:27.198, 11618, 12466
2026/08/19 05:08:32.199, 11618, 12466
2026/08/19 05:08:37.199, 11618, 12466
2026/08/19 05:08:42.199, 11618, 12466
2026/08/19 05:08:47.200, 11618, 12466
2026/08/19 05:08:52.200, 11618, 12466
2026/08/19 05:08:57.201, 11618, 12466
2026/08/19 05:09:02.201, 11618, 12466
2026/08/19 05:09:07.201, 11618, 12466
2026/08/19 05:09:12.202, 11618, 12466
2026/08/19 05:09:17.202, 11618, 12466
2026/08/19 05:09:22.203, 11618, 12466
2026/08/19 05:09:27.203, 11618, 12466
2026/08/19 05:09:32.204, 11618, 12466
2026/08/19 05:09:37.204, 11618, 12466
2026/08/19 05:09:42.204, 11618, 12466
2026/08/19 05:09:47.205, 11618, 12466
2026/08/19 05:09:52.205, 11618, 12466
2026/08/19 05:09:57.206, 11618, 12466
2026/08/19 05:10:02.206, 11618, 12466
2026/08/19 05:10:07.206, 11618, 12466
2026/08/19 05:10:12.207, 11618, 12466
2026/08/19 05:10:17.207, 11618, 12466
2026/08/19 05:10:22.208, 11618, 12466
2026/08/19 05:10:27.208, 11618, 12466
2026/08/19 05:10:32.209, 11618, 12466
2026/08/19 05:10:37.209, 11618, 12466
2026/08/19 05:10:42.210, 11618, 12466
2026/08/19 05:10:47.210, 11618, 12466
2026/08/19 05:10:52.210, 11618, 12466
2026/08/19 05:10:57.211, 11618, 12466
2026/08/19 05:11:02.211, 11618, 12466
2026/08/19 05:11:07.212, 11618, 12466
2026/08/19 05:11:12.212, 11618, 12466
2026/08/19 05:11:17.213, 11618, 12466
2026/08/19 05:11:22.213, 11618, 12466
2026/08/19 05:11:27.213, 11618, 12466
2026/08/19 05:11:32.214, 11618, 12466
2026/08/19 05:11:37.214, 11618, 12466
2026/08/19 05:11:42.215, 11618, 12466
2026/08/19 05:11:47.215, 11618, 12466
2026/08/19 05:11:52.215, 11618, 12466
2026/08/19 05:11:57.216, 11618, 12466
2026/08/19 05:12:02.216, 11618, 12466
2026/08/19 05:12:07.217, 11618, 12466
2026/08/19 05:12:12.217, 11618, 12466
2026/08/19 05:12:17.218, 11618, 12466
2026/08/19 05:12:22.218, 11618, 12466
2026/08/19 05:12:27.218, 11618, 12466
2026/08/19 05:12:32.219, 11618, 12466
2026/08/19 05:12:37.219, 11618, 12466
2026/08/19 05:12:42.220, 11618, 12466
2026/08/19 05:12:47.220, 11618, 12466
2026/08/19 05:12:52.220, 11618, 12466
2026/08/19 05:12:57.221, 11618, 12466
2026/08/19 05:13:02.221, 11618, 12466
2026/08/19 05:13:07.222, 11618, 12466
2026/08/19 05:13:12.222, 11618, 12466
2026/08/19 05:13:17.223, 11618, 12466
2026/08/19 05:13:22.223, 11618, 12466
2026/08/19 05:13:27.224, 11618, 12466
2026/08/19 05:13:32.224, 11618, 12466
2026/08/19 05:13:37.224, 11618, 12466
2026/08/19 05:13:42.225, 11618, 12466
2026/08/19 05:13:47.225, 11618, 12466
2026/08/19 05:13:52.226, 11618, 12466
2026/08/19 05:13:57.226, 11618, 12466
2026/08/19 05:14:02.227, 11618, 12466
2026/08/19 05:14:07.227, 11618, 12466
2026/08/19 05:14:12.227, 11618, 12466
2026/08/19 05:14:17.228, 11618, 12466
2026/08/19 05:14:22.228, 11618, 12466
2026/08/19 05:14:27.229, 11618, 12466
2026/08/19 05:14:32.229, 11618, 12466
2026/08/19 05:14:37.230, 11618, 12466
2026/08/19 05:14:42.230, 11618, 12466
2026/08/19 05:14:47.231, 11618, 12466
2026/08/19 05:14:52.231, 11618, 12466
2026/08/19 05:14:57.232, 11618, 12466
2026/08/19 05:15:02.233, 11618, 12466
2026/08/19 05:15:07.233, 11618, 12466
2026/08/19 05:15:12.234, 11618, 12466
2026/08/19 05:15:17.234, 11618, 12466
2026/08/19 05:15:22.235, 11618, 12466
2026/08/19 05:15:27.236, 11618, 12466
2026/08/19 05:15:32.236, 11618, 12466
2026/08/19 05:15:37.237, 11618, 12466
2026/08/19 05:15:42.238, 11618, 12466
2026/08/19 05:15:47.238, 11618, 12466
2026/08/19 05:15:52.239, 11618, 12466
2026/08/19 05:15:57.240, 11618, 12466
2026/08/19 05:16:02.240, 11618, 12466
2026/08/19 05:16:07.241, 11618, 12466
2026/08/19 05:16:12.241, 11618, 12466
2026/08/19 05:16:17.242, 11618, 12466
2026/08/19 05:16:22.242, 11618, 12466
2026/08/19 05:16:27.242, 11618, 12466
2026/08/19 05:16:32.243, 11618, 12466
2026/08/19 05:16:37.243, 11618, 12466
2026/08/19 05:16:42.244, 11618, 12466
2026/08/19 05:16:47.244, 11618, 12466
2026/08/19 05:16:52.244, 11618, 12466
2026/08/19 05:16:57.245, 11618, 12466
2026/08/19 05:17:02.245, 11618, 12466
2026/08/19 05:17:07.246, 11618, 12466
2026/08/19 05:17:12.246, 11618, 12466
2026/08/19 05:17:17.247, 11618, 12466
2026/08/19 05:17:22.248, 11618, 12466
2026/08/19 05:17:27.248, 11618, 12466
2026/08/19 05:17:32.249, 11618, 12466
2026/08/19 05:17:37.249, 11618, 12466
2026/08/19 05:17:42.250, 11618, 12466
2026/08/19 05:17:47.250, 11618, 12466
2026/08/19 05:17:52.250, 11618, 12466
2026/08/19 05:17:57.251, 11618, 12466
2026/08/19 05:18:02.251, 11618, 12466
2026/08/19 05:18:07.252, 11618, 12466
2026/08/19 05:18:12.252, 11618, 12466
2026/08/19 05:18:17.253, 11618, 12466
2026/08/19 05:18:22.253, 11618, 12466
2026/08/19 05:18:27.253, 11618, 12466
2026/08/19 05:18:32.254, 11618, 12466
2026/08/19 05:18:37.254, 11618, 12466
2026/08/19 05:18:42.255, 11618, 12466
2026/08/19 05:18:47.255, 11618, 12466
2026/08/19 05:18:52.256, 11618, 12466
2026/08/19 05:18:57.256, 11618, 12466
2026/08/19 05:19:02.256, 11618, 12466
2026/08/19 05:19:07.257, 11618, 12466
2026/08/19 05:19:12.257, 11618, 12466
2026/08/19 05:19:17.258, 11618, 12466
2026/08/19 05:19:22.258, 11618, 12466
2026/08/19 05:19:27.259, 11618, 12466
2026/08/19 05:19:32.259, 11618, 12466
2026/08/19 05:19:37.259, 11618, 12466
2026/08/19 05:19:42.260, 11618, 12466
2026/08/19 05:19:47.260, 11618, 12466
2026/08/19 05:19:52.261, 11618, 12466
2026/08/19 05:19:57.261, 11618, 12466
2026/08/19 05:20:02.262, 11618, 12466
2026/08/19 05:20:07.262, 11618, 12466
2026/08/19 05:20:12.262, 11618, 12466
2026/08/19 05:20:17.263, 11618, 12466
2026/08/19 05:20:22.263, 11618, 12466
2026/08/19 05:20:27.264, 11618, 12466
2026/08/19 05:20:32.264, 11618, 12466
2026/08/19 05:20:37.264, 11618, 12466
2026/08/19 05:20:42.265, 11618, 12466
2026/08/19 05:20:47.265, 11618, 12466
2026/08/19 05:20:52.266, 11618, 12466
2026/08/19 05:20:57.266, 11618, 12466
2026/08/19 05:21:02.267, 11618, 12466
2026/08/19 05:21:07.267, 11618, 12466
2026/08/19 05:21:12.267, 11618, 12466
2026/08/19 05:21:17.268, 11618, 12466
2026/08/19 05:21:22.268, 11618, 12466
2026/08/19 05:21:27.269, 11618, 12466
2026/08/19 05:21:32.269, 11618, 12466
2026/08/19 05:21:37.270, 11618, 12466
2026/08/19 05:21:42.270, 11618, 12466
2026/08/19 05:21:47.270, 11618, 12466
2026/08/19 05:21:52.271, 11618, 12466
2026/08/19 05:21:57.271, 11618, 12466
2026/08/19 05:22:02.272, 11618, 12466
2026/08/19 05:22:07.272, 11618, 12466
2026/08/19 05:22:12.273, 11618, 12466
2026/08/19 05:22:17.273, 11618, 12466
2026/08/19 05:22:22.273, 11618, 12466
2026/08/19 05:22:27.274, 11618, 12466
2026/08/19 05:22:32.274, 11618, 12466
2026/08/19 05:22:37.275, 11618, 12466
2026/08/19 05:22:42.275, 11618, 12466
2026/08/19 05:22:47.276, 11618, 12466
2026/08/19 05:22:52.276, 11618, 12466
2026/08/19 05:22:57.276, 11618, 12466
2026/08/19 05:23:02.277, 11618, 12466
2026/08/19 05:23:07.277, 11618, 12466
2026/08/19 05:23:12.278, 11618, 12466
2026/08/19 05:23:17.278, 11618, 12466
2026/08/19 05:23:22.279, 11618, 12466
2026/08/19 05:23:27.279, 11618, 12466
2026/08/19 05:23:32.279, 11618, 12466
2026/08/19 05:23:37.280, 11618, 12466
2026/08/19 05:23:42.280, 11618, 12466
2026/08/19 05:23:47.281, 11618, 12466
2026/08/19 05:23:52.281, 11618, 12466
2026/08/19 05:23:57.282, 11618, 12466
2026/08/19 05:24:02.282, 11618, 12466
2026/08/19 05:24:07.282, 11618, 12466
2026/08/19 05:24:12.283, 11618, 12466
2026/08/19 05:24:17.284, 11618, 12466
2026/08/19 05:24:22.284, 11618, 12466
2026/08/19 05:24:27.285, 11618, 12466
2026/08/19 05:24:32.285, 11618, 12466
2026/08/19 05:24:37.286, 11618, 12466
2026/08/19 05:24:42.286, 11618, 12466
2026/08/19 05:24:47.295, 11618, 12466
2026/08/19 05:24:52.296, 11618, 12466
2026/08/19 05:24:57.296, 11618, 12466
2026/08/19 05:25:02.296, 11618, 12466
2026/08/19 05:25:07.297, 11618, 12466
2026/08/19 05:25:12.297, 11618, 12466
2026/08/19 05:25:17.298, 11618, 12466
2026/08/19 05:25:22.298, 11618, 12466
2026/08/19 05:25:27.299, 11618, 12466
2026/08/19 05:25:32.299, 11618, 12466
2026/08/19 05:25:37.299, 11618, 12466
2026/08/19 05:25:42.300, 11618, 12466
2026/08/19 05:25:47.300, 11618, 12466
2026/08/19 05:25:52.301, 11618, 12466
2026/08/19 05:25:57.301, 11618, 12466
2026/08/19 05:26:02.302, 11618, 12466
2026/08/19 05:26:07.302, 11618, 12466
2026/08/19 05:26:12.303, 11618, 12466
2026/08/19 05:26:17.303, 11618, 12466
2026/08/19 05:26:22.304, 11618, 12466
2026/08/19 05:26:27.304, 11618, 12466
2026/08/19 05:26:32.304, 11618, 12466
2026/08/19 05:26:37.305, 11618, 12466
2026/08/19 05:26:42.305, 11618, 12466
2026/08/19 05:26:47.314, 11618, 12466
2026/08/19 05:26:52.315, 11618, 12466
2026/08/19 05:26:57.315, 11618, 12466
2026/08/19 05:27:02.315, 11618, 12466
2026/08/19 05:27:07.316, 11618, 12466
2026/08/19 05:27:12.316, 11618, 12466
2026/08/19 05:27:17.317, 11618, 12466
2026/08/19 05:27:22.317, 11618, 12466
2026/08/19 05:27:27.326, 11618, 12466
2026/08/19 05:27:32.335, 11618, 12466
2026/08/19 05:27:37.335, 11618, 12466
2026/08/19 05:27:42.344, 11618, 12466
2026/08/19 05:27:47.344, 11618, 12466
2026/08/19 05:27:52.353, 11618, 12466
2026/08/19 05:27:57.354, 11618, 12466
2026/08/19 05:28:02.362, 11618, 12466
2026/08/19 05:28:07.371, 11618, 12466
2026/08/19 05:28:12.372, 11618, 12466
2026/08/19 05:28:17.372, 11618, 12466
2026/08/19 05:28:22.372, 11618, 12466
2026/08/19 05:28:27.373, 11618, 12466
2026/08/19 05:28:32.373, 11618, 12466
2026/08/19 05:28:37.382, 11618, 12466
2026/08/19 05:28:42.383, 11618, 12466
2026/08/19 05:28:47.383, 11618, 12466
2026/08/19 05:28:52.383, 11618, 12466
2026/08/19 05:28:57.384, 11618, 12466
2026/08/19 05:29:02.393, 11618, 12466
2026/08/19 05:29:07.393, 11618, 12466
2026/08/19 05:29:12.402, 11618, 12466
2026/08/19 05:29:17.411, 11618, 12466
2026/08/19 05:29:22.411, 11618, 12466
2026/08/19 05:29:27.420, 11618, 12466
2026/08/19 05:29:32.420, 11618, 12466
2026/08/19 05:29:37.421, 11618, 12466
2026/08/19 05:29:42.421, 11618, 12466
2026/08/19 05:29:47.422, 11618, 12466
2026/08/19 05:29:52.422, 11618, 12466
2026/08/19 05:29:57.422, 11618, 12466
2026/08/19 05:30:02.423, 11618, 12466
2026/08/19 05:30:07.423, 11618, 12466
2026/08/19 05:30:12.424, 11618, 12466
2026/08/19 05:30:17.433, 11618, 12466
2026/08/19 05:30:22.433, 11618, 12466
2026/08/19 05:30:27.442, 11618, 12466
2026/08/19 05:30:32.442, 11618, 12466
2026/08/19 05:30:37.451, 11618, 12466
2026/08/19 05:30:42.451, 11618, 12466
2026/08/19 05:30:47.452, 11618, 12466
2026/08/19 05:30:52.461, 11618, 12466
2026/08/19 05:30:57.461, 11618, 12466
2026/08/19 05:31:02.462, 11618, 12466
2026/08/19 05:31:07.462, 11618, 12466
2026/08/19 05:31:12.462, 11618, 12466
2026/08/19 05:31:17.463, 11618, 12466
2026/08/19 05:31:22.463, 11618, 12466
2026/08/19 05:31:27.464, 11618, 12466
2026/08/19 05:31:32.464, 11618, 12466
2026/08/19 05:31:37.465, 11618, 12466
2026/08/19 05:31:42.465, 11618, 12466
2026/08/19 05:31:47.474, 11618, 12466
2026/08/19 05:31:52.474, 11618, 12466
2026/08/19 05:31:57.483, 11618, 12466
2026/08/19 05:32:02.492, 11618, 12466
2026/08/19 05:32:07.492, 11618, 12466
2026/08/19 05:32:12.501, 11618, 12466
2026/08/19 05:32:17.510, 11618, 12466
2026/08/19 05:32:22.510, 11618, 12466
2026/08/19 05:32:27.511, 11618, 12466
2026/08/19 05:32:32.511, 11618, 12466
2026/08/19 05:32:37.512, 11618, 12466
2026/08/19 05:32:42.512, 11618, 12466
2026/08/19 05:32:47.512, 11618, 12466
2026/08/19 05:32:52.513, 11618, 12466
2026/08/19 05:32:57.522, 11618, 12466
2026/08/19 05:33:02.522, 11618, 12466
2026/08/19 05:33:07.523, 11618, 12466
2026/08/19 05:33:12.531, 11618, 12466
2026/08/19 05:33:17.532, 11618, 12466
2026/08/19 05:33:22.532, 11618, 12466
2026/08/19 05:33:27.541, 11618, 12466
2026/08/19 05:33:32.541, 11618, 12466
2026/08/19 05:33:37.542, 11618, 12466
2026/08/19 05:33:42.551, 11618, 12466
2026/08/19 05:33:47.551, 11618, 12466
2026/08/19 05:33:52.552, 11618, 12466
2026/08/19 05:33:57.552, 11618, 12466
2026/08/19 05:34:02.552, 11618, 12466
2026/08/19 05:34:07.553, 11618, 12466
2026/08/19 05:34:12.562, 11618, 12466
2026/08/19 05:34:17.562, 11618, 12466
2026/08/19 05:34:22.571, 11618, 12466
2026/08/19 05:34:27.571, 11618, 12466
2026/08/19 05:34:32.572, 11618, 12466
2026/08/19 05:34:37.572, 11618, 12466
2026/08/19 05:34:42.573, 11618, 12466
2026/08/19 05:34:47.573, 11618, 12466
2026/08/19 05:34:52.574, 11618, 12466
2026/08/19 05:34:57.574, 11618, 12466
2026/08/19 05:35:02.574, 11618, 12466
2026/08/19 05:35:07.575, 11618, 12466
2026/08/19 05:35:12.575, 11618, 12466
2026/08/19 05:35:17.576, 11618, 12466
2026/08/19 05:35:22.585, 11618, 12466
2026/08/19 05:35:27.585, 11618, 12466
2026/08/19 05:35:32.585, 11618, 12466
2026/08/19 05:35:37.586, 11618, 12466
2026/08/19 05:35:42.586, 11618, 12466
2026/08/19 05:35:47.587, 11618, 12466
2026/08/19 05:35:52.587, 11618, 12466
2026/08/19 05:35:57.588, 11618, 12466
2026/08/19 05:36:02.588, 11618, 12466
2026/08/19 05:36:07.588, 11618, 12466
2026/08/19 05:36:12.589, 11618, 12466
2026/08/19 05:36:17.589, 11618, 12466
2026/08/19 05:36:22.590, 11618, 12466
2026/08/19 05:36:27.590, 11618, 12466
2026/08/19 05:36:32.591, 11618, 12466
2026/08/19 05:36:37.591, 11618, 12466
2026/08/19 05:36:42.591, 11618, 12466
2026/08/19 05:36:47.592, 11618, 12466
2026/08/19 05:36:52.592, 11618, 12466
2026/08/19 05:36:57.593, 11618, 12466
2026/08/19 05:37:02.593, 11618, 12466
2026/08/19 05:37:07.594, 11618, 12466
2026/08/19 05:37:12.594, 11618, 12466
2026/08/19 05:37:17.594, 11618, 12466
2026/08/19 05:37:22.595, 11618, 12466
2026/08/19 05:37:27.595, 11618, 12466
2026/08/19 05:37:32.596, 11618, 12466
2026/08/19 05:37:37.596, 11618, 12466
2026/08/19 05:37:42.597, 11618, 12466
2026/08/19 05:37:47.597, 11618, 12466
2026/08/19 05:37:52.598, 11618, 12466
2026/08/19 05:37:57.598, 11618, 12466
2026/08/19 05:38:02.599, 11618, 12466
2026/08/19 05:38:07.599, 11618, 12466
2026/08/19 05:38:12.600, 11618, 12466
2026/08/19 05:38:17.600, 11618, 12466
2026/08/19 05:38:22.601, 11618, 12466
2026/08/19 05:38:27.602, 11618, 12466
2026/08/19 05:38:32.602, 11618, 12466
2026/08/19 05:38:37.603, 11618, 12466
2026/08/19 05:38:42.603, 11618, 12466
2026/08/19 05:38:47.604, 11618, 12466
2026/08/19 05:38:52.604, 11618, 12466
2026/08/19 05:38:57.605, 11618, 12466
2026/08/19 05:39:02.605, 11618, 12466
2026/08/19 05:39:07.606, 11618, 12466
2026/08/19 05:39:12.606, 11618, 12466
2026/08/19 05:39:17.607, 11618, 12466
2026/08/19 05:39:22.607, 11618, 12466
2026/08/19 05:39:27.608, 11618, 12466
2026/08/19 05:39:32.609, 11618, 12466
2026/08/19 05:39:37.609, 11618, 12466
2026/08/19 05:39:42.610, 11618, 12466
2026/08/19 05:39:47.610, 11618, 12466
2026/08/19 05:39:52.611, 11618, 12466
2026/08/19 05:39:57.611, 11618, 12466
2026/08/19 05:40:02.612, 11618, 12466
2026/08/19 05:40:07.612, 11618, 12466
2026/08/19 05:40:12.613, 11618, 12466
2026/08/19 05:40:17.613, 11618, 12466
2026/08/19 05:40:22.614, 11618, 12466
2026/08/19 05:40:27.615, 11618, 12466
2026/08/19 05:40:32.615, 11618, 12466
2026/08/19 05:40:37.616, 11618, 12466
2026/08/19 05:40:42.616, 11618, 12466
2026/08/19 05:40:47.617, 11618, 12466
2026/08/19 05:40:52.617, 11618, 12466
2026/08/19 05:40:57.618, 11618, 12466
2026/08/19 05:41:02.618, 11618, 12466
2026/08/19 05:41:07.619, 11618, 12466
2026/08/19 05:41:12.619, 11618, 12466
2026/08/19 05:41:17.620, 11618, 12466
2026/08/19 05:41:22.621, 11618, 12466
2026/08/19 05:41:27.621, 11618, 12466
2026/08/19 05:41:32.622, 11618, 12466
2026/08/19 05:41:37.622, 11618, 12466
2026/08/19 05:41:42.623, 11618, 12466
2026/08/19 05:41:47.623, 11618, 12466
2026/08/19 05:41:52.624, 11618, 12466
2026/08/19 05:41:57.624, 11618, 12466
2026/08/19 05:42:02.625, 11618, 12466
2026/08/19 05:42:07.626, 11618, 12466
2026/08/19 05:42:12.626, 11618, 12466
2026/08/19 05:42:17.627, 11618, 12466
2026/08/19 05:42:22.627, 11618, 12466
2026/08/19 05:42:27.628, 11618, 12466
2026/08/19 05:42:32.628, 11618, 12466
2026/08/19 05:42:37.629, 11618, 12466
2026/08/19 05:42:42.629, 11618, 12466
2026/08/19 05:42:47.630, 11618, 12466
2026/08/19 05:42:52.631, 11618, 12466
2026/08/19 05:42:57.631, 11618, 12466
2026/08/19 05:43:02.632, 11618, 12466
2026/08/19 05:43:07.632, 11618, 12466
2026/08/19 05:43:12.633, 11618, 12466
2026/08/19 05:43:17.633, 11618, 12466
2026/08/19 05:43:22.634, 11618, 12466
2026/08/19 05:43:27.634, 11618, 12466
2026/08/19 05:43:32.635, 11618, 12466
2026/08/19 05:43:37.636, 11618, 12466
2026/08/19 05:43:42.636, 11618, 12466
2026/08/19 05:43:47.637, 11618, 12466
2026/08/19 05:43:52.637, 11618, 12466
2026/08/19 05:43:57.638, 11618, 12466
2026/08/19 05:44:02.638, 11618, 12466
2026/08/19 05:44:07.639, 11618, 12466
2026/08/19 05:44:12.639, 11618, 12466
2026/08/19 05:44:17.640, 11618, 12466
2026/08/19 05:44:22.641, 11618, 12466
2026/08/19 05:44:27.641, 11618, 12466
2026/08/19 05:44:32.642, 11618, 12466
2026/08/19 05:44:37.642, 11618, 12466
2026/08/19 05:44:42.643, 11618, 12466
2026/08/19 05:44:47.643, 11618, 12466
2026/08/19 05:44:52.644, 11618, 12466
2026/08/19 05:44:57.645, 11618, 12466
2026/08/19 05:45:02.645, 11618, 12466
2026/08/19 05:45:07.646, 11618, 12466
2026/08/19 05:45:12.646, 11618, 12466
2026/08/19 05:45:17.647, 11618, 12466
2026/08/19 05:45:22.647, 11618, 12466
2026/08/19 05:45:27.648, 11618, 12466
2026/08/19 05:45:32.648, 11618, 12466
2026/08/19 05:45:37.649, 11618, 12466
2026/08/19 05:45:42.650, 11618, 12466
2026/08/19 05:45:47.650, 11618, 12466
2026/08/19 05:45:52.651, 11618, 12466
2026/08/19 05:45:57.651, 11618, 12466
2026/08/19 05:46:02.652, 11618, 12466
2026/08/19 05:46:07.652, 11618, 12466
2026/08/19 05:46:12.653, 11618, 12466
2026/08/19 05:46:17.654, 11618, 12466
2026/08/19 05:46:22.654, 11618, 12466
2026/08/19 05:46:27.655, 11618, 12466
2026/08/19 05:46:32.655, 11618, 12466
2026/08/19 05:46:37.656, 11618, 12466
2026/08/19 05:46:42.656, 11618, 12466
2026/08/19 05:46:47.657, 11618, 12466
2026/08/19 05:46:52.658, 11618, 12466
2026/08/19 05:46:57.658, 11618, 12466
2026/08/19 05:47:02.659, 11618, 12466
2026/08/19 05:47:07.659, 11618, 12466
2026/08/19 05:47:12.660, 11618, 12466
2026/08/19 05:47:17.660, 11618, 12466
2026/08/19 05:47:22.661, 11618, 12466
2026/08/19 05:47:27.661, 11618, 12466
2026/08/19 05:47:32.662, 11618, 12466
2026/08/19 05:47:37.663, 11618, 12466
2026/08/19 05:47:42.663, 11618, 12466
2026/08/19 05:47:47.664, 11618, 12466
2026/08/19 05:47:52.664, 11618, 12466
2026/08/19 05:47:57.665, 11618, 12466
2026/08/19 05:48:02.665, 11618, 12466
2026/08/19 05:48:07.666, 11618, 12466
2026/08/19 05:48:12.667, 11618, 12466
2026/08/19 05:48:17.667, 11618, 12466
2026/08/19 05:48:22.668, 11618, 12466
2026/08/19 05:48:27.668, 11618, 12466
2026/08/19 05:48:32.669, 11618, 12466
2026/08/19 05:48:37.669, 11618, 12466
2026/08/19 05:48:42.670, 11618, 12466
2026/08/19 05:48:47.671, 11618, 12466
2026/08/19 05:48:52.671, 11618, 12466
2026/08/19 05:48:57.672, 11618, 12466
2026/08/19 05:49:02.672, 11618, 12466
2026/08/19 05:49:07.673, 11618, 12466
2026/08/19 05:49:12.673, 11618, 12466
2026/08/19 05:49:17.674, 11618, 12466
2026/08/19 05:49:22.675, 11618, 12466
2026/08/19 05:49:27.675, 11618, 12466
2026/08/19 05:49:32.676, 11618, 12466
2026/08/19 05:49:37.676, 11618, 12466
2026/08/19 05:49:42.677, 11618, 12466
2026/08/19 05:49:47.677, 11618, 12466
2026/08/19 05:49:52.678, 11618, 12466
2026/08/19 05:49:57.679, 11618, 12466
2026/08/19 05:50:02.679, 11618, 12466
2026/08/19 05:50:07.680, 11618, 12466
2026/08/19 05:50:12.680, 11618, 12466
2026/08/19 05:50:17.681, 11618, 12466
2026/08/19 05:50:22.681, 11618, 12466
2026/08/19 05:50:27.682, 11618, 12466
2026/08/19 05:50:32.683, 11618, 12466
2026/08/19 05:50:37.683, 11618, 12466
2026/08/19 05:50:42.684, 11618, 12466
2026/08/19 05:50:47.684, 11618, 12466
2026/08/19 05:50:52.685, 11618, 12466
2026/08/19 05:50:57.685, 11618, 12466
2026/08/19 05:51:02.686, 11618, 12466
2026/08/19 05:51:07.687, 11618, 12466
2026/08/19 05:51:12.687, 11618, 12466
2026/08/19 05:51:17.688, 11618, 12466
2026/08/19 05:51:22.688, 11618, 12466
2026/08/19 05:51:27.689, 11618, 12466
2026/08/19 05:51:32.689, 11618, 12466
2026/08/19 05:51:37.690, 11618, 12466
2026/08/19 05:51:42.691, 11618, 12466
2026/08/19 05:51:47.691, 11618, 12466
2026/08/19 05:51:52.692, 11618, 12466
2026/08/19 05:51:57.692, 11618, 12466
2026/08/19 05:52:02.693, 11618, 12466
2026/08/19 05:52:07.694, 11618, 12466
2026/08/19 05:52:12.694, 11618, 12466
2026/08/19 05:52:17.695, 11618, 12466
2026/08/19 05:52:22.695, 11618, 12466
2026/08/19 05:52:27.696, 11618, 12466
2026/08/19 05:52:32.696, 11618, 12466
2026/08/19 05:52:37.697, 11618, 12466
2026/08/19 05:52:42.698, 11618, 12466
2026/08/19 05:52:47.698, 11618, 12466
2026/08/19 05:52:52.699, 11618, 12466
2026/08/19 05:52:57.699, 11618, 12466
2026/08/19 05:53:02.700, 11618, 12466
2026/08/19 05:53:07.700, 11618, 12466
2026/08/19 05:53:12.701, 11618, 12466
2026/08/19 05:53:17.702, 11618, 12466
2026/08/19 05:53:22.702, 11618, 12466
2026/08/19 05:53:27.703, 11618, 12466
2026/08/19 05:53:32.703, 11618, 12466
2026/08/19 05:53:37.704, 11618, 12466
2026/08/19 05:53:42.704, 11618, 12466
2026/08/19 05:53:47.705, 11618, 12466
2026/08/19 05:53:52.706, 11618, 12466
2026/08/19 05:53:57.706, 11618, 12466
2026/08/19 05:54:02.707, 11618, 12466
2026/08/19 05:54:07.707, 11618, 12466
2026/08/19 05:54:12.708, 11618, 12466
2026/08/19 05:54:17.709, 11618, 12466
2026/08/19 05:54:22.709, 11618, 12466
2026/08/19 05:54:27.710, 11618, 12466
2026/08/19 05:54:32.710, 11618, 12466
2026/08/19 05:54:37.711, 11618, 12466
2026/08/19 05:54:42.711, 11618, 12466
2026/08/19 05:54:47.712, 11618, 12466
2026/08/19 05:54:52.713, 11618, 12466
2026/08/19 05:54:57.713, 11618, 12466
2026/08/19 05:55:02.714, 11618, 12466
2026/08/19 05:55:07.714, 11618, 12466
2026/08/19 05:55:12.715, 11618, 12466
2026/08/19 05:55:17.715, 11618, 12466
2026/08/19 05:55:22.716, 11618, 12466
2026/08/19 05:55:27.717, 11618, 12466
2026/08/19 05:55:32.717, 11618, 12466
2026/08/19 05:55:37.718, 11618, 12466
2026/08/19 05:55:42.718, 11618, 12466
2026/08/19 05:55:47.719, 11618, 12466
2026/08/19 05:55:52.720, 11618, 12466
2026/08/19 05:55:57.720, 11618, 12466
2026/08/19 05:56:02.721, 11618, 12466
2026/08/19 05:56:07.721, 11618, 12466
2026/08/19 05:56:12.722, 11618, 12466
2026/08/19 05:56:17.722, 11618, 12466
2026/08/19 05:56:22.723, 11618, 12466
2026/08/19 05:56:27.724, 11618, 12466
2026/08/19 05:56:32.724, 11618, 12466
2026/08/19 05:56:37.725, 11618, 12466
2026/08/19 05:56:42.725, 11618, 12466
2026/08/19 05:56:47.726, 11618, 12466
2026/08/19 05:56:52.727, 11618, 12466
2026/08/19 05:56:57.727, 11618, 12466
2026/08/19 05:57:02.728, 11618, 12466
2026/08/19 05:57:07.728, 11618, 12466
2026/08/19 05:57:12.729, 11618, 12466
2026/08/19 05:57:17.729, 11618, 12466
2026/08/19 05:57:22.730, 11618, 12466
2026/08/19 05:57:27.731, 11618, 12466
2026/08/19 05:57:32.731, 11618, 12466
2026/08/19 05:57:37.732, 11618, 12466
2026/08/19 05:57:42.732, 11618, 12466
2026/08/19 05:57:47.733, 11618, 12466
2026/08/19 05:57:52.733, 11618, 12466
2026/08/19 05:57:57.734, 11618, 12466
2026/08/19 05:58:02.735, 11618, 12466
2026/08/19 05:58:07.735, 11618, 12466
2026/08/19 05:58:12.736, 11618, 12466
2026/08/19 05:58:17.736, 11618, 12466
2026/08/19 05:58:22.737, 11618, 12466
2026/08/19 05:58:27.738, 11618, 12466
2026/08/19 05:58:32.738, 11618, 12466
2026/08/19 05:58:37.739, 11618, 12466
2026/08/19 05:58:42.739, 11618, 12466
2026/08/19 05:58:47.740, 11618, 12466
2026/08/19 05:58:52.740, 11618, 12466
2026/08/19 05:58:57.741, 11618, 12466
2026/08/19 05:59:02.741, 11618, 12466
2026/08/19 05:59:07.742, 11618, 12466
2026/08/19 05:59:12.743, 11618, 12466
2026/08/19 05:59:17.743, 11618, 12466
2026/08/19 05:59:22.744, 11618, 12466
2026/08/19 05:59:27.744, 11618, 12466
2026/08/19 05:59:32.745, 11618, 12466
2026/08/19 05:59:37.746, 11618, 12466
2026/08/19 05:59:42.746, 11618, 12466
2026/08/19 05:59:47.747, 11618, 12466
2026/08/19 05:59:52.747, 11618, 12466
2026/08/19 05:59:57.748, 11618, 12466
2026/08/19 06:00:02.749, 11618, 12466
2026/08/19 06:00:07.749, 11618, 12466
2026/08/19 06:00:12.750, 11618, 12466
2026/08/19 06:00:17.750, 11618, 12466
2026/08/19 06:00:22.751, 11618, 12466
2026/08/19 06:00:27.751, 11618, 12466
2026/08/19 06:00:32.752, 11618, 12466
2026/08/19 06:00:37.753, 11618, 12466
2026/08/19 06:00:42.753, 11618, 12466
2026/08/19 06:00:47.754, 11618, 12466
2026/08/19 06:00:52.754, 11618, 12466
2026/08/19 06:00:57.755, 11618, 12466
2026/08/19 06:01:02.756, 11618, 12466
2026/08/19 06:01:07.756, 11618, 12466
2026/08/19 06:01:12.757, 11618, 12466
2026/08/19 06:01:17.757, 11618, 12466
2026/08/19 06:01:22.758, 11618, 12466
2026/08/19 06:01:27.759, 11618, 12466
2026/08/19 06:01:32.759, 11618, 12466
2026/08/19 06:01:37.760, 11618, 12466
2026/08/19 06:01:42.760, 11618, 12466
2026/08/19 06:01:47.761, 11618, 12466
2026/08/19 06:01:52.762, 11618, 12466
2026/08/19 06:01:57.762, 11618, 12466
2026/08/19 06:02:02.763, 11618, 12466
2026/08/19 06:02:07.763, 11618, 12466
2026/08/19 06:02:12.764, 11618, 12466
2026/08/19 06:02:17.764, 11618, 12466
2026/08/19 06:02:22.765, 11618, 12466
2026/08/19 06:02:27.765, 11618, 12466
2026/08/19 06:02:32.766, 11618, 12466
2026/08/19 06:02:37.766, 11618, 12466
2026/08/19 06:02:42.767, 11618, 12466
2026/08/19 06:02:47.767, 11618, 12466
2026/08/19 06:02:52.767, 11618, 12466
2026/08/19 06:02:57.768, 11618, 12466
2026/08/19 06:03:02.768, 11618, 12466
2026/08/19 06:03:07.769, 11618, 12466
2026/08/19 06:03:12.769, 11618, 12466
2026/08/19 06:03:17.770, 11618, 12466
2026/08/19 06:03:22.770, 11618, 12466
2026/08/19 06:03:27.770, 11618, 12466
2026/08/19 06:03:32.771, 11618, 12466
2026/08/19 06:03:37.771, 11618, 12466
2026/08/19 06:03:42.772, 11618, 12466
2026/08/19 06:03:47.772, 11618, 12466
2026/08/19 06:03:52.773, 11618, 12466
2026/08/19 06:03:57.773, 11618, 12466
2026/08/19 06:04:02.774, 11618, 12466
2026/08/19 06:04:07.774, 11618, 12466
2026/08/19 06:04:12.774, 11618, 12466
2026/08/19 06:04:17.775, 11618, 12466
2026/08/19 06:04:22.775, 11618, 12466
2026/08/19 06:04:27.776, 11618, 12466
2026/08/19 06:04:32.776, 11618, 12466
2026/08/19 06:04:37.777, 11618, 12466
2026/08/19 06:04:42.777, 11618, 12466
2026/08/19 06:04:47.777, 11618, 12466
2026/08/19 06:04:52.778, 11618, 12466
2026/08/19 06:04:57.778, 11618, 12466
2026/08/19 06:05:02.779, 11618, 12466
2026/08/19 06:05:07.779, 11618, 12466
2026/08/19 06:05:12.780, 11618, 12466
2026/08/19 06:05:17.780, 11618, 12466
2026/08/19 06:05:22.780, 11618, 12466
2026/08/19 06:05:27.781, 11618, 12466
2026/08/19 06:05:32.781, 11618, 12466
2026/08/19 06:05:37.782, 11618, 12466
2026/08/19 06:05:42.782, 11618, 12466
2026/08/19 06:05:47.783, 11618, 12466
2026/08/19 06:05:52.783, 11618, 12466
2026/08/19 06:05:57.783, 11618, 12466
2026/08/19 06:06:02.784, 11618, 12466
2026/08/19 06:06:07.784, 11618, 12466
2026/08/19 06:06:12.785, 11618, 12466
2026/08/19 06:06:17.785, 11618, 12466
2026/08/19 06:06:22.786, 11618, 12466
2026/08/19 06:06:27.786, 11618, 12466
2026/08/19 06:06:32.786, 11618, 12466
2026/08/19 06:06:37.787, 11618, 12466
2026/08/19 06:06:42.787, 11618, 12466
2026/08/19 06:06:47.788, 11618, 12466
2026/08/19 06:06:52.788, 11618, 12466
2026/08/19 06:06:57.789, 11618, 12466
2026/08/19 06:07:02.789, 11618, 12466
2026/08/19 06:07:07.789, 11618, 12466
2026/08/19 06:07:12.790, 11618, 12466
2026/08/19 06:07:17.790, 11618, 12466
2026/08/19 06:07:22.791, 11618, 12466
2026/08/19 06:07:27.791, 11618, 12466
2026/08/19 06:07:32.792, 11618, 12466
2026/08/19 06:07:37.792, 11618, 12466
2026/08/19 06:07:42.793, 11618, 12466
2026/08/19 06:07:47.793, 11618, 12466
2026/08/19 06:07:52.794, 11618, 12466
2026/08/19 06:07:57.795, 11618, 12466
2026/08/19 06:08:02.795, 11618, 12466
2026/08/19 06:08:07.796, 11618, 12466
2026/08/19 06:08:12.796, 11618, 12466
2026/08/19 06:08:17.797, 11618, 12466
2026/08/19 06:08:22.797, 11618, 12466
2026/08/19 06:08:27.798, 11618, 12466
2026/08/19 06:08:32.798, 11618, 12466
2026/08/19 06:08:37.799, 11618, 12466
2026/08/19 06:08:42.799, 11618, 12466
2026/08/19 06:08:47.799, 11618, 12466
2026/08/19 06:08:52.800, 11618, 12466
2026/08/19 06:08:57.800, 11618, 12466
2026/08/19 06:09:02.801, 11618, 12466
2026/08/19 06:09:07.801, 11618, 12466
2026/08/19 06:09:12.802, 11618, 12466
2026/08/19 06:09:17.802, 11618, 12466
2026/08/19 06:09:22.802, 11618, 12466
2026/08/19 06:09:27.803, 11618, 12466
2026/08/19 06:09:32.803, 11618, 12466
2026/08/19 06:09:37.804, 11618, 12466
2026/08/19 06:09:42.804, 11618, 12466
2026/08/19 06:09:47.805, 11618, 12466
2026/08/19 06:09:52.805, 11618, 12466
2026/08/19 06:09:57.805, 11618, 12466
2026/08/19 06:10:02.806, 11618, 12466
2026/08/19 06:10:07.806, 11618, 12466
2026/08/19 06:10:12.807, 11618, 12466
2026/08/19 06:10:17.807, 11618, 12466
2026/08/19 06:10:22.808, 11618, 12466
2026/08/19 06:10:27.808, 11618, 12466
2026/08/19 06:10:32.808, 11618, 12466
2026/08/19 06:10:37.809, 11618, 12466
2026/08/19 06:10:42.809, 11618, 12466
2026/08/19 06:10:47.810, 11618, 12466
2026/08/19 06:10:52.810, 11618, 12466
2026/08/19 06:10:57.811, 11618, 12466
2026/08/19 06:11:02.811, 11618, 12466
2026/08/19 06:11:07.811, 11618, 12466
2026/08/19 06:11:12.812, 11618, 12466
2026/08/19 06:11:17.812, 11618, 12466
2026/08/19 06:11:22.813, 11618, 12466
2026/08/19 06:11:27.813, 11618, 12466
2026/08/19 06:11:32.813, 11618, 12466
2026/08/19 06:11:37.814, 11618, 12466
2026/08/19 06:11:42.814, 11618, 12466
2026/08/19 06:11:47.815, 11618, 12466
2026/08/19 06:11:52.815, 11618, 12466
2026/08/19 06:11:57.816, 11618, 12466
2026/08/19 06:12:02.816, 11618, 12466
2026/08/19 06:12:07.816, 11618, 12466
2026/08/19 06:12:12.817, 11618, 12466
2026/08/19 06:12:17.817, 11618, 12466
2026/08/19 06:12:22.818, 11618, 12466
2026/08/19 06:12:27.818, 11618, 12466
2026/08/19 06:12:32.819, 11618, 12466
2026/08/19 06:12:37.819, 11618, 12466
2026/08/19 06:12:42.819, 11618, 12466
2026/08/19 06:12:47.820, 11618, 12466
2026/08/19 06:12:52.820, 11618, 12466
2026/08/19 06:12:57.821, 11618, 12466
2026/08/19 06:13:02.821, 11618, 12466
2026/08/19 06:13:07.821, 11618, 12466
2026/08/19 06:13:12.822, 11618, 12466
2026/08/19 06:13:17.822, 11618, 12466
2026/08/19 06:13:22.823, 11618, 12466
2026/08/19 06:13:27.823, 11618, 12466
2026/08/19 06:13:32.824, 11618, 12466
2026/08/19 06:13:37.824, 11618, 12466
2026/08/19 06:13:42.824, 11618, 12466
2026/08/19 06:13:47.825, 11618, 12466
2026/08/19 06:13:52.825, 11618, 12466
2026/08/19 06:13:57.826, 11618, 12466
2026/08/19 06:14:02.827, 11618, 12466
2026/08/19 06:14:07.827, 11618, 12466
2026/08/19 06:14:12.828, 11618, 12466
2026/08/19 06:14:17.828, 11618, 12466
2026/08/19 06:14:22.829, 11618, 12466
2026/08/19 06:14:27.829, 11618, 12466
2026/08/19 06:14:32.830, 11618, 12466
2026/08/19 06:14:37.831, 11618, 12466
2026/08/19 06:14:42.831, 11618, 12466
2026/08/19 06:14:47.832, 11618, 12466
2026/08/19 06:14:52.832, 11618, 12466
2026/08/19 06:14:57.833, 11618, 12466
2026/08/19 06:15:02.834, 11618, 12466
2026/08/19 06:15:07.834, 11618, 12466
2026/08/19 06:15:12.835, 11618, 12466
2026/08/19 06:15:17.835, 11618, 12466
2026/08/19 06:15:22.836, 11618, 12466
2026/08/19 06:15:27.837, 11618, 12466
2026/08/19 06:15:32.837, 11618, 12466
2026/08/19 06:15:37.838, 11618, 12466
2026/08/19 06:15:42.838, 11618, 12466
2026/08/19 06:15:47.839, 11618, 12466
2026/08/19 06:15:52.840, 11618, 12466
2026/08/19 06:15:57.840, 11618, 12466
2026/08/19 06:16:02.841, 11618, 12466
2026/08/19 06:16:07.841, 11618, 12466
2026/08/19 06:16:12.842, 11618, 12466
2026/08/19 06:16:17.843, 11618, 12466
2026/08/19 06:16:22.843, 11618, 12466
2026/08/19 06:16:27.844, 11618, 12466
2026/08/19 06:16:32.844, 11618, 12466
2026/08/19 06:16:37.845, 11618, 12466
2026/08/19 06:16:42.846, 11618, 12466
