2026/08/15 15:32:51.001, 1, 24082
2026/08/15 15:32:56.002, 1, 24082
2026/08/15 15:33:01.002, 4, 24080
2026/08/15 15:33:06.003, 4, 24080
2026/08/15 15:33:11.004, 10168, 13916
2026/08/15 15:33:16.004, 10548, 13536
2026/08/15 15:33:21.006, 10548, 13536
2026/08/15 15:33:26.007, 10548, 13536
2026/08/15 15:33:31.008, 10548, 13536
2026/08/15 15:33:36.010, 10548, 13536
2026/08/15 15:33:41.011, 10548, 13536
2026/08/15 15:33:46.011, 10548, 13536
2026/08/15 15:33:51.012, 10548, 13536
2026/08/15 15:33:56.013, 10548, 13536
2026/08/15 15:34:01.014, 10548, 13536
2026/08/15 15:34:06.015, 10548, 13536
2026/08/15 15:34:11.016, 10548, 13536
2026/08/15 15:34:16.017, 10548, 13536
2026/08/15 15:34:21.018, 10548, 13536
2026/08/15 15:34:26.018, 10548, 13536
2026/08/15 15:34:31.019, 10548, 13536
2026/08/15 15:34:36.020, 10548, 13536
2026/08/15 15:34:41.021, 10548, 13536
2026/08/15 15:34:46.022, 10548, 13536
2026/08/15 15:34:51.023, 10548, 13536
2026/08/15 15:34:56.023, 10548, 13536
2026/08/15 15:35:01.024, 10548, 13536
2026/08/15 15:35:06.024, 10548, 13536
2026/08/15 15:35:11.025, 10548, 13536
2026/08/15 15:35:16.026, 10548, 13536
2026/08/15 15:35:21.027, 10548, 13536
2026/08/15 15:35:26.028, 10548, 13536
2026/08/15 15:35:31.029, 10548, 13536
2026/08/15 15:35:36.030, 10548, 13536
2026/08/15 15:35:41.031, 10548, 13536
2026/08/15 15:35:46.032, 10548, 13536
2026/08/15 15:35:51.033, 10548, 13536
2026/08/15 15:35:56.033, 10548, 13536
2026/08/15 15:36:01.034, 10548, 13536
2026/08/15 15:36:06.035, 10548, 13536
2026/08/15 15:36:11.035, 10548, 13536
2026/08/15 15:36:16.036, 10548, 13536
2026/08/15 15:36:21.037, 10548, 13536
2026/08/15 15:36:26.038, 10548, 13536
2026/08/15 15:36:31.039, 10548, 13536
2026/08/15 15:36:36.039, 10548, 13536
2026/08/15 15:36:41.041, 10548, 13536
2026/08/15 15:36:46.042, 10548, 13536
2026/08/15 15:36:51.042, 10548, 13536
2026/08/15 15:36:56.044, 10548, 13536
2026/08/15 15:37:01.044, 10548, 13536
2026/08/15 15:37:06.045, 10548, 13536
2026/08/15 15:37:11.046, 10548, 13536
2026/08/15 15:37:16.047, 10548, 13536
2026/08/15 15:37:21.048, 10548, 13536
2026/08/15 15:37:26.049, 10548, 13536
2026/08/15 15:37:31.049, 10548, 13536
2026/08/15 15:37:36.051, 10548, 13536
2026/08/15 15:37:41.052, 10548, 13536
2026/08/15 15:37:46.053, 10548, 13536
2026/08/15 15:37:51.054, 10548, 13536
2026/08/15 15:37:56.054, 10548, 13536
2026/08/15 15:38:01.055, 10548, 13536
2026/08/15 15:38:06.056, 10548, 13536
2026/08/15 15:38:11.057, 10548, 13536
2026/08/15 15:38:16.058, 10548, 13536
2026/08/15 15:38:21.059, 10548, 13536
2026/08/15 15:38:26.060, 10548, 13536
2026/08/15 15:38:31.061, 10548, 13536
2026/08/15 15:38:36.061, 10548, 13536
2026/08/15 15:38:41.062, 10548, 13536
2026/08/15 15:38:46.063, 10548, 13536
2026/08/15 15:38:51.064, 10548, 13536
2026/08/15 15:38:56.064, 10548, 13536
2026/08/15 15:39:01.065, 10548, 13536
2026/08/15 15:39:06.065, 10548, 13536
2026/08/15 15:39:11.066, 10548, 13536
2026/08/15 15:39:16.066, 10548, 13536
2026/08/15 15:39:21.067, 10548, 13536
2026/08/15 15:39:26.067, 10548, 13536
2026/08/15 15:39:31.068, 10548, 13536
2026/08/15 15:39:36.068, 10548, 13536
2026/08/15 15:39:41.069, 10548, 13536
2026/08/15 15:39:46.069, 10548, 13536
2026/08/15 15:39:51.070, 10548, 13536
2026/08/15 15:39:56.070, 10548, 13536
2026/08/15 15:40:01.071, 10548, 13536
2026/08/15 15:40:06.071, 10548, 13536
2026/08/15 15:40:11.072, 10548, 13536
2026/08/15 15:40:16.072, 10548, 13536
2026/08/15 15:40:21.073, 10548, 13536
2026/08/15 15:40:26.073, 10548, 13536
2026/08/15 15:40:31.074, 10548, 13536
2026/08/15 15:40:36.074, 10548, 13536
2026/08/15 15:40:41.075, 10548, 13536
2026/08/15 15:40:46.075, 10548, 13536
2026/08/15 15:40:51.076, 10548, 13536
2026/08/15 15:40:56.076, 10548, 13536
2026/08/15 15:41:01.077, 10548, 13536
2026/08/15 15:41:06.077, 10548, 13536
2026/08/15 15:41:11.078, 10548, 13536
2026/08/15 15:41:16.078, 10548, 13536
2026/08/15 15:41:21.078, 10548, 13536
2026/08/15 15:41:26.079, 10548, 13536
2026/08/15 15:41:31.079, 10548, 13536
2026/08/15 15:41:36.080, 10548, 13536
2026/08/15 15:41:41.080, 11930, 12154
2026/08/15 15:41:46.081, 11930, 12154
2026/08/15 15:41:51.082, 11930, 12154
2026/08/15 15:41:56.082, 11930, 12154
2026/08/15 15:42:01.083, 11930, 12154
2026/08/15 15:42:06.083, 11930, 12154
2026/08/15 15:42:11.083, 11930, 12154
2026/08/15 15:42:16.084, 11930, 12154
2026/08/15 15:42:21.084, 11930, 12154
2026/08/15 15:42:26.085, 11930, 12154
2026/08/15 15:42:31.085, 11930, 12154
2026/08/15 15:42:36.086, 11930, 12154
2026/08/15 15:42:41.086, 11930, 12154
2026/08/15 15:42:46.086, 11930, 12154
2026/08/15 15:42:51.087, 11930, 12154
2026/08/15 15:42:56.087, 11930, 12154
2026/08/15 15:43:01.088, 11930, 12154
2026/08/15 15:43:06.088, 11930, 12154
2026/08/15 15:43:11.089, 11930, 12154
2026/08/15 15:43:16.089, 11930, 12154
2026/08/15 15:43:21.089, 11930, 12154
2026/08/15 15:43:26.090, 11930, 12154
2026/08/15 15:43:31.090, 11930, 12154
2026/08/15 15:43:36.091, 11930, 12154
2026/08/15 15:43:41.091, 11930, 12154
2026/08/15 15:43:46.092, 11930, 12154
2026/08/15 15:43:51.092, 11930, 12154
2026/08/15 15:43:56.093, 11930, 12154
2026/08/15 15:44:01.093, 11930, 12154
2026/08/15 15:44:06.093, 11930, 12154
2026/08/15 15:44:11.094, 11930, 12154
2026/08/15 15:44:16.094, 11930, 12154
2026/08/15 15:44:21.095, 11930, 12154
2026/08/15 15:44:26.095, 11930, 12154
2026/08/15 15:44:31.096, 11930, 12154
2026/08/15 15:44:36.096, 11930, 12154
2026/08/15 15:44:41.096, 11930, 12154
2026/08/15 15:44:46.097, 11930, 12154
2026/08/15 15:44:51.097, 11930, 12154
2026/08/15 15:44:56.098, 11930, 12154
2026/08/15 15:45:01.098, 11930, 12154
2026/08/15 15:45:06.099, 11930, 12154
2026/08/15 15:45:11.099, 11930, 12154
2026/08/15 15:45:16.099, 11930, 12154
2026/08/15 15:45:21.100, 11930, 12154
2026/08/15 15:45:26.100, 11930, 12154
2026/08/15 15:45:31.101, 11930, 12154
2026/08/15 15:45:36.101, 11930, 12154
2026/08/15 15:45:41.102, 11930, 12154
2026/08/15 15:45:46.102, 11930, 12154
2026/08/15 15:45:51.103, 11930, 12154
2026/08/15 15:45:56.103, 11930, 12154
2026/08/15 15:46:01.103, 11930, 12154
2026/08/15 15:46:06.104, 11930, 12154
2026/08/15 15:46:11.104, 11930, 12154
2026/08/15 15:46:16.105, 11930, 12154
2026/08/15 15:46:21.105, 11930, 12154
2026/08/15 15:46:26.106, 11930, 12154
2026/08/15 15:46:31.106, 11930, 12154
2026/08/15 15:46:36.107, 11930, 12154
2026/08/15 15:46:41.107, 11930, 12154
2026/08/15 15:46:46.107, 11930, 12154
2026/08/15 15:46:51.108, 11930, 12154
2026/08/15 15:46:56.108, 11930, 12154
2026/08/15 15:47:01.109, 11930, 12154
2026/08/15 15:47:06.109, 11930, 12154
2026/08/15 15:47:11.110, 11930, 12154
2026/08/15 15:47:16.110, 11930, 12154
2026/08/15 15:47:21.111, 11930, 12154
2026/08/15 15:47:26.111, 11930, 12154
2026/08/15 15:47:31.112, 11930, 12154
2026/08/15 15:47:36.112, 11930, 12154
2026/08/15 15:47:41.113, 11930, 12154
2026/08/15 15:47:46.113, 11930, 12154
2026/08/15 15:47:51.114, 11930, 12154
2026/08/15 15:47:56.114, 11930, 12154
2026/08/15 15:48:01.114, 11930, 12154
2026/08/15 15:48:06.115, 11930, 12154
2026/08/15 15:48:11.115, 11930, 12154
2026/08/15 15:48:16.116, 11930, 12154
2026/08/15 15:48:21.116, 11930, 12154
2026/08/15 15:48:26.117, 11930, 12154
2026/08/15 15:48:31.117, 11930, 12154
2026/08/15 15:48:36.117, 11930, 12154
2026/08/15 15:48:41.118, 11930, 12154
2026/08/15 15:48:46.118, 11930, 12154
2026/08/15 15:48:51.119, 11930, 12154
2026/08/15 15:48:56.119, 11930, 12154
2026/08/15 15:49:01.120, 11930, 12154
2026/08/15 15:49:06.120, 11930, 12154
2026/08/15 15:49:11.120, 11930, 12154
2026/08/15 15:49:16.121, 11930, 12154
2026/08/15 15:49:21.121, 11930, 12154
2026/08/15 15:49:26.122, 11930, 12154
2026/08/15 15:49:31.122, 11930, 12154
2026/08/15 15:49:36.123, 11930, 12154
2026/08/15 15:49:41.123, 11930, 12154
2026/08/15 15:49:46.124, 11930, 12154
2026/08/15 15:49:51.124, 11930, 12154
2026/08/15 15:49:56.124, 11930, 12154
2026/08/15 15:50:01.125, 11930, 12154
2026/08/15 15:50:06.125, 11930, 12154
2026/08/15 15:50:11.126, 11930, 12154
2026/08/15 15:50:16.126, 11930, 12154
2026/08/15 15:50:21.127, 11930, 12154
2026/08/15 15:50:26.127, 11930, 12154
2026/08/15 15:50:31.128, 11930, 12154
2026/08/15 15:50:36.128, 11930, 12154
2026/08/15 15:50:41.129, 11930, 12154
2026/08/15 15:50:46.129, 11930, 12154
2026/08/15 15:50:51.129, 11930, 12154
2026/08/15 15:50:56.130, 11930, 12154
2026/08/15 15:51:01.130, 11930, 12154
2026/08/15 15:51:06.131, 11930, 12154
2026/08/15 15:51:11.131, 11930, 12154
2026/08/15 15:51:16.132, 11930, 12154
2026/08/15 15:51:21.132, 11930, 12154
2026/08/15 15:51:26.133, 11930, 12154
2026/08/15 15:51:31.133, 11930, 12154
2026/08/15 15:51:36.134, 11930, 12154
2026/08/15 15:51:41.134, 11930, 12154
2026/08/15 15:51:46.134, 11930, 12154
2026/08/15 15:51:51.135, 11930, 12154
2026/08/15 15:51:56.135, 11930, 12154
2026/08/15 15:52:01.136, 11930, 12154
2026/08/15 15:52:06.136, 11930, 12154
2026/08/15 15:52:11.137, 11930, 12154
2026/08/15 15:52:16.137, 11930, 12154
2026/08/15 15:52:21.138, 11930, 12154
2026/08/15 15:52:26.138, 11930, 12154
2026/08/15 15:52:31.139, 11930, 12154
2026/08/15 15:52:36.139, 11930, 12154
2026/08/15 15:52:41.139, 11930, 12154
2026/08/15 15:52:46.140, 11930, 12154
2026/08/15 15:52:51.140, 11930, 12154
2026/08/15 15:52:56.141, 11930, 12154
2026/08/15 15:53:01.141, 11930, 12154
2026/08/15 15:53:06.142, 11930, 12154
2026/08/15 15:53:11.142, 11930, 12154
2026/08/15 15:53:16.143, 11930, 12154
2026/08/15 15:53:21.143, 11930, 12154
2026/08/15 15:53:26.143, 11930, 12154
2026/08/15 15:53:31.144, 11930, 12154
2026/08/15 15:53:36.144, 11930, 12154
2026/08/15 15:53:41.145, 11930, 12154
2026/08/15 15:53:46.145, 11930, 12154
2026/08/15 15:53:51.146, 11930, 12154
2026/08/15 15:53:56.146, 11930, 12154
2026/08/15 15:54:01.147, 11930, 12154
2026/08/15 15:54:06.147, 11930, 12154
2026/08/15 15:54:11.147, 11930, 12154
2026/08/15 15:54:16.148, 11930, 12154
2026/08/15 15:54:21.148, 11930, 12154
2026/08/15 15:54:26.149, 11930, 12154
2026/08/15 15:54:31.149, 11930, 12154
2026/08/15 15:54:36.150, 11930, 12154
2026/08/15 15:54:41.150, 11930, 12154
2026/08/15 15:54:46.150, 11930, 12154
2026/08/15 15:54:51.151, 11930, 12154
2026/08/15 15:54:56.151, 11930, 12154
2026/08/15 15:55:01.152, 11930, 12154
2026/08/15 15:55:06.152, 11930, 12154
2026/08/15 15:55:11.153, 11930, 12154
2026/08/15 15:55:16.153, 11930, 12154
2026/08/15 15:55:21.153, 11930, 12154
2026/08/15 15:55:26.154, 11930, 12154
2026/08/15 15:55:31.154, 11930, 12154
2026/08/15 15:55:36.155, 11930, 12154
2026/08/15 15:55:41.155, 11930, 12154
2026/08/15 15:55:46.156, 11930, 12154
2026/08/15 15:55:51.156, 11930, 12154
2026/08/15 15:55:56.157, 11930, 12154
2026/08/15 15:56:01.157, 11930, 12154
2026/08/15 15:56:06.157, 11930, 12154
2026/08/15 15:56:11.158, 11930, 12154
2026/08/15 15:56:16.159, 11930, 12154
2026/08/15 15:56:21.159, 11930, 12154
2026/08/15 15:56:26.160, 11930, 12154
2026/08/15 15:56:31.160, 11930, 12154
2026/08/15 15:56:36.161, 11930, 12154
2026/08/15 15:56:41.161, 11930, 12154
2026/08/15 15:56:46.162, 11930, 12154
2026/08/15 15:56:51.162, 11930, 12154
2026/08/15 15:56:56.162, 11930, 12154
2026/08/15 15:57:01.163, 11930, 12154
2026/08/15 15:57:06.163, 11930, 12154
2026/08/15 15:57:11.164, 11930, 12154
2026/08/15 15:57:16.164, 11930, 12154
2026/08/15 15:57:21.165, 11930, 12154
2026/08/15 15:57:26.165, 11930, 12154
2026/08/15 15:57:31.166, 11930, 12154
2026/08/15 15:57:36.166, 11930, 12154
2026/08/15 15:57:41.167, 11930, 12154
2026/08/15 15:57:46.167, 11930, 12154
2026/08/15 15:57:51.168, 11930, 12154
2026/08/15 15:57:56.168, 11930, 12154
2026/08/15 15:58:01.168, 11930, 12154
2026/08/15 15:58:06.169, 11930, 12154
2026/08/15 15:58:11.170, 11930, 12154
2026/08/15 15:58:16.170, 11930, 12154
2026/08/15 15:58:21.171, 11930, 12154
2026/08/15 15:58:26.171, 11930, 12154
2026/08/15 15:58:31.172, 11930, 12154
2026/08/15 15:58:36.172, 11930, 12154
2026/08/15 15:58:41.173, 11930, 12154
2026/08/15 15:58:46.173, 11930, 12154
2026/08/15 15:58:51.173, 11930, 12154
2026/08/15 15:58:56.174, 11930, 12154
2026/08/15 15:59:01.174, 11930, 12154
2026/08/15 15:59:06.175, 11930, 12154
2026/08/15 15:59:11.175, 11930, 12154
2026/08/15 15:59:16.176, 11930, 12154
2026/08/15 15:59:21.176, 11930, 12154
2026/08/15 15:59:26.177, 11930, 12154
2026/08/15 15:59:31.177, 11930, 12154
2026/08/15 15:59:36.177, 11930, 12154
2026/08/15 15:59:41.178, 11930, 12154
2026/08/15 15:59:46.178, 11930, 12154
2026/08/15 15:59:51.179, 11930, 12154
2026/08/15 15:59:56.179, 11930, 12154
2026/08/15 16:00:01.180, 11930, 12154
2026/08/15 16:00:06.180, 11930, 12154
2026/08/15 16:00:11.181, 11930, 12154
2026/08/15 16:00:16.181, 11930, 12154
2026/08/15 16:00:21.182, 11930, 12154
2026/08/15 16:00:26.182, 11930, 12154
2026/08/15 16:00:31.182, 11930, 12154
2026/08/15 16:00:36.183, 11930, 12154
2026/08/15 16:00:41.183, 11930, 12154
2026/08/15 16:00:46.184, 11930, 12154
2026/08/15 16:00:51.184, 11930, 12154
2026/08/15 16:00:56.185, 11930, 12154
2026/08/15 16:01:01.185, 11930, 12154
2026/08/15 16:01:06.186, 11930, 12154
2026/08/15 16:01:11.186, 11930, 12154
2026/08/15 16:01:16.187, 11930, 12154
2026/08/15 16:01:21.187, 11930, 12154
2026/08/15 16:01:26.188, 11930, 12154
2026/08/15 16:01:31.188, 11930, 12154
2026/08/15 16:01:36.189, 11930, 12154
2026/08/15 16:01:41.189, 11930, 12154
2026/08/15 16:01:46.190, 11930, 12154
2026/08/15 16:01:51.190, 11930, 12154
2026/08/15 16:01:56.191, 11930, 12154
2026/08/15 16:02:01.191, 11930, 12154
2026/08/15 16:02:06.192, 11930, 12154
2026/08/15 16:02:11.192, 11930, 12154
2026/08/15 16:02:16.193, 11930, 12154
2026/08/15 16:02:21.193, 11930, 12154
2026/08/15 16:02:26.194, 11930, 12154
2026/08/15 16:02:31.195, 11930, 12154
2026/08/15 16:02:36.195, 11930, 12154
2026/08/15 16:02:41.196, 11930, 12154
2026/08/15 16:02:46.196, 11930, 12154
2026/08/15 16:02:51.197, 11930, 12154
2026/08/15 16:02:56.197, 11930, 12154
2026/08/15 16:03:01.197, 11930, 12154
2026/08/15 16:03:06.198, 11930, 12154
2026/08/15 16:03:11.198, 11930, 12154
2026/08/15 16:03:16.199, 11930, 12154
2026/08/15 16:03:21.199, 11930, 12154
2026/08/15 16:03:26.200, 11930, 12154
2026/08/15 16:03:31.200, 11930, 12154
2026/08/15 16:03:36.201, 11930, 12154
2026/08/15 16:03:41.201, 11930, 12154
2026/08/15 16:03:46.202, 11930, 12154
2026/08/15 16:03:51.202, 11930, 12154
2026/08/15 16:03:56.203, 11930, 12154
2026/08/15 16:04:01.203, 11930, 12154
2026/08/15 16:04:06.204, 11930, 12154
2026/08/15 16:04:11.204, 11930, 12154
2026/08/15 16:04:16.205, 11930, 12154
2026/08/15 16:04:21.205, 11930, 12154
2026/08/15 16:04:26.206, 11930, 12154
2026/08/15 16:04:31.206, 11930, 12154
2026/08/15 16:04:36.207, 11930, 12154
2026/08/15 16:04:41.207, 11930, 12154
2026/08/15 16:04:46.208, 11930, 12154
2026/08/15 16:04:51.208, 11930, 12154
2026/08/15 16:04:56.209, 11930, 12154
2026/08/15 16:05:01.209, 11930, 12154
2026/08/15 16:05:06.210, 11930, 12154
2026/08/15 16:05:11.210, 11930, 12154
2026/08/15 16:05:16.211, 11930, 12154
2026/08/15 16:05:21.211, 11930, 12154
2026/08/15 16:05:26.212, 11930, 12154
2026/08/15 16:05:31.212, 11930, 12154
2026/08/15 16:05:36.213, 11930, 12154
2026/08/15 16:05:41.214, 11930, 12154
2026/08/15 16:05:46.214, 11930, 12154
2026/08/15 16:05:51.215, 11930, 12154
2026/08/15 16:05:56.215, 11930, 12154
2026/08/15 16:06:01.216, 11930, 12154
2026/08/15 16:06:06.216, 11930, 12154
2026/08/15 16:06:11.217, 11930, 12154
2026/08/15 16:06:16.217, 11930, 12154
2026/08/15 16:06:21.217, 11930, 12154
2026/08/15 16:06:26.219, 11930, 12154
2026/08/15 16:06:31.219, 11930, 12154
2026/08/15 16:06:36.220, 11930, 12154
2026/08/15 16:06:41.220, 11930, 12154
2026/08/15 16:06:46.221, 11930, 12154
2026/08/15 16:06:51.221, 11930, 12154
2026/08/15 16:06:56.221, 11930, 12154
2026/08/15 16:07:01.222, 11930, 12154
2026/08/15 16:07:06.222, 11930, 12154
2026/08/15 16:07:11.223, 11930, 12154
2026/08/15 16:07:16.223, 11930, 12154
2026/08/15 16:07:21.224, 11930, 12154
2026/08/15 16:07:26.224, 11930, 12154
2026/08/15 16:07:31.225, 11930, 12154
2026/08/15 16:07:36.225, 11930, 12154
2026/08/15 16:07:41.226, 11930, 12154
2026/08/15 16:07:46.226, 11930, 12154
2026/08/15 16:07:51.227, 11930, 12154
2026/08/15 16:07:56.227, 11930, 12154
2026/08/15 16:08:01.228, 11930, 12154
2026/08/15 16:08:06.228, 11930, 12154
2026/08/15 16:08:11.229, 11930, 12154
2026/08/15 16:08:16.229, 11930, 12154
2026/08/15 16:08:21.229, 11930, 12154
2026/08/15 16:08:26.230, 11930, 12154
2026/08/15 16:08:31.230, 11930, 12154
2026/08/15 16:08:36.231, 11930, 12154
2026/08/15 16:08:41.231, 11930, 12154
2026/08/15 16:08:46.232, 11930, 12154
2026/08/15 16:08:51.232, 11930, 12154
2026/08/15 16:08:56.233, 11930, 12154
2026/08/15 16:09:01.233, 11930, 12154
2026/08/15 16:09:06.234, 11930, 12154
2026/08/15 16:09:11.234, 11930, 12154
2026/08/15 16:09:16.235, 11930, 12154
2026/08/15 16:09:21.235, 11930, 12154
2026/08/15 16:09:26.236, 11930, 12154
2026/08/15 16:09:31.236, 11930, 12154
2026/08/15 16:09:36.237, 11930, 12154
2026/08/15 16:09:41.237, 11930, 12154
2026/08/15 16:09:46.238, 11930, 12154
2026/08/15 16:09:51.238, 11930, 12154
2026/08/15 16:09:56.239, 11930, 12154
2026/08/15 16:10:01.240, 11930, 12154
2026/08/15 16:10:06.240, 11930, 12154
2026/08/15 16:10:11.241, 11930, 12154
2026/08/15 16:10:16.241, 11930, 12154
2026/08/15 16:10:21.242, 11930, 12154
2026/08/15 16:10:26.242, 11930, 12154
2026/08/15 16:10:31.243, 11930, 12154
2026/08/15 16:10:36.243, 11930, 12154
2026/08/15 16:10:41.244, 11930, 12154
2026/08/15 16:10:46.244, 11930, 12154
2026/08/15 16:10:51.245, 11930, 12154
2026/08/15 16:10:56.246, 11930, 12154
2026/08/15 16:11:01.246, 11930, 12154
2026/08/15 16:11:06.247, 11930, 12154
2026/08/15 16:11:11.247, 11930, 12154
2026/08/15 16:11:16.248, 11930, 12154
2026/08/15 16:11:21.248, 11930, 12154
2026/08/15 16:11:26.249, 11930, 12154
2026/08/15 16:11:31.249, 11930, 12154
2026/08/15 16:11:36.250, 11930, 12154
2026/08/15 16:11:41.250, 11930, 12154
2026/08/15 16:11:46.251, 11930, 12154
2026/08/15 16:11:51.251, 11930, 12154
2026/08/15 16:11:56.252, 11930, 12154
2026/08/15 16:12:01.252, 11930, 12154
2026/08/15 16:12:06.253, 11930, 12154
2026/08/15 16:12:11.253, 11930, 12154
2026/08/15 16:12:16.254, 11930, 12154
2026/08/15 16:12:21.254, 11930, 12154
2026/08/15 16:12:26.255, 11930, 12154
2026/08/15 16:12:31.255, 11930, 12154
2026/08/15 16:12:36.256, 11930, 12154
2026/08/15 16:12:41.256, 11930, 12154
2026/08/15 16:12:46.257, 11930, 12154
2026/08/15 16:12:51.257, 11930, 12154
2026/08/15 16:12:56.258, 11930, 12154
2026/08/15 16:13:01.258, 11930, 12154
2026/08/15 16:13:06.259, 11930, 12154
2026/08/15 16:13:11.259, 11930, 12154
2026/08/15 16:13:16.260, 11930, 12154
2026/08/15 16:13:21.260, 11930, 12154
2026/08/15 16:13:26.261, 11930, 12154
2026/08/15 16:13:31.261, 11930, 12154
2026/08/15 16:13:36.262, 11930, 12154
2026/08/15 16:13:41.262, 11930, 12154
2026/08/15 16:13:46.263, 11930, 12154
2026/08/15 16:13:51.263, 11930, 12154
2026/08/15 16:13:56.264, 11930, 12154
2026/08/15 16:14:01.264, 11930, 12154
2026/08/15 16:14:06.265, 11930, 12154
2026/08/15 16:14:11.265, 11930, 12154
2026/08/15 16:14:16.266, 11930, 12154
2026/08/15 16:14:21.266, 11930, 12154
2026/08/15 16:14:26.267, 11930, 12154
2026/08/15 16:14:31.267, 11930, 12154
2026/08/15 16:14:36.268, 11930, 12154
2026/08/15 16:14:41.268, 11930, 12154
2026/08/15 16:14:46.269, 11930, 12154
2026/08/15 16:14:51.269, 11930, 12154
2026/08/15 16:14:56.270, 11930, 12154
2026/08/15 16:15:01.270, 11930, 12154
2026/08/15 16:15:06.271, 11930, 12154
2026/08/15 16:15:11.271, 11930, 12154
2026/08/15 16:15:16.272, 11930, 12154
2026/08/15 16:15:21.272, 11930, 12154
2026/08/15 16:15:26.274, 11930, 12154
2026/08/15 16:15:31.274, 11930, 12154
2026/08/15 16:15:36.275, 11930, 12154
2026/08/15 16:15:41.275, 11930, 12154
2026/08/15 16:15:46.276, 11930, 12154
2026/08/15 16:15:51.276, 11930, 12154
2026/08/15 16:15:56.276, 11930, 12154
2026/08/15 16:16:01.277, 11930, 12154
2026/08/15 16:16:06.277, 11930, 12154
2026/08/15 16:16:11.278, 11930, 12154
2026/08/15 16:16:16.278, 11930, 12154
2026/08/15 16:16:21.279, 11930, 12154
2026/08/15 16:16:26.279, 11930, 12154
2026/08/15 16:16:31.280, 11930, 12154
2026/08/15 16:16:36.280, 11930, 12154
2026/08/15 16:16:41.280, 11930, 12154
2026/08/15 16:16:46.281, 11930, 12154
2026/08/15 16:16:51.281, 11930, 12154
2026/08/15 16:16:56.282, 11930, 12154
2026/08/15 16:17:01.282, 11930, 12154
2026/08/15 16:17:06.283, 11930, 12154
2026/08/15 16:17:11.283, 11930, 12154
2026/08/15 16:17:16.284, 11930, 12154
2026/08/15 16:17:21.284, 11930, 12154
2026/08/15 16:17:26.285, 11930, 12154
2026/08/15 16:17:31.285, 11930, 12154
2026/08/15 16:17:36.285, 11930, 12154
2026/08/15 16:17:41.286, 11930, 12154
2026/08/15 16:17:46.286, 11930, 12154
2026/08/15 16:17:51.287, 11930, 12154
2026/08/15 16:17:56.287, 11930, 12154
2026/08/15 16:18:01.288, 11930, 12154
2026/08/15 16:18:06.288, 11930, 12154
2026/08/15 16:18:11.289, 11930, 12154
2026/08/15 16:18:16.289, 11930, 12154
2026/08/15 16:18:21.290, 11930, 12154
2026/08/15 16:18:26.290, 11930, 12154
2026/08/15 16:18:31.291, 11930, 12154
2026/08/15 16:18:36.291, 11930, 12154
2026/08/15 16:18:41.292, 11930, 12154
2026/08/15 16:18:46.292, 11930, 12154
2026/08/15 16:18:51.293, 11930, 12154
2026/08/15 16:18:56.293, 11930, 12154
2026/08/15 16:19:01.294, 11930, 12154
2026/08/15 16:19:06.294, 11930, 12154
2026/08/15 16:19:11.295, 11930, 12154
2026/08/15 16:19:16.295, 11930, 12154
2026/08/15 16:19:21.296, 11930, 12154
2026/08/15 16:19:26.296, 11930, 12154
2026/08/15 16:19:31.297, 11930, 12154
2026/08/15 16:19:36.297, 11930, 12154
2026/08/15 16:19:41.298, 11930, 12154
2026/08/15 16:19:46.298, 11930, 12154
2026/08/15 16:19:51.299, 11930, 12154
2026/08/15 16:19:56.299, 11930, 12154
2026/08/15 16:20:01.300, 11930, 12154
2026/08/15 16:20:06.300, 11930, 12154
2026/08/15 16:20:11.301, 11930, 12154
2026/08/15 16:20:16.301, 11930, 12154
2026/08/15 16:20:21.302, 11930, 12154
2026/08/15 16:20:26.302, 11930, 12154
2026/08/15 16:20:31.303, 11930, 12154
2026/08/15 16:20:36.303, 11930, 12154
2026/08/15 16:20:41.304, 11930, 12154
2026/08/15 16:20:46.304, 11930, 12154
2026/08/15 16:20:51.305, 11930, 12154
2026/08/15 16:20:56.305, 11930, 12154
2026/08/15 16:21:01.306, 11930, 12154
2026/08/15 16:21:06.306, 11930, 12154
2026/08/15 16:21:11.306, 11930, 12154
2026/08/15 16:21:16.307, 11930, 12154
2026/08/15 16:21:21.307, 11930, 12154
2026/08/15 16:21:26.308, 11930, 12154
2026/08/15 16:21:31.308, 11930, 12154
2026/08/15 16:21:36.309, 11930, 12154
2026/08/15 16:21:41.309, 11930, 12154
2026/08/15 16:21:46.309, 11930, 12154
2026/08/15 16:21:51.310, 11930, 12154
2026/08/15 16:21:56.310, 11930, 12154
2026/08/15 16:22:01.311, 11930, 12154
2026/08/15 16:22:06.311, 11930, 12154
2026/08/15 16:22:11.312, 11930, 12154
2026/08/15 16:22:16.312, 11930, 12154
2026/08/15 16:22:21.313, 11930, 12154
2026/08/15 16:22:26.313, 11930, 12154
2026/08/15 16:22:31.313, 11930, 12154
2026/08/15 16:22:36.314, 11930, 12154
2026/08/15 16:22:41.314, 11930, 12154
2026/08/15 16:22:46.315, 11930, 12154
2026/08/15 16:22:51.315, 11930, 12154
2026/08/15 16:22:56.316, 11930, 12154
2026/08/15 16:23:01.316, 11930, 12154
2026/08/15 16:23:06.316, 11930, 12154
2026/08/15 16:23:11.317, 11930, 12154
2026/08/15 16:23:16.317, 11930, 12154
2026/08/15 16:23:21.318, 11930, 12154
2026/08/15 16:23:26.318, 11930, 12154
2026/08/15 16:23:31.319, 11930, 12154
2026/08/15 16:23:36.319, 11930, 12154
2026/08/15 16:23:41.320, 11930, 12154
2026/08/15 16:23:46.320, 11930, 12154
2026/08/15 16:23:51.321, 11930, 12154
2026/08/15 16:23:56.321, 11930, 12154
2026/08/15 16:24:01.322, 11930, 12154
2026/08/15 16:24:06.322, 11930, 12154
2026/08/15 16:24:11.323, 11930, 12154
2026/08/15 16:24:16.323, 11930, 12154
2026/08/15 16:24:21.324, 11930, 12154
2026/08/15 16:24:26.324, 11930, 12154
2026/08/15 16:24:31.325, 11930, 12154
2026/08/15 16:24:36.325, 11930, 12154
2026/08/15 16:24:41.326, 11930, 12154
2026/08/15 16:24:46.326, 11930, 12154
2026/08/15 16:24:51.327, 11930, 12154
2026/08/15 16:24:56.327, 11930, 12154
2026/08/15 16:25:01.328, 11930, 12154
2026/08/15 16:25:06.328, 11930, 12154
2026/08/15 16:25:11.329, 11930, 12154
2026/08/15 16:25:16.329, 11930, 12154
2026/08/15 16:25:21.330, 11930, 12154
2026/08/15 16:25:26.330, 11930, 12154
2026/08/15 16:25:31.331, 11930, 12154
2026/08/15 16:25:36.331, 11930, 12154
2026/08/15 16:25:41.332, 11930, 12154
2026/08/15 16:25:46.332, 11930, 12154
2026/08/15 16:25:51.333, 11930, 12154
2026/08/15 16:25:56.334, 11930, 12154
2026/08/15 16:26:01.334, 11930, 12154
2026/08/15 16:26:06.334, 11930, 12154
2026/08/15 16:26:11.335, 11930, 12154
2026/08/15 16:26:16.335, 11930, 12154
2026/08/15 16:26:21.336, 11930, 12154
2026/08/15 16:26:26.336, 11930, 12154
2026/08/15 16:26:31.337, 11930, 12154
2026/08/15 16:26:36.337, 11930, 12154
2026/08/15 16:26:41.338, 11930, 12154
2026/08/15 16:26:46.338, 11930, 12154
2026/08/15 16:26:51.339, 11930, 12154
2026/08/15 16:26:56.339, 11930, 12154
2026/08/15 16:27:01.340, 11930, 12154
2026/08/15 16:27:06.340, 11930, 12154
2026/08/15 16:27:11.341, 11930, 12154
2026/08/15 16:27:16.341, 11930, 12154
2026/08/15 16:27:21.342, 11930, 12154
2026/08/15 16:27:26.342, 11930, 12154
2026/08/15 16:27:31.343, 11930, 12154
2026/08/15 16:27:36.343, 11930, 12154
2026/08/15 16:27:41.344, 11930, 12154
2026/08/15 16:27:46.344, 11930, 12154
2026/08/15 16:27:51.345, 11930, 12154
2026/08/15 16:27:56.345, 11930, 12154
2026/08/15 16:28:01.346, 11930, 12154
2026/08/15 16:28:06.346, 11930, 12154
2026/08/15 16:28:11.347, 11930, 12154
2026/08/15 16:28:16.348, 11930, 12154
2026/08/15 16:28:21.348, 11930, 12154
2026/08/15 16:28:26.349, 11930, 12154
2026/08/15 16:28:31.349, 11930, 12154
2026/08/15 16:28:36.350, 11930, 12154
2026/08/15 16:28:41.350, 11930, 12154
2026/08/15 16:28:46.351, 11930, 12154
2026/08/15 16:28:51.351, 11930, 12154
2026/08/15 16:28:56.352, 11930, 12154
2026/08/15 16:29:01.352, 11930, 12154
2026/08/15 16:29:06.353, 11930, 12154
2026/08/15 16:29:11.354, 11930, 12154
2026/08/15 16:29:16.354, 11930, 12154
2026/08/15 16:29:21.355, 11930, 12154
2026/08/15 16:29:26.355, 11930, 12154
2026/08/15 16:29:31.356, 11930, 12154
2026/08/15 16:29:36.356, 11930, 12154
2026/08/15 16:29:41.357, 11930, 12154
2026/08/15 16:29:46.357, 11930, 12154
2026/08/15 16:29:51.358, 11930, 12154
2026/08/15 16:29:56.358, 11930, 12154
2026/08/15 16:30:01.359, 11930, 12154
2026/08/15 16:30:06.359, 11930, 12154
2026/08/15 16:30:11.360, 11930, 12154
2026/08/15 16:30:16.360, 11930, 12154
2026/08/15 16:30:21.361, 11930, 12154
2026/08/15 16:30:26.361, 11930, 12154
2026/08/15 16:30:31.362, 11930, 12154
2026/08/15 16:30:36.362, 11930, 12154
2026/08/15 16:30:41.362, 11930, 12154
2026/08/15 16:30:46.363, 11930, 12154
2026/08/15 16:30:51.363, 11930, 12154
2026/08/15 16:30:56.364, 11930, 12154
2026/08/15 16:31:01.364, 11930, 12154
2026/08/15 16:31:06.365, 11930, 12154
2026/08/15 16:31:11.365, 11930, 12154
2026/08/15 16:31:16.366, 11930, 12154
2026/08/15 16:31:21.366, 11930, 12154
2026/08/15 16:31:26.367, 11930, 12154
2026/08/15 16:31:31.367, 11930, 12154
2026/08/15 16:31:36.368, 11930, 12154
2026/08/15 16:31:41.368, 11930, 12154
2026/08/15 16:31:46.369, 11930, 12154
2026/08/15 16:31:51.369, 11930, 12154
2026/08/15 16:31:56.369, 11930, 12154
2026/08/15 16:32:01.370, 11930, 12154
2026/08/15 16:32:06.370, 11930, 12154
2026/08/15 16:32:11.371, 11930, 12154
2026/08/15 16:32:16.371, 11930, 12154
2026/08/15 16:32:21.372, 11930, 12154
2026/08/15 16:32:26.372, 11930, 12154
2026/08/15 16:32:31.373, 11930, 12154
2026/08/15 16:32:36.373, 11930, 12154
2026/08/15 16:32:41.373, 11930, 12154
2026/08/15 16:32:46.374, 11930, 12154
2026/08/15 16:32:51.374, 11930, 12154
2026/08/15 16:32:56.375, 11930, 12154
2026/08/15 16:33:01.375, 11930, 12154
2026/08/15 16:33:06.376, 11930, 12154
2026/08/15 16:33:11.376, 11930, 12154
2026/08/15 16:33:16.377, 11930, 12154
2026/08/15 16:33:21.377, 11930, 12154
2026/08/15 16:33:26.377, 11930, 12154
2026/08/15 16:33:31.378, 11930, 12154
2026/08/15 16:33:36.378, 11930, 12154
2026/08/15 16:33:41.379, 11930, 12154
2026/08/15 16:33:46.379, 11930, 12154
2026/08/15 16:33:51.380, 11930, 12154
2026/08/15 16:33:56.380, 11930, 12154
2026/08/15 16:34:01.381, 11930, 12154
2026/08/15 16:34:06.381, 11930, 12154
2026/08/15 16:34:11.381, 11930, 12154
2026/08/15 16:34:16.382, 11930, 12154
2026/08/15 16:34:21.382, 11930, 12154
2026/08/15 16:34:26.383, 11930, 12154
2026/08/15 16:34:31.383, 11930, 12154
2026/08/15 16:34:36.384, 11930, 12154
2026/08/15 16:34:41.384, 11930, 12154
2026/08/15 16:34:46.384, 11930, 12154
2026/08/15 16:34:51.385, 11930, 12154
2026/08/15 16:34:56.385, 11930, 12154
2026/08/15 16:35:01.386, 11930, 12154
2026/08/15 16:35:06.386, 11930, 12154
2026/08/15 16:35:11.387, 11930, 12154
2026/08/15 16:35:16.387, 11930, 12154
2026/08/15 16:35:21.388, 11930, 12154
2026/08/15 16:35:26.388, 11930, 12154
2026/08/15 16:35:31.388, 11930, 12154
2026/08/15 16:35:36.389, 11930, 12154
2026/08/15 16:35:41.389, 11930, 12154
2026/08/15 16:35:46.390, 11930, 12154
2026/08/15 16:35:51.390, 11930, 12154
2026/08/15 16:35:56.390, 11930, 12154
2026/08/15 16:36:01.391, 11930, 12154
2026/08/15 16:36:06.391, 11930, 12154
2026/08/15 16:36:11.392, 11930, 12154
2026/08/15 16:36:16.392, 11930, 12154
2026/08/15 16:36:21.393, 11930, 12154
2026/08/15 16:36:26.393, 11930, 12154
2026/08/15 16:36:31.394, 11930, 12154
2026/08/15 16:36:36.394, 11930, 12154
2026/08/15 16:36:41.395, 11930, 12154
2026/08/15 16:36:46.395, 11930, 12154
2026/08/15 16:36:51.396, 11930, 12154
2026/08/15 16:36:56.396, 11930, 12154
2026/08/15 16:37:01.396, 11930, 12154
2026/08/15 16:37:06.397, 11930, 12154
2026/08/15 16:37:11.397, 11930, 12154
2026/08/15 16:37:16.398, 11930, 12154
2026/08/15 16:37:21.398, 11930, 12154
2026/08/15 16:37:26.399, 11930, 12154
2026/08/15 16:37:31.399, 11930, 12154
2026/08/15 16:37:36.399, 11930, 12154
2026/08/15 16:37:41.400, 11930, 12154
2026/08/15 16:37:46.400, 11930, 12154
2026/08/15 16:37:51.401, 11930, 12154
2026/08/15 16:37:56.401, 11930, 12154
2026/08/15 16:38:01.402, 11930, 12154
2026/08/15 16:38:06.402, 11930, 12154
2026/08/15 16:38:11.402, 11930, 12154
2026/08/15 16:38:16.403, 11930, 12154
2026/08/15 16:38:21.403, 11930, 12154
2026/08/15 16:38:26.404, 11930, 12154
2026/08/15 16:38:31.404, 11930, 12154
2026/08/15 16:38:36.405, 11930, 12154
2026/08/15 16:38:41.405, 11930, 12154
2026/08/15 16:38:46.406, 11930, 12154
2026/08/15 16:38:51.407, 11930, 12154
2026/08/15 16:38:56.407, 11930, 12154
2026/08/15 16:39:01.408, 11930, 12154
2026/08/15 16:39:06.408, 11930, 12154
2026/08/15 16:39:11.409, 11930, 12154
2026/08/15 16:39:16.409, 11930, 12154
2026/08/15 16:39:21.410, 11930, 12154
2026/08/15 16:39:26.410, 11930, 12154
2026/08/15 16:39:31.411, 11930, 12154
2026/08/15 16:39:36.411, 11930, 12154
2026/08/15 16:39:41.412, 11930, 12154
2026/08/15 16:39:46.412, 11930, 12154
2026/08/15 16:39:51.413, 11930, 12154
2026/08/15 16:39:56.413, 11930, 12154
2026/08/15 16:40:01.414, 11930, 12154
2026/08/15 16:40:06.414, 11930, 12154
2026/08/15 16:40:11.414, 11930, 12154
2026/08/15 16:40:16.415, 11930, 12154
2026/08/15 16:40:21.415, 11930, 12154
2026/08/15 16:40:26.416, 11930, 12154
2026/08/15 16:40:31.416, 11930, 12154
2026/08/15 16:40:36.416, 11930, 12154
2026/08/15 16:40:41.417, 11930, 12154
2026/08/15 16:40:46.417, 11930, 12154
2026/08/15 16:40:51.418, 11930, 12154
2026/08/15 16:40:56.418, 11930, 12154
2026/08/15 16:41:01.418, 11930, 12154
2026/08/15 16:41:06.419, 11930, 12154
2026/08/15 16:41:11.419, 11930, 12154
2026/08/15 16:41:16.420, 11930, 12154
2026/08/15 16:41:21.420, 11930, 12154
2026/08/15 16:41:26.420, 11930, 12154
2026/08/15 16:41:31.421, 11930, 12154
2026/08/15 16:41:36.421, 11930, 12154
2026/08/15 16:41:41.422, 11930, 12154
2026/08/15 16:41:46.422, 11930, 12154
2026/08/15 16:41:51.422, 11930, 12154
2026/08/15 16:41:56.423, 11930, 12154
2026/08/15 16:42:01.423, 11930, 12154
2026/08/15 16:42:06.424, 11930, 12154
2026/08/15 16:42:11.424, 11930, 12154
2026/08/15 16:42:16.425, 11930, 12154
2026/08/15 16:42:21.425, 11930, 12154
2026/08/15 16:42:26.425, 11930, 12154
2026/08/15 16:42:31.426, 11930, 12154
2026/08/15 16:42:36.426, 11930, 12154
2026/08/15 16:42:41.427, 11930, 12154
2026/08/15 16:42:46.427, 11930, 12154
2026/08/15 16:42:51.428, 11930, 12154
2026/08/15 16:42:56.428, 11930, 12154
2026/08/15 16:43:01.428, 11930, 12154
2026/08/15 16:43:06.429, 11930, 12154
2026/08/15 16:43:11.429, 11930, 12154
2026/08/15 16:43:16.430, 11930, 12154
2026/08/15 16:43:21.430, 11930, 12154
2026/08/15 16:43:26.431, 11930, 12154
2026/08/15 16:43:31.431, 11930, 12154
2026/08/15 16:43:36.432, 11930, 12154
2026/08/15 16:43:41.432, 11930, 12154
2026/08/15 16:43:46.432, 11930, 12154
2026/08/15 16:43:51.433, 11930, 12154
2026/08/15 16:43:56.433, 11930, 12154
2026/08/15 16:44:01.434, 11930, 12154
2026/08/15 16:44:06.434, 11930, 12154
2026/08/15 16:44:11.435, 11930, 12154
2026/08/15 16:44:16.435, 11930, 12154
2026/08/15 16:44:21.435, 11930, 12154
2026/08/15 16:44:26.436, 11930, 12154
2026/08/15 16:44:31.436, 11930, 12154
2026/08/15 16:44:36.437, 11930, 12154
2026/08/15 16:44:41.437, 11930, 12154
2026/08/15 16:44:46.438, 11930, 12154
2026/08/15 16:44:51.438, 11930, 12154
2026/08/15 16:44:56.438, 11930, 12154
2026/08/15 16:45:01.439, 11930, 12154
2026/08/15 16:45:06.439, 11930, 12154
2026/08/15 16:45:11.440, 11930, 12154
2026/08/15 16:45:16.440, 11930, 12154
2026/08/15 16:45:21.441, 11930, 12154
2026/08/15 16:45:26.441, 11930, 12154
2026/08/15 16:45:31.441, 11930, 12154
2026/08/15 16:45:36.442, 11930, 12154
2026/08/15 16:45:41.442, 11930, 12154
2026/08/15 16:45:46.443, 11930, 12154
2026/08/15 16:45:51.443, 11930, 12154
2026/08/15 16:45:56.444, 11930, 12154
2026/08/15 16:46:01.444, 11930, 12154
2026/08/15 16:46:06.445, 11930, 12154
2026/08/15 16:46:11.445, 11930, 12154
2026/08/15 16:46:16.445, 11930, 12154
2026/08/15 16:46:21.446, 11930, 12154
2026/08/15 16:46:26.446, 11930, 12154
2026/08/15 16:46:31.447, 11930, 12154
2026/08/15 16:46:36.447, 11930, 12154
2026/08/15 16:46:41.448, 11930, 12154
2026/08/15 16:46:46.448, 11930, 12154
2026/08/15 16:46:51.448, 11930, 12154
2026/08/15 16:46:56.449, 11930, 12154
2026/08/15 16:47:01.449, 11930, 12154
2026/08/15 16:47:06.450, 11930, 12154
2026/08/15 16:47:11.450, 11930, 12154
2026/08/15 16:47:16.451, 11930, 12154
2026/08/15 16:47:21.451, 11930, 12154
2026/08/15 16:47:26.452, 11930, 12154
2026/08/15 16:47:31.452, 11930, 12154
2026/08/15 16:47:36.453, 11930, 12154
2026/08/15 16:47:41.453, 11930, 12154
2026/08/15 16:47:46.453, 11930, 12154
2026/08/15 16:47:51.454, 11930, 12154
2026/08/15 16:47:56.454, 11930, 12154
2026/08/15 16:48:01.455, 11930, 12154
2026/08/15 16:48:06.455, 11930, 12154
2026/08/15 16:48:11.456, 11930, 12154
2026/08/15 16:48:16.456, 11930, 12154
2026/08/15 16:48:21.457, 11930, 12154
2026/08/15 16:48:26.457, 11930, 12154
2026/08/15 16:48:31.458, 11930, 12154
2026/08/15 16:48:36.458, 11930, 12154
2026/08/15 16:48:41.458, 11930, 12154
2026/08/15 16:48:46.459, 11930, 12154
2026/08/15 16:48:51.459, 11930, 12154
2026/08/15 16:48:56.460, 11930, 12154
2026/08/15 16:49:01.460, 11930, 12154
2026/08/15 16:49:06.461, 11930, 12154
2026/08/15 16:49:11.461, 11930, 12154
2026/08/15 16:49:16.462, 11930, 12154
2026/08/15 16:49:21.462, 11930, 12154
2026/08/15 16:49:26.463, 11930, 12154
2026/08/15 16:49:31.463, 11930, 12154
2026/08/15 16:49:36.464, 11930, 12154
2026/08/15 16:49:41.464, 11930, 12154
2026/08/15 16:49:46.465, 11930, 12154
2026/08/15 16:49:51.465, 11930, 12154
2026/08/15 16:49:56.465, 11930, 12154
2026/08/15 16:50:01.466, 11930, 12154
2026/08/15 16:50:06.466, 11930, 12154
2026/08/15 16:50:11.467, 11930, 12154
2026/08/15 16:50:16.467, 11930, 12154
2026/08/15 16:50:21.468, 11930, 12154
2026/08/15 16:50:26.468, 11930, 12154
2026/08/15 16:50:31.469, 11930, 12154
2026/08/15 16:50:36.469, 11930, 12154
2026/08/15 16:50:41.470, 11930, 12154
2026/08/15 16:50:46.470, 11930, 12154
2026/08/15 16:50:51.470, 11930, 12154
2026/08/15 16:50:56.471, 11930, 12154
2026/08/15 16:51:01.471, 11930, 12154
2026/08/15 16:51:06.472, 11930, 12154
2026/08/15 16:51:11.472, 11930, 12154
2026/08/15 16:51:16.473, 11930, 12154
2026/08/15 16:51:21.473, 11930, 12154
2026/08/15 16:51:26.473, 11930, 12154
2026/08/15 16:51:31.474, 11930, 12154
2026/08/15 16:51:36.474, 11930, 12154
2026/08/15 16:51:41.475, 11930, 12154
2026/08/15 16:51:46.475, 11930, 12154
2026/08/15 16:51:51.476, 11930, 12154
2026/08/15 16:51:56.476, 11930, 12154
2026/08/15 16:52:01.477, 11930, 12154
2026/08/15 16:52:06.477, 11930, 12154
2026/08/15 16:52:11.478, 11930, 12154
2026/08/15 16:52:16.478, 11930, 12154
2026/08/15 16:52:21.478, 11930, 12154
2026/08/15 16:52:26.479, 11930, 12154
2026/08/15 16:52:31.479, 11930, 12154
2026/08/15 16:52:36.480, 11930, 12154
2026/08/15 16:52:41.480, 11930, 12154
2026/08/15 16:52:46.481, 11930, 12154
2026/08/15 16:52:51.481, 11930, 12154
2026/08/15 16:52:56.482, 11930, 12154
2026/08/15 16:53:01.482, 11930, 12154
2026/08/15 16:53:06.483, 11930, 12154
2026/08/15 16:53:11.483, 11930, 12154
2026/08/15 16:53:16.483, 11930, 12154
2026/08/15 16:53:21.484, 11930, 12154
2026/08/15 16:53:26.484, 11930, 12154
2026/08/15 16:53:31.485, 11930, 12154
2026/08/15 16:53:36.485, 11930, 12154
2026/08/15 16:53:41.486, 11930, 12154
2026/08/15 16:53:46.486, 11930, 12154
2026/08/15 16:53:51.487, 11930, 12154
2026/08/15 16:53:56.487, 11930, 12154
2026/08/15 16:54:01.488, 11930, 12154
2026/08/15 16:54:06.488, 11930, 12154
2026/08/15 16:54:11.489, 11930, 12154
2026/08/15 16:54:16.489, 11930, 12154
2026/08/15 16:54:21.489, 11930, 12154
2026/08/15 16:54:26.490, 11930, 12154
2026/08/15 16:54:31.490, 11930, 12154
2026/08/15 16:54:36.491, 11930, 12154
2026/08/15 16:54:41.491, 11930, 12154
2026/08/15 16:54:46.492, 11930, 12154
2026/08/15 16:54:51.492, 11930, 12154
2026/08/15 16:54:56.493, 11930, 12154
2026/08/15 16:55:01.493, 11930, 12154
2026/08/15 16:55:06.494, 11930, 12154
2026/08/15 16:55:11.494, 11930, 12154
2026/08/15 16:55:16.495, 11930, 12154
2026/08/15 16:55:21.495, 11930, 12154
2026/08/15 16:55:26.496, 11930, 12154
2026/08/15 16:55:31.496, 11930, 12154
2026/08/15 16:55:36.497, 11930, 12154
2026/08/15 16:55:41.497, 11930, 12154
2026/08/15 16:55:46.497, 11930, 12154
2026/08/15 16:55:51.498, 11930, 12154
2026/08/15 16:55:56.498, 11930, 12154
2026/08/15 16:56:01.499, 11930, 12154
2026/08/15 16:56:06.499, 11930, 12154
2026/08/15 16:56:11.500, 11930, 12154
2026/08/15 16:56:16.500, 11930, 12154
2026/08/15 16:56:21.501, 11930, 12154
2026/08/15 16:56:26.501, 11930, 12154
2026/08/15 16:56:31.501, 11930, 12154
2026/08/15 16:56:36.502, 11930, 12154
2026/08/15 16:56:41.502, 11930, 12154
2026/08/15 16:56:46.503, 11930, 12154
2026/08/15 16:56:51.503, 11930, 12154
2026/08/15 16:56:56.504, 11930, 12154
2026/08/15 16:57:01.504, 11930, 12154
2026/08/15 16:57:06.505, 11930, 12154
2026/08/15 16:57:11.505, 11930, 12154
2026/08/15 16:57:16.506, 11930, 12154
2026/08/15 16:57:21.506, 11930, 12154
2026/08/15 16:57:26.506, 11930, 12154
2026/08/15 16:57:31.507, 11930, 12154
2026/08/15 16:57:36.507, 11930, 12154
2026/08/15 16:57:41.508, 11930, 12154
2026/08/15 16:57:46.508, 11930, 12154
2026/08/15 16:57:51.509, 11930, 12154
2026/08/15 16:57:56.509, 11930, 12154
2026/08/15 16:58:01.509, 11930, 12154
2026/08/15 16:58:06.510, 11930, 12154
2026/08/15 16:58:11.510, 11930, 12154
2026/08/15 16:58:16.511, 11930, 12154
2026/08/15 16:58:21.511, 11930, 12154
2026/08/15 16:58:26.512, 11930, 12154
2026/08/15 16:58:31.512, 11930, 12154
2026/08/15 16:58:36.513, 11930, 12154
2026/08/15 16:58:41.513, 11930, 12154
2026/08/15 16:58:46.514, 11930, 12154
2026/08/15 16:58:51.514, 11930, 12154
2026/08/15 16:58:56.515, 11930, 12154
2026/08/15 16:59:01.515, 11930, 12154
2026/08/15 16:59:06.516, 11930, 12154
2026/08/15 16:59:11.516, 11932, 12152
2026/08/15 16:59:16.517, 11932, 12152
2026/08/15 16:59:21.517, 11932, 12152
2026/08/15 16:59:26.517, 11932, 12152
2026/08/15 16:59:31.518, 11932, 12152
2026/08/15 16:59:36.518, 11932, 12152
2026/08/15 16:59:41.519, 11932, 12152
2026/08/15 16:59:46.519, 11932, 12152
2026/08/15 16:59:51.520, 11932, 12152
2026/08/15 16:59:56.520, 11932, 12152
2026/08/15 17:00:01.520, 11932, 12152
2026/08/15 17:00:06.521, 11932, 12152
2026/08/15 17:00:11.521, 11932, 12152
2026/08/15 17:00:16.522, 11932, 12152
2026/08/15 17:00:21.522, 11932, 12152
2026/08/15 17:00:26.523, 11932, 12152
2026/08/15 17:00:31.523, 11932, 12152
2026/08/15 17:00:36.523, 11932, 12152
2026/08/15 17:00:41.524, 11932, 12152
2026/08/15 17:00:46.524, 11932, 12152
2026/08/15 17:00:51.525, 11932, 12152
2026/08/15 17:00:56.525, 11932, 12152
2026/08/15 17:01:01.526, 11932, 12152
2026/08/15 17:01:06.526, 11932, 12152
2026/08/15 17:01:11.527, 11932, 12152
2026/08/15 17:01:16.527, 11932, 12152
2026/08/15 17:01:21.527, 11932, 12152
2026/08/15 17:01:26.528, 11932, 12152
2026/08/15 17:01:31.528, 11932, 12152
2026/08/15 17:01:36.529, 11932, 12152
2026/08/15 17:01:41.529, 11932, 12152
2026/08/15 17:01:46.530, 11932, 12152
2026/08/15 17:01:51.530, 11932, 12152
2026/08/15 17:01:56.531, 11932, 12152
2026/08/15 17:02:01.531, 11932, 12152
2026/08/15 17:02:06.532, 11932, 12152
2026/08/15 17:02:11.532, 11932, 12152
2026/08/15 17:02:16.533, 11932, 12152
2026/08/15 17:02:21.533, 11932, 12152
2026/08/15 17:02:26.534, 11932, 12152
2026/08/15 17:02:31.534, 11932, 12152
2026/08/15 17:02:36.535, 11932, 12152
2026/08/15 17:02:41.535, 11932, 12152
2026/08/15 17:02:46.536, 11932, 12152
2026/08/15 17:02:51.537, 11932, 12152
2026/08/15 17:02:56.537, 11932, 12152
2026/08/15 17:03:01.538, 11932, 12152
2026/08/15 17:03:06.539, 11932, 12152
2026/08/15 17:03:11.539, 11932, 12152
2026/08/15 17:03:16.540, 11932, 12152
2026/08/15 17:03:21.540, 11932, 12152
2026/08/15 17:03:26.541, 11932, 12152
2026/08/15 17:03:31.541, 11932, 12152
2026/08/15 17:03:36.542, 11932, 12152
2026/08/15 17:03:41.542, 11932, 12152
2026/08/15 17:03:46.543, 11932, 12152
2026/08/15 17:03:51.543, 11932, 12152
2026/08/15 17:03:56.544, 11932, 12152
2026/08/15 17:04:01.544, 11932, 12152
2026/08/15 17:04:06.545, 11932, 12152
2026/08/15 17:04:11.545, 11932, 12152
2026/08/15 17:04:16.546, 11932, 12152
2026/08/15 17:04:21.546, 11932, 12152
2026/08/15 17:04:26.547, 11932, 12152
2026/08/15 17:04:31.547, 11932, 12152
2026/08/15 17:04:36.548, 11932, 12152
2026/08/15 17:04:41.548, 11932, 12152
2026/08/15 17:04:46.549, 11932, 12152
2026/08/15 17:04:51.549, 11932, 12152
2026/08/15 17:04:56.550, 11932, 12152
2026/08/15 17:05:01.551, 11932, 12152
2026/08/15 17:05:06.551, 11932, 12152
2026/08/15 17:05:11.551, 11932, 12152
2026/08/15 17:05:16.552, 11932, 12152
2026/08/15 17:05:21.552, 11932, 12152
2026/08/15 17:05:26.553, 11932, 12152
2026/08/15 17:05:31.553, 11932, 12152
2026/08/15 17:05:36.554, 11932, 12152
2026/08/15 17:05:41.554, 11932, 12152
2026/08/15 17:05:46.555, 11932, 12152
2026/08/15 17:05:51.555, 11932, 12152
2026/08/15 17:05:56.556, 11932, 12152
2026/08/15 17:06:01.556, 11932, 12152
2026/08/15 17:06:06.557, 11932, 12152
2026/08/15 17:06:11.557, 11932, 12152
2026/08/15 17:06:16.558, 11932, 12152
2026/08/15 17:06:21.558, 11932, 12152
2026/08/15 17:06:26.559, 11932, 12152
2026/08/15 17:06:31.559, 11932, 12152
2026/08/15 17:06:36.560, 11932, 12152
2026/08/15 17:06:41.560, 11932, 12152
2026/08/15 17:06:46.561, 11932, 12152
2026/08/15 17:06:51.561, 11932, 12152
2026/08/15 17:06:56.562, 11932, 12152
2026/08/15 17:07:01.562, 11932, 12152
2026/08/15 17:07:06.563, 11932, 12152
2026/08/15 17:07:11.563, 11932, 12152
2026/08/15 17:07:16.564, 11932, 12152
2026/08/15 17:07:21.564, 11932, 12152
2026/08/15 17:07:26.565, 11932, 12152
2026/08/15 17:07:31.566, 11932, 12152
2026/08/15 17:07:36.566, 11932, 12152
2026/08/15 17:07:41.567, 11932, 12152
2026/08/15 17:07:46.567, 11932, 12152
2026/08/15 17:07:51.568, 11932, 12152
2026/08/15 17:07:56.568, 11932, 12152
2026/08/15 17:08:01.569, 11932, 12152
2026/08/15 17:08:06.569, 11932, 12152
2026/08/15 17:08:11.570, 11932, 12152
2026/08/15 17:08:16.570, 11932, 12152
2026/08/15 17:08:21.571, 11932, 12152
2026/08/15 17:08:26.571, 11932, 12152
2026/08/15 17:08:31.572, 11932, 12152
2026/08/15 17:08:36.572, 11932, 12152
2026/08/15 17:08:41.573, 11932, 12152
2026/08/15 17:08:46.573, 11932, 12152
2026/08/15 17:08:51.574, 11932, 12152
2026/08/15 17:08:56.574, 11932, 12152
2026/08/15 17:09:01.575, 11932, 12152
2026/08/15 17:09:06.575, 11932, 12152
2026/08/15 17:09:11.576, 11932, 12152
2026/08/15 17:09:16.576, 11932, 12152
2026/08/15 17:09:21.577, 11932, 12152
2026/08/15 17:09:26.577, 11932, 12152
2026/08/15 17:09:31.578, 11932, 12152
2026/08/15 17:09:36.578, 11932, 12152
2026/08/15 17:09:41.579, 11932, 12152
2026/08/15 17:09:46.579, 11932, 12152
2026/08/15 17:09:51.580, 11932, 12152
2026/08/15 17:09:56.580, 11932, 12152
2026/08/15 17:10:01.581, 11932, 12152
2026/08/15 17:10:06.581, 11932, 12152
2026/08/15 17:10:11.582, 11932, 12152
2026/08/15 17:10:16.582, 11932, 12152
2026/08/15 17:10:21.583, 11932, 12152
2026/08/15 17:10:26.583, 11932, 12152
2026/08/15 17:10:31.584, 11932, 12152
2026/08/15 17:10:36.584, 11932, 12152
2026/08/15 17:10:41.585, 11932, 12152
2026/08/15 17:10:46.585, 11932, 12152
2026/08/15 17:10:51.586, 11932, 12152
2026/08/15 17:10:56.586, 11932, 12152
2026/08/15 17:11:01.587, 11932, 12152
2026/08/15 17:11:06.587, 11932, 12152
2026/08/15 17:11:11.588, 11932, 12152
2026/08/15 17:11:16.588, 11932, 12152
2026/08/15 17:11:21.588, 11932, 12152
2026/08/15 17:11:26.589, 11932, 12152
2026/08/15 17:11:31.589, 11932, 12152
2026/08/15 17:11:36.590, 11932, 12152
2026/08/15 17:11:41.590, 11932, 12152
2026/08/15 17:11:46.591, 11932, 12152
2026/08/15 17:11:51.591, 11932, 12152
2026/08/15 17:11:56.592, 11932, 12152
2026/08/15 17:12:01.592, 11932, 12152
2026/08/15 17:12:06.593, 11932, 12152
2026/08/15 17:12:11.593, 11932, 12152
2026/08/15 17:12:16.594, 11932, 12152
2026/08/15 17:12:21.594, 11932, 12152
2026/08/15 17:12:26.595, 11932, 12152
2026/08/15 17:12:31.595, 11932, 12152
2026/08/15 17:12:36.596, 11932, 12152
2026/08/15 17:12:41.596, 11932, 12152
2026/08/15 17:12:46.597, 11932, 12152
2026/08/15 17:12:51.597, 11932, 12152
2026/08/15 17:12:56.598, 11932, 12152
2026/08/15 17:13:01.598, 11932, 12152
2026/08/15 17:13:06.599, 11932, 12152
2026/08/15 17:13:11.599, 11932, 12152
2026/08/15 17:13:16.600, 11932, 12152
2026/08/15 17:13:21.600, 11932, 12152
2026/08/15 17:13:26.601, 11932, 12152
2026/08/15 17:13:31.601, 11932, 12152
2026/08/15 17:13:36.602, 11932, 12152
2026/08/15 17:13:41.602, 11932, 12152
2026/08/15 17:13:46.602, 11932, 12152
2026/08/15 17:13:51.603, 11932, 12152
2026/08/15 17:13:56.603, 11932, 12152
2026/08/15 17:14:01.604, 11932, 12152
2026/08/15 17:14:06.604, 11932, 12152
2026/08/15 17:14:11.605, 11932, 12152
2026/08/15 17:14:16.605, 11932, 12152
2026/08/15 17:14:21.606, 11932, 12152
2026/08/15 17:14:26.607, 11932, 12152
2026/08/15 17:14:31.607, 11932, 12152
2026/08/15 17:14:36.608, 11932, 12152
2026/08/15 17:14:41.608, 11932, 12152
2026/08/15 17:14:46.609, 11932, 12152
2026/08/15 17:14:51.609, 11932, 12152
2026/08/15 17:14:56.610, 11932, 12152
2026/08/15 17:15:01.611, 11932, 12152
2026/08/15 17:15:06.611, 11932, 12152
2026/08/15 17:15:11.612, 11932, 12152
2026/08/15 17:15:16.612, 11932, 12152
2026/08/15 17:15:21.613, 11932, 12152
2026/08/15 17:15:26.614, 11932, 12152
2026/08/15 17:15:31.614, 11932, 12152
2026/08/15 17:15:36.615, 11932, 12152
2026/08/15 17:15:41.615, 11932, 12152
2026/08/15 17:15:46.616, 11932, 12152
2026/08/15 17:15:51.616, 11932, 12152
2026/08/15 17:15:56.617, 11932, 12152
2026/08/15 17:16:01.618, 11932, 12152
2026/08/15 17:16:06.618, 11932, 12152
2026/08/15 17:16:11.619, 11932, 12152
2026/08/15 17:16:16.619, 11932, 12152
2026/08/15 17:16:21.620, 11932, 12152
2026/08/15 17:16:26.621, 11932, 12152
2026/08/15 17:16:31.621, 11932, 12152
2026/08/15 17:16:36.622, 11932, 12152
2026/08/15 17:16:41.623, 11932, 12152
2026/08/15 17:16:46.623, 11932, 12152
2026/08/15 17:16:51.624, 11932, 12152
2026/08/15 17:16:56.624, 11932, 12152
2026/08/15 17:17:01.625, 11932, 12152
2026/08/15 17:17:06.626, 11932, 12152
2026/08/15 17:17:11.626, 11932, 12152
2026/08/15 17:17:16.627, 11932, 12152
2026/08/15 17:17:21.627, 11932, 12152
2026/08/15 17:17:26.628, 11932, 12152
2026/08/15 17:17:31.628, 11932, 12152
2026/08/15 17:17:36.629, 11932, 12152
2026/08/15 17:17:41.630, 11932, 12152
2026/08/15 17:17:46.630, 11932, 12152
2026/08/15 17:17:51.631, 11932, 12152
2026/08/15 17:17:56.631, 11932, 12152
2026/08/15 17:18:01.632, 11932, 12152
2026/08/15 17:18:06.632, 11932, 12152
2026/08/15 17:18:11.633, 11932, 12152
2026/08/15 17:18:16.633, 11932, 12152
2026/08/15 17:18:21.634, 11932, 12152
2026/08/15 17:18:26.634, 11932, 12152
2026/08/15 17:18:31.635, 11932, 12152
2026/08/15 17:18:36.635, 11932, 12152
2026/08/15 17:18:41.636, 11932, 12152
2026/08/15 17:18:46.636, 11932, 12152
2026/08/15 17:18:51.636, 11932, 12152
2026/08/15 17:18:56.637, 11932, 12152
2026/08/15 17:19:01.637, 11932, 12152
2026/08/15 17:19:06.638, 11932, 12152
2026/08/15 17:19:11.638, 11932, 12152
2026/08/15 17:19:16.639, 11932, 12152
2026/08/15 17:19:21.639, 11932, 12152
2026/08/15 17:19:26.640, 11932, 12152
2026/08/15 17:19:31.640, 11932, 12152
2026/08/15 17:19:36.641, 11932, 12152
2026/08/15 17:19:41.642, 11932, 12152
2026/08/15 17:19:46.642, 11932, 12152
2026/08/15 17:19:51.643, 11932, 12152
2026/08/15 17:19:56.643, 11932, 12152
2026/08/15 17:20:01.644, 11932, 12152
2026/08/15 17:20:06.644, 11932, 12152
2026/08/15 17:20:11.645, 11932, 12152
2026/08/15 17:20:16.645, 11932, 12152
2026/08/15 17:20:21.646, 11932, 12152
2026/08/15 17:20:26.646, 11932, 12152
2026/08/15 17:20:31.647, 11932, 12152
2026/08/15 17:20:36.647, 11932, 12152
2026/08/15 17:20:41.648, 11932, 12152
2026/08/15 17:20:46.648, 11932, 12152
2026/08/15 17:20:51.648, 11932, 12152
2026/08/15 17:20:56.649, 11932, 12152
2026/08/15 17:21:01.649, 11932, 12152
2026/08/15 17:21:06.650, 11932, 12152
2026/08/15 17:21:11.650, 11932, 12152
2026/08/15 17:21:16.651, 11932, 12152
2026/08/15 17:21:21.651, 11932, 12152
2026/08/15 17:21:26.652, 11932, 12152
2026/08/15 17:21:31.652, 11932, 12152
2026/08/15 17:21:36.653, 11932, 12152
2026/08/15 17:21:41.653, 11932, 12152
2026/08/15 17:21:46.654, 11932, 12152
2026/08/15 17:21:51.655, 11932, 12152
2026/08/15 17:21:56.655, 11932, 12152
2026/08/15 17:22:01.656, 11932, 12152
2026/08/15 17:22:06.656, 11932, 12152
2026/08/15 17:22:11.657, 11932, 12152
2026/08/15 17:22:16.657, 11932, 12152
2026/08/15 17:22:21.657, 11932, 12152
2026/08/15 17:22:26.658, 11932, 12152
2026/08/15 17:22:31.658, 11932, 12152
2026/08/15 17:22:36.659, 11932, 12152
2026/08/15 17:22:41.659, 11932, 12152
2026/08/15 17:22:46.660, 11932, 12152
2026/08/15 17:22:51.660, 11932, 12152
2026/08/15 17:22:56.661, 11932, 12152
2026/08/15 17:23:01.661, 11932, 12152
2026/08/15 17:23:06.661, 11932, 12152
2026/08/15 17:23:11.662, 11932, 12152
2026/08/15 17:23:16.662, 11932, 12152
2026/08/15 17:23:21.663, 11932, 12152
2026/08/15 17:23:26.663, 11932, 12152
2026/08/15 17:23:31.664, 11932, 12152
2026/08/15 17:23:36.664, 11932, 12152
2026/08/15 17:23:41.664, 11932, 12152
2026/08/15 17:23:46.665, 11932, 12152
2026/08/15 17:23:51.665, 11932, 12152
2026/08/15 17:23:56.666, 11932, 12152
2026/08/15 17:24:01.666, 11932, 12152
2026/08/15 17:24:06.667, 11932, 12152
2026/08/15 17:24:11.667, 11932, 12152
2026/08/15 17:24:16.668, 11932, 12152
2026/08/15 17:24:21.668, 11932, 12152
2026/08/15 17:24:26.668, 11932, 12152
2026/08/15 17:24:31.669, 11932, 12152
2026/08/15 17:24:36.669, 11932, 12152
2026/08/15 17:24:41.670, 11932, 12152
2026/08/15 17:24:46.670, 11932, 12152
2026/08/15 17:24:51.671, 11932, 12152
2026/08/15 17:24:56.671, 11932, 12152
2026/08/15 17:25:01.672, 11932, 12152
2026/08/15 17:25:06.672, 11932, 12152
2026/08/15 17:25:11.673, 11932, 12152
2026/08/15 17:25:16.673, 11932, 12152
2026/08/15 17:25:21.674, 11932, 12152
2026/08/15 17:25:26.674, 11932, 12152
2026/08/15 17:25:31.674, 11932, 12152
2026/08/15 17:25:36.675, 11932, 12152
2026/08/15 17:25:41.675, 11932, 12152
2026/08/15 17:25:46.676, 11932, 12152
2026/08/15 17:25:51.676, 11932, 12152
2026/08/15 17:25:56.677, 11932, 12152
2026/08/15 17:26:01.677, 11932, 12152
2026/08/15 17:26:06.678, 11932, 12152
2026/08/15 17:26:11.678, 11932, 12152
2026/08/15 17:26:16.678, 11932, 12152
2026/08/15 17:26:21.679, 11932, 12152
2026/08/15 17:26:26.679, 11932, 12152
2026/08/15 17:26:31.680, 11932, 12152
2026/08/15 17:26:36.680, 11932, 12152
2026/08/15 17:26:41.681, 11932, 12152
2026/08/15 17:26:46.681, 11932, 12152
2026/08/15 17:26:51.681, 11932, 12152
2026/08/15 17:26:56.682, 11932, 12152
2026/08/15 17:27:01.682, 11932, 12152
2026/08/15 17:27:06.683, 11932, 12152
2026/08/15 17:27:11.683, 11932, 12152
2026/08/15 17:27:16.684, 11932, 12152
2026/08/15 17:27:21.684, 11932, 12152
2026/08/15 17:27:26.685, 11932, 12152
2026/08/15 17:27:31.685, 11932, 12152
2026/08/15 17:27:36.685, 11932, 12152
2026/08/15 17:27:41.686, 11932, 12152
2026/08/15 17:27:46.686, 11932, 12152
2026/08/15 17:27:51.687, 11932, 12152
2026/08/15 17:27:56.687, 11932, 12152
2026/08/15 17:28:01.688, 11932, 12152
2026/08/15 17:28:06.688, 11932, 12152
2026/08/15 17:28:11.689, 11932, 12152
2026/08/15 17:28:16.689, 11932, 12152
2026/08/15 17:28:21.689, 11932, 12152
2026/08/15 17:28:26.690, 11932, 12152
2026/08/15 17:28:31.690, 11932, 12152
2026/08/15 17:28:36.691, 11932, 12152
2026/08/15 17:28:41.691, 11932, 12152
2026/08/15 17:28:46.692, 11932, 12152
2026/08/15 17:28:51.692, 11932, 12152
2026/08/15 17:28:56.692, 11932, 12152
2026/08/15 17:29:01.693, 11932, 12152
2026/08/15 17:29:06.693, 11932, 12152
2026/08/15 17:29:11.694, 11932, 12152
2026/08/15 17:29:16.694, 11932, 12152
2026/08/15 17:29:21.695, 11932, 12152
2026/08/15 17:29:26.695, 11932, 12152
2026/08/15 17:29:31.695, 11932, 12152
2026/08/15 17:29:36.696, 11932, 12152
2026/08/15 17:29:41.696, 11932, 12152
2026/08/15 17:29:46.697, 11932, 12152
2026/08/15 17:29:51.697, 11932, 12152
2026/08/15 17:29:56.698, 11932, 12152
2026/08/15 17:30:01.698, 11932, 12152
2026/08/15 17:30:06.698, 11932, 12152
2026/08/15 17:30:11.699, 11932, 12152
2026/08/15 17:30:16.699, 11932, 12152
2026/08/15 17:30:21.700, 11932, 12152
2026/08/15 17:30:26.700, 11932, 12152
2026/08/15 17:30:31.701, 11932, 12152
2026/08/15 17:30:36.701, 11932, 12152
2026/08/15 17:30:41.702, 11932, 12152
2026/08/15 17:30:46.702, 11932, 12152
2026/08/15 17:30:51.702, 11932, 12152
2026/08/15 17:30:56.703, 11932, 12152
2026/08/15 17:31:01.703, 11932, 12152
2026/08/15 17:31:06.704, 11932, 12152
2026/08/15 17:31:11.704, 11932, 12152
2026/08/15 17:31:16.705, 11932, 12152
2026/08/15 17:31:21.705, 11932, 12152
2026/08/15 17:31:26.705, 11932, 12152
2026/08/15 17:31:31.706, 11932, 12152
2026/08/15 17:31:36.706, 11932, 12152
2026/08/15 17:31:41.707, 11932, 12152
2026/08/15 17:31:46.707, 11932, 12152
2026/08/15 17:31:51.708, 11932, 12152
2026/08/15 17:31:56.708, 11932, 12152
2026/08/15 17:32:01.709, 11932, 12152
2026/08/15 17:32:06.709, 11932, 12152
2026/08/15 17:32:11.709, 11932, 12152
2026/08/15 17:32:16.710, 11932, 12152
2026/08/15 17:32:21.710, 11932, 12152
2026/08/15 17:32:26.711, 11932, 12152
2026/08/15 17:32:31.711, 11932, 12152
2026/08/15 17:32:36.712, 11932, 12152
2026/08/15 17:32:41.712, 11932, 12152
2026/08/15 17:32:46.712, 11932, 12152
2026/08/15 17:32:51.713, 11932, 12152
2026/08/15 17:32:56.713, 11932, 12152
2026/08/15 17:33:01.714, 11932, 12152
2026/08/15 17:33:06.714, 11932, 12152
2026/08/15 17:33:11.715, 11932, 12152
2026/08/15 17:33:16.715, 11932, 12152
2026/08/15 17:33:21.716, 11932, 12152
2026/08/15 17:33:26.716, 11932, 12152
2026/08/15 17:33:31.716, 11932, 12152
2026/08/15 17:33:36.717, 11932, 12152
2026/08/15 17:33:41.717, 11932, 12152
2026/08/15 17:33:46.718, 11932, 12152
2026/08/15 17:33:51.718, 11932, 12152
2026/08/15 17:33:56.719, 11932, 12152
2026/08/15 17:34:01.719, 11932, 12152
2026/08/15 17:34:06.719, 11932, 12152
2026/08/15 17:34:11.720, 11932, 12152
2026/08/15 17:34:16.720, 11932, 12152
2026/08/15 17:34:21.721, 11932, 12152
2026/08/15 17:34:26.721, 11932, 12152
2026/08/15 17:34:31.722, 11932, 12152
2026/08/15 17:34:36.722, 11932, 12152
2026/08/15 17:34:41.723, 11932, 12152
2026/08/15 17:34:46.723, 11932, 12152
2026/08/15 17:34:51.723, 11932, 12152
2026/08/15 17:34:56.724, 11932, 12152
2026/08/15 17:35:01.724, 11932, 12152
2026/08/15 17:35:06.725, 11932, 12152
2026/08/15 17:35:11.725, 11932, 12152
2026/08/15 17:35:16.726, 11932, 12152
2026/08/15 17:35:21.726, 11932, 12152
2026/08/15 17:35:26.726, 11932, 12152
2026/08/15 17:35:31.727, 11932, 12152
2026/08/15 17:35:36.727, 11932, 12152
2026/08/15 17:35:41.728, 11932, 12152
2026/08/15 17:35:46.728, 11932, 12152
2026/08/15 17:35:51.729, 11932, 12152
2026/08/15 17:35:56.729, 11932, 12152
2026/08/15 17:36:01.730, 11932, 12152
2026/08/15 17:36:06.730, 11932, 12152
2026/08/15 17:36:11.730, 11932, 12152
2026/08/15 17:36:16.731, 11932, 12152
2026/08/15 17:36:21.731, 11932, 12152
2026/08/15 17:36:26.732, 11932, 12152
2026/08/15 17:36:31.732, 11932, 12152
2026/08/15 17:36:36.733, 11932, 12152
2026/08/15 17:36:41.733, 11932, 12152
2026/08/15 17:36:46.733, 11932, 12152
2026/08/15 17:36:51.734, 11932, 12152
2026/08/15 17:36:56.734, 11932, 12152
2026/08/15 17:37:01.735, 11932, 12152
2026/08/15 17:37:06.735, 11932, 12152
2026/08/15 17:37:11.736, 11932, 12152
2026/08/15 17:37:16.736, 11932, 12152
2026/08/15 17:37:21.736, 11932, 12152
2026/08/15 17:37:26.737, 11932, 12152
2026/08/15 17:37:31.737, 11932, 12152
2026/08/15 17:37:36.738, 11932, 12152
2026/08/15 17:37:41.738, 11932, 12152
2026/08/15 17:37:46.739, 11932, 12152
2026/08/15 17:37:51.739, 11932, 12152
2026/08/15 17:37:56.740, 11932, 12152
2026/08/15 17:38:01.740, 11932, 12152
2026/08/15 17:38:06.741, 11932, 12152
2026/08/15 17:38:11.741, 11932, 12152
2026/08/15 17:38:16.742, 11932, 12152
2026/08/15 17:38:21.742, 11932, 12152
2026/08/15 17:38:26.743, 11932, 12152
2026/08/15 17:38:31.744, 11932, 12152
2026/08/15 17:38:36.744, 11932, 12152
2026/08/15 17:38:41.745, 11932, 12152
2026/08/15 17:38:46.745, 11932, 12152
2026/08/15 17:38:51.746, 11932, 12152
2026/08/15 17:38:56.746, 11932, 12152
2026/08/15 17:39:01.747, 11932, 12152
2026/08/15 17:39:06.747, 11932, 12152
2026/08/15 17:39:11.748, 11932, 12152
2026/08/15 17:39:16.748, 11932, 12152
2026/08/15 17:39:21.749, 11932, 12152
2026/08/15 17:39:26.750, 11932, 12152
2026/08/15 17:39:31.750, 11932, 12152
2026/08/15 17:39:36.751, 11932, 12152
2026/08/15 17:39:41.751, 11932, 12152
2026/08/15 17:39:46.752, 11932, 12152
2026/08/15 17:39:51.752, 11932, 12152
2026/08/15 17:39:56.753, 11932, 12152
2026/08/15 17:40:01.753, 11932, 12152
2026/08/15 17:40:06.753, 11932, 12152
2026/08/15 17:40:11.754, 11932, 12152
2026/08/15 17:40:16.754, 11932, 12152
2026/08/15 17:40:21.755, 11932, 12152
2026/08/15 17:40:26.755, 11932, 12152
2026/08/15 17:40:31.756, 11932, 12152
2026/08/15 17:40:36.756, 11932, 12152
2026/08/15 17:40:41.757, 11932, 12152
2026/08/15 17:40:46.757, 11932, 12152
2026/08/15 17:40:51.757, 11932, 12152
2026/08/15 17:40:56.758, 11932, 12152
2026/08/15 17:41:01.758, 11932, 12152
2026/08/15 17:41:06.759, 11932, 12152
2026/08/15 17:41:11.759, 11932, 12152
2026/08/15 17:41:16.760, 11932, 12152
2026/08/15 17:41:21.760, 11932, 12152
2026/08/15 17:41:26.760, 11932, 12152
2026/08/15 17:41:31.761, 11932, 12152
2026/08/15 17:41:36.761, 11932, 12152
2026/08/15 17:41:41.762, 11932, 12152
2026/08/15 17:41:46.762, 11932, 12152
2026/08/15 17:41:51.763, 11932, 12152
2026/08/15 17:41:56.763, 11932, 12152
2026/08/15 17:42:01.764, 11932, 12152
2026/08/15 17:42:06.764, 11932, 12152
2026/08/15 17:42:11.765, 11932, 12152
2026/08/15 17:42:16.766, 11932, 12152
2026/08/15 17:42:21.766, 11932, 12152
2026/08/15 17:42:26.767, 11932, 12152
2026/08/15 17:42:31.767, 11932, 12152
2026/08/15 17:42:36.767, 11932, 12152
2026/08/15 17:42:41.768, 11932, 12152
2026/08/15 17:42:46.768, 11932, 12152
2026/08/15 17:42:51.769, 11932, 12152
2026/08/15 17:42:56.769, 11932, 12152
2026/08/15 17:43:01.770, 11932, 12152
2026/08/15 17:43:06.770, 11932, 12152
2026/08/15 17:43:11.771, 11932, 12152
2026/08/15 17:43:16.771, 11932, 12152
2026/08/15 17:43:21.771, 11932, 12152
2026/08/15 17:43:26.772, 11932, 12152
2026/08/15 17:43:31.772, 11932, 12152
2026/08/15 17:43:36.773, 11932, 12152
2026/08/15 17:43:41.773, 11932, 12152
2026/08/15 17:43:46.774, 11932, 12152
2026/08/15 17:43:51.774, 11932, 12152
2026/08/15 17:43:56.775, 11932, 12152
2026/08/15 17:44:01.775, 11932, 12152
2026/08/15 17:44:06.775, 11932, 12152
2026/08/15 17:44:11.776, 11932, 12152
2026/08/15 17:44:16.776, 11932, 12152
2026/08/15 17:44:21.777, 11932, 12152
2026/08/15 17:44:26.777, 11932, 12152
2026/08/15 17:44:31.778, 11932, 12152
2026/08/15 17:44:36.778, 11932, 12152
2026/08/15 17:44:41.779, 11932, 12152
2026/08/15 17:44:46.779, 11932, 12152
2026/08/15 17:44:51.779, 11932, 12152
2026/08/15 17:44:56.780, 11932, 12152
2026/08/15 17:45:01.780, 11932, 12152
2026/08/15 17:45:06.781, 11932, 12152
2026/08/15 17:45:11.781, 11932, 12152
2026/08/15 17:45:16.782, 11932, 12152
2026/08/15 17:45:21.782, 11932, 12152
2026/08/15 17:45:26.782, 11932, 12152
2026/08/15 17:45:31.783, 11932, 12152
2026/08/15 17:45:36.783, 11932, 12152
2026/08/15 17:45:41.784, 11932, 12152
2026/08/15 17:45:46.785, 11932, 12152
2026/08/15 17:45:51.785, 11932, 12152
2026/08/15 17:45:56.786, 11932, 12152
2026/08/15 17:46:01.786, 11932, 12152
2026/08/15 17:46:06.787, 11932, 12152
2026/08/15 17:46:11.787, 11932, 12152
2026/08/15 17:46:16.787, 11932, 12152
2026/08/15 17:46:21.788, 11932, 12152
2026/08/15 17:46:26.788, 11932, 12152
2026/08/15 17:46:31.789, 11932, 12152
2026/08/15 17:46:36.789, 11932, 12152
2026/08/15 17:46:41.790, 11932, 12152
2026/08/15 17:46:46.790, 11932, 12152
2026/08/15 17:46:51.791, 11932, 12152
2026/08/15 17:46:56.791, 11932, 12152
2026/08/15 17:47:01.792, 11932, 12152
2026/08/15 17:47:06.792, 11932, 12152
2026/08/15 17:47:11.793, 11932, 12152
2026/08/15 17:47:16.793, 11932, 12152
2026/08/15 17:47:21.794, 11932, 12152
2026/08/15 17:47:26.794, 11932, 12152
2026/08/15 17:47:31.795, 11932, 12152
2026/08/15 17:47:36.795, 11932, 12152
2026/08/15 17:47:41.796, 11932, 12152
2026/08/15 17:47:46.796, 11932, 12152
2026/08/15 17:47:51.796, 11932, 12152
2026/08/15 17:47:56.797, 11932, 12152
2026/08/15 17:48:01.797, 11932, 12152
2026/08/15 17:48:06.798, 11932, 12152
2026/08/15 17:48:11.798, 11932, 12152
2026/08/15 17:48:16.799, 11932, 12152
2026/08/15 17:48:21.800, 11932, 12152
2026/08/15 17:48:26.800, 11932, 12152
2026/08/15 17:48:31.801, 11932, 12152
2026/08/15 17:48:36.801, 11932, 12152
2026/08/15 17:48:41.802, 11932, 12152
2026/08/15 17:48:46.803, 11932, 12152
2026/08/15 17:48:51.803, 11932, 12152
2026/08/15 17:48:56.804, 11932, 12152
2026/08/15 17:49:01.805, 11932, 12152
2026/08/15 17:49:06.805, 11932, 12152
2026/08/15 17:49:11.806, 11932, 12152
2026/08/15 17:49:16.807, 11932, 12152
2026/08/15 17:49:21.807, 11932, 12152
2026/08/15 17:49:26.808, 11932, 12152
2026/08/15 17:49:31.808, 11932, 12152
2026/08/15 17:49:36.809, 11932, 12152
2026/08/15 17:49:41.810, 11932, 12152
2026/08/15 17:49:46.810, 11932, 12152
2026/08/15 17:49:51.811, 11932, 12152
2026/08/15 17:49:56.811, 11932, 12152
2026/08/15 17:50:01.812, 11932, 12152
2026/08/15 17:50:06.813, 11932, 12152
2026/08/15 17:50:11.813, 11932, 12152
2026/08/15 17:50:16.814, 11932, 12152
2026/08/15 17:50:21.815, 11932, 12152
2026/08/15 17:50:26.816, 11932, 12152
2026/08/15 17:50:31.816, 11932, 12152
2026/08/15 17:50:36.817, 11932, 12152
2026/08/15 17:50:41.818, 11932, 12152
2026/08/15 17:50:46.818, 11932, 12152
2026/08/15 17:50:51.819, 11932, 12152
2026/08/15 17:50:56.820, 11932, 12152
2026/08/15 17:51:01.820, 11932, 12152
2026/08/15 17:51:06.821, 11932, 12152
2026/08/15 17:51:11.822, 11932, 12152
2026/08/15 17:51:16.822, 11932, 12152
2026/08/15 17:51:21.823, 11932, 12152
2026/08/15 17:51:26.823, 11932, 12152
2026/08/15 17:51:31.824, 11932, 12152
2026/08/15 17:51:36.824, 11932, 12152
2026/08/15 17:51:41.825, 11932, 12152
2026/08/15 17:51:46.825, 11932, 12152
2026/08/15 17:51:51.826, 11932, 12152
2026/08/15 17:51:56.827, 11932, 12152
2026/08/15 17:52:01.827, 11932, 12152
2026/08/15 17:52:06.828, 11932, 12152
2026/08/15 17:52:11.828, 11932, 12152
2026/08/15 17:52:16.829, 11932, 12152
2026/08/15 17:52:21.829, 11932, 12152
2026/08/15 17:52:26.830, 11932, 12152
2026/08/15 17:52:31.830, 11932, 12152
2026/08/15 17:52:36.831, 11932, 12152
2026/08/15 17:52:41.831, 11932, 12152
2026/08/15 17:52:46.832, 11932, 12152
2026/08/15 17:52:51.832, 11932, 12152
2026/08/15 17:52:56.833, 11932, 12152
2026/08/15 17:53:01.833, 11932, 12152
2026/08/15 17:53:06.833, 11932, 12152
2026/08/15 17:53:11.834, 11932, 12152
2026/08/15 17:53:16.834, 11932, 12152
2026/08/15 17:53:21.835, 11932, 12152
2026/08/15 17:53:26.835, 11932, 12152
2026/08/15 17:53:31.836, 11932, 12152
2026/08/15 17:53:36.836, 11932, 12152
2026/08/15 17:53:41.837, 11932, 12152
2026/08/15 17:53:46.837, 11932, 12152
2026/08/15 17:53:51.837, 11932, 12152
2026/08/15 17:53:56.838, 11932, 12152
2026/08/15 17:54:01.838, 11932, 12152
2026/08/15 17:54:06.839, 11932, 12152
2026/08/15 17:54:11.839, 11932, 12152
2026/08/15 17:54:16.840, 11932, 12152
2026/08/15 17:54:21.840, 11932, 12152
2026/08/15 17:54:26.841, 11932, 12152
2026/08/15 17:54:31.841, 11932, 12152
2026/08/15 17:54:36.841, 11932, 12152
2026/08/15 17:54:41.842, 11932, 12152
2026/08/15 17:54:46.842, 11932, 12152
2026/08/15 17:54:51.843, 11932, 12152
2026/08/15 17:54:56.843, 11932, 12152
2026/08/15 17:55:01.844, 11932, 12152
2026/08/15 17:55:06.844, 11932, 12152
2026/08/15 17:55:11.845, 11932, 12152
2026/08/15 17:55:16.845, 11932, 12152
2026/08/15 17:55:21.846, 11932, 12152
2026/08/15 17:55:26.846, 11932, 12152
2026/08/15 17:55:31.847, 11932, 12152
2026/08/15 17:55:36.847, 11932, 12152
2026/08/15 17:55:41.848, 11932, 12152
2026/08/15 17:55:46.848, 11932, 12152
2026/08/15 17:55:51.849, 11932, 12152
2026/08/15 17:55:56.849, 11932, 12152
2026/08/15 17:56:01.850, 11932, 12152
2026/08/15 17:56:06.850, 11932, 12152
2026/08/15 17:56:11.851, 11932, 12152
2026/08/15 17:56:16.851, 11932, 12152
2026/08/15 17:56:21.852, 11932, 12152
2026/08/15 17:56:26.852, 11932, 12152
2026/08/15 17:56:31.853, 11932, 12152
2026/08/15 17:56:36.853, 11932, 12152
2026/08/15 17:56:41.854, 11932, 12152
2026/08/15 17:56:46.854, 11932, 12152
2026/08/15 17:56:51.855, 11932, 12152
2026/08/15 17:56:56.855, 11932, 12152
2026/08/15 17:57:01.856, 11932, 12152
2026/08/15 17:57:06.856, 11932, 12152
2026/08/15 17:57:11.857, 11932, 12152
2026/08/15 17:57:16.857, 11932, 12152
2026/08/15 17:57:21.858, 11932, 12152
2026/08/15 17:57:26.858, 11932, 12152
2026/08/15 17:57:31.859, 11932, 12152
2026/08/15 17:57:36.859, 11932, 12152
2026/08/15 17:57:41.860, 11932, 12152
2026/08/15 17:57:46.860, 11932, 12152
2026/08/15 17:57:51.861, 11932, 12152
2026/08/15 17:57:56.861, 11932, 12152
2026/08/15 17:58:01.862, 11932, 12152
2026/08/15 17:58:06.862, 11932, 12152
2026/08/15 17:58:11.863, 11932, 12152
2026/08/15 17:58:16.863, 11932, 12152
2026/08/15 17:58:21.864, 11932, 12152
2026/08/15 17:58:26.864, 11932, 12152
2026/08/15 17:58:31.865, 11932, 12152
2026/08/15 17:58:36.865, 11932, 12152
2026/08/15 17:58:41.866, 11932, 12152
2026/08/15 17:58:46.866, 11932, 12152
2026/08/15 17:58:51.867, 11932, 12152
2026/08/15 17:58:56.867, 11932, 12152
2026/08/15 17:59:01.868, 11932, 12152
2026/08/15 17:59:06.868, 11932, 12152
2026/08/15 17:59:11.869, 11932, 12152
2026/08/15 17:59:16.869, 11932, 12152
2026/08/15 17:59:21.870, 11932, 12152
2026/08/15 17:59:26.870, 11932, 12152
2026/08/15 17:59:31.871, 11932, 12152
2026/08/15 17:59:36.871, 11932, 12152
2026/08/15 17:59:41.872, 11932, 12152
2026/08/15 17:59:46.872, 11932, 12152
2026/08/15 17:59:51.873, 11932, 12152
2026/08/15 17:59:56.873, 11932, 12152
2026/08/15 18:00:01.874, 11932, 12152
2026/08/15 18:00:06.875, 11932, 12152
2026/08/15 18:00:11.875, 11932, 12152
2026/08/15 18:00:16.875, 11932, 12152
2026/08/15 18:00:21.876, 11932, 12152
2026/08/15 18:00:26.876, 11932, 12152
2026/08/15 18:00:31.877, 11932, 12152
2026/08/15 18:00:36.877, 11932, 12152
2026/08/15 18:00:41.878, 11932, 12152
2026/08/15 18:00:46.878, 11932, 12152
2026/08/15 18:00:51.879, 11932, 12152
2026/08/15 18:00:56.879, 11932, 12152
2026/08/15 18:01:01.880, 11932, 12152
2026/08/15 18:01:06.880, 11932, 12152
2026/08/15 18:01:11.881, 11932, 12152
2026/08/15 18:01:16.882, 11932, 12152
2026/08/15 18:01:21.882, 11932, 12152
2026/08/15 18:01:26.883, 11932, 12152
2026/08/15 18:01:31.883, 11932, 12152
2026/08/15 18:01:36.884, 11932, 12152
2026/08/15 18:01:41.884, 11932, 12152
2026/08/15 18:01:46.885, 11932, 12152
2026/08/15 18:01:51.885, 11932, 12152
2026/08/15 18:01:56.886, 11932, 12152
2026/08/15 18:02:01.886, 11932, 12152
2026/08/15 18:02:06.887, 11932, 12152
2026/08/15 18:02:11.888, 11932, 12152
2026/08/15 18:02:16.888, 11932, 12152
2026/08/15 18:02:21.888, 11932, 12152
2026/08/15 18:02:26.889, 11932, 12152
2026/08/15 18:02:31.889, 11932, 12152
2026/08/15 18:02:36.890, 11932, 12152
2026/08/15 18:02:41.891, 11932, 12152
2026/08/15 18:02:46.891, 11932, 12152
2026/08/15 18:02:51.892, 11932, 12152
2026/08/15 18:02:56.892, 11932, 12152
2026/08/15 18:03:01.893, 11932, 12152
2026/08/15 18:03:06.893, 11932, 12152
2026/08/15 18:03:11.894, 11932, 12152
2026/08/15 18:03:16.894, 11932, 12152
2026/08/15 18:03:21.895, 11932, 12152
2026/08/15 18:03:26.895, 11932, 12152
2026/08/15 18:03:31.896, 11932, 12152
2026/08/15 18:03:36.896, 11932, 12152
2026/08/15 18:03:41.897, 11932, 12152
2026/08/15 18:03:46.897, 11932, 12152
2026/08/15 18:03:51.898, 11932, 12152
2026/08/15 18:03:56.898, 11932, 12152
2026/08/15 18:04:01.899, 11932, 12152
2026/08/15 18:04:06.899, 11932, 12152
2026/08/15 18:04:11.900, 11932, 12152
2026/08/15 18:04:16.901, 11932, 12152
2026/08/15 18:04:21.901, 11932, 12152
2026/08/15 18:04:26.902, 11932, 12152
2026/08/15 18:04:31.902, 11932, 12152
2026/08/15 18:04:36.903, 11932, 12152
2026/08/15 18:04:41.903, 11932, 12152
2026/08/15 18:04:46.904, 11932, 12152
2026/08/15 18:04:51.904, 11932, 12152
2026/08/15 18:04:56.905, 11932, 12152
2026/08/15 18:05:01.905, 11932, 12152
2026/08/15 18:05:06.906, 11932, 12152
2026/08/15 18:05:11.906, 11932, 12152
2026/08/15 18:05:16.907, 11932, 12152
2026/08/15 18:05:21.907, 11932, 12152
2026/08/15 18:05:26.908, 11932, 12152
2026/08/15 18:05:31.908, 11932, 12152
2026/08/15 18:05:36.909, 11932, 12152
2026/08/15 18:05:41.910, 11932, 12152
2026/08/15 18:05:46.910, 11932, 12152
2026/08/15 18:05:51.911, 11932, 12152
2026/08/15 18:05:56.911, 11932, 12152
2026/08/15 18:06:01.912, 11932, 12152
2026/08/15 18:06:06.912, 11932, 12152
2026/08/15 18:06:11.912, 11932, 12152
2026/08/15 18:06:16.913, 11932, 12152
2026/08/15 18:06:21.913, 11932, 12152
2026/08/15 18:06:26.914, 11932, 12152
2026/08/15 18:06:31.915, 11932, 12152
2026/08/15 18:06:36.915, 11932, 12152
2026/08/15 18:06:41.916, 11932, 12152
2026/08/15 18:06:46.916, 11932, 12152
2026/08/15 18:06:51.917, 11932, 12152
2026/08/15 18:06:56.918, 11932, 12152
2026/08/15 18:07:01.918, 11932, 12152
2026/08/15 18:07:06.919, 11932, 12152
2026/08/15 18:07:11.919, 11932, 12152
2026/08/15 18:07:16.920, 11932, 12152
2026/08/15 18:07:21.920, 11932, 12152
2026/08/15 18:07:26.921, 11932, 12152
2026/08/15 18:07:31.921, 11932, 12152
2026/08/15 18:07:36.922, 11932, 12152
2026/08/15 18:07:41.922, 11932, 12152
2026/08/15 18:07:46.923, 11932, 12152
2026/08/15 18:07:51.923, 11932, 12152
2026/08/15 18:07:56.924, 11932, 12152
2026/08/15 18:08:01.924, 11932, 12152
2026/08/15 18:08:06.925, 11932, 12152
2026/08/15 18:08:11.925, 11932, 12152
2026/08/15 18:08:16.926, 11932, 12152
2026/08/15 18:08:21.926, 11932, 12152
2026/08/15 18:08:26.927, 11932, 12152
2026/08/15 18:08:31.927, 11932, 12152
2026/08/15 18:08:36.928, 11932, 12152
2026/08/15 18:08:41.928, 11932, 12152
2026/08/15 18:08:46.929, 11932, 12152
2026/08/15 18:08:51.929, 11932, 12152
2026/08/15 18:08:56.930, 11932, 12152
2026/08/15 18:09:01.930, 11932, 12152
2026/08/15 18:09:06.931, 11932, 12152
2026/08/15 18:09:11.931, 11932, 12152
2026/08/15 18:09:16.932, 11932, 12152
2026/08/15 18:09:21.932, 11932, 12152
2026/08/15 18:09:26.933, 11932, 12152
2026/08/15 18:09:31.933, 11932, 12152
2026/08/15 18:09:36.934, 11932, 12152
2026/08/15 18:09:41.934, 11932, 12152
2026/08/15 18:09:46.935, 11932, 12152
2026/08/15 18:09:51.935, 11932, 12152
2026/08/15 18:09:56.935, 11932, 12152
2026/08/15 18:10:01.936, 11932, 12152
2026/08/15 18:10:06.936, 11932, 12152
2026/08/15 18:10:11.937, 11932, 12152
2026/08/15 18:10:16.937, 11932, 12152
2026/08/15 18:10:21.938, 11932, 12152
2026/08/15 18:10:26.938, 11932, 12152
2026/08/15 18:10:31.939, 11932, 12152
2026/08/15 18:10:36.939, 11932, 12152
2026/08/15 18:10:41.940, 11932, 12152
2026/08/15 18:10:46.940, 11932, 12152
2026/08/15 18:10:51.940, 11932, 12152
2026/08/15 18:10:56.941, 11932, 12152
2026/08/15 18:11:01.941, 11932, 12152
2026/08/15 18:11:06.942, 11932, 12152
2026/08/15 18:11:11.942, 11932, 12152
2026/08/15 18:11:16.943, 11932, 12152
2026/08/15 18:11:21.943, 11932, 12152
2026/08/15 18:11:26.944, 11932, 12152
2026/08/15 18:11:31.945, 11932, 12152
2026/08/15 18:11:36.945, 11932, 12152
2026/08/15 18:11:41.946, 11932, 12152
2026/08/15 18:11:46.946, 11932, 12152
2026/08/15 18:11:51.947, 11932, 12152
2026/08/15 18:11:56.947, 11932, 12152
2026/08/15 18:12:01.948, 11932, 12152
2026/08/15 18:12:06.949, 11932, 12152
2026/08/15 18:12:11.949, 11932, 12152
2026/08/15 18:12:16.950, 11932, 12152
2026/08/15 18:12:21.950, 11932, 12152
2026/08/15 18:12:26.951, 11932, 12152
2026/08/15 18:12:31.952, 11932, 12152
2026/08/15 18:12:36.952, 11932, 12152
2026/08/15 18:12:41.953, 11932, 12152
2026/08/15 18:12:46.953, 11932, 12152
2026/08/15 18:12:51.954, 11932, 12152
2026/08/15 18:12:56.955, 11932, 12152
2026/08/15 18:13:01.955, 11932, 12152
2026/08/15 18:13:06.956, 11932, 12152
2026/08/15 18:13:11.956, 11932, 12152
2026/08/15 18:13:16.956, 11932, 12152
2026/08/15 18:13:21.957, 11932, 12152
2026/08/15 18:13:26.958, 11932, 12152
2026/08/15 18:13:31.958, 11932, 12152
2026/08/15 18:13:36.959, 11932, 12152
2026/08/15 18:13:41.959, 11932, 12152
2026/08/15 18:13:46.960, 11932, 12152
2026/08/15 18:13:51.960, 11932, 12152
2026/08/15 18:13:56.961, 11932, 12152
2026/08/15 18:14:01.961, 11932, 12152
2026/08/15 18:14:06.962, 11932, 12152
2026/08/15 18:14:11.962, 11932, 12152
2026/08/15 18:14:16.963, 11932, 12152
2026/08/15 18:14:21.963, 11932, 12152
2026/08/15 18:14:26.964, 11932, 12152
2026/08/15 18:14:31.965, 11932, 12152
2026/08/15 18:14:36.965, 11932, 12152
2026/08/15 18:14:41.966, 11932, 12152
2026/08/15 18:14:46.966, 11932, 12152
2026/08/15 18:14:51.967, 11932, 12152
2026/08/15 18:14:56.967, 11932, 12152
2026/08/15 18:15:01.968, 11932, 12152
2026/08/15 18:15:06.969, 11932, 12152
2026/08/15 18:15:11.969, 11932, 12152
2026/08/15 18:15:16.969, 11932, 12152
2026/08/15 18:15:21.970, 11932, 12152
2026/08/15 18:15:26.970, 11932, 12152
2026/08/15 18:15:31.971, 11932, 12152
2026/08/15 18:15:36.971, 11932, 12152
2026/08/15 18:15:41.972, 11932, 12152
2026/08/15 18:15:46.972, 11932, 12152
2026/08/15 18:15:51.973, 11932, 12152
2026/08/15 18:15:56.973, 11932, 12152
2026/08/15 18:16:01.974, 11932, 12152
2026/08/15 18:16:06.974, 11932, 12152
2026/08/15 18:16:11.975, 11932, 12152
2026/08/15 18:16:16.975, 11932, 12152
2026/08/15 18:16:21.976, 11932, 12152
2026/08/15 18:16:26.976, 11932, 12152
2026/08/15 18:16:31.976, 11932, 12152
2026/08/15 18:16:36.977, 11932, 12152
2026/08/15 18:16:41.977, 11932, 12152
2026/08/15 18:16:46.978, 11932, 12152
2026/08/15 18:16:51.978, 11932, 12152
2026/08/15 18:16:56.979, 11932, 12152
2026/08/15 18:17:01.979, 11932, 12152
2026/08/15 18:17:06.980, 11932, 12152
2026/08/15 18:17:11.980, 11932, 12152
2026/08/15 18:17:16.981, 11932, 12152
2026/08/15 18:17:21.982, 11932, 12152
2026/08/15 18:17:26.982, 11932, 12152
2026/08/15 18:17:31.983, 11932, 12152
2026/08/15 18:17:36.983, 11932, 12152
2026/08/15 18:17:41.984, 11932, 12152
2026/08/15 18:17:46.985, 11932, 12152
2026/08/15 18:17:51.985, 11932, 12152
2026/08/15 18:17:56.986, 11932, 12152
2026/08/15 18:18:01.986, 11932, 12152
2026/08/15 18:18:06.987, 11932, 12152
2026/08/15 18:18:11.988, 11932, 12152
2026/08/15 18:18:16.988, 11932, 12152
2026/08/15 18:18:21.989, 11932, 12152
2026/08/15 18:18:26.989, 11932, 12152
2026/08/15 18:18:31.990, 11932, 12152
2026/08/15 18:18:36.991, 11932, 12152
2026/08/15 18:18:41.991, 11932, 12152
2026/08/15 18:18:46.991, 11932, 12152
2026/08/15 18:18:51.992, 11932, 12152
2026/08/15 18:18:56.992, 11932, 12152
2026/08/15 18:19:01.993, 11932, 12152
2026/08/15 18:19:06.993, 11932, 12152
2026/08/15 18:19:11.994, 11932, 12152
2026/08/15 18:19:16.994, 11932, 12152
2026/08/15 18:19:21.995, 11932, 12152
2026/08/15 18:19:26.995, 11932, 12152
2026/08/15 18:19:31.996, 11932, 12152
2026/08/15 18:19:36.996, 11932, 12152
2026/08/15 18:19:41.997, 11932, 12152
2026/08/15 18:19:46.997, 11932, 12152
2026/08/15 18:19:51.998, 11932, 12152
2026/08/15 18:19:56.998, 11932, 12152
2026/08/15 18:20:01.999, 11932, 12152
2026/08/15 18:20:06.999, 11932, 12152
2026/08/15 18:20:12.000, 11932, 12152
2026/08/15 18:20:17.000, 11932, 12152
2026/08/15 18:20:22.001, 11932, 12152
2026/08/15 18:20:27.001, 11932, 12152
2026/08/15 18:20:32.002, 11932, 12152
2026/08/15 18:20:37.002, 11932, 12152
2026/08/15 18:20:42.003, 11932, 12152
2026/08/15 18:20:47.003, 11932, 12152
2026/08/15 18:20:52.004, 11932, 12152
2026/08/15 18:20:57.004, 11932, 12152
2026/08/15 18:21:02.005, 11932, 12152
2026/08/15 18:21:07.005, 11932, 12152
2026/08/15 18:21:12.006, 11932, 12152
2026/08/15 18:21:17.006, 11932, 12152
2026/08/15 18:21:22.007, 11932, 12152
2026/08/15 18:21:27.007, 11932, 12152
2026/08/15 18:21:32.008, 11932, 12152
2026/08/15 18:21:37.008, 11932, 12152
2026/08/15 18:21:42.009, 11932, 12152
2026/08/15 18:21:47.009, 11932, 12152
2026/08/15 18:21:52.010, 11932, 12152
2026/08/15 18:21:57.010, 11932, 12152
2026/08/15 18:22:02.011, 11932, 12152
2026/08/15 18:22:07.011, 11932, 12152
2026/08/15 18:22:12.012, 11932, 12152
2026/08/15 18:22:17.012, 11932, 12152
2026/08/15 18:22:22.013, 11932, 12152
2026/08/15 18:22:27.013, 11932, 12152
2026/08/15 18:22:32.013, 11932, 12152
2026/08/15 18:22:37.014, 11932, 12152
2026/08/15 18:22:42.014, 11932, 12152
2026/08/15 18:22:47.015, 11932, 12152
2026/08/15 18:22:52.015, 11932, 12152
2026/08/15 18:22:57.015, 11932, 12152
2026/08/15 18:23:02.016, 11932, 12152
2026/08/15 18:23:07.016, 11932, 12152
2026/08/15 18:23:12.017, 11932, 12152
2026/08/15 18:23:17.017, 11932, 12152
2026/08/15 18:23:22.017, 11932, 12152
2026/08/15 18:23:27.018, 11932, 12152
2026/08/15 18:23:32.018, 11932, 12152
2026/08/15 18:23:37.019, 11932, 12152
2026/08/15 18:23:42.019, 11932, 12152
2026/08/15 18:23:47.019, 11932, 12152
2026/08/15 18:23:52.020, 11932, 12152
2026/08/15 18:23:57.020, 11932, 12152
2026/08/15 18:24:02.020, 11932, 12152
2026/08/15 18:24:07.021, 11932, 12152
2026/08/15 18:24:12.021, 11932, 12152
2026/08/15 18:24:17.022, 11932, 12152
2026/08/15 18:24:22.022, 11932, 12152
2026/08/15 18:24:27.022, 11932, 12152
2026/08/15 18:24:32.023, 11932, 12152
2026/08/15 18:24:37.023, 11932, 12152
2026/08/15 18:24:42.024, 11932, 12152
2026/08/15 18:24:47.024, 11932, 12152
2026/08/15 18:24:52.024, 11932, 12152
2026/08/15 18:24:57.025, 11932, 12152
2026/08/15 18:25:02.025, 11932, 12152
2026/08/15 18:25:07.026, 11932, 12152
2026/08/15 18:25:12.026, 11932, 12152
2026/08/15 18:25:17.027, 11932, 12152
2026/08/15 18:25:22.027, 11932, 12152
2026/08/15 18:25:27.027, 11932, 12152
2026/08/15 18:25:32.028, 11932, 12152
2026/08/15 18:25:37.028, 11932, 12152
2026/08/15 18:25:42.029, 11932, 12152
2026/08/15 18:25:47.029, 11932, 12152
2026/08/15 18:25:52.030, 11932, 12152
2026/08/15 18:25:57.030, 11932, 12152
2026/08/15 18:26:02.030, 11932, 12152
2026/08/15 18:26:07.031, 11932, 12152
2026/08/15 18:26:12.031, 11932, 12152
2026/08/15 18:26:17.032, 11932, 12152
2026/08/15 18:26:22.032, 11932, 12152
2026/08/15 18:26:27.033, 11932, 12152
2026/08/15 18:26:32.033, 11932, 12152
2026/08/15 18:26:37.033, 11932, 12152
2026/08/15 18:26:42.034, 11932, 12152
2026/08/15 18:26:47.034, 11932, 12152
2026/08/15 18:26:52.035, 11932, 12152
2026/08/15 18:26:57.035, 11932, 12152
2026/08/15 18:27:02.035, 11932, 12152
2026/08/15 18:27:07.036, 11932, 12152
2026/08/15 18:27:12.036, 11932, 12152
2026/08/15 18:27:17.037, 11932, 12152
2026/08/15 18:27:22.037, 11932, 12152
2026/08/15 18:27:27.038, 11932, 12152
2026/08/15 18:27:32.038, 11932, 12152
2026/08/15 18:27:37.038, 11932, 12152
2026/08/15 18:27:42.039, 11932, 12152
2026/08/15 18:27:47.039, 11932, 12152
2026/08/15 18:27:52.040, 11932, 12152
2026/08/15 18:27:57.040, 11932, 12152
2026/08/15 18:28:02.041, 11932, 12152
2026/08/15 18:28:07.041, 11932, 12152
2026/08/15 18:28:12.041, 11932, 12152
2026/08/15 18:28:17.042, 11932, 12152
2026/08/15 18:28:22.042, 11932, 12152
2026/08/15 18:28:27.043, 11932, 12152
2026/08/15 18:28:32.043, 11932, 12152
2026/08/15 18:28:37.044, 11932, 12152
2026/08/15 18:28:42.044, 11932, 12152
2026/08/15 18:28:47.044, 11932, 12152
2026/08/15 18:28:52.045, 11932, 12152
2026/08/15 18:28:57.045, 11932, 12152
2026/08/15 18:29:02.046, 11932, 12152
2026/08/15 18:29:07.046, 11932, 12152
2026/08/15 18:29:12.047, 11932, 12152
2026/08/15 18:29:17.047, 11932, 12152
2026/08/15 18:29:22.047, 11932, 12152
2026/08/15 18:29:27.048, 11932, 12152
2026/08/15 18:29:32.048, 11932, 12152
2026/08/15 18:29:37.049, 11932, 12152
2026/08/15 18:29:42.049, 11932, 12152
2026/08/15 18:29:47.050, 11932, 12152
2026/08/15 18:29:52.050, 11932, 12152
2026/08/15 18:29:57.050, 11932, 12152
2026/08/15 18:30:02.051, 11932, 12152
2026/08/15 18:30:07.051, 11932, 12152
2026/08/15 18:30:12.052, 11932, 12152
2026/08/15 18:30:17.052, 11932, 12152
2026/08/15 18:30:22.053, 11932, 12152
2026/08/15 18:30:27.053, 11932, 12152
2026/08/15 18:30:32.053, 11932, 12152
2026/08/15 18:30:37.054, 11932, 12152
2026/08/15 18:30:42.054, 11932, 12152
2026/08/15 18:30:47.055, 11932, 12152
2026/08/15 18:30:52.055, 11932, 12152
2026/08/15 18:30:57.056, 11932, 12152
2026/08/15 18:31:02.057, 11932, 12152
2026/08/15 18:31:07.057, 11932, 12152
2026/08/15 18:31:12.058, 11932, 12152
2026/08/15 18:31:17.058, 11932, 12152
2026/08/15 18:31:22.058, 11932, 12152
2026/08/15 18:31:27.059, 11932, 12152
2026/08/15 18:31:32.059, 11932, 12152
2026/08/15 18:31:37.060, 11932, 12152
2026/08/15 18:31:42.060, 11932, 12152
2026/08/15 18:31:47.061, 11932, 12152
2026/08/15 18:31:52.061, 11932, 12152
2026/08/15 18:31:57.062, 11932, 12152
2026/08/15 18:32:02.062, 11932, 12152
2026/08/15 18:32:07.063, 11932, 12152
2026/08/15 18:32:12.063, 11932, 12152
2026/08/15 18:32:17.064, 11932, 12152
2026/08/15 18:32:22.064, 11932, 12152
2026/08/15 18:32:27.065, 11932, 12152
2026/08/15 18:32:32.065, 11932, 12152
2026/08/15 18:32:37.065, 11932, 12152
2026/08/15 18:32:42.066, 11932, 12152
2026/08/15 18:32:47.066, 11932, 12152
2026/08/15 18:32:52.067, 11932, 12152
2026/08/15 18:32:57.067, 11932, 12152
2026/08/15 18:33:02.068, 11932, 12152
2026/08/15 18:33:07.068, 11932, 12152
2026/08/15 18:33:12.069, 11932, 12152
2026/08/15 18:33:17.069, 11932, 12152
2026/08/15 18:33:22.069, 11932, 12152
2026/08/15 18:33:27.070, 11932, 12152
2026/08/15 18:33:32.070, 11932, 12152
2026/08/15 18:33:37.071, 11932, 12152
2026/08/15 18:33:42.071, 11932, 12152
2026/08/15 18:33:47.072, 11932, 12152
2026/08/15 18:33:52.072, 11932, 12152
2026/08/15 18:33:57.073, 11932, 12152
2026/08/15 18:34:02.073, 11932, 12152
2026/08/15 18:34:07.074, 11932, 12152
2026/08/15 18:34:12.074, 11932, 12152
2026/08/15 18:34:17.074, 11932, 12152
2026/08/15 18:34:22.075, 11932, 12152
2026/08/15 18:34:27.075, 11932, 12152
2026/08/15 18:34:32.076, 11932, 12152
2026/08/15 18:34:37.076, 11932, 12152
2026/08/15 18:34:42.077, 11932, 12152
2026/08/15 18:34:47.077, 11932, 12152
2026/08/15 18:34:52.078, 11932, 12152
2026/08/15 18:34:57.078, 11932, 12152
2026/08/15 18:35:02.079, 11932, 12152
2026/08/15 18:35:07.079, 11932, 12152
2026/08/15 18:35:12.079, 11932, 12152
2026/08/15 18:35:17.080, 11932, 12152
2026/08/15 18:35:22.080, 11932, 12152
2026/08/15 18:35:27.081, 11932, 12152
2026/08/15 18:35:32.081, 11932, 12152
2026/08/15 18:35:37.082, 11932, 12152
2026/08/15 18:35:42.082, 11932, 12152
2026/08/15 18:35:47.083, 11932, 12152
2026/08/15 18:35:52.083, 11932, 12152
2026/08/15 18:35:57.083, 11932, 12152
2026/08/15 18:36:02.084, 11932, 12152
2026/08/15 18:36:07.084, 11932, 12152
2026/08/15 18:36:12.085, 11932, 12152
2026/08/15 18:36:17.085, 11932, 12152
2026/08/15 18:36:22.086, 11932, 12152
2026/08/15 18:36:27.086, 11932, 12152
2026/08/15 18:36:32.087, 11932, 12152
2026/08/15 18:36:37.087, 11932, 12152
2026/08/15 18:36:42.088, 11932, 12152
2026/08/15 18:36:47.088, 11932, 12152
2026/08/15 18:36:52.089, 11932, 12152
2026/08/15 18:36:57.089, 11932, 12152
2026/08/15 18:37:02.090, 11932, 12152
2026/08/15 18:37:07.090, 11932, 12152
2026/08/15 18:37:12.091, 11932, 12152
2026/08/15 18:37:17.091, 11932, 12152
2026/08/15 18:37:22.092, 11932, 12152
2026/08/15 18:37:27.092, 11932, 12152
2026/08/15 18:37:32.093, 11932, 12152
2026/08/15 18:37:37.093, 11932, 12152
2026/08/15 18:37:42.094, 11932, 12152
2026/08/15 18:37:47.094, 11932, 12152
2026/08/15 18:37:52.095, 11932, 12152
2026/08/15 18:37:57.095, 11932, 12152
2026/08/15 18:38:02.096, 11932, 12152
2026/08/15 18:38:07.096, 11932, 12152
2026/08/15 18:38:12.097, 11932, 12152
2026/08/15 18:38:17.097, 11932, 12152
2026/08/15 18:38:22.098, 11932, 12152
2026/08/15 18:38:27.098, 11932, 12152
2026/08/15 18:38:32.098, 11932, 12152
2026/08/15 18:38:37.099, 11932, 12152
2026/08/15 18:38:42.099, 11932, 12152
2026/08/15 18:38:47.100, 11932, 12152
2026/08/15 18:38:52.100, 11932, 12152
2026/08/15 18:38:57.101, 11932, 12152
2026/08/15 18:39:02.101, 11932, 12152
2026/08/15 18:39:07.102, 11932, 12152
2026/08/15 18:39:12.102, 11932, 12152
2026/08/15 18:39:17.103, 11932, 12152
2026/08/15 18:39:22.103, 11932, 12152
2026/08/15 18:39:27.103, 11932, 12152
2026/08/15 18:39:32.104, 11932, 12152
2026/08/15 18:39:37.104, 11932, 12152
2026/08/15 18:39:42.105, 11932, 12152
2026/08/15 18:39:47.105, 11932, 12152
2026/08/15 18:39:52.106, 11932, 12152
2026/08/15 18:39:57.106, 11932, 12152
2026/08/15 18:40:02.107, 11932, 12152
2026/08/15 18:40:07.107, 11932, 12152
2026/08/15 18:40:12.108, 11932, 12152
2026/08/15 18:40:17.108, 11932, 12152
2026/08/15 18:40:22.109, 11932, 12152
2026/08/15 18:40:27.109, 11932, 12152
2026/08/15 18:40:32.110, 11932, 12152
2026/08/15 18:40:37.110, 11932, 12152
2026/08/15 18:40:42.111, 11932, 12152
2026/08/15 18:40:47.111, 11932, 12152
2026/08/15 18:40:52.111, 11932, 12152
2026/08/15 18:40:57.112, 11932, 12152
2026/08/15 18:41:02.112, 11932, 12152
2026/08/15 18:41:07.113, 11932, 12152
2026/08/15 18:41:12.113, 11932, 12152
2026/08/15 18:41:17.114, 11932, 12152
2026/08/15 18:41:22.114, 11932, 12152
2026/08/15 18:41:27.115, 11932, 12152
2026/08/15 18:41:32.115, 11932, 12152
2026/08/15 18:41:37.116, 11932, 12152
2026/08/15 18:41:42.116, 11932, 12152
2026/08/15 18:41:47.117, 11932, 12152
2026/08/15 18:41:52.117, 11932, 12152
2026/08/15 18:41:57.118, 11932, 12152
2026/08/15 18:42:02.119, 11932, 12152
2026/08/15 18:42:07.119, 11932, 12152
2026/08/15 18:42:12.120, 11932, 12152
2026/08/15 18:42:17.120, 11932, 12152
2026/08/15 18:42:22.121, 11932, 12152
2026/08/15 18:42:27.122, 11932, 12152
2026/08/15 18:42:32.122, 11932, 12152
2026/08/15 18:42:37.123, 11932, 12152
2026/08/15 18:42:42.123, 11932, 12152
2026/08/15 18:42:47.124, 11932, 12152
2026/08/15 18:42:52.124, 11932, 12152
2026/08/15 18:42:57.125, 11932, 12152
2026/08/15 18:43:02.125, 11932, 12152
2026/08/15 18:43:07.126, 11932, 12152
2026/08/15 18:43:12.126, 11932, 12152
2026/08/15 18:43:17.127, 11932, 12152
2026/08/15 18:43:22.127, 11932, 12152
2026/08/15 18:43:27.128, 11932, 12152
2026/08/15 18:43:32.128, 11932, 12152
2026/08/15 18:43:37.129, 11932, 12152
2026/08/15 18:43:42.129, 11932, 12152
2026/08/15 18:43:47.129, 11932, 12152
2026/08/15 18:43:52.130, 11932, 12152
2026/08/15 18:43:57.130, 11932, 12152
2026/08/15 18:44:02.131, 11932, 12152
2026/08/15 18:44:07.131, 11932, 12152
2026/08/15 18:44:12.131, 11932, 12152
2026/08/15 18:44:17.132, 11932, 12152
2026/08/15 18:44:22.132, 11932, 12152
2026/08/15 18:44:27.133, 11932, 12152
2026/08/15 18:44:32.133, 11932, 12152
2026/08/15 18:44:37.134, 11932, 12152
2026/08/15 18:44:42.134, 11932, 12152
2026/08/15 18:44:47.134, 11932, 12152
2026/08/15 18:44:52.135, 11932, 12152
2026/08/15 18:44:57.135, 11932, 12152
2026/08/15 18:45:02.136, 11932, 12152
2026/08/15 18:45:07.136, 11932, 12152
2026/08/15 18:45:12.137, 11932, 12152
2026/08/15 18:45:17.137, 11932, 12152
2026/08/15 18:45:22.138, 11932, 12152
2026/08/15 18:45:27.138, 11932, 12152
2026/08/15 18:45:32.139, 11932, 12152
2026/08/15 18:45:37.139, 11932, 12152
2026/08/15 18:45:42.140, 11932, 12152
2026/08/15 18:45:47.140, 11932, 12152
2026/08/15 18:45:52.140, 11932, 12152
2026/08/15 18:45:57.141, 11932, 12152
2026/08/15 18:46:02.141, 11932, 12152
2026/08/15 18:46:07.142, 11932, 12152
2026/08/15 18:46:12.142, 11932, 12152
2026/08/15 18:46:17.143, 11932, 12152
2026/08/15 18:46:22.143, 11932, 12152
2026/08/15 18:46:27.143, 11932, 12152
2026/08/15 18:46:32.144, 11932, 12152
2026/08/15 18:46:37.144, 11932, 12152
2026/08/15 18:46:42.145, 11932, 12152
2026/08/15 18:46:47.145, 11932, 12152
2026/08/15 18:46:52.146, 11932, 12152
2026/08/15 18:46:57.146, 11932, 12152
2026/08/15 18:47:02.146, 11932, 12152
2026/08/15 18:47:07.147, 11932, 12152
2026/08/15 18:47:12.147, 11932, 12152
2026/08/15 18:47:17.148, 11932, 12152
2026/08/15 18:47:22.148, 11932, 12152
2026/08/15 18:47:27.149, 11932, 12152
2026/08/15 18:47:32.149, 11932, 12152
2026/08/15 18:47:37.149, 11932, 12152
2026/08/15 18:47:42.150, 11932, 12152
2026/08/15 18:47:47.150, 11932, 12152
2026/08/15 18:47:52.151, 11932, 12152
2026/08/15 18:47:57.151, 11932, 12152
2026/08/15 18:48:02.152, 11932, 12152
2026/08/15 18:48:07.152, 11932, 12152
2026/08/15 18:48:12.152, 11932, 12152
2026/08/15 18:48:17.153, 11932, 12152
2026/08/15 18:48:22.153, 11932, 12152
2026/08/15 18:48:27.154, 11932, 12152
2026/08/15 18:48:32.154, 11932, 12152
2026/08/15 18:48:37.155, 11932, 12152
2026/08/15 18:48:42.155, 11932, 12152
2026/08/15 18:48:47.156, 11932, 12152
2026/08/15 18:48:52.156, 11932, 12152
2026/08/15 18:48:57.156, 11932, 12152
2026/08/15 18:49:02.157, 11932, 12152
2026/08/15 18:49:07.157, 11932, 12152
2026/08/15 18:49:12.158, 11932, 12152
2026/08/15 18:49:17.158, 11932, 12152
2026/08/15 18:49:22.159, 11932, 12152
2026/08/15 18:49:27.159, 11932, 12152
2026/08/15 18:49:32.159, 11932, 12152
2026/08/15 18:49:37.160, 11932, 12152
2026/08/15 18:49:42.160, 11932, 12152
2026/08/15 18:49:47.161, 11932, 12152
2026/08/15 18:49:52.161, 11932, 12152
2026/08/15 18:49:57.162, 11932, 12152
2026/08/15 18:50:02.162, 11932, 12152
2026/08/15 18:50:07.162, 11932, 12152
2026/08/15 18:50:12.163, 11932, 12152
2026/08/15 18:50:17.163, 11932, 12152
2026/08/15 18:50:22.164, 11932, 12152
2026/08/15 18:50:27.164, 11932, 12152
2026/08/15 18:50:32.165, 11932, 12152
2026/08/15 18:50:37.165, 11932, 12152
2026/08/15 18:50:42.165, 11932, 12152
2026/08/15 18:50:47.166, 11932, 12152
2026/08/15 18:50:52.166, 11932, 12152
2026/08/15 18:50:57.167, 11932, 12152
2026/08/15 18:51:02.167, 11932, 12152
2026/08/15 18:51:07.168, 11932, 12152
2026/08/15 18:51:12.168, 11932, 12152
2026/08/15 18:51:17.168, 11932, 12152
2026/08/15 18:51:22.169, 11932, 12152
2026/08/15 18:51:27.169, 11932, 12152
2026/08/15 18:51:32.170, 11932, 12152
2026/08/15 18:51:37.170, 11932, 12152
2026/08/15 18:51:42.171, 11932, 12152
2026/08/15 18:51:47.171, 11932, 12152
2026/08/15 18:51:52.172, 11932, 12152
2026/08/15 18:51:57.172, 11932, 12152
2026/08/15 18:52:02.172, 11932, 12152
2026/08/15 18:52:07.173, 11932, 12152
2026/08/15 18:52:12.173, 11932, 12152
2026/08/15 18:52:17.174, 11932, 12152
2026/08/15 18:52:22.174, 11932, 12152
2026/08/15 18:52:27.175, 11932, 12152
2026/08/15 18:52:32.175, 11932, 12152
2026/08/15 18:52:37.175, 11932, 12152
2026/08/15 18:52:42.176, 11932, 12152
2026/08/15 18:52:47.176, 11932, 12152
2026/08/15 18:52:52.177, 11932, 12152
2026/08/15 18:52:57.177, 11932, 12152
2026/08/15 18:53:02.178, 11932, 12152
2026/08/15 18:53:07.178, 11932, 12152
2026/08/15 18:53:12.178, 11932, 12152
2026/08/15 18:53:17.179, 11932, 12152
2026/08/15 18:53:22.179, 11932, 12152
2026/08/15 18:53:27.180, 11932, 12152
2026/08/15 18:53:32.180, 11932, 12152
2026/08/15 18:53:37.181, 11932, 12152
2026/08/15 18:53:42.181, 11932, 12152
2026/08/15 18:53:47.181, 11932, 12152
2026/08/15 18:53:52.182, 11932, 12152
2026/08/15 18:53:57.182, 11932, 12152
2026/08/15 18:54:02.183, 11932, 12152
2026/08/15 18:54:07.183, 11932, 12152
2026/08/15 18:54:12.184, 11932, 12152
2026/08/15 18:54:17.184, 11932, 12152
2026/08/15 18:54:22.184, 11932, 12152
2026/08/15 18:54:27.185, 11932, 12152
2026/08/15 18:54:32.185, 11932, 12152
2026/08/15 18:54:37.186, 11932, 12152
2026/08/15 18:54:42.186, 11932, 12152
2026/08/15 18:54:47.187, 11932, 12152
2026/08/15 18:54:52.187, 11932, 12152
2026/08/15 18:54:57.188, 11932, 12152
2026/08/15 18:55:02.188, 11932, 12152
2026/08/15 18:55:07.188, 11932, 12152
2026/08/15 18:55:12.189, 11932, 12152
2026/08/15 18:55:17.189, 11932, 12152
2026/08/15 18:55:22.190, 11932, 12152
2026/08/15 18:55:27.190, 11932, 12152
2026/08/15 18:55:32.191, 11932, 12152
2026/08/15 18:55:37.191, 11932, 12152
2026/08/15 18:55:42.191, 11932, 12152
2026/08/15 18:55:47.192, 11932, 12152
2026/08/15 18:55:52.192, 11932, 12152
2026/08/15 18:55:57.193, 11932, 12152
2026/08/15 18:56:02.193, 11932, 12152
2026/08/15 18:56:07.194, 11932, 12152
2026/08/15 18:56:12.194, 11932, 12152
2026/08/15 18:56:17.194, 11932, 12152
2026/08/15 18:56:22.195, 11932, 12152
2026/08/15 18:56:27.195, 11932, 12152
2026/08/15 18:56:32.196, 11932, 12152
2026/08/15 18:56:37.196, 11932, 12152
2026/08/15 18:56:42.197, 11932, 12152
2026/08/15 18:56:47.197, 11932, 12152
2026/08/15 18:56:52.197, 11932, 12152
2026/08/15 18:56:57.198, 11932, 12152
2026/08/15 18:57:02.198, 11932, 12152
2026/08/15 18:57:07.199, 11932, 12152
2026/08/15 18:57:12.199, 11932, 12152
2026/08/15 18:57:17.200, 11932, 12152
2026/08/15 18:57:22.200, 11932, 12152
2026/08/15 18:57:27.201, 11932, 12152
2026/08/15 18:57:32.201, 11932, 12152
2026/08/15 18:57:37.201, 11932, 12152
2026/08/15 18:57:42.202, 11932, 12152
2026/08/15 18:57:47.202, 11932, 12152
2026/08/15 18:57:52.203, 11932, 12152
2026/08/15 18:57:57.203, 11932, 12152
2026/08/15 18:58:02.204, 11932, 12152
2026/08/15 18:58:07.204, 11932, 12152
2026/08/15 18:58:12.204, 11932, 12152
2026/08/15 18:58:17.205, 11932, 12152
2026/08/15 18:58:22.205, 11932, 12152
2026/08/15 18:58:27.206, 11932, 12152
2026/08/15 18:58:32.206, 11932, 12152
2026/08/15 18:58:37.207, 11932, 12152
2026/08/15 18:58:42.207, 11932, 12152
2026/08/15 18:58:47.208, 11932, 12152
2026/08/15 18:58:52.208, 11932, 12152
2026/08/15 18:58:57.208, 11932, 12152
2026/08/15 18:59:02.209, 11932, 12152
2026/08/15 18:59:07.209, 11932, 12152
2026/08/15 18:59:12.210, 11932, 12152
2026/08/15 18:59:17.210, 11932, 12152
2026/08/15 18:59:22.211, 11932, 12152
2026/08/15 18:59:27.211, 11932, 12152
2026/08/15 18:59:32.212, 11932, 12152
2026/08/15 18:59:37.212, 11932, 12152
2026/08/15 18:59:42.212, 11932, 12152
2026/08/15 18:59:47.213, 11932, 12152
2026/08/15 18:59:52.213, 11932, 12152
2026/08/15 18:59:57.214, 11932, 12152
2026/08/15 19:00:02.214, 11932, 12152
2026/08/15 19:00:07.215, 11932, 12152
2026/08/15 19:00:12.215, 11932, 12152
2026/08/15 19:00:17.216, 11932, 12152
2026/08/15 19:00:22.216, 11932, 12152
2026/08/15 19:00:27.217, 11932, 12152
2026/08/15 19:00:32.217, 11932, 12152
2026/08/15 19:00:37.218, 11932, 12152
2026/08/15 19:00:42.218, 11932, 12152
2026/08/15 19:00:47.218, 11932, 12152
2026/08/15 19:00:52.219, 11932, 12152
2026/08/15 19:00:57.219, 11932, 12152
2026/08/15 19:01:02.220, 11932, 12152
2026/08/15 19:01:07.220, 11932, 12152
2026/08/15 19:01:12.221, 11932, 12152
2026/08/15 19:01:17.221, 11932, 12152
2026/08/15 19:01:22.221, 11932, 12152
2026/08/15 19:01:27.222, 11932, 12152
2026/08/15 19:01:32.222, 11932, 12152
2026/08/15 19:01:37.223, 11932, 12152
2026/08/15 19:01:42.223, 11932, 12152
2026/08/15 19:01:47.224, 11932, 12152
2026/08/15 19:01:52.224, 11932, 12152
2026/08/15 19:01:57.224, 11932, 12152
2026/08/15 19:02:02.225, 11932, 12152
2026/08/15 19:02:07.225, 11932, 12152
2026/08/15 19:02:12.226, 11932, 12152
2026/08/15 19:02:17.226, 11932, 12152
2026/08/15 19:02:22.227, 11932, 12152
2026/08/15 19:02:27.227, 11932, 12152
2026/08/15 19:02:32.227, 11932, 12152
2026/08/15 19:02:37.228, 11932, 12152
2026/08/15 19:02:42.228, 11932, 12152
2026/08/15 19:02:47.229, 11932, 12152
2026/08/15 19:02:52.229, 11932, 12152
2026/08/15 19:02:57.230, 11932, 12152
2026/08/15 19:03:02.230, 11932, 12152
2026/08/15 19:03:07.230, 11932, 12152
2026/08/15 19:03:12.231, 11932, 12152
2026/08/15 19:03:17.231, 11932, 12152
2026/08/15 19:03:22.232, 11932, 12152
2026/08/15 19:03:27.232, 11932, 12152
2026/08/15 19:03:32.233, 11932, 12152
2026/08/15 19:03:37.233, 11932, 12152
2026/08/15 19:03:42.234, 11932, 12152
2026/08/15 19:03:47.234, 11932, 12152
2026/08/15 19:03:52.234, 11932, 12152
2026/08/15 19:03:57.235, 11932, 12152
2026/08/15 19:04:02.235, 11932, 12152
2026/08/15 19:04:07.236, 11932, 12152
2026/08/15 19:04:12.236, 11932, 12152
2026/08/15 19:04:17.237, 11932, 12152
2026/08/15 19:04:22.237, 11932, 12152
2026/08/15 19:04:27.238, 11932, 12152
2026/08/15 19:04:32.238, 11932, 12152
2026/08/15 19:04:37.239, 11932, 12152
2026/08/15 19:04:42.239, 11932, 12152
2026/08/15 19:04:47.239, 11932, 12152
2026/08/15 19:04:52.240, 11932, 12152
2026/08/15 19:04:57.240, 11932, 12152
2026/08/15 19:05:02.241, 11932, 12152
2026/08/15 19:05:07.241, 11932, 12152
2026/08/15 19:05:12.242, 11932, 12152
2026/08/15 19:05:17.242, 11932, 12152
2026/08/15 19:05:22.243, 11932, 12152
2026/08/15 19:05:27.243, 11932, 12152
2026/08/15 19:05:32.244, 11932, 12152
2026/08/15 19:05:37.244, 11932, 12152
2026/08/15 19:05:42.245, 11932, 12152
2026/08/15 19:05:47.245, 11932, 12152
2026/08/15 19:05:52.246, 11932, 12152
2026/08/15 19:05:57.246, 11932, 12152
2026/08/15 19:06:02.247, 11932, 12152
2026/08/15 19:06:07.247, 11932, 12152
2026/08/15 19:06:12.248, 11932, 12152
2026/08/15 19:06:17.248, 11932, 12152
2026/08/15 19:06:22.249, 11932, 12152
2026/08/15 19:06:27.249, 11932, 12152
2026/08/15 19:06:32.250, 11932, 12152
2026/08/15 19:06:37.250, 11932, 12152
2026/08/15 19:06:42.250, 11932, 12152
2026/08/15 19:06:47.251, 11932, 12152
2026/08/15 19:06:52.251, 11932, 12152
2026/08/15 19:06:57.252, 11932, 12152
2026/08/15 19:07:02.252, 11932, 12152
2026/08/15 19:07:07.253, 11932, 12152
2026/08/15 19:07:12.253, 11932, 12152
2026/08/15 19:07:17.254, 11932, 12152
2026/08/15 19:07:22.254, 11932, 12152
2026/08/15 19:07:27.255, 11932, 12152
2026/08/15 19:07:32.255, 11932, 12152
2026/08/15 19:07:37.256, 11932, 12152
2026/08/15 19:07:42.256, 11932, 12152
2026/08/15 19:07:47.256, 11932, 12152
2026/08/15 19:07:52.257, 11932, 12152
2026/08/15 19:07:57.257, 11932, 12152
2026/08/15 19:08:02.258, 11932, 12152
2026/08/15 19:08:07.258, 11932, 12152
2026/08/15 19:08:12.259, 11932, 12152
2026/08/15 19:08:17.259, 11932, 12152
2026/08/15 19:08:22.260, 11932, 12152
2026/08/15 19:08:27.260, 11932, 12152
2026/08/15 19:08:32.261, 11932, 12152
2026/08/15 19:08:37.261, 11932, 12152
2026/08/15 19:08:42.261, 11932, 12152
2026/08/15 19:08:47.262, 11932, 12152
2026/08/15 19:08:52.262, 11932, 12152
2026/08/15 19:08:57.263, 11932, 12152
2026/08/15 19:09:02.263, 11932, 12152
2026/08/15 19:09:07.264, 11932, 12152
2026/08/15 19:09:12.264, 11932, 12152
2026/08/15 19:09:17.265, 11932, 12152
2026/08/15 19:09:22.265, 11932, 12152
2026/08/15 19:09:27.266, 11932, 12152
2026/08/15 19:09:32.266, 11932, 12152
2026/08/15 19:09:37.267, 11932, 12152
2026/08/15 19:09:42.267, 11932, 12152
2026/08/15 19:09:47.268, 11932, 12152
2026/08/15 19:09:52.268, 11932, 12152
2026/08/15 19:09:57.269, 11932, 12152
2026/08/15 19:10:02.270, 11932, 12152
2026/08/15 19:10:07.270, 11932, 12152
2026/08/15 19:10:12.271, 11932, 12152
2026/08/15 19:10:17.272, 11932, 12152
2026/08/15 19:10:22.272, 11932, 12152
2026/08/15 19:10:27.273, 11932, 12152
2026/08/15 19:10:32.273, 11932, 12152
2026/08/15 19:10:37.274, 11932, 12152
2026/08/15 19:10:42.275, 11932, 12152
2026/08/15 19:10:47.275, 11932, 12152
2026/08/15 19:10:52.276, 11932, 12152
2026/08/15 19:10:57.277, 11932, 12152
2026/08/15 19:11:02.277, 11932, 12152
2026/08/15 19:11:07.278, 11932, 12152
2026/08/15 19:11:12.278, 11932, 12152
2026/08/15 19:11:17.279, 11932, 12152
2026/08/15 19:11:22.279, 11932, 12152
2026/08/15 19:11:27.280, 11932, 12152
2026/08/15 19:11:32.281, 11932, 12152
2026/08/15 19:11:37.281, 11932, 12152
2026/08/15 19:11:42.282, 11932, 12152
2026/08/15 19:11:47.282, 11932, 12152
2026/08/15 19:11:52.283, 11932, 12152
2026/08/15 19:11:57.284, 11932, 12152
2026/08/15 19:12:02.284, 11932, 12152
2026/08/15 19:12:07.285, 11932, 12152
2026/08/15 19:12:12.285, 11932, 12152
2026/08/15 19:12:17.286, 11932, 12152
2026/08/15 19:12:22.286, 11932, 12152
2026/08/15 19:12:27.287, 11932, 12152
2026/08/15 19:12:32.287, 11932, 12152
2026/08/15 19:12:37.288, 11932, 12152
2026/08/15 19:12:42.289, 11932, 12152
2026/08/15 19:12:47.289, 11932, 12152
2026/08/15 19:12:52.290, 11932, 12152
2026/08/15 19:12:57.290, 11932, 12152
2026/08/15 19:13:02.291, 11932, 12152
2026/08/15 19:13:07.292, 11932, 12152
2026/08/15 19:13:12.292, 11932, 12152
2026/08/15 19:13:17.293, 11932, 12152
2026/08/15 19:13:22.293, 11932, 12152
2026/08/15 19:13:27.294, 11932, 12152
2026/08/15 19:13:32.295, 11932, 12152
2026/08/15 19:13:37.295, 11932, 12152
2026/08/15 19:13:42.296, 11932, 12152
2026/08/15 19:13:47.297, 11932, 12152
2026/08/15 19:13:52.297, 11932, 12152
2026/08/15 19:13:57.298, 11932, 12152
2026/08/15 19:14:02.298, 11932, 12152
2026/08/15 19:14:07.299, 11932, 12152
2026/08/15 19:14:12.300, 11932, 12152
2026/08/15 19:14:17.300, 11932, 12152
2026/08/15 19:14:22.301, 11932, 12152
2026/08/15 19:14:27.301, 11932, 12152
2026/08/15 19:14:32.301, 11932, 12152
2026/08/15 19:14:37.302, 11932, 12152
2026/08/15 19:14:42.303, 11932, 12152
2026/08/15 19:14:47.303, 11932, 12152
2026/08/15 19:14:52.304, 11932, 12152
2026/08/15 19:14:57.304, 11932, 12152
2026/08/15 19:15:02.304, 11932, 12152
2026/08/15 19:15:07.305, 11932, 12152
2026/08/15 19:15:12.305, 11932, 12152
2026/08/15 19:15:17.306, 11932, 12152
2026/08/15 19:15:22.306, 11932, 12152
2026/08/15 19:15:27.307, 11932, 12152
2026/08/15 19:15:32.307, 11932, 12152
2026/08/15 19:15:37.308, 11932, 12152
2026/08/15 19:15:42.308, 11932, 12152
2026/08/15 19:15:47.309, 11932, 12152
2026/08/15 19:15:52.309, 11932, 12152
2026/08/15 19:15:57.310, 11932, 12152
2026/08/15 19:16:02.310, 11932, 12152
2026/08/15 19:16:07.311, 11932, 12152
2026/08/15 19:16:12.311, 11932, 12152
2026/08/15 19:16:17.312, 11932, 12152
2026/08/15 19:16:22.312, 11932, 12152
2026/08/15 19:16:27.313, 11932, 12152
2026/08/15 19:16:32.313, 11932, 12152
2026/08/15 19:16:37.314, 11932, 12152
2026/08/15 19:16:42.314, 11932, 12152
2026/08/15 19:16:47.315, 11932, 12152
2026/08/15 19:16:52.316, 11932, 12152
2026/08/15 19:16:57.316, 11932, 12152
2026/08/15 19:17:02.317, 11932, 12152
2026/08/15 19:17:07.317, 11932, 12152
2026/08/15 19:17:12.318, 11932, 12152
2026/08/15 19:17:17.318, 11932, 12152
2026/08/15 19:17:22.319, 11932, 12152
2026/08/15 19:17:27.319, 11932, 12152
2026/08/15 19:17:32.320, 11932, 12152
2026/08/15 19:17:37.320, 11932, 12152
2026/08/15 19:17:42.321, 11932, 12152
2026/08/15 19:17:47.321, 11932, 12152
2026/08/15 19:17:52.322, 11932, 12152
2026/08/15 19:17:57.322, 11932, 12152
2026/08/15 19:18:02.323, 11932, 12152
2026/08/15 19:18:07.324, 11932, 12152
2026/08/15 19:18:12.324, 11932, 12152
2026/08/15 19:18:17.325, 11932, 12152
2026/08/15 19:18:22.325, 11932, 12152
2026/08/15 19:18:27.326, 11932, 12152
2026/08/15 19:18:32.327, 11932, 12152
2026/08/15 19:18:37.327, 11932, 12152
2026/08/15 19:18:42.328, 11932, 12152
2026/08/15 19:18:47.328, 11932, 12152
2026/08/15 19:18:52.329, 11932, 12152
2026/08/15 19:18:57.330, 11932, 12152
2026/08/15 19:19:02.330, 11932, 12152
2026/08/15 19:19:07.331, 11932, 12152
2026/08/15 19:19:12.331, 11932, 12152
2026/08/15 19:19:17.332, 11932, 12152
2026/08/15 19:19:22.333, 11932, 12152
2026/08/15 19:19:27.333, 11932, 12152
2026/08/15 19:19:32.334, 11932, 12152
2026/08/15 19:19:37.335, 11932, 12152
2026/08/15 19:19:42.335, 11932, 12152
2026/08/15 19:19:47.336, 11932, 12152
2026/08/15 19:19:52.336, 11932, 12152
2026/08/15 19:19:57.337, 11932, 12152
2026/08/15 19:20:02.338, 11932, 12152
2026/08/15 19:20:07.338, 11932, 12152
2026/08/15 19:20:12.339, 11932, 12152
2026/08/15 19:20:17.339, 11932, 12152
2026/08/15 19:20:22.340, 11932, 12152
2026/08/15 19:20:27.340, 11932, 12152
2026/08/15 19:20:32.341, 11932, 12152
2026/08/15 19:20:37.342, 11932, 12152
2026/08/15 19:20:42.342, 11932, 12152
2026/08/15 19:20:47.343, 11932, 12152
2026/08/15 19:20:52.343, 11932, 12152
2026/08/15 19:20:57.344, 11932, 12152
2026/08/15 19:21:02.344, 11932, 12152
2026/08/15 19:21:07.345, 11932, 12152
2026/08/15 19:21:12.346, 11932, 12152
2026/08/15 19:21:17.346, 11932, 12152
2026/08/15 19:21:22.347, 11932, 12152
2026/08/15 19:21:27.348, 11932, 12152
2026/08/15 19:21:32.348, 11932, 12152
2026/08/15 19:21:37.349, 11932, 12152
2026/08/15 19:21:42.349, 11932, 12152
2026/08/15 19:21:47.350, 11932, 12152
2026/08/15 19:21:52.351, 11932, 12152
2026/08/15 19:21:57.351, 11932, 12152
2026/08/15 19:22:02.352, 11932, 12152
2026/08/15 19:22:07.352, 11932, 12152
2026/08/15 19:22:12.353, 11932, 12152
2026/08/15 19:22:17.353, 11932, 12152
2026/08/15 19:22:22.354, 11932, 12152
2026/08/15 19:22:27.355, 11932, 12152
2026/08/15 19:22:32.355, 11932, 12152
2026/08/15 19:22:37.356, 11932, 12152
2026/08/15 19:22:42.357, 11932, 12152
2026/08/15 19:22:47.357, 11932, 12152
2026/08/15 19:22:52.358, 11932, 12152
2026/08/15 19:22:57.358, 11932, 12152
2026/08/15 19:23:02.359, 11932, 12152
2026/08/15 19:23:07.359, 11932, 12152
2026/08/15 19:23:12.360, 11932, 12152
2026/08/15 19:23:17.360, 11932, 12152
2026/08/15 19:23:22.361, 11932, 12152
2026/08/15 19:23:27.361, 11932, 12152
2026/08/15 19:23:32.362, 11932, 12152
2026/08/15 19:23:37.362, 11932, 12152
2026/08/15 19:23:42.362, 11932, 12152
2026/08/15 19:23:47.363, 11932, 12152
2026/08/15 19:23:52.363, 11932, 12152
2026/08/15 19:23:57.364, 11932, 12152
2026/08/15 19:24:02.364, 11932, 12152
2026/08/15 19:24:07.365, 11932, 12152
2026/08/15 19:24:12.365, 11932, 12152
2026/08/15 19:24:17.366, 11932, 12152
2026/08/15 19:24:22.366, 11932, 12152
2026/08/15 19:24:27.366, 11932, 12152
2026/08/15 19:24:32.367, 11932, 12152
2026/08/15 19:24:37.367, 11932, 12152
2026/08/15 19:24:42.368, 11932, 12152
2026/08/15 19:24:47.368, 11932, 12152
2026/08/15 19:24:52.369, 11932, 12152
2026/08/15 19:24:57.369, 11932, 12152
2026/08/15 19:25:02.370, 11932, 12152
2026/08/15 19:25:07.370, 11932, 12152
2026/08/15 19:25:12.370, 11932, 12152
2026/08/15 19:25:17.371, 11932, 12152
2026/08/15 19:25:22.371, 11932, 12152
2026/08/15 19:25:27.372, 11932, 12152
2026/08/15 19:25:32.372, 11932, 12152
2026/08/15 19:25:37.373, 11932, 12152
2026/08/15 19:25:42.373, 11932, 12152
2026/08/15 19:25:47.373, 11932, 12152
2026/08/15 19:25:52.374, 11932, 12152
2026/08/15 19:25:57.374, 11932, 12152
2026/08/15 19:26:02.375, 11932, 12152
2026/08/15 19:26:07.375, 11932, 12152
2026/08/15 19:26:12.376, 11932, 12152
2026/08/15 19:26:17.376, 11932, 12152
2026/08/15 19:26:22.377, 11932, 12152
2026/08/15 19:26:27.377, 11932, 12152
2026/08/15 19:26:32.377, 11932, 12152
2026/08/15 19:26:37.378, 11932, 12152
2026/08/15 19:26:42.378, 11932, 12152
2026/08/15 19:26:47.379, 11932, 12152
2026/08/15 19:26:52.379, 11932, 12152
2026/08/15 19:26:57.380, 11932, 12152
2026/08/15 19:27:02.380, 11932, 12152
2026/08/15 19:27:07.380, 11932, 12152
2026/08/15 19:27:12.381, 11932, 12152
2026/08/15 19:27:17.381, 11932, 12152
2026/08/15 19:27:22.382, 11932, 12152
2026/08/15 19:27:27.382, 11932, 12152
2026/08/15 19:27:32.383, 11932, 12152
2026/08/15 19:27:37.383, 11932, 12152
2026/08/15 19:27:42.384, 11932, 12152
2026/08/15 19:27:47.384, 11932, 12152
2026/08/15 19:27:52.384, 11932, 12152
2026/08/15 19:27:57.385, 11932, 12152
2026/08/15 19:28:02.385, 11932, 12152
2026/08/15 19:28:07.386, 11932, 12152
2026/08/15 19:28:12.386, 11932, 12152
2026/08/15 19:28:17.387, 11932, 12152
2026/08/15 19:28:22.387, 11932, 12152
2026/08/15 19:28:27.387, 11932, 12152
2026/08/15 19:28:32.388, 11932, 12152
2026/08/15 19:28:37.388, 11932, 12152
2026/08/15 19:28:42.389, 11932, 12152
2026/08/15 19:28:47.389, 11932, 12152
2026/08/15 19:28:52.390, 11932, 12152
2026/08/15 19:28:57.391, 11932, 12152
2026/08/15 19:29:02.391, 11932, 12152
2026/08/15 19:29:07.392, 11932, 12152
2026/08/15 19:29:12.393, 11932, 12152
2026/08/15 19:29:17.393, 11932, 12152
2026/08/15 19:29:22.394, 11932, 12152
2026/08/15 19:29:27.394, 11932, 12152
2026/08/15 19:29:32.395, 11932, 12152
2026/08/15 19:29:37.396, 11932, 12152
2026/08/15 19:29:42.396, 11932, 12152
2026/08/15 19:29:47.397, 11932, 12152
2026/08/15 19:29:52.397, 11932, 12152
2026/08/15 19:29:57.398, 11932, 12152
2026/08/15 19:30:02.399, 11932, 12152
2026/08/15 19:30:07.399, 11932, 12152
2026/08/15 19:30:12.400, 11932, 12152
2026/08/15 19:30:17.400, 11932, 12152
2026/08/15 19:30:22.401, 11932, 12152
2026/08/15 19:30:27.402, 11932, 12152
2026/08/15 19:30:32.402, 11932, 12152
2026/08/15 19:30:37.403, 11932, 12152
2026/08/15 19:30:42.403, 11932, 12152
2026/08/15 19:30:47.404, 11932, 12152
2026/08/15 19:30:52.404, 11932, 12152
2026/08/15 19:30:57.405, 11932, 12152
2026/08/15 19:31:02.405, 11932, 12152
2026/08/15 19:31:07.406, 11932, 12152
2026/08/15 19:31:12.406, 11932, 12152
2026/08/15 19:31:17.407, 11932, 12152
2026/08/15 19:31:22.407, 11932, 12152
2026/08/15 19:31:27.408, 11932, 12152
2026/08/15 19:31:32.408, 11932, 12152
2026/08/15 19:31:37.409, 11932, 12152
2026/08/15 19:31:42.409, 11932, 12152
2026/08/15 19:31:47.410, 11932, 12152
2026/08/15 19:31:52.410, 11932, 12152
2026/08/15 19:31:57.411, 11932, 12152
2026/08/15 19:32:02.411, 11932, 12152
2026/08/15 19:32:07.412, 11932, 12152
2026/08/15 19:32:12.413, 11932, 12152
2026/08/15 19:32:17.413, 11932, 12152
2026/08/15 19:32:22.414, 11932, 12152
2026/08/15 19:32:27.414, 11932, 12152
2026/08/15 19:32:32.415, 11932, 12152
2026/08/15 19:32:37.415, 11932, 12152
2026/08/15 19:32:42.415, 11932, 12152
2026/08/15 19:32:47.416, 11932, 12152
2026/08/15 19:32:52.417, 11932, 12152
2026/08/15 19:32:57.417, 11932, 12152
2026/08/15 19:33:02.418, 11932, 12152
2026/08/15 19:33:07.418, 11932, 12152
2026/08/15 19:33:12.419, 11932, 12152
2026/08/15 19:33:17.419, 11932, 12152
2026/08/15 19:33:22.420, 11932, 12152
2026/08/15 19:33:27.420, 11932, 12152
2026/08/15 19:33:32.421, 11932, 12152
2026/08/15 19:33:37.421, 11932, 12152
2026/08/15 19:33:42.422, 11932, 12152
2026/08/15 19:33:47.422, 11932, 12152
2026/08/15 19:33:52.423, 11932, 12152
2026/08/15 19:33:57.423, 11932, 12152
2026/08/15 19:34:02.424, 11932, 12152
2026/08/15 19:34:07.424, 11932, 12152
2026/08/15 19:34:12.424, 11932, 12152
2026/08/15 19:34:17.425, 11932, 12152
2026/08/15 19:34:22.426, 11932, 12152
2026/08/15 19:34:27.426, 11932, 12152
2026/08/15 19:34:32.426, 11932, 12152
2026/08/15 19:34:37.427, 11932, 12152
2026/08/15 19:34:42.427, 11932, 12152
2026/08/15 19:34:47.428, 11932, 12152
2026/08/15 19:34:52.428, 11932, 12152
2026/08/15 19:34:57.429, 11932, 12152
2026/08/15 19:35:02.429, 11932, 12152
2026/08/15 19:35:07.430, 11932, 12152
2026/08/15 19:35:12.430, 11932, 12152
2026/08/15 19:35:17.431, 11932, 12152
2026/08/15 19:35:22.431, 11932, 12152
2026/08/15 19:35:27.432, 11932, 12152
2026/08/15 19:35:32.432, 11932, 12152
2026/08/15 19:35:37.433, 11932, 12152
2026/08/15 19:35:42.433, 11932, 12152
2026/08/15 19:35:47.433, 11932, 12152
2026/08/15 19:35:52.434, 11932, 12152
2026/08/15 19:35:57.434, 11932, 12152
2026/08/15 19:36:02.435, 11932, 12152
2026/08/15 19:36:07.435, 11932, 12152
2026/08/15 19:36:12.436, 11932, 12152
2026/08/15 19:36:17.436, 11932, 12152
2026/08/15 19:36:22.437, 11932, 12152
2026/08/15 19:36:27.437, 11932, 12152
2026/08/15 19:36:32.438, 11932, 12152
2026/08/15 19:36:37.438, 11932, 12152
2026/08/15 19:36:42.439, 11932, 12152
2026/08/15 19:36:47.439, 11932, 12152
2026/08/15 19:36:52.440, 11932, 12152
2026/08/15 19:36:57.440, 11932, 12152
2026/08/15 19:37:02.441, 11932, 12152
2026/08/15 19:37:07.441, 11932, 12152
2026/08/15 19:37:12.442, 11932, 12152
2026/08/15 19:37:17.442, 11932, 12152
2026/08/15 19:37:22.443, 11932, 12152
2026/08/15 19:37:27.443, 11932, 12152
2026/08/15 19:37:32.444, 11932, 12152
2026/08/15 19:37:37.444, 11932, 12152
2026/08/15 19:37:42.445, 11932, 12152
2026/08/15 19:37:47.446, 11932, 12152
2026/08/15 19:37:52.446, 11932, 12152
2026/08/15 19:37:57.447, 11932, 12152
2026/08/15 19:38:02.447, 11932, 12152
2026/08/15 19:38:07.448, 11932, 12152
2026/08/15 19:38:12.448, 11932, 12152
2026/08/15 19:38:17.449, 11932, 12152
2026/08/15 19:38:22.449, 11932, 12152
2026/08/15 19:38:27.450, 11932, 12152
2026/08/15 19:38:32.450, 11932, 12152
2026/08/15 19:38:37.451, 11932, 12152
2026/08/15 19:38:42.451, 11932, 12152
2026/08/15 19:38:47.452, 11932, 12152
2026/08/15 19:38:52.452, 11932, 12152
2026/08/15 19:38:57.453, 11932, 12152
2026/08/15 19:39:02.453, 11932, 12152
2026/08/15 19:39:07.454, 11932, 12152
2026/08/15 19:39:12.454, 11932, 12152
2026/08/15 19:39:17.455, 11932, 12152
2026/08/15 19:39:22.456, 11932, 12152
2026/08/15 19:39:27.456, 11932, 12152
2026/08/15 19:39:32.457, 11932, 12152
2026/08/15 19:39:37.457, 11932, 12152
2026/08/15 19:39:42.458, 11932, 12152
2026/08/15 19:39:47.458, 11932, 12152
2026/08/15 19:39:52.459, 11932, 12152
2026/08/15 19:39:57.459, 11932, 12152
2026/08/15 19:40:02.460, 11932, 12152
2026/08/15 19:40:07.460, 11932, 12152
2026/08/15 19:40:12.461, 11932, 12152
2026/08/15 19:40:17.461, 11932, 12152
2026/08/15 19:40:22.462, 11932, 12152
2026/08/15 19:40:27.462, 11932, 12152
2026/08/15 19:40:32.463, 11932, 12152
2026/08/15 19:40:37.463, 11932, 12152
2026/08/15 19:40:42.464, 11932, 12152
2026/08/15 19:40:47.464, 11932, 12152
2026/08/15 19:40:52.465, 11932, 12152
2026/08/15 19:40:57.465, 11932, 12152
2026/08/15 19:41:02.466, 11932, 12152
2026/08/15 19:41:07.466, 11932, 12152
2026/08/15 19:41:12.467, 11932, 12152
2026/08/15 19:41:17.467, 11932, 12152
2026/08/15 19:41:22.468, 11932, 12152
2026/08/15 19:41:27.468, 11932, 12152
2026/08/15 19:41:32.469, 11932, 12152
2026/08/15 19:41:37.470, 11932, 12152
2026/08/15 19:41:42.470, 11932, 12152
2026/08/15 19:41:47.471, 11932, 12152
2026/08/15 19:41:52.471, 11932, 12152
2026/08/15 19:41:57.472, 11932, 12152
2026/08/15 19:42:02.472, 11932, 12152
2026/08/15 19:42:07.473, 11932, 12152
2026/08/15 19:42:12.473, 11932, 12152
2026/08/15 19:42:17.474, 11932, 12152
2026/08/15 19:42:22.474, 11932, 12152
2026/08/15 19:42:27.475, 11932, 12152
2026/08/15 19:42:32.475, 11932, 12152
2026/08/15 19:42:37.476, 11932, 12152
2026/08/15 19:42:42.476, 11932, 12152
2026/08/15 19:42:47.477, 11932, 12152
2026/08/15 19:42:52.477, 11932, 12152
2026/08/15 19:42:57.478, 11932, 12152
2026/08/15 19:43:02.478, 11932, 12152
2026/08/15 19:43:07.479, 11932, 12152
2026/08/15 19:43:12.479, 11932, 12152
2026/08/15 19:43:17.480, 11932, 12152
2026/08/15 19:43:22.480, 11932, 12152
2026/08/15 19:43:27.481, 11932, 12152
2026/08/15 19:43:32.481, 11932, 12152
2026/08/15 19:43:37.482, 11932, 12152
2026/08/15 19:43:42.482, 11932, 12152
2026/08/15 19:43:47.483, 11932, 12152
2026/08/15 19:43:52.483, 11932, 12152
2026/08/15 19:43:57.484, 11932, 12152
2026/08/15 19:44:02.484, 11932, 12152
2026/08/15 19:44:07.485, 11932, 12152
2026/08/15 19:44:12.485, 11932, 12152
2026/08/15 19:44:17.486, 11932, 12152
2026/08/15 19:44:22.486, 11932, 12152
2026/08/15 19:44:27.487, 11932, 12152
2026/08/15 19:44:32.487, 11932, 12152
2026/08/15 19:44:37.488, 11932, 12152
2026/08/15 19:44:42.488, 11932, 12152
2026/08/15 19:44:47.489, 11932, 12152
2026/08/15 19:44:52.489, 11932, 12152
2026/08/15 19:44:57.490, 11932, 12152
2026/08/15 19:45:02.490, 11932, 12152
2026/08/15 19:45:07.491, 11932, 12152
2026/08/15 19:45:12.491, 11932, 12152
2026/08/15 19:45:17.492, 11932, 12152
2026/08/15 19:45:22.493, 11932, 12152
2026/08/15 19:45:27.493, 11932, 12152
2026/08/15 19:45:32.494, 11932, 12152
2026/08/15 19:45:37.494, 11932, 12152
2026/08/15 19:45:42.495, 11932, 12152
2026/08/15 19:45:47.495, 11932, 12152
2026/08/15 19:45:52.496, 11932, 12152
2026/08/15 19:45:57.496, 11932, 12152
2026/08/15 19:46:02.497, 11932, 12152
2026/08/15 19:46:07.497, 11932, 12152
2026/08/15 19:46:12.498, 11932, 12152
2026/08/15 19:46:17.498, 11932, 12152
2026/08/15 19:46:22.499, 11932, 12152
2026/08/15 19:46:27.499, 11932, 12152
2026/08/15 19:46:32.500, 11932, 12152
2026/08/15 19:46:37.500, 11932, 12152
2026/08/15 19:46:42.501, 11932, 12152
2026/08/15 19:46:47.501, 11932, 12152
2026/08/15 19:46:52.502, 11932, 12152
2026/08/15 19:46:57.502, 11932, 12152
2026/08/15 19:47:02.503, 11932, 12152
2026/08/15 19:47:07.503, 11932, 12152
2026/08/15 19:47:12.504, 11932, 12152
2026/08/15 19:47:17.504, 11932, 12152
2026/08/15 19:47:22.505, 11932, 12152
2026/08/15 19:47:27.505, 11932, 12152
2026/08/15 19:47:32.506, 11932, 12152
2026/08/15 19:47:37.506, 11932, 12152
2026/08/15 19:47:42.507, 11932, 12152
2026/08/15 19:47:47.507, 11932, 12152
2026/08/15 19:47:52.508, 11932, 12152
2026/08/15 19:47:57.508, 11932, 12152
2026/08/15 19:48:02.509, 11932, 12152
2026/08/15 19:48:07.509, 11932, 12152
2026/08/15 19:48:12.510, 11932, 12152
2026/08/15 19:48:17.510, 11932, 12152
2026/08/15 19:48:22.511, 11932, 12152
2026/08/15 19:48:27.511, 11932, 12152
2026/08/15 19:48:32.512, 11932, 12152
2026/08/15 19:48:37.512, 11932, 12152
2026/08/15 19:48:42.513, 11932, 12152
2026/08/15 19:48:47.513, 11932, 12152
2026/08/15 19:48:52.514, 11932, 12152
2026/08/15 19:48:57.514, 11932, 12152
2026/08/15 19:49:02.515, 11932, 12152
2026/08/15 19:49:07.516, 11932, 12152
2026/08/15 19:49:12.516, 11932, 12152
2026/08/15 19:49:17.517, 11932, 12152
2026/08/15 19:49:22.517, 11932, 12152
2026/08/15 19:49:27.518, 11932, 12152
2026/08/15 19:49:32.518, 11932, 12152
2026/08/15 19:49:37.519, 11932, 12152
2026/08/15 19:49:42.519, 11932, 12152
2026/08/15 19:49:47.520, 11932, 12152
2026/08/15 19:49:52.520, 11932, 12152
2026/08/15 19:49:57.521, 11932, 12152
2026/08/15 19:50:02.521, 11932, 12152
2026/08/15 19:50:07.522, 11932, 12152
2026/08/15 19:50:12.522, 11932, 12152
2026/08/15 19:50:17.523, 11932, 12152
2026/08/15 19:50:22.523, 11932, 12152
2026/08/15 19:50:27.524, 11932, 12152
2026/08/15 19:50:32.524, 11932, 12152
2026/08/15 19:50:37.525, 11932, 12152
2026/08/15 19:50:42.525, 11932, 12152
2026/08/15 19:50:47.526, 11932, 12152
2026/08/15 19:50:52.526, 11932, 12152
2026/08/15 19:50:57.527, 11932, 12152
2026/08/15 19:51:02.527, 11932, 12152
2026/08/15 19:51:07.528, 11932, 12152
2026/08/15 19:51:12.528, 11932, 12152
2026/08/15 19:51:17.529, 11932, 12152
2026/08/15 19:51:22.529, 11932, 12152
2026/08/15 19:51:27.529, 11932, 12152
2026/08/15 19:51:32.530, 11932, 12152
2026/08/15 19:51:37.530, 11932, 12152
2026/08/15 19:51:42.531, 11932, 12152
2026/08/15 19:51:47.531, 11932, 12152
2026/08/15 19:51:52.532, 11932, 12152
2026/08/15 19:51:57.532, 11932, 12152
2026/08/15 19:52:02.533, 11932, 12152
2026/08/15 19:52:07.534, 11932, 12152
2026/08/15 19:52:12.534, 11932, 12152
2026/08/15 19:52:17.534, 11932, 12152
2026/08/15 19:52:22.535, 11932, 12152
2026/08/15 19:52:27.535, 11932, 12152
2026/08/15 19:52:32.536, 11932, 12152
2026/08/15 19:52:37.537, 11932, 12152
2026/08/15 19:52:42.537, 11932, 12152
2026/08/15 19:52:47.537, 11932, 12152
2026/08/15 19:52:52.538, 11932, 12152
2026/08/15 19:52:57.538, 11932, 12152
2026/08/15 19:53:02.539, 11932, 12152
2026/08/15 19:53:07.539, 11932, 12152
2026/08/15 19:53:12.540, 11932, 12152
2026/08/15 19:53:17.540, 11932, 12152
2026/08/15 19:53:22.541, 11932, 12152
2026/08/15 19:53:27.541, 11932, 12152
2026/08/15 19:53:32.542, 11932, 12152
2026/08/15 19:53:37.542, 11932, 12152
2026/08/15 19:53:42.543, 11932, 12152
2026/08/15 19:53:47.544, 11932, 12152
2026/08/15 19:53:52.544, 11932, 12152
2026/08/15 19:53:57.545, 11932, 12152
2026/08/15 19:54:02.545, 11932, 12152
2026/08/15 19:54:07.546, 11932, 12152
2026/08/15 19:54:12.546, 11932, 12152
2026/08/15 19:54:17.547, 11932, 12152
2026/08/15 19:54:22.547, 11932, 12152
2026/08/15 19:54:27.548, 11932, 12152
2026/08/15 19:54:32.548, 11932, 12152
2026/08/15 19:54:37.549, 11932, 12152
2026/08/15 19:54:42.549, 11932, 12152
2026/08/15 19:54:47.550, 11932, 12152
2026/08/15 19:54:52.550, 11932, 12152
2026/08/15 19:54:57.551, 11932, 12152
2026/08/15 19:55:02.551, 11932, 12152
2026/08/15 19:55:07.552, 11932, 12152
2026/08/15 19:55:12.552, 11932, 12152
2026/08/15 19:55:17.553, 11932, 12152
2026/08/15 19:55:22.553, 11932, 12152
2026/08/15 19:55:27.554, 11932, 12152
2026/08/15 19:55:32.554, 11932, 12152
2026/08/15 19:55:37.555, 11932, 12152
2026/08/15 19:55:42.555, 11932, 12152
2026/08/15 19:55:47.555, 11932, 12152
2026/08/15 19:55:52.556, 11932, 12152
2026/08/15 19:55:57.556, 11932, 12152
2026/08/15 19:56:02.557, 11932, 12152
2026/08/15 19:56:07.557, 11932, 12152
2026/08/15 19:56:12.558, 11932, 12152
2026/08/15 19:56:17.558, 11932, 12152
2026/08/15 19:56:22.559, 11932, 12152
2026/08/15 19:56:27.559, 11932, 12152
2026/08/15 19:56:32.560, 11932, 12152
2026/08/15 19:56:37.560, 11932, 12152
2026/08/15 19:56:42.561, 11932, 12152
2026/08/15 19:56:47.561, 11932, 12152
2026/08/15 19:56:52.562, 11932, 12152
2026/08/15 19:56:57.562, 11932, 12152
2026/08/15 19:57:02.563, 11932, 12152
2026/08/15 19:57:07.563, 11932, 12152
2026/08/15 19:57:12.564, 11932, 12152
2026/08/15 19:57:17.564, 11932, 12152
2026/08/15 19:57:22.565, 11932, 12152
2026/08/15 19:57:27.565, 11932, 12152
2026/08/15 19:57:32.566, 11932, 12152
2026/08/15 19:57:37.566, 11932, 12152
2026/08/15 19:57:42.567, 11932, 12152
2026/08/15 19:57:47.567, 11932, 12152
2026/08/15 19:57:52.568, 11932, 12152
2026/08/15 19:57:57.568, 11932, 12152
2026/08/15 19:58:02.569, 11932, 12152
2026/08/15 19:58:07.569, 11932, 12152
2026/08/15 19:58:12.569, 11932, 12152
2026/08/15 19:58:17.570, 11932, 12152
2026/08/15 19:58:22.571, 11932, 12152
2026/08/15 19:58:27.571, 11932, 12152
2026/08/15 19:58:32.571, 11932, 12152
2026/08/15 19:58:37.572, 11932, 12152
2026/08/15 19:58:42.572, 11932, 12152
2026/08/15 19:58:47.573, 11932, 12152
2026/08/15 19:58:52.573, 11932, 12152
2026/08/15 19:58:57.574, 11932, 12152
2026/08/15 19:59:02.574, 11932, 12152
2026/08/15 19:59:07.575, 11932, 12152
2026/08/15 19:59:12.575, 11932, 12152
2026/08/15 19:59:17.575, 11932, 12152
2026/08/15 19:59:22.576, 11932, 12152
2026/08/15 19:59:27.576, 11932, 12152
2026/08/15 19:59:32.577, 11932, 12152
2026/08/15 19:59:37.577, 11932, 12152
2026/08/15 19:59:42.578, 11932, 12152
2026/08/15 19:59:47.578, 11932, 12152
2026/08/15 19:59:52.578, 11932, 12152
2026/08/15 19:59:57.579, 11932, 12152
2026/08/15 20:00:02.579, 11932, 12152
2026/08/15 20:00:07.580, 11932, 12152
2026/08/15 20:00:12.580, 11932, 12152
2026/08/15 20:00:17.581, 11932, 12152
2026/08/15 20:00:22.581, 11932, 12152
2026/08/15 20:00:27.582, 11932, 12152
2026/08/15 20:00:32.582, 11932, 12152
2026/08/15 20:00:37.582, 11932, 12152
2026/08/15 20:00:42.583, 11932, 12152
2026/08/15 20:00:47.583, 11932, 12152
2026/08/15 20:00:52.584, 11932, 12152
2026/08/15 20:00:57.584, 11932, 12152
2026/08/15 20:01:02.585, 11932, 12152
2026/08/15 20:01:07.585, 11932, 12152
2026/08/15 20:01:12.585, 11932, 12152
2026/08/15 20:01:17.586, 11932, 12152
2026/08/15 20:01:22.586, 11932, 12152
2026/08/15 20:01:27.587, 11932, 12152
2026/08/15 20:01:32.587, 11932, 12152
2026/08/15 20:01:37.588, 11932, 12152
2026/08/15 20:01:42.588, 11932, 12152
2026/08/15 20:01:47.588, 11932, 12152
2026/08/15 20:01:52.589, 11932, 12152
2026/08/15 20:01:57.589, 11932, 12152
2026/08/15 20:02:02.590, 11932, 12152
2026/08/15 20:02:07.590, 11932, 12152
2026/08/15 20:02:12.591, 11932, 12152
2026/08/15 20:02:17.591, 11932, 12152
2026/08/15 20:02:22.592, 11932, 12152
2026/08/15 20:02:27.592, 11932, 12152
2026/08/15 20:02:32.592, 11932, 12152
2026/08/15 20:02:37.593, 11932, 12152
2026/08/15 20:02:42.593, 11932, 12152
2026/08/15 20:02:47.594, 11932, 12152
2026/08/15 20:02:52.594, 11932, 12152
2026/08/15 20:02:57.595, 11932, 12152
2026/08/15 20:03:02.595, 11932, 12152
2026/08/15 20:03:07.595, 11932, 12152
2026/08/15 20:03:12.596, 11932, 12152
2026/08/15 20:03:17.596, 11932, 12152
2026/08/15 20:03:22.597, 11932, 12152
2026/08/15 20:03:27.597, 11932, 12152
2026/08/15 20:03:32.598, 11932, 12152
2026/08/15 20:03:37.598, 11932, 12152
2026/08/15 20:03:42.599, 11932, 12152
2026/08/15 20:03:47.599, 11932, 12152
2026/08/15 20:03:52.599, 11932, 12152
2026/08/15 20:03:57.600, 11932, 12152
2026/08/15 20:04:02.600, 11932, 12152
2026/08/15 20:04:07.601, 11932, 12152
2026/08/15 20:04:12.601, 11932, 12152
2026/08/15 20:04:17.602, 11932, 12152
2026/08/15 20:04:22.602, 11932, 12152
2026/08/15 20:04:27.602, 11932, 12152
2026/08/15 20:04:32.603, 11932, 12152
2026/08/15 20:04:37.603, 11932, 12152
2026/08/15 20:04:42.604, 11932, 12152
2026/08/15 20:04:47.604, 11932, 12152
2026/08/15 20:04:52.605, 11932, 12152
2026/08/15 20:04:57.605, 11932, 12152
2026/08/15 20:05:02.605, 11932, 12152
2026/08/15 20:05:07.606, 11932, 12152
2026/08/15 20:05:12.606, 11932, 12152
2026/08/15 20:05:17.607, 11932, 12152
2026/08/15 20:05:22.607, 11932, 12152
2026/08/15 20:05:27.608, 11932, 12152
2026/08/15 20:05:32.608, 11932, 12152
2026/08/15 20:05:37.609, 11932, 12152
2026/08/15 20:05:42.609, 11932, 12152
2026/08/15 20:05:47.609, 11932, 12152
2026/08/15 20:05:52.610, 11932, 12152
2026/08/15 20:05:57.610, 11932, 12152
2026/08/15 20:06:02.611, 11932, 12152
2026/08/15 20:06:07.611, 11932, 12152
2026/08/15 20:06:12.612, 11932, 12152
2026/08/15 20:06:17.612, 11932, 12152
2026/08/15 20:06:22.613, 11932, 12152
2026/08/15 20:06:27.613, 11932, 12152
2026/08/15 20:06:32.613, 11932, 12152
2026/08/15 20:06:37.614, 11932, 12152
2026/08/15 20:06:42.614, 11932, 12152
2026/08/15 20:06:47.615, 11932, 12152
2026/08/15 20:06:52.615, 11932, 12152
2026/08/15 20:06:57.616, 11932, 12152
2026/08/15 20:07:02.616, 11932, 12152
2026/08/15 20:07:07.616, 11932, 12152
2026/08/15 20:07:12.617, 11932, 12152
2026/08/15 20:07:17.617, 11932, 12152
2026/08/15 20:07:22.618, 11932, 12152
2026/08/15 20:07:27.618, 11932, 12152
2026/08/15 20:07:32.619, 11932, 12152
2026/08/15 20:07:37.619, 11932, 12152
2026/08/15 20:07:42.620, 11932, 12152
2026/08/15 20:07:47.620, 11932, 12152
2026/08/15 20:07:52.620, 11932, 12152
2026/08/15 20:07:57.621, 11932, 12152
2026/08/15 20:08:02.621, 11932, 12152
2026/08/15 20:08:07.622, 11932, 12152
2026/08/15 20:08:12.622, 11932, 12152
2026/08/15 20:08:17.623, 11932, 12152
2026/08/15 20:08:22.623, 11932, 12152
2026/08/15 20:08:27.623, 11932, 12152
2026/08/15 20:08:32.624, 11932, 12152
2026/08/15 20:08:37.624, 11932, 12152
2026/08/15 20:08:42.625, 11932, 12152
2026/08/15 20:08:47.625, 11932, 12152
2026/08/15 20:08:52.626, 11932, 12152
2026/08/15 20:08:57.626, 11932, 12152
2026/08/15 20:09:02.626, 11932, 12152
2026/08/15 20:09:07.627, 11932, 12152
2026/08/15 20:09:12.627, 11932, 12152
2026/08/15 20:09:17.628, 11932, 12152
2026/08/15 20:09:22.628, 11932, 12152
2026/08/15 20:09:27.629, 11932, 12152
2026/08/15 20:09:32.629, 11932, 12152
2026/08/15 20:09:37.630, 11932, 12152
2026/08/15 20:09:42.630, 11932, 12152
2026/08/15 20:09:47.630, 11932, 12152
2026/08/15 20:09:52.631, 11932, 12152
2026/08/15 20:09:57.631, 11932, 12152
2026/08/15 20:10:02.632, 11932, 12152
2026/08/15 20:10:07.632, 11932, 12152
2026/08/15 20:10:12.633, 11932, 12152
2026/08/15 20:10:17.633, 11932, 12152
2026/08/15 20:10:22.634, 11932, 12152
2026/08/15 20:10:27.634, 11932, 12152
2026/08/15 20:10:32.635, 11932, 12152
2026/08/15 20:10:37.635, 11932, 12152
2026/08/15 20:10:42.636, 11932, 12152
2026/08/15 20:10:47.636, 11932, 12152
2026/08/15 20:10:52.637, 11932, 12152
2026/08/15 20:10:57.637, 11932, 12152
2026/08/15 20:11:02.638, 11932, 12152
2026/08/15 20:11:07.638, 11932, 12152
2026/08/15 20:11:12.639, 11932, 12152
2026/08/15 20:11:17.639, 11932, 12152
2026/08/15 20:11:22.640, 11932, 12152
2026/08/15 20:11:27.640, 11932, 12152
2026/08/15 20:11:32.641, 11932, 12152
2026/08/15 20:11:37.641, 11932, 12152
2026/08/15 20:11:42.641, 11932, 12152
2026/08/15 20:11:47.642, 11932, 12152
2026/08/15 20:11:52.642, 11932, 12152
2026/08/15 20:11:57.643, 11932, 12152
2026/08/15 20:12:02.643, 11932, 12152
2026/08/15 20:12:07.644, 11932, 12152
2026/08/15 20:12:12.644, 11932, 12152
2026/08/15 20:12:17.645, 11932, 12152
2026/08/15 20:12:22.645, 11932, 12152
2026/08/15 20:12:27.645, 11932, 12152
2026/08/15 20:12:32.646, 11932, 12152
2026/08/15 20:12:37.646, 11932, 12152
2026/08/15 20:12:42.647, 11932, 12152
2026/08/15 20:12:47.647, 11932, 12152
2026/08/15 20:12:52.648, 11932, 12152
2026/08/15 20:12:57.648, 11932, 12152
2026/08/15 20:13:02.649, 11932, 12152
2026/08/15 20:13:07.649, 11932, 12152
2026/08/15 20:13:12.649, 11932, 12152
2026/08/15 20:13:17.650, 11932, 12152
2026/08/15 20:13:22.650, 11932, 12152
2026/08/15 20:13:27.651, 11932, 12152
2026/08/15 20:13:32.651, 11932, 12152
2026/08/15 20:13:37.652, 11932, 12152
2026/08/15 20:13:42.652, 11932, 12152
2026/08/15 20:13:47.652, 11932, 12152
2026/08/15 20:13:52.653, 11932, 12152
2026/08/15 20:13:57.653, 11932, 12152
2026/08/15 20:14:02.654, 11932, 12152
2026/08/15 20:14:07.654, 11932, 12152
2026/08/15 20:14:12.655, 11932, 12152
2026/08/15 20:14:17.655, 11932, 12152
2026/08/15 20:14:22.655, 11932, 12152
2026/08/15 20:14:27.656, 11932, 12152
2026/08/15 20:14:32.656, 11932, 12152
2026/08/15 20:14:37.657, 11932, 12152
2026/08/15 20:14:42.657, 11932, 12152
2026/08/15 20:14:47.658, 11932, 12152
2026/08/15 20:14:52.658, 11932, 12152
2026/08/15 20:14:57.659, 11932, 12152
2026/08/15 20:15:02.659, 11932, 12152
2026/08/15 20:15:07.659, 11932, 12152
2026/08/15 20:15:12.660, 11932, 12152
2026/08/15 20:15:17.660, 11932, 12152
2026/08/15 20:15:22.661, 11932, 12152
2026/08/15 20:15:27.661, 11932, 12152
2026/08/15 20:15:32.662, 11932, 12152
2026/08/15 20:15:37.663, 11932, 12152
2026/08/15 20:15:42.663, 11932, 12152
2026/08/15 20:15:47.664, 11932, 12152
2026/08/15 20:15:52.664, 11932, 12152
2026/08/15 20:15:57.664, 11932, 12152
2026/08/15 20:16:02.665, 11932, 12152
2026/08/15 20:16:07.665, 11932, 12152
2026/08/15 20:16:12.666, 11932, 12152
2026/08/15 20:16:17.666, 11932, 12152
2026/08/15 20:16:22.667, 11932, 12152
2026/08/15 20:16:27.667, 11932, 12152
2026/08/15 20:16:32.668, 11932, 12152
2026/08/15 20:16:37.668, 11932, 12152
2026/08/15 20:16:42.669, 11932, 12152
2026/08/15 20:16:47.669, 11932, 12152
2026/08/15 20:16:52.670, 11932, 12152
2026/08/15 20:16:57.670, 11932, 12152
2026/08/15 20:17:02.671, 11932, 12152
2026/08/15 20:17:07.671, 11932, 12152
2026/08/15 20:17:12.672, 11932, 12152
2026/08/15 20:17:17.672, 11932, 12152
2026/08/15 20:17:22.673, 11932, 12152
2026/08/15 20:17:27.673, 11932, 12152
2026/08/15 20:17:32.674, 11932, 12152
2026/08/15 20:17:37.674, 11932, 12152
2026/08/15 20:17:42.675, 11932, 12152
2026/08/15 20:17:47.675, 11932, 12152
2026/08/15 20:17:52.676, 11932, 12152
2026/08/15 20:17:57.677, 11932, 12152
2026/08/15 20:18:02.677, 11932, 12152
2026/08/15 20:18:07.678, 11932, 12152
2026/08/15 20:18:12.678, 11932, 12152
2026/08/15 20:18:17.679, 11932, 12152
2026/08/15 20:18:22.679, 11932, 12152
2026/08/15 20:18:27.679, 11932, 12152
2026/08/15 20:18:32.680, 11932, 12152
2026/08/15 20:18:37.680, 11932, 12152
2026/08/15 20:18:42.681, 11932, 12152
2026/08/15 20:18:47.681, 11932, 12152
2026/08/15 20:18:52.682, 11932, 12152
2026/08/15 20:18:57.682, 11932, 12152
2026/08/15 20:19:02.683, 11932, 12152
2026/08/15 20:19:07.683, 11932, 12152
2026/08/15 20:19:12.684, 11932, 12152
2026/08/15 20:19:17.684, 11932, 12152
2026/08/15 20:19:22.685, 11932, 12152
2026/08/15 20:19:27.685, 11932, 12152
2026/08/15 20:19:32.685, 11932, 12152
2026/08/15 20:19:37.686, 11932, 12152
2026/08/15 20:19:42.686, 11932, 12152
2026/08/15 20:19:47.687, 11932, 12152
2026/08/15 20:19:52.687, 11932, 12152
2026/08/15 20:19:57.688, 11932, 12152
2026/08/15 20:20:02.688, 11932, 12152
2026/08/15 20:20:07.689, 11932, 12152
2026/08/15 20:20:12.689, 11932, 12152
2026/08/15 20:20:17.689, 11932, 12152
2026/08/15 20:20:22.690, 11932, 12152
2026/08/15 20:20:27.690, 11932, 12152
2026/08/15 20:20:32.691, 11932, 12152
2026/08/15 20:20:37.691, 11932, 12152
2026/08/15 20:20:42.692, 11932, 12152
2026/08/15 20:20:47.692, 11932, 12152
2026/08/15 20:20:52.693, 11932, 12152
2026/08/15 20:20:57.693, 11932, 12152
2026/08/15 20:21:02.694, 11932, 12152
2026/08/15 20:21:07.694, 11932, 12152
2026/08/15 20:21:12.695, 11932, 12152
2026/08/15 20:21:17.695, 11932, 12152
2026/08/15 20:21:22.696, 11932, 12152
2026/08/15 20:21:27.696, 11932, 12152
2026/08/15 20:21:32.697, 11932, 12152
2026/08/15 20:21:37.697, 11932, 12152
2026/08/15 20:21:42.698, 11932, 12152
2026/08/15 20:21:47.698, 11932, 12152
2026/08/15 20:21:52.699, 11932, 12152
2026/08/15 20:21:57.699, 11932, 12152
2026/08/15 20:22:02.700, 11932, 12152
2026/08/15 20:22:07.700, 11932, 12152
2026/08/15 20:22:12.701, 11932, 12152
2026/08/15 20:22:17.701, 11932, 12152
2026/08/15 20:22:22.702, 11932, 12152
2026/08/15 20:22:27.702, 11932, 12152
2026/08/15 20:22:32.703, 11932, 12152
2026/08/15 20:22:37.703, 11932, 12152
2026/08/15 20:22:42.704, 11932, 12152
2026/08/15 20:22:47.704, 11932, 12152
2026/08/15 20:22:52.705, 11932, 12152
2026/08/15 20:22:57.705, 11932, 12152
2026/08/15 20:23:02.706, 11932, 12152
2026/08/15 20:23:07.706, 11932, 12152
2026/08/15 20:23:12.706, 11932, 12152
2026/08/15 20:23:17.707, 11932, 12152
2026/08/15 20:23:22.707, 11932, 12152
2026/08/15 20:23:27.708, 11932, 12152
2026/08/15 20:23:32.708, 11932, 12152
2026/08/15 20:23:37.709, 11932, 12152
2026/08/15 20:23:42.709, 11932, 12152
2026/08/15 20:23:47.709, 11932, 12152
2026/08/15 20:23:52.710, 11932, 12152
2026/08/15 20:23:57.710, 11932, 12152
2026/08/15 20:24:02.711, 11932, 12152
2026/08/15 20:24:07.711, 11932, 12152
2026/08/15 20:24:12.712, 11932, 12152
2026/08/15 20:24:17.712, 11932, 12152
2026/08/15 20:24:22.713, 11932, 12152
2026/08/15 20:24:27.713, 11932, 12152
2026/08/15 20:24:32.714, 11932, 12152
2026/08/15 20:24:37.714, 11932, 12152
2026/08/15 20:24:42.715, 11932, 12152
2026/08/15 20:24:47.715, 11932, 12152
2026/08/15 20:24:52.716, 11932, 12152
2026/08/15 20:24:57.716, 11932, 12152
2026/08/15 20:25:02.717, 11932, 12152
2026/08/15 20:25:07.717, 11932, 12152
2026/08/15 20:25:12.718, 11932, 12152
2026/08/15 20:25:17.718, 11932, 12152
2026/08/15 20:25:22.719, 11932, 12152
2026/08/15 20:25:27.719, 11932, 12152
2026/08/15 20:25:32.720, 11932, 12152
2026/08/15 20:25:37.720, 11932, 12152
2026/08/15 20:25:42.721, 11932, 12152
2026/08/15 20:25:47.721, 11932, 12152
2026/08/15 20:25:52.721, 11932, 12152
2026/08/15 20:25:57.722, 11932, 12152
2026/08/15 20:26:02.722, 11932, 12152
2026/08/15 20:26:07.723, 11932, 12152
2026/08/15 20:26:12.723, 11932, 12152
2026/08/15 20:26:17.724, 11932, 12152
2026/08/15 20:26:22.724, 11932, 12152
2026/08/15 20:26:27.725, 11932, 12152
2026/08/15 20:26:32.725, 11932, 12152
2026/08/15 20:26:37.725, 11932, 12152
2026/08/15 20:26:42.726, 11932, 12152
2026/08/15 20:26:47.726, 11932, 12152
2026/08/15 20:26:52.727, 11932, 12152
2026/08/15 20:26:57.727, 11932, 12152
2026/08/15 20:27:02.728, 11932, 12152
2026/08/15 20:27:07.728, 11932, 12152
2026/08/15 20:27:12.728, 11932, 12152
2026/08/15 20:27:17.729, 11932, 12152
2026/08/15 20:27:22.729, 11932, 12152
2026/08/15 20:27:27.730, 11932, 12152
2026/08/15 20:27:32.730, 11932, 12152
2026/08/15 20:27:37.731, 11932, 12152
2026/08/15 20:27:42.731, 11932, 12152
2026/08/15 20:27:47.732, 11932, 12152
2026/08/15 20:27:52.732, 11932, 12152
2026/08/15 20:27:57.732, 11932, 12152
2026/08/15 20:28:02.733, 11932, 12152
2026/08/15 20:28:07.733, 11932, 12152
2026/08/15 20:28:12.734, 11932, 12152
2026/08/15 20:28:17.734, 11932, 12152
2026/08/15 20:28:22.735, 11932, 12152
2026/08/15 20:28:27.735, 11932, 12152
2026/08/15 20:28:32.736, 11932, 12152
2026/08/15 20:28:37.736, 11932, 12152
2026/08/15 20:28:42.736, 11932, 12152
2026/08/15 20:28:47.737, 11932, 12152
2026/08/15 20:28:52.737, 11932, 12152
2026/08/15 20:28:57.738, 11932, 12152
2026/08/15 20:29:02.738, 11932, 12152
2026/08/15 20:29:07.739, 11932, 12152
2026/08/15 20:29:12.739, 11932, 12152
2026/08/15 20:29:17.740, 11932, 12152
2026/08/15 20:29:22.740, 11932, 12152
2026/08/15 20:29:27.741, 11932, 12152
2026/08/15 20:29:32.741, 11932, 12152
2026/08/15 20:29:37.741, 11932, 12152
2026/08/15 20:29:42.742, 11932, 12152
2026/08/15 20:29:47.742, 11932, 12152
2026/08/15 20:29:52.743, 11932, 12152
2026/08/15 20:29:57.743, 11932, 12152
2026/08/15 20:30:02.744, 11932, 12152
2026/08/15 20:30:07.744, 11932, 12152
2026/08/15 20:30:12.744, 11932, 12152
2026/08/15 20:30:17.745, 11932, 12152
2026/08/15 20:30:22.745, 11932, 12152
2026/08/15 20:30:27.746, 11932, 12152
2026/08/15 20:30:32.746, 11932, 12152
2026/08/15 20:30:37.747, 11932, 12152
2026/08/15 20:30:42.747, 11932, 12152
2026/08/15 20:30:47.748, 11932, 12152
2026/08/15 20:30:52.748, 11932, 12152
2026/08/15 20:30:57.748, 11932, 12152
2026/08/15 20:31:02.749, 11932, 12152
2026/08/15 20:31:07.751, 11932, 12152
2026/08/15 20:31:12.754, 11932, 12152
2026/08/15 20:31:17.757, 11932, 12152
2026/08/15 20:31:22.759, 11932, 12152
2026/08/15 20:31:27.761, 11932, 12152
2026/08/15 20:31:32.762, 11932, 12152
2026/08/15 20:31:37.763, 11932, 12152
2026/08/15 20:31:42.766, 11932, 12152
2026/08/15 20:31:47.768, 11932, 12152
2026/08/15 20:31:52.769, 11932, 12152
2026/08/15 20:31:57.769, 11932, 12152
2026/08/15 20:32:02.772, 11932, 12152
2026/08/15 20:32:07.774, 11932, 12152
2026/08/15 20:32:12.777, 11932, 12152
2026/08/15 20:32:17.779, 11932, 12152
2026/08/15 20:32:22.780, 11932, 12152
2026/08/15 20:32:27.784, 11932, 12152
2026/08/15 20:32:32.786, 11932, 12152
2026/08/15 20:32:37.790, 11932, 12152
2026/08/15 20:32:42.791, 11932, 12152
2026/08/15 20:32:47.794, 11932, 12152
2026/08/15 20:32:52.797, 11932, 12152
2026/08/15 20:32:57.798, 11932, 12152
2026/08/15 20:33:02.802, 11932, 12152
2026/08/15 20:33:07.804, 11932, 12152
2026/08/15 20:33:12.807, 11932, 12152
2026/08/15 20:33:17.810, 11932, 12152
2026/08/15 20:33:22.813, 11932, 12152
2026/08/15 20:33:27.816, 11932, 12152
2026/08/15 20:33:32.820, 11932, 12152
2026/08/15 20:33:37.822, 11932, 12152
2026/08/15 20:33:42.824, 11932, 12152
2026/08/15 20:33:47.828, 11932, 12152
2026/08/15 20:33:52.831, 11932, 12152
2026/08/15 20:33:57.834, 11932, 12152
2026/08/15 20:34:02.838, 11932, 12152
2026/08/15 20:34:07.840, 11932, 12152
2026/08/15 20:34:12.843, 11932, 12152
2026/08/15 20:34:17.844, 11932, 12152
2026/08/15 20:34:22.848, 11932, 12152
2026/08/15 20:34:27.851, 11932, 12152
2026/08/15 20:34:32.855, 11932, 12152
2026/08/15 20:34:37.859, 11932, 12152
2026/08/15 20:34:42.862, 11932, 12152
2026/08/15 20:34:47.866, 11932, 12152
2026/08/15 20:34:52.868, 11932, 12152
2026/08/15 20:34:57.870, 11932, 12152
2026/08/15 20:35:02.874, 11932, 12152
2026/08/15 20:35:07.874, 11932, 12152
2026/08/15 20:35:12.879, 11932, 12152
2026/08/15 20:35:17.881, 11932, 12152
2026/08/15 20:35:22.884, 11932, 12152
2026/08/15 20:35:27.885, 11932, 12152
2026/08/15 20:35:32.889, 11932, 12152
2026/08/15 20:35:37.889, 11932, 12152
2026/08/15 20:35:42.892, 11932, 12152
2026/08/15 20:35:47.896, 11932, 12152
2026/08/15 20:35:52.900, 11932, 12152
2026/08/15 20:35:57.902, 11932, 12152
2026/08/15 20:36:02.906, 11932, 12152
2026/08/15 20:36:07.909, 11932, 12152
2026/08/15 20:36:12.910, 11932, 12152
2026/08/15 20:36:17.915, 11932, 12152
2026/08/15 20:36:22.918, 11932, 12152
2026/08/15 20:36:27.921, 11932, 12152
2026/08/15 20:36:32.925, 11932, 12152
2026/08/15 20:36:37.925, 11932, 12152
2026/08/15 20:36:42.926, 11932, 12152
2026/08/15 20:36:47.926, 11932, 12152
2026/08/15 20:36:52.927, 11932, 12152
2026/08/15 20:36:57.927, 11932, 12152
2026/08/15 20:37:02.927, 11932, 12152
2026/08/15 20:37:07.928, 11932, 12152
2026/08/15 20:37:12.928, 11932, 12152
2026/08/15 20:37:17.929, 11932, 12152
2026/08/15 20:37:22.929, 11932, 12152
2026/08/15 20:37:27.930, 11932, 12152
2026/08/15 20:37:32.930, 11932, 12152
2026/08/15 20:37:37.931, 11932, 12152
2026/08/15 20:37:42.931, 11932, 12152
2026/08/15 20:37:47.931, 11932, 12152
2026/08/15 20:37:52.932, 11932, 12152
2026/08/15 20:37:57.932, 11932, 12152
2026/08/15 20:38:02.933, 11932, 12152
2026/08/15 20:38:07.933, 11932, 12152
2026/08/15 20:38:12.934, 11932, 12152
2026/08/15 20:38:17.934, 11932, 12152
2026/08/15 20:38:22.935, 11932, 12152
2026/08/15 20:38:27.936, 11932, 12152
2026/08/15 20:38:32.936, 11932, 12152
2026/08/15 20:38:37.937, 11932, 12152
2026/08/15 20:38:42.946, 11932, 12152
2026/08/15 20:38:47.946, 11932, 12152
2026/08/15 20:38:52.946, 11932, 12152
2026/08/15 20:38:57.947, 11932, 12152
2026/08/15 20:39:02.947, 11932, 12152
2026/08/15 20:39:07.948, 11932, 12152
2026/08/15 20:39:12.948, 11932, 12152
2026/08/15 20:39:17.949, 11932, 12152
2026/08/15 20:39:22.949, 11932, 12152
2026/08/15 20:39:27.950, 11932, 12152
2026/08/15 20:39:32.950, 11932, 12152
2026/08/15 20:39:37.951, 11932, 12152
2026/08/15 20:39:42.951, 11932, 12152
2026/08/15 20:39:47.952, 11932, 12152
2026/08/15 20:39:52.952, 11932, 12152
2026/08/15 20:39:57.953, 11932, 12152
2026/08/15 20:40:02.953, 11932, 12152
2026/08/15 20:40:07.954, 11932, 12152
2026/08/15 20:40:12.954, 11932, 12152
2026/08/15 20:40:17.954, 11932, 12152
2026/08/15 20:40:22.955, 11932, 12152
2026/08/15 20:40:27.955, 11932, 12152
2026/08/15 20:40:32.956, 11932, 12152
2026/08/15 20:40:37.956, 11932, 12152
2026/08/15 20:40:42.957, 11932, 12152
2026/08/15 20:40:47.957, 11932, 12152
2026/08/15 20:40:52.958, 11932, 12152
2026/08/15 20:40:57.958, 11932, 12152
2026/08/15 20:41:02.959, 11932, 12152
2026/08/15 20:41:07.959, 11932, 12152
2026/08/15 20:41:12.960, 11932, 12152
2026/08/15 20:41:17.960, 11932, 12152
2026/08/15 20:41:22.960, 11932, 12152
2026/08/15 20:41:27.961, 11932, 12152
2026/08/15 20:41:32.961, 11932, 12152
2026/08/15 20:41:37.962, 11932, 12152
2026/08/15 20:41:42.962, 11932, 12152
2026/08/15 20:41:47.963, 11932, 12152
2026/08/15 20:41:52.963, 11932, 12152
2026/08/15 20:41:57.964, 11932, 12152
2026/08/15 20:42:02.964, 11932, 12152
2026/08/15 20:42:07.964, 11932, 12152
2026/08/15 20:42:12.965, 11932, 12152
2026/08/15 20:42:17.965, 11932, 12152
2026/08/15 20:42:22.966, 11932, 12152
2026/08/15 20:42:27.966, 11932, 12152
2026/08/15 20:42:32.967, 11932, 12152
2026/08/15 20:42:37.967, 11932, 12152
2026/08/15 20:42:42.968, 11932, 12152
2026/08/15 20:42:47.968, 11932, 12152
2026/08/15 20:42:52.969, 11932, 12152
2026/08/15 20:42:57.969, 11932, 12152
2026/08/15 20:43:02.970, 11932, 12152
2026/08/15 20:43:07.970, 11932, 12152
2026/08/15 20:43:12.971, 11932, 12152
2026/08/15 20:43:17.971, 11932, 12152
2026/08/15 20:43:22.971, 11932, 12152
2026/08/15 20:43:27.972, 11932, 12152
2026/08/15 20:43:32.972, 11932, 12152
2026/08/15 20:43:37.973, 11932, 12152
2026/08/15 20:43:42.973, 11932, 12152
2026/08/15 20:43:47.974, 11932, 12152
2026/08/15 20:43:52.974, 11932, 12152
2026/08/15 20:43:57.975, 11932, 12152
2026/08/15 20:44:02.975, 11932, 12152
2026/08/15 20:44:07.976, 11932, 12152
2026/08/15 20:44:12.985, 11932, 12152
2026/08/15 20:44:17.985, 11932, 12152
2026/08/15 20:44:22.985, 11932, 12152
2026/08/15 20:44:27.986, 11932, 12152
2026/08/15 20:44:32.986, 11932, 12152
2026/08/15 20:44:37.987, 11932, 12152
2026/08/15 20:44:42.987, 11932, 12152
2026/08/15 20:44:47.988, 11932, 12152
2026/08/15 20:44:52.988, 11932, 12152
2026/08/15 20:44:57.989, 11932, 12152
2026/08/15 20:45:02.989, 11932, 12152
2026/08/15 20:45:07.990, 11932, 12152
2026/08/15 20:45:12.990, 11932, 12152
2026/08/15 20:45:17.991, 11932, 12152
2026/08/15 20:45:22.991, 11932, 12152
2026/08/15 20:45:27.991, 11932, 12152
2026/08/15 20:45:32.992, 11932, 12152
2026/08/15 20:45:37.992, 11932, 12152
2026/08/15 20:45:42.993, 11932, 12152
2026/08/15 20:45:47.993, 11932, 12152
2026/08/15 20:45:52.994, 11932, 12152
2026/08/15 20:45:57.994, 11932, 12152
2026/08/15 20:46:02.994, 11932, 12152
2026/08/15 20:46:07.995, 11932, 12152
2026/08/15 20:46:12.995, 11932, 12152
2026/08/15 20:46:17.996, 11932, 12152
2026/08/15 20:46:22.996, 11932, 12152
2026/08/15 20:46:27.997, 11932, 12152
2026/08/15 20:46:32.997, 11932, 12152
2026/08/15 20:46:37.998, 11932, 12152
2026/08/15 20:46:42.998, 11932, 12152
2026/08/15 20:46:47.998, 11932, 12152
2026/08/15 20:46:52.999, 11932, 12152
2026/08/15 20:46:57.999, 11932, 12152
2026/08/15 20:47:03.000, 11932, 12152
2026/08/15 20:47:08.000, 11932, 12152
2026/08/15 20:47:13.001, 11932, 12152
2026/08/15 20:47:18.001, 11932, 12152
2026/08/15 20:47:23.001, 11932, 12152
2026/08/15 20:47:28.002, 11932, 12152
2026/08/15 20:47:33.002, 11932, 12152
2026/08/15 20:47:38.003, 11932, 12152
2026/08/15 20:47:43.003, 11932, 12152
2026/08/15 20:47:48.012, 11932, 12152
2026/08/15 20:47:53.012, 11932, 12152
2026/08/15 20:47:58.013, 11932, 12152
2026/08/15 20:48:03.013, 11932, 12152
2026/08/15 20:48:08.014, 11932, 12152
2026/08/15 20:48:13.014, 11932, 12152
2026/08/15 20:48:18.015, 11932, 12152
2026/08/15 20:48:23.015, 11932, 12152
2026/08/15 20:48:28.015, 11932, 12152
2026/08/15 20:48:33.016, 11932, 12152
2026/08/15 20:48:38.016, 11932, 12152
2026/08/15 20:48:43.017, 11932, 12152
2026/08/15 20:48:48.017, 11932, 12152
2026/08/15 20:48:53.018, 11932, 12152
2026/08/15 20:48:58.019, 11932, 12152
2026/08/15 20:49:03.019, 11932, 12152
2026/08/15 20:49:08.020, 11932, 12152
2026/08/15 20:49:13.020, 11932, 12152
2026/08/15 20:49:18.021, 11932, 12152
2026/08/15 20:49:23.022, 11932, 12152
2026/08/15 20:49:28.022, 11932, 12152
2026/08/15 20:49:33.023, 11932, 12152
2026/08/15 20:49:38.023, 11932, 12152
2026/08/15 20:49:43.024, 11932, 12152
2026/08/15 20:49:48.024, 11932, 12152
2026/08/15 20:49:53.025, 11932, 12152
2026/08/15 20:49:58.025, 11932, 12152
2026/08/15 20:50:03.026, 11932, 12152
2026/08/15 20:50:08.026, 11932, 12152
2026/08/15 20:50:13.027, 11932, 12152
2026/08/15 20:50:18.028, 11932, 12152
2026/08/15 20:50:23.028, 11932, 12152
2026/08/15 20:50:28.029, 11932, 12152
2026/08/15 20:50:33.029, 11932, 12152
2026/08/15 20:50:38.030, 11932, 12152
2026/08/15 20:50:43.030, 11932, 12152
2026/08/15 20:50:48.031, 11932, 12152
2026/08/15 20:50:53.031, 11932, 12152
2026/08/15 20:50:58.032, 11932, 12152
2026/08/15 20:51:03.032, 11932, 12152
2026/08/15 20:51:08.033, 11932, 12152
2026/08/15 20:51:13.033, 11932, 12152
2026/08/15 20:51:18.034, 11932, 12152
2026/08/15 20:51:23.034, 11932, 12152
2026/08/15 20:51:28.035, 11932, 12152
2026/08/15 20:51:33.035, 11932, 12152
2026/08/15 20:51:38.036, 11932, 12152
2026/08/15 20:51:43.036, 11932, 12152
2026/08/15 20:51:48.037, 11932, 12152
2026/08/15 20:51:53.037, 11932, 12152
2026/08/15 20:51:58.038, 11932, 12152
2026/08/15 20:52:03.038, 11932, 12152
2026/08/15 20:52:08.039, 11932, 12152
2026/08/15 20:52:13.039, 11932, 12152
2026/08/15 20:52:18.040, 11932, 12152
2026/08/15 20:52:23.040, 11932, 12152
2026/08/15 20:52:28.049, 11932, 12152
2026/08/15 20:52:33.049, 11932, 12152
2026/08/15 20:52:38.050, 11932, 12152
2026/08/15 20:52:43.050, 11932, 12152
2026/08/15 20:52:48.051, 11932, 12152
2026/08/15 20:52:53.051, 11932, 12152
2026/08/15 20:52:58.052, 11932, 12152
2026/08/15 20:53:03.052, 11932, 12152
2026/08/15 20:53:08.052, 11932, 12152
2026/08/15 20:53:13.053, 11932, 12152
2026/08/15 20:53:18.053, 11932, 12152
2026/08/15 20:53:23.054, 11932, 12152
2026/08/15 20:53:28.054, 11932, 12152
2026/08/15 20:53:33.055, 11932, 12152
2026/08/15 20:53:38.055, 11932, 12152
2026/08/15 20:53:43.056, 11932, 12152
2026/08/15 20:53:48.056, 11932, 12152
2026/08/15 20:53:53.057, 11932, 12152
2026/08/15 20:53:58.057, 11932, 12152
2026/08/15 20:54:03.058, 11932, 12152
2026/08/15 20:54:08.058, 11932, 12152
2026/08/15 20:54:13.059, 11932, 12152
2026/08/15 20:54:18.059, 11932, 12152
2026/08/15 20:54:23.060, 11932, 12152
2026/08/15 20:54:28.062, 11932, 12152
2026/08/15 20:54:33.062, 11932, 12152
2026/08/15 20:54:38.062, 11932, 12152
2026/08/15 20:54:43.063, 11932, 12152
2026/08/15 20:54:48.063, 11932, 12152
2026/08/15 20:54:53.064, 11932, 12152
2026/08/15 20:54:58.064, 11932, 12152
2026/08/15 20:55:03.065, 11932, 12152
2026/08/15 20:55:08.065, 11932, 12152
2026/08/15 20:55:13.065, 11932, 12152
2026/08/15 20:55:18.066, 11932, 12152
2026/08/15 20:55:23.066, 11932, 12152
2026/08/15 20:55:28.067, 11932, 12152
2026/08/15 20:55:33.067, 11932, 12152
2026/08/15 20:55:38.068, 11932, 12152
2026/08/15 20:55:43.068, 11932, 12152
2026/08/15 20:55:48.068, 11932, 12152
2026/08/15 20:55:53.069, 11932, 12152
2026/08/15 20:55:58.069, 11932, 12152
2026/08/15 20:56:03.070, 11932, 12152
2026/08/15 20:56:08.070, 11932, 12152
2026/08/15 20:56:13.071, 11932, 12152
2026/08/15 20:56:18.071, 11932, 12152
2026/08/15 20:56:23.072, 11932, 12152
2026/08/15 20:56:28.072, 11932, 12152
2026/08/15 20:56:33.072, 11932, 12152
2026/08/15 20:56:38.073, 11932, 12152
2026/08/15 20:56:43.073, 11932, 12152
2026/08/15 20:56:48.074, 11932, 12152
2026/08/15 20:56:53.074, 11932, 12152
2026/08/15 20:56:58.075, 11932, 12152
2026/08/15 20:57:03.075, 11932, 12152
2026/08/15 20:57:08.076, 11932, 12152
2026/08/15 20:57:13.076, 11932, 12152
2026/08/15 20:57:18.077, 11932, 12152
2026/08/15 20:57:23.077, 11932, 12152
2026/08/15 20:57:28.078, 11932, 12152
2026/08/15 20:57:33.078, 11932, 12152
2026/08/15 20:57:38.079, 11932, 12152
2026/08/15 20:57:43.079, 11932, 12152
2026/08/15 20:57:48.080, 11932, 12152
2026/08/15 20:57:53.081, 11932, 12152
2026/08/15 20:57:58.081, 11932, 12152
2026/08/15 20:58:03.081, 11932, 12152
2026/08/15 20:58:08.082, 11932, 12152
2026/08/15 20:58:13.083, 11932, 12152
2026/08/15 20:58:18.083, 11932, 12152
2026/08/15 20:58:23.084, 11932, 12152
2026/08/15 20:58:28.085, 11932, 12152
2026/08/15 20:58:33.085, 11932, 12152
2026/08/15 20:58:38.086, 11932, 12152
2026/08/15 20:58:43.086, 11932, 12152
2026/08/15 20:58:48.087, 11932, 12152
2026/08/15 20:58:53.087, 11932, 12152
2026/08/15 20:58:58.087, 11932, 12152
2026/08/15 20:59:03.088, 11932, 12152
2026/08/15 20:59:08.088, 11932, 12152
2026/08/15 20:59:13.089, 11932, 12152
2026/08/15 20:59:18.089, 11932, 12152
2026/08/15 20:59:23.090, 11932, 12152
2026/08/15 20:59:28.090, 11932, 12152
2026/08/15 20:59:33.091, 11932, 12152
2026/08/15 20:59:38.092, 11932, 12152
2026/08/15 20:59:43.092, 11932, 12152
2026/08/15 20:59:48.093, 11932, 12152
2026/08/15 20:59:53.093, 11932, 12152
2026/08/15 20:59:58.094, 11932, 12152
2026/08/15 21:00:03.095, 11932, 12152
2026/08/15 21:00:08.095, 11932, 12152
2026/08/15 21:00:13.096, 11932, 12152
2026/08/15 21:00:18.096, 11932, 12152
2026/08/15 21:00:23.097, 11932, 12152
2026/08/15 21:00:28.097, 11932, 12152
2026/08/15 21:00:33.098, 11932, 12152
2026/08/15 21:00:38.099, 11932, 12152
2026/08/15 21:00:43.099, 11932, 12152
2026/08/15 21:00:48.099, 11932, 12152
2026/08/15 21:00:53.100, 11932, 12152
2026/08/15 21:00:58.100, 11932, 12152
2026/08/15 21:01:03.101, 11932, 12152
2026/08/15 21:01:08.101, 11932, 12152
2026/08/15 21:01:13.102, 11932, 12152
2026/08/15 21:01:18.102, 11932, 12152
2026/08/15 21:01:23.102, 11932, 12152
2026/08/15 21:01:28.103, 11932, 12152
2026/08/15 21:01:33.103, 11932, 12152
2026/08/15 21:01:38.104, 11932, 12152
2026/08/15 21:01:43.104, 11932, 12152
2026/08/15 21:01:48.105, 11932, 12152
2026/08/15 21:01:53.105, 11932, 12152
2026/08/15 21:01:58.106, 11932, 12152
2026/08/15 21:02:03.106, 11932, 12152
2026/08/15 21:02:08.107, 11932, 12152
2026/08/15 21:02:13.107, 11932, 12152
2026/08/15 21:02:18.108, 11932, 12152
2026/08/15 21:02:23.108, 11932, 12152
2026/08/15 21:02:28.109, 11932, 12152
2026/08/15 21:02:33.110, 11932, 12152
2026/08/15 21:02:38.110, 11932, 12152
2026/08/15 21:02:43.111, 11932, 12152
2026/08/15 21:02:48.111, 11932, 12152
2026/08/15 21:02:53.112, 11932, 12152
2026/08/15 21:02:58.112, 11932, 12152
2026/08/15 21:03:03.113, 11932, 12152
2026/08/15 21:03:08.113, 11932, 12152
2026/08/15 21:03:13.114, 11932, 12152
2026/08/15 21:03:18.123, 11932, 12152
2026/08/15 21:03:23.124, 11932, 12152
2026/08/15 21:03:28.124, 11932, 12152
2026/08/15 21:03:33.125, 11932, 12152
2026/08/15 21:03:38.125, 11932, 12152
2026/08/15 21:03:43.126, 11932, 12152
2026/08/15 21:03:48.126, 11932, 12152
2026/08/15 21:03:53.127, 11932, 12152
2026/08/15 21:03:58.127, 11932, 12152
2026/08/15 21:04:03.128, 11932, 12152
2026/08/15 21:04:08.128, 11932, 12152
2026/08/15 21:04:13.129, 11932, 12152
2026/08/15 21:04:18.130, 11932, 12152
2026/08/15 21:04:23.130, 11932, 12152
2026/08/15 21:04:28.131, 11932, 12152
2026/08/15 21:04:33.131, 11932, 12152
2026/08/15 21:04:38.131, 11932, 12152
2026/08/15 21:04:43.132, 11932, 12152
2026/08/15 21:04:48.132, 11932, 12152
2026/08/15 21:04:53.133, 11932, 12152
2026/08/15 21:04:58.133, 11932, 12152
2026/08/15 21:05:03.134, 11932, 12152
2026/08/15 21:05:08.134, 11932, 12152
2026/08/15 21:05:13.135, 11932, 12152
2026/08/15 21:05:18.135, 11932, 12152
2026/08/15 21:05:23.136, 11932, 12152
2026/08/15 21:05:28.136, 11932, 12152
2026/08/15 21:05:33.137, 11932, 12152
2026/08/15 21:05:38.137, 11932, 12152
2026/08/15 21:05:43.138, 11932, 12152
2026/08/15 21:05:48.138, 11932, 12152
2026/08/15 21:05:53.139, 11932, 12152
2026/08/15 21:05:58.140, 11932, 12152
2026/08/15 21:06:03.140, 11932, 12152
2026/08/15 21:06:08.140, 11932, 12152
2026/08/15 21:06:13.141, 11932, 12152
2026/08/15 21:06:18.141, 11932, 12152
2026/08/15 21:06:23.142, 11932, 12152
2026/08/15 21:06:28.142, 11932, 12152
2026/08/15 21:06:33.143, 11932, 12152
2026/08/15 21:06:38.144, 11932, 12152
2026/08/15 21:06:43.144, 11932, 12152
2026/08/15 21:06:48.145, 11932, 12152
2026/08/15 21:06:53.145, 11932, 12152
2026/08/15 21:06:58.145, 11932, 12152
2026/08/15 21:07:03.146, 11932, 12152
2026/08/15 21:07:08.146, 11932, 12152
2026/08/15 21:07:13.147, 11932, 12152
2026/08/15 21:07:18.148, 11932, 12152
2026/08/15 21:07:23.148, 11932, 12152
2026/08/15 21:07:28.149, 11932, 12152
2026/08/15 21:07:33.149, 11932, 12152
2026/08/15 21:07:38.150, 11932, 12152
2026/08/15 21:07:43.150, 11932, 12152
2026/08/15 21:07:48.151, 11932, 12152
2026/08/15 21:07:53.151, 11932, 12152
2026/08/15 21:07:58.152, 11932, 12152
2026/08/15 21:08:03.152, 11932, 12152
2026/08/15 21:08:08.153, 11932, 12152
2026/08/15 21:08:13.153, 11932, 12152
2026/08/15 21:08:18.153, 11932, 12152
2026/08/15 21:08:23.154, 11932, 12152
2026/08/15 21:08:28.154, 11932, 12152
2026/08/15 21:08:33.155, 11932, 12152
2026/08/15 21:08:38.155, 11932, 12152
2026/08/15 21:08:43.156, 11932, 12152
2026/08/15 21:08:48.156, 11932, 12152
2026/08/15 21:08:53.156, 11932, 12152
2026/08/15 21:08:58.157, 11932, 12152
2026/08/15 21:09:03.157, 11932, 12152
2026/08/15 21:09:08.158, 11932, 12152
2026/08/15 21:09:13.158, 11932, 12152
2026/08/15 21:09:18.159, 11932, 12152
2026/08/15 21:09:23.159, 11932, 12152
2026/08/15 21:09:28.160, 11932, 12152
2026/08/15 21:09:33.160, 11932, 12152
2026/08/15 21:09:38.161, 11932, 12152
2026/08/15 21:09:43.161, 11932, 12152
2026/08/15 21:09:48.161, 11932, 12152
2026/08/15 21:09:53.162, 11932, 12152
2026/08/15 21:09:58.162, 11932, 12152
2026/08/15 21:10:03.163, 11932, 12152
2026/08/15 21:10:08.163, 11932, 12152
2026/08/15 21:10:13.164, 11932, 12152
2026/08/15 21:10:18.164, 11932, 12152
2026/08/15 21:10:23.164, 11932, 12152
2026/08/15 21:10:28.165, 11932, 12152
2026/08/15 21:10:33.165, 11932, 12152
2026/08/15 21:10:38.166, 11932, 12152
2026/08/15 21:10:43.166, 11932, 12152
2026/08/15 21:10:48.167, 11932, 12152
2026/08/15 21:10:53.167, 11932, 12152
2026/08/15 21:10:58.168, 11932, 12152
2026/08/15 21:11:03.168, 11932, 12152
2026/08/15 21:11:08.168, 11932, 12152
2026/08/15 21:11:13.169, 11932, 12152
2026/08/15 21:11:18.169, 11932, 12152
2026/08/15 21:11:23.170, 11932, 12152
2026/08/15 21:11:28.170, 11932, 12152
2026/08/15 21:11:33.171, 11932, 12152
2026/08/15 21:11:38.171, 11932, 12152
2026/08/15 21:11:43.172, 11932, 12152
2026/08/15 21:11:48.172, 11932, 12152
2026/08/15 21:11:53.172, 11932, 12152
2026/08/15 21:11:58.173, 11932, 12152
2026/08/15 21:12:03.173, 11932, 12152
2026/08/15 21:12:08.174, 11932, 12152
2026/08/15 21:12:13.174, 11932, 12152
2026/08/15 21:12:18.175, 11932, 12152
2026/08/15 21:12:23.175, 11932, 12152
2026/08/15 21:12:28.176, 11932, 12152
2026/08/15 21:12:33.176, 11932, 12152
2026/08/15 21:12:38.176, 11932, 12152
2026/08/15 21:12:43.177, 11932, 12152
2026/08/15 21:12:48.177, 11932, 12152
2026/08/15 21:12:53.178, 11932, 12152
2026/08/15 21:12:58.178, 11932, 12152
2026/08/15 21:13:03.179, 11932, 12152
2026/08/15 21:13:08.179, 11932, 12152
2026/08/15 21:13:13.180, 11932, 12152
2026/08/15 21:13:18.180, 11932, 12152
2026/08/15 21:13:23.180, 11932, 12152
2026/08/15 21:13:28.181, 11932, 12152
2026/08/15 21:13:33.181, 11932, 12152
2026/08/15 21:13:38.182, 11932, 12152
2026/08/15 21:13:43.182, 11932, 12152
2026/08/15 21:13:48.183, 11932, 12152
2026/08/15 21:13:53.183, 11932, 12152
2026/08/15 21:13:58.183, 11932, 12152
2026/08/15 21:14:03.184, 11932, 12152
2026/08/15 21:14:08.184, 11932, 12152
2026/08/15 21:14:13.185, 11932, 12152
2026/08/15 21:14:18.185, 11932, 12152
2026/08/15 21:14:23.186, 11932, 12152
2026/08/15 21:14:28.186, 11932, 12152
2026/08/15 21:14:33.186, 11932, 12152
2026/08/15 21:14:38.187, 11932, 12152
2026/08/15 21:14:43.187, 11932, 12152
2026/08/15 21:14:48.188, 11932, 12152
2026/08/15 21:14:53.188, 11932, 12152
2026/08/15 21:14:58.189, 11932, 12152
2026/08/15 21:15:03.189, 11932, 12152
2026/08/15 21:15:08.189, 11932, 12152
2026/08/15 21:15:13.190, 11932, 12152
2026/08/15 21:15:18.190, 11932, 12152
2026/08/15 21:15:23.191, 11932, 12152
2026/08/15 21:15:28.191, 11932, 12152
2026/08/15 21:15:33.192, 11932, 12152
2026/08/15 21:15:38.200, 11932, 12152
2026/08/15 21:15:43.201, 11932, 12152
2026/08/15 21:15:48.201, 11932, 12152
2026/08/15 21:15:53.202, 11932, 12152
2026/08/15 21:15:58.202, 11932, 12152
2026/08/15 21:16:03.203, 11932, 12152
2026/08/15 21:16:08.203, 11932, 12152
2026/08/15 21:16:13.203, 11932, 12152
2026/08/15 21:16:18.204, 11932, 12152
2026/08/15 21:16:23.204, 11932, 12152
2026/08/15 21:16:28.205, 11932, 12152
2026/08/15 21:16:33.205, 11932, 12152
2026/08/15 21:16:38.206, 11932, 12152
2026/08/15 21:16:43.206, 11932, 12152
2026/08/15 21:16:48.206, 11932, 12152
2026/08/15 21:16:53.207, 11932, 12152
2026/08/15 21:16:58.207, 11932, 12152
2026/08/15 21:17:03.208, 11932, 12152
2026/08/15 21:17:08.208, 11932, 12152
2026/08/15 21:17:13.209, 11932, 12152
2026/08/15 21:17:18.209, 11932, 12152
2026/08/15 21:17:23.209, 11932, 12152
2026/08/15 21:17:28.210, 11932, 12152
2026/08/15 21:17:33.210, 11932, 12152
2026/08/15 21:17:38.211, 11932, 12152
2026/08/15 21:17:43.211, 11932, 12152
2026/08/15 21:17:48.211, 11932, 12152
2026/08/15 21:17:53.212, 11932, 12152
2026/08/15 21:17:58.212, 11932, 12152
2026/08/15 21:18:03.213, 11932, 12152
2026/08/15 21:18:08.213, 11932, 12152
2026/08/15 21:18:13.214, 11932, 12152
2026/08/15 21:18:18.214, 11932, 12152
2026/08/15 21:18:23.214, 11932, 12152
2026/08/15 21:18:28.215, 11932, 12152
2026/08/15 21:18:33.215, 11932, 12152
2026/08/15 21:18:38.224, 11932, 12152
2026/08/15 21:18:43.225, 11932, 12152
2026/08/15 21:18:48.230, 11932, 12152
2026/08/15 21:18:53.234, 11932, 12152
2026/08/15 21:18:58.236, 11932, 12152
2026/08/15 21:19:03.241, 11932, 12152
2026/08/15 21:19:08.243, 11932, 12152
2026/08/15 21:19:13.247, 11932, 12152
2026/08/15 21:19:18.251, 11932, 12152
2026/08/15 21:19:23.255, 11932, 12152
2026/08/15 21:19:28.258, 11932, 12152
2026/08/15 21:19:33.258, 11932, 12152
2026/08/15 21:19:38.263, 11932, 12152
2026/08/15 21:19:43.266, 11932, 12152
2026/08/15 21:19:48.272, 11932, 12152
2026/08/15 21:19:53.281, 11932, 12152
2026/08/15 21:19:58.281, 11932, 12152
2026/08/15 21:20:03.281, 11932, 12152
2026/08/15 21:20:08.282, 11932, 12152
2026/08/15 21:20:13.282, 11932, 12152
2026/08/15 21:20:18.283, 11932, 12152
2026/08/15 21:20:23.283, 11932, 12152
2026/08/15 21:20:28.284, 11932, 12152
2026/08/15 21:20:33.284, 11932, 12152
2026/08/15 21:20:38.285, 11932, 12152
2026/08/15 21:20:43.285, 11932, 12152
2026/08/15 21:20:48.286, 11932, 12152
2026/08/15 21:20:53.286, 11932, 12152
2026/08/15 21:20:58.287, 11932, 12152
2026/08/15 21:21:03.287, 11932, 12152
2026/08/15 21:21:08.288, 11932, 12152
2026/08/15 21:21:13.288, 11932, 12152
2026/08/15 21:21:18.288, 11932, 12152
2026/08/15 21:21:23.289, 11932, 12152
2026/08/15 21:21:28.289, 11932, 12152
2026/08/15 21:21:33.290, 11932, 12152
2026/08/15 21:21:38.290, 11932, 12152
2026/08/15 21:21:43.291, 11932, 12152
2026/08/15 21:21:48.291, 11932, 12152
2026/08/15 21:21:53.291, 11932, 12152
2026/08/15 21:21:58.292, 11932, 12152
2026/08/15 21:22:03.292, 11932, 12152
2026/08/15 21:22:08.293, 11932, 12152
2026/08/15 21:22:13.293, 11932, 12152
2026/08/15 21:22:18.294, 11932, 12152
2026/08/15 21:22:23.294, 11932, 12152
2026/08/15 21:22:28.294, 11932, 12152
2026/08/15 21:22:33.295, 11932, 12152
2026/08/15 21:22:38.295, 11932, 12152
2026/08/15 21:22:43.296, 11932, 12152
2026/08/15 21:22:48.305, 11932, 12152
2026/08/15 21:22:53.305, 11932, 12152
2026/08/15 21:22:58.305, 11932, 12152
2026/08/15 21:23:03.306, 11932, 12152
2026/08/15 21:23:08.306, 11932, 12152
2026/08/15 21:23:13.307, 11932, 12152
2026/08/15 21:23:18.307, 11932, 12152
2026/08/15 21:23:23.308, 11932, 12152
2026/08/15 21:23:28.308, 11932, 12152
2026/08/15 21:23:33.308, 11932, 12152
2026/08/15 21:23:38.309, 11932, 12152
2026/08/15 21:23:43.309, 11932, 12152
2026/08/15 21:23:48.310, 11932, 12152
2026/08/15 21:23:53.310, 11932, 12152
2026/08/15 21:23:58.311, 11932, 12152
2026/08/15 21:24:03.311, 11932, 12152
2026/08/15 21:24:08.312, 11932, 12152
2026/08/15 21:24:13.312, 11932, 12152
2026/08/15 21:24:18.312, 11932, 12152
2026/08/15 21:24:23.313, 11932, 12152
2026/08/15 21:24:28.313, 11932, 12152
2026/08/15 21:24:33.314, 11932, 12152
2026/08/15 21:24:38.314, 11932, 12152
2026/08/15 21:24:43.315, 11932, 12152
2026/08/15 21:24:48.315, 11932, 12152
2026/08/15 21:24:53.316, 11932, 12152
2026/08/15 21:24:58.316, 11932, 12152
2026/08/15 21:25:03.317, 11932, 12152
2026/08/15 21:25:08.317, 11932, 12152
2026/08/15 21:25:13.318, 11932, 12152
2026/08/15 21:25:18.318, 11932, 12152
2026/08/15 21:25:23.319, 11932, 12152
2026/08/15 21:25:28.319, 11932, 12152
2026/08/15 21:25:33.319, 11932, 12152
2026/08/15 21:25:38.320, 11932, 12152
2026/08/15 21:25:43.320, 11932, 12152
2026/08/15 21:25:48.321, 11932, 12152
2026/08/15 21:25:53.321, 11932, 12152
2026/08/15 21:25:58.321, 11932, 12152
2026/08/15 21:26:03.322, 11932, 12152
2026/08/15 21:26:08.322, 11932, 12152
2026/08/15 21:26:13.323, 11932, 12152
2026/08/15 21:26:18.323, 11932, 12152
2026/08/15 21:26:23.324, 11932, 12152
2026/08/15 21:26:28.324, 11932, 12152
2026/08/15 21:26:33.325, 11932, 12152
2026/08/15 21:26:38.325, 11932, 12152
2026/08/15 21:26:43.325, 11932, 12152
2026/08/15 21:26:48.326, 11932, 12152
2026/08/15 21:26:53.326, 11932, 12152
2026/08/15 21:26:58.327, 11932, 12152
2026/08/15 21:27:03.336, 11932, 12152
2026/08/15 21:27:08.336, 11932, 12152
2026/08/15 21:27:13.336, 11932, 12152
2026/08/15 21:27:18.337, 11932, 12152
2026/08/15 21:27:23.337, 11932, 12152
2026/08/15 21:27:28.338, 11932, 12152
2026/08/15 21:27:33.338, 11932, 12152
2026/08/15 21:27:38.339, 11932, 12152
2026/08/15 21:27:43.339, 11932, 12152
2026/08/15 21:27:48.340, 11932, 12152
2026/08/15 21:27:53.340, 11932, 12152
2026/08/15 21:27:58.340, 11932, 12152
2026/08/15 21:28:03.341, 11932, 12152
2026/08/15 21:28:08.341, 11932, 12152
2026/08/15 21:28:13.342, 11932, 12152
2026/08/15 21:28:18.342, 11932, 12152
2026/08/15 21:28:23.343, 11932, 12152
2026/08/15 21:28:28.343, 11932, 12152
2026/08/15 21:28:33.343, 11932, 12152
2026/08/15 21:28:38.344, 11932, 12152
2026/08/15 21:28:43.344, 11932, 12152
2026/08/15 21:28:48.345, 11932, 12152
2026/08/15 21:28:53.345, 11932, 12152
2026/08/15 21:28:58.346, 11932, 12152
2026/08/15 21:29:03.346, 11932, 12152
2026/08/15 21:29:08.347, 11932, 12152
2026/08/15 21:29:13.347, 11932, 12152
2026/08/15 21:29:18.347, 11932, 12152
2026/08/15 21:29:23.348, 11932, 12152
2026/08/15 21:29:28.348, 11932, 12152
2026/08/15 21:29:33.349, 11932, 12152
2026/08/15 21:29:38.349, 11932, 12152
2026/08/15 21:29:43.350, 11932, 12152
2026/08/15 21:29:48.350, 11932, 12152
2026/08/15 21:29:53.351, 11932, 12152
2026/08/15 21:29:58.351, 11932, 12152
2026/08/15 21:30:03.352, 11932, 12152
2026/08/15 21:30:08.352, 11932, 12152
2026/08/15 21:30:13.353, 11932, 12152
2026/08/15 21:30:18.353, 11932, 12152
2026/08/15 21:30:23.353, 11932, 12152
2026/08/15 21:30:28.354, 11932, 12152
2026/08/15 21:30:33.354, 11932, 12152
2026/08/15 21:30:38.355, 11932, 12152
2026/08/15 21:30:43.355, 11932, 12152
2026/08/15 21:30:48.356, 11932, 12152
2026/08/15 21:30:53.356, 11932, 12152
2026/08/15 21:30:58.357, 11932, 12152
2026/08/15 21:31:03.357, 11932, 12152
2026/08/15 21:31:08.357, 11932, 12152
2026/08/15 21:31:13.358, 11932, 12152
2026/08/15 21:31:18.358, 11932, 12152
2026/08/15 21:31:23.359, 11932, 12152
2026/08/15 21:31:28.359, 11932, 12152
2026/08/15 21:31:33.360, 11932, 12152
2026/08/15 21:31:38.360, 11932, 12152
2026/08/15 21:31:43.361, 11932, 12152
2026/08/15 21:31:48.361, 11932, 12152
2026/08/15 21:31:53.362, 11932, 12152
2026/08/15 21:31:58.362, 11932, 12152
2026/08/15 21:32:03.363, 11932, 12152
2026/08/15 21:32:08.363, 11932, 12152
2026/08/15 21:32:13.364, 11932, 12152
2026/08/15 21:32:18.364, 11932, 12152
2026/08/15 21:32:23.365, 11932, 12152
2026/08/15 21:32:28.365, 11932, 12152
2026/08/15 21:32:33.366, 11932, 12152
2026/08/15 21:32:38.366, 11932, 12152
2026/08/15 21:32:43.367, 11932, 12152
2026/08/15 21:32:48.367, 11932, 12152
2026/08/15 21:32:53.368, 11932, 12152
2026/08/15 21:32:58.368, 11932, 12152
2026/08/15 21:33:03.369, 11932, 12152
2026/08/15 21:33:08.369, 11932, 12152
2026/08/15 21:33:13.369, 11932, 12152
2026/08/15 21:33:18.370, 11932, 12152
2026/08/15 21:33:23.370, 11932, 12152
2026/08/15 21:33:28.371, 11932, 12152
2026/08/15 21:33:33.371, 11932, 12152
2026/08/15 21:33:38.372, 11932, 12152
2026/08/15 21:33:43.373, 11932, 12152
2026/08/15 21:33:48.373, 11932, 12152
2026/08/15 21:33:53.374, 11932, 12152
2026/08/15 21:33:58.374, 11932, 12152
2026/08/15 21:34:03.374, 11932, 12152
2026/08/15 21:34:08.375, 11932, 12152
2026/08/15 21:34:13.375, 11932, 12152
2026/08/15 21:34:18.376, 11932, 12152
2026/08/15 21:34:23.376, 11932, 12152
2026/08/15 21:34:28.377, 11932, 12152
2026/08/15 21:34:33.377, 11932, 12152
2026/08/15 21:34:38.378, 11932, 12152
2026/08/15 21:34:43.379, 11932, 12152
2026/08/15 21:34:48.379, 11932, 12152
2026/08/15 21:34:53.379, 11932, 12152
2026/08/15 21:34:58.380, 11932, 12152
2026/08/15 21:35:03.380, 11932, 12152
2026/08/15 21:35:08.381, 11932, 12152
2026/08/15 21:35:13.390, 11932, 12152
2026/08/15 21:35:18.390, 11932, 12152
2026/08/15 21:35:23.391, 11932, 12152
2026/08/15 21:35:28.391, 11932, 12152
2026/08/15 21:35:33.392, 11932, 12152
2026/08/15 21:35:38.392, 11932, 12152
2026/08/15 21:35:43.393, 11932, 12152
2026/08/15 21:35:48.393, 11932, 12152
2026/08/15 21:35:53.394, 11932, 12152
2026/08/15 21:35:58.394, 11932, 12152
2026/08/15 21:36:03.395, 11932, 12152
2026/08/15 21:36:08.395, 11932, 12152
2026/08/15 21:36:13.396, 11932, 12152
2026/08/15 21:36:18.396, 11932, 12152
2026/08/15 21:36:23.397, 11932, 12152
2026/08/15 21:36:28.397, 11932, 12152
2026/08/15 21:36:33.398, 11932, 12152
2026/08/15 21:36:38.398, 11932, 12152
2026/08/15 21:36:43.399, 11932, 12152
2026/08/15 21:36:48.399, 11932, 12152
2026/08/15 21:36:53.400, 11932, 12152
2026/08/15 21:36:58.400, 11932, 12152
2026/08/15 21:37:03.401, 11932, 12152
2026/08/15 21:37:08.401, 11932, 12152
2026/08/15 21:37:13.402, 11932, 12152
2026/08/15 21:37:18.402, 11932, 12152
2026/08/15 21:37:23.403, 11932, 12152
2026/08/15 21:37:28.403, 11932, 12152
2026/08/15 21:37:33.404, 11932, 12152
2026/08/15 21:37:38.404, 11932, 12152
2026/08/15 21:37:43.405, 11932, 12152
2026/08/15 21:37:48.405, 11932, 12152
2026/08/15 21:37:53.406, 11932, 12152
2026/08/15 21:37:58.407, 11932, 12152
2026/08/15 21:38:03.407, 11932, 12152
2026/08/15 21:38:08.408, 11932, 12152
2026/08/15 21:38:13.408, 11932, 12152
2026/08/15 21:38:18.409, 11932, 12152
2026/08/15 21:38:23.409, 11932, 12152
2026/08/15 21:38:28.410, 11932, 12152
2026/08/15 21:38:33.410, 11932, 12152
2026/08/15 21:38:38.411, 11932, 12152
2026/08/15 21:38:43.411, 11932, 12152
2026/08/15 21:38:48.412, 11932, 12152
2026/08/15 21:38:53.412, 11932, 12152
2026/08/15 21:38:58.413, 11932, 12152
2026/08/15 21:39:03.414, 11932, 12152
2026/08/15 21:39:08.414, 11932, 12152
2026/08/15 21:39:13.415, 11932, 12152
2026/08/15 21:39:18.415, 11932, 12152
2026/08/15 21:39:23.416, 11932, 12152
2026/08/15 21:39:28.416, 11932, 12152
2026/08/15 21:39:33.417, 11932, 12152
2026/08/15 21:39:38.417, 11932, 12152
2026/08/15 21:39:43.418, 11932, 12152
2026/08/15 21:39:48.418, 11932, 12152
2026/08/15 21:39:53.419, 11932, 12152
2026/08/15 21:39:58.420, 11932, 12152
2026/08/15 21:40:03.420, 11932, 12152
2026/08/15 21:40:08.421, 11932, 12152
2026/08/15 21:40:13.421, 11932, 12152
2026/08/15 21:40:18.422, 11932, 12152
2026/08/15 21:40:23.422, 11932, 12152
2026/08/15 21:40:28.423, 11932, 12152
2026/08/15 21:40:33.423, 11932, 12152
2026/08/15 21:40:38.424, 11932, 12152
2026/08/15 21:40:43.424, 11932, 12152
2026/08/15 21:40:48.425, 11932, 12152
2026/08/15 21:40:53.425, 11932, 12152
2026/08/15 21:40:58.426, 11932, 12152
2026/08/15 21:41:03.426, 11932, 12152
2026/08/15 21:41:08.426, 11932, 12152
2026/08/15 21:41:13.427, 11932, 12152
2026/08/15 21:41:18.427, 11932, 12152
2026/08/15 21:41:23.428, 11932, 12152
2026/08/15 21:41:28.428, 11932, 12152
2026/08/15 21:41:33.429, 11932, 12152
2026/08/15 21:41:38.429, 11932, 12152
2026/08/15 21:41:43.430, 11932, 12152
2026/08/15 21:41:48.430, 11932, 12152
2026/08/15 21:41:53.431, 11932, 12152
2026/08/15 21:41:58.431, 11932, 12152
2026/08/15 21:42:03.432, 11932, 12152
2026/08/15 21:42:08.432, 11932, 12152
2026/08/15 21:42:13.432, 11932, 12152
2026/08/15 21:42:18.433, 11932, 12152
2026/08/15 21:42:23.433, 11932, 12152
2026/08/15 21:42:28.434, 11932, 12152
2026/08/15 21:42:33.434, 11932, 12152
2026/08/15 21:42:38.435, 11932, 12152
2026/08/15 21:42:43.435, 11932, 12152
2026/08/15 21:42:48.436, 11932, 12152
2026/08/15 21:42:53.436, 11932, 12152
2026/08/15 21:42:58.437, 11932, 12152
2026/08/15 21:43:03.437, 11932, 12152
2026/08/15 21:43:08.437, 11932, 12152
2026/08/15 21:43:13.438, 11932, 12152
2026/08/15 21:43:18.447, 11932, 12152
2026/08/15 21:43:23.447, 11932, 12152
2026/08/15 21:43:28.448, 11932, 12152
2026/08/15 21:43:33.448, 11932, 12152
2026/08/15 21:43:38.449, 11932, 12152
2026/08/15 21:43:43.449, 11932, 12152
2026/08/15 21:43:48.450, 11932, 12152
2026/08/15 21:43:53.450, 11932, 12152
2026/08/15 21:43:58.450, 11932, 12152
2026/08/15 21:44:03.451, 11932, 12152
2026/08/15 21:44:08.451, 11932, 12152
2026/08/15 21:44:13.452, 11932, 12152
2026/08/15 21:44:18.452, 11932, 12152
2026/08/15 21:44:23.453, 11932, 12152
2026/08/15 21:44:28.453, 11932, 12152
2026/08/15 21:44:33.454, 11932, 12152
2026/08/15 21:44:38.454, 11932, 12152
2026/08/15 21:44:43.455, 11932, 12152
2026/08/15 21:44:48.455, 11932, 12152
2026/08/15 21:44:53.455, 11932, 12152
2026/08/15 21:44:58.456, 11932, 12152
2026/08/15 21:45:03.456, 11932, 12152
2026/08/15 21:45:08.457, 11932, 12152
2026/08/15 21:45:13.457, 11932, 12152
2026/08/15 21:45:18.458, 11932, 12152
2026/08/15 21:45:23.458, 11932, 12152
2026/08/15 21:45:28.459, 11932, 12152
2026/08/15 21:45:33.459, 11932, 12152
2026/08/15 21:45:38.460, 11932, 12152
2026/08/15 21:45:43.460, 11932, 12152
2026/08/15 21:45:48.460, 11932, 12152
2026/08/15 21:45:53.461, 11932, 12152
2026/08/15 21:45:58.461, 11932, 12152
2026/08/15 21:46:03.462, 11932, 12152
2026/08/15 21:46:08.462, 11932, 12152
2026/08/15 21:46:13.463, 11932, 12152
2026/08/15 21:46:18.463, 11932, 12152
2026/08/15 21:46:23.464, 11932, 12152
2026/08/15 21:46:28.464, 11932, 12152
2026/08/15 21:46:33.465, 11932, 12152
2026/08/15 21:46:38.465, 11932, 12152
2026/08/15 21:46:43.466, 11932, 12152
2026/08/15 21:46:48.466, 11932, 12152
2026/08/15 21:46:53.467, 11932, 12152
2026/08/15 21:46:58.467, 11932, 12152
2026/08/15 21:47:03.468, 11932, 12152
2026/08/15 21:47:08.468, 11932, 12152
2026/08/15 21:47:13.468, 11932, 12152
2026/08/15 21:47:18.469, 11932, 12152
2026/08/15 21:47:23.469, 11932, 12152
2026/08/15 21:47:28.470, 11932, 12152
2026/08/15 21:47:33.470, 11932, 12152
2026/08/15 21:47:38.471, 11932, 12152
2026/08/15 21:47:43.471, 11932, 12152
2026/08/15 21:47:48.472, 11932, 12152
2026/08/15 21:47:53.472, 11932, 12152
2026/08/15 21:47:58.472, 11932, 12152
2026/08/15 21:48:03.473, 11932, 12152
2026/08/15 21:48:08.473, 11932, 12152
2026/08/15 21:48:13.474, 11932, 12152
2026/08/15 21:48:18.474, 11932, 12152
2026/08/15 21:48:23.475, 11932, 12152
2026/08/15 21:48:28.475, 11932, 12152
2026/08/15 21:48:33.476, 11932, 12152
2026/08/15 21:48:38.476, 11932, 12152
2026/08/15 21:48:43.477, 11932, 12152
2026/08/15 21:48:48.478, 11932, 12152
2026/08/15 21:48:53.478, 11932, 12152
2026/08/15 21:48:58.479, 11932, 12152
2026/08/15 21:49:03.479, 11932, 12152
2026/08/15 21:49:08.480, 11932, 12152
2026/08/15 21:49:13.480, 11932, 12152
2026/08/15 21:49:18.481, 11932, 12152
2026/08/15 21:49:23.482, 11932, 12152
2026/08/15 21:49:28.482, 11932, 12152
2026/08/15 21:49:33.483, 11932, 12152
2026/08/15 21:49:38.483, 11932, 12152
2026/08/15 21:49:43.484, 11932, 12152
2026/08/15 21:49:48.484, 11932, 12152
2026/08/15 21:49:53.484, 11932, 12152
2026/08/15 21:49:58.485, 11932, 12152
2026/08/15 21:50:03.485, 11932, 12152
2026/08/15 21:50:08.486, 11932, 12152
2026/08/15 21:50:13.486, 11932, 12152
2026/08/15 21:50:18.487, 11932, 12152
2026/08/15 21:50:23.487, 11932, 12152
2026/08/15 21:50:28.488, 11932, 12152
2026/08/15 21:50:33.488, 11932, 12152
2026/08/15 21:50:38.489, 11932, 12152
2026/08/15 21:50:43.489, 11932, 12152
2026/08/15 21:50:48.489, 11932, 12152
2026/08/15 21:50:53.490, 11932, 12152
2026/08/15 21:50:58.490, 11932, 12152
2026/08/15 21:51:03.491, 11932, 12152
2026/08/15 21:51:08.491, 11932, 12152
2026/08/15 21:51:13.492, 11932, 12152
2026/08/15 21:51:18.492, 11932, 12152
2026/08/15 21:51:23.493, 11932, 12152
2026/08/15 21:51:28.493, 11932, 12152
2026/08/15 21:51:33.494, 11932, 12152
2026/08/15 21:51:38.494, 11932, 12152
2026/08/15 21:51:43.494, 11932, 12152
2026/08/15 21:51:48.495, 11932, 12152
2026/08/15 21:51:53.495, 11932, 12152
2026/08/15 21:51:58.496, 11932, 12152
2026/08/15 21:52:03.496, 11932, 12152
2026/08/15 21:52:08.497, 11932, 12152
2026/08/15 21:52:13.497, 11932, 12152
2026/08/15 21:52:18.497, 11932, 12152
2026/08/15 21:52:23.498, 11932, 12152
2026/08/15 21:52:28.498, 11932, 12152
2026/08/15 21:52:33.499, 11932, 12152
2026/08/15 21:52:38.499, 11932, 12152
2026/08/15 21:52:43.500, 11932, 12152
2026/08/15 21:52:48.500, 11932, 12152
2026/08/15 21:52:53.501, 11932, 12152
2026/08/15 21:52:58.501, 11932, 12152
2026/08/15 21:53:03.502, 11932, 12152
2026/08/15 21:53:08.502, 11932, 12152
2026/08/15 21:53:13.503, 11932, 12152
2026/08/15 21:53:18.503, 11932, 12152
2026/08/15 21:53:23.504, 11932, 12152
2026/08/15 21:53:28.505, 11932, 12152
2026/08/15 21:53:33.505, 11932, 12152
2026/08/15 21:53:38.506, 11932, 12152
2026/08/15 21:53:43.506, 11932, 12152
2026/08/15 21:53:48.507, 11932, 12152
2026/08/15 21:53:53.507, 11932, 12152
2026/08/15 21:53:58.508, 11932, 12152
2026/08/15 21:54:03.508, 11932, 12152
2026/08/15 21:54:08.509, 11932, 12152
2026/08/15 21:54:13.510, 11932, 12152
2026/08/15 21:54:18.510, 11932, 12152
2026/08/15 21:54:23.511, 11932, 12152
2026/08/15 21:54:28.511, 11932, 12152
2026/08/15 21:54:33.512, 11932, 12152
2026/08/15 21:54:38.512, 11932, 12152
2026/08/15 21:54:43.513, 11932, 12152
2026/08/15 21:54:48.513, 11932, 12152
2026/08/15 21:54:53.514, 11932, 12152
2026/08/15 21:54:58.515, 11932, 12152
2026/08/15 21:55:03.515, 11932, 12152
2026/08/15 21:55:08.516, 11932, 12152
2026/08/15 21:55:13.516, 11932, 12152
2026/08/15 21:55:18.517, 11932, 12152
2026/08/15 21:55:23.517, 11932, 12152
2026/08/15 21:55:28.518, 11932, 12152
2026/08/15 21:55:33.518, 11932, 12152
2026/08/15 21:55:38.519, 11932, 12152
2026/08/15 21:55:43.519, 11932, 12152
2026/08/15 21:55:48.520, 11932, 12152
2026/08/15 21:55:53.520, 11932, 12152
2026/08/15 21:55:58.521, 11932, 12152
2026/08/15 21:56:03.521, 11932, 12152
2026/08/15 21:56:08.522, 11932, 12152
2026/08/15 21:56:13.522, 11932, 12152
2026/08/15 21:56:18.523, 11932, 12152
2026/08/15 21:56:23.524, 11932, 12152
2026/08/15 21:56:28.524, 11932, 12152
2026/08/15 21:56:33.525, 11932, 12152
2026/08/15 21:56:38.525, 11932, 12152
2026/08/15 21:56:43.526, 11932, 12152
2026/08/15 21:56:48.526, 11932, 12152
2026/08/15 21:56:53.527, 11932, 12152
2026/08/15 21:56:58.527, 11932, 12152
2026/08/15 21:57:03.528, 11932, 12152
2026/08/15 21:57:08.528, 11932, 12152
2026/08/15 21:57:13.529, 11932, 12152
2026/08/15 21:57:18.529, 11932, 12152
2026/08/15 21:57:23.530, 11932, 12152
2026/08/15 21:57:28.530, 11932, 12152
2026/08/15 21:57:33.531, 11932, 12152
2026/08/15 21:57:38.531, 11932, 12152
2026/08/15 21:57:43.532, 11932, 12152
2026/08/15 21:57:48.532, 11932, 12152
2026/08/15 21:57:53.533, 11932, 12152
2026/08/15 21:57:58.534, 11932, 12152
2026/08/15 21:58:03.534, 11932, 12152
2026/08/15 21:58:08.535, 11932, 12152
2026/08/15 21:58:13.535, 11932, 12152
2026/08/15 21:58:18.536, 11932, 12152
2026/08/15 21:58:23.536, 11932, 12152
2026/08/15 21:58:28.537, 11932, 12152
2026/08/15 21:58:33.537, 11932, 12152
2026/08/15 21:58:38.538, 11932, 12152
2026/08/15 21:58:43.539, 11932, 12152
2026/08/15 21:58:48.539, 11932, 12152
2026/08/15 21:58:53.540, 11932, 12152
2026/08/15 21:58:58.540, 11932, 12152
2026/08/15 21:59:03.541, 11932, 12152
2026/08/15 21:59:08.541, 11932, 12152
2026/08/15 21:59:13.542, 11932, 12152
2026/08/15 21:59:18.543, 11932, 12152
2026/08/15 21:59:23.543, 11932, 12152
2026/08/15 21:59:28.544, 11932, 12152
2026/08/15 21:59:33.544, 11932, 12152
2026/08/15 21:59:38.545, 11932, 12152
2026/08/15 21:59:43.545, 11932, 12152
2026/08/15 21:59:48.546, 11932, 12152
2026/08/15 21:59:53.546, 11932, 12152
2026/08/15 21:59:58.547, 11932, 12152
2026/08/15 22:00:03.547, 11932, 12152
2026/08/15 22:00:08.548, 11932, 12152
2026/08/15 22:00:13.549, 11932, 12152
2026/08/15 22:00:18.549, 11932, 12152
2026/08/15 22:00:23.550, 11932, 12152
2026/08/15 22:00:28.550, 11932, 12152
2026/08/15 22:00:33.551, 11932, 12152
2026/08/15 22:00:38.551, 11932, 12152
2026/08/15 22:00:43.552, 11932, 12152
2026/08/15 22:00:48.553, 11932, 12152
2026/08/15 22:00:53.553, 11932, 12152
2026/08/15 22:00:58.554, 11932, 12152
2026/08/15 22:01:03.554, 11932, 12152
2026/08/15 22:01:08.555, 11932, 12152
2026/08/15 22:01:13.555, 11932, 12152
2026/08/15 22:01:18.556, 11932, 12152
2026/08/15 22:01:23.557, 11932, 12152
2026/08/15 22:01:28.557, 11932, 12152
2026/08/15 22:01:33.558, 11932, 12152
2026/08/15 22:01:38.558, 11932, 12152
2026/08/15 22:01:43.559, 11932, 12152
2026/08/15 22:01:48.559, 11932, 12152
2026/08/15 22:01:53.560, 11932, 12152
2026/08/15 22:01:58.561, 11932, 12152
2026/08/15 22:02:03.561, 11932, 12152
2026/08/15 22:02:08.561, 11932, 12152
2026/08/15 22:02:13.562, 11932, 12152
2026/08/15 22:02:18.563, 11932, 12152
2026/08/15 22:02:23.563, 11932, 12152
2026/08/15 22:02:28.564, 11932, 12152
2026/08/15 22:02:33.564, 11932, 12152
2026/08/15 22:02:38.565, 11932, 12152
2026/08/15 22:02:43.565, 11932, 12152
2026/08/15 22:02:48.566, 11932, 12152
2026/08/15 22:02:53.566, 11932, 12152
2026/08/15 22:02:58.567, 11932, 12152
2026/08/15 22:03:03.567, 11932, 12152
2026/08/15 22:03:08.568, 11932, 12152
2026/08/15 22:03:13.568, 11932, 12152
2026/08/15 22:03:18.569, 11932, 12152
2026/08/15 22:03:23.569, 11932, 12152
2026/08/15 22:03:28.570, 11932, 12152
2026/08/15 22:03:33.570, 11932, 12152
2026/08/15 22:03:38.571, 11932, 12152
2026/08/15 22:03:43.571, 11932, 12152
2026/08/15 22:03:48.572, 11932, 12152
2026/08/15 22:03:53.572, 11932, 12152
2026/08/15 22:03:58.573, 11932, 12152
2026/08/15 22:04:03.573, 11932, 12152
2026/08/15 22:04:08.574, 11932, 12152
2026/08/15 22:04:13.574, 11932, 12152
2026/08/15 22:04:18.575, 11932, 12152
2026/08/15 22:04:23.575, 11932, 12152
2026/08/15 22:04:28.576, 11932, 12152
2026/08/15 22:04:33.576, 11932, 12152
2026/08/15 22:04:38.577, 11932, 12152
2026/08/15 22:04:43.577, 11932, 12152
2026/08/15 22:04:48.578, 11932, 12152
2026/08/15 22:04:53.578, 11932, 12152
2026/08/15 22:04:58.579, 11932, 12152
2026/08/15 22:05:03.580, 11932, 12152
2026/08/15 22:05:08.580, 11932, 12152
2026/08/15 22:05:13.581, 11932, 12152
2026/08/15 22:05:18.581, 11932, 12152
2026/08/15 22:05:23.582, 11932, 12152
2026/08/15 22:05:28.582, 11932, 12152
2026/08/15 22:05:33.583, 11932, 12152
2026/08/15 22:05:38.583, 11932, 12152
2026/08/15 22:05:43.584, 11932, 12152
2026/08/15 22:05:48.584, 11932, 12152
2026/08/15 22:05:53.585, 11932, 12152
2026/08/15 22:05:58.585, 11932, 12152
2026/08/15 22:06:03.585, 11932, 12152
2026/08/15 22:06:08.586, 11932, 12152
2026/08/15 22:06:13.587, 11932, 12152
2026/08/15 22:06:18.587, 11932, 12152
2026/08/15 22:06:23.588, 11932, 12152
2026/08/15 22:06:28.588, 11932, 12152
2026/08/15 22:06:33.589, 11932, 12152
2026/08/15 22:06:38.589, 11932, 12152
2026/08/15 22:06:43.589, 11932, 12152
2026/08/15 22:06:48.590, 11932, 12152
2026/08/15 22:06:53.590, 11932, 12152
2026/08/15 22:06:58.591, 11932, 12152
2026/08/15 22:07:03.591, 11932, 12152
2026/08/15 22:07:08.592, 11932, 12152
2026/08/15 22:07:13.592, 11932, 12152
2026/08/15 22:07:18.593, 11932, 12152
2026/08/15 22:07:23.593, 11932, 12152
2026/08/15 22:07:28.594, 11932, 12152
2026/08/15 22:07:33.594, 11932, 12152
2026/08/15 22:07:38.595, 11932, 12152
2026/08/15 22:07:43.595, 11932, 12152
2026/08/15 22:07:48.596, 11932, 12152
2026/08/15 22:07:53.596, 11932, 12152
2026/08/15 22:07:58.597, 11932, 12152
2026/08/15 22:08:03.597, 11932, 12152
2026/08/15 22:08:08.598, 11932, 12152
2026/08/15 22:08:13.598, 11932, 12152
2026/08/15 22:08:18.599, 11932, 12152
2026/08/15 22:08:23.599, 11932, 12152
2026/08/15 22:08:28.600, 11932, 12152
2026/08/15 22:08:33.600, 11932, 12152
2026/08/15 22:08:38.601, 11932, 12152
2026/08/15 22:08:43.601, 11932, 12152
2026/08/15 22:08:48.602, 11932, 12152
2026/08/15 22:08:53.603, 11932, 12152
2026/08/15 22:08:58.603, 11932, 12152
2026/08/15 22:09:03.604, 11932, 12152
2026/08/15 22:09:08.604, 11932, 12152
2026/08/15 22:09:13.605, 11932, 12152
2026/08/15 22:09:18.605, 11932, 12152
2026/08/15 22:09:23.606, 11932, 12152
2026/08/15 22:09:28.606, 11932, 12152
2026/08/15 22:09:33.607, 11932, 12152
2026/08/15 22:09:38.607, 11932, 12152
2026/08/15 22:09:43.608, 11932, 12152
2026/08/15 22:09:48.608, 11932, 12152
2026/08/15 22:09:53.609, 11932, 12152
2026/08/15 22:09:58.609, 11932, 12152
2026/08/15 22:10:03.610, 11932, 12152
2026/08/15 22:10:08.610, 11932, 12152
2026/08/15 22:10:13.611, 11932, 12152
2026/08/15 22:10:18.611, 11932, 12152
2026/08/15 22:10:23.612, 11932, 12152
2026/08/15 22:10:28.612, 11932, 12152
2026/08/15 22:10:33.613, 11932, 12152
2026/08/15 22:10:38.613, 11932, 12152
2026/08/15 22:10:43.614, 11932, 12152
2026/08/15 22:10:48.614, 11932, 12152
2026/08/15 22:10:53.615, 11932, 12152
2026/08/15 22:10:58.615, 11932, 12152
2026/08/15 22:11:03.616, 11932, 12152
2026/08/15 22:11:08.616, 11932, 12152
2026/08/15 22:11:13.617, 11932, 12152
2026/08/15 22:11:18.617, 11932, 12152
2026/08/15 22:11:23.618, 11932, 12152
2026/08/15 22:11:28.618, 11932, 12152
2026/08/15 22:11:33.619, 11932, 12152
2026/08/15 22:11:38.619, 11932, 12152
2026/08/15 22:11:43.620, 11932, 12152
2026/08/15 22:11:48.620, 11932, 12152
2026/08/15 22:11:53.621, 11932, 12152
2026/08/15 22:11:58.621, 11932, 12152
2026/08/15 22:12:03.622, 11932, 12152
2026/08/15 22:12:08.622, 11932, 12152
2026/08/15 22:12:13.623, 11932, 12152
2026/08/15 22:12:18.623, 11932, 12152
2026/08/15 22:12:23.624, 11932, 12152
2026/08/15 22:12:28.624, 11932, 12152
2026/08/15 22:12:33.625, 11932, 12152
2026/08/15 22:12:38.625, 11932, 12152
2026/08/15 22:12:43.626, 11932, 12152
2026/08/15 22:12:48.626, 11932, 12152
2026/08/15 22:12:53.627, 11932, 12152
2026/08/15 22:12:58.627, 11932, 12152
2026/08/15 22:13:03.628, 11932, 12152
2026/08/15 22:13:08.628, 11932, 12152
2026/08/15 22:13:13.629, 11932, 12152
2026/08/15 22:13:18.629, 11932, 12152
2026/08/15 22:13:23.630, 11932, 12152
2026/08/15 22:13:28.630, 11932, 12152
2026/08/15 22:13:33.631, 11932, 12152
2026/08/15 22:13:38.631, 11932, 12152
2026/08/15 22:13:43.632, 11932, 12152
2026/08/15 22:13:48.632, 11932, 12152
2026/08/15 22:13:53.633, 11932, 12152
2026/08/15 22:13:58.633, 11932, 12152
2026/08/15 22:14:03.634, 11932, 12152
2026/08/15 22:14:08.634, 11932, 12152
2026/08/15 22:14:13.635, 11932, 12152
2026/08/15 22:14:18.636, 11932, 12152
2026/08/15 22:14:23.636, 11932, 12152
2026/08/15 22:14:28.637, 11932, 12152
2026/08/15 22:14:33.637, 11932, 12152
2026/08/15 22:14:38.638, 11932, 12152
2026/08/15 22:14:43.638, 11932, 12152
2026/08/15 22:14:48.639, 11932, 12152
2026/08/15 22:14:53.639, 11932, 12152
2026/08/15 22:14:58.640, 11932, 12152
2026/08/15 22:15:03.640, 11932, 12152
2026/08/15 22:15:08.641, 11932, 12152
2026/08/15 22:15:13.641, 11932, 12152
2026/08/15 22:15:18.642, 11932, 12152
2026/08/15 22:15:23.642, 11932, 12152
2026/08/15 22:15:28.643, 11932, 12152
2026/08/15 22:15:33.643, 11932, 12152
2026/08/15 22:15:38.644, 11932, 12152
2026/08/15 22:15:43.644, 11932, 12152
2026/08/15 22:15:48.645, 11932, 12152
2026/08/15 22:15:53.645, 11932, 12152
2026/08/15 22:15:58.646, 11932, 12152
2026/08/15 22:16:03.646, 11932, 12152
2026/08/15 22:16:08.647, 11932, 12152
2026/08/15 22:16:13.647, 11932, 12152
2026/08/15 22:16:18.648, 11932, 12152
2026/08/15 22:16:23.648, 11932, 12152
2026/08/15 22:16:28.649, 11932, 12152
2026/08/15 22:16:33.649, 11932, 12152
2026/08/15 22:16:38.650, 11932, 12152
2026/08/15 22:16:43.650, 11932, 12152
2026/08/15 22:16:48.651, 11932, 12152
2026/08/15 22:16:53.651, 11932, 12152
2026/08/15 22:16:58.652, 11932, 12152
2026/08/15 22:17:03.652, 11932, 12152
2026/08/15 22:17:08.653, 11932, 12152
2026/08/15 22:17:13.653, 11932, 12152
2026/08/15 22:17:18.654, 11932, 12152
2026/08/15 22:17:23.654, 11932, 12152
2026/08/15 22:17:28.655, 11932, 12152
2026/08/15 22:17:33.655, 11932, 12152
2026/08/15 22:17:38.656, 11932, 12152
2026/08/15 22:17:43.656, 11932, 12152
2026/08/15 22:17:48.656, 11932, 12152
2026/08/15 22:17:53.657, 11932, 12152
2026/08/15 22:17:58.657, 11932, 12152
2026/08/15 22:18:03.658, 11932, 12152
2026/08/15 22:18:08.658, 11932, 12152
2026/08/15 22:18:13.659, 11932, 12152
2026/08/15 22:18:18.659, 11932, 12152
2026/08/15 22:18:23.660, 11932, 12152
2026/08/15 22:18:28.660, 11932, 12152
2026/08/15 22:18:33.661, 11932, 12152
2026/08/15 22:18:38.661, 11932, 12152
2026/08/15 22:18:43.662, 11932, 12152
2026/08/15 22:18:48.662, 11932, 12152
2026/08/15 22:18:53.663, 11932, 12152
2026/08/15 22:18:58.663, 11932, 12152
2026/08/15 22:19:03.664, 11932, 12152
2026/08/15 22:19:08.664, 11932, 12152
2026/08/15 22:19:13.665, 11932, 12152
2026/08/15 22:19:18.665, 11932, 12152
2026/08/15 22:19:23.666, 11932, 12152
2026/08/15 22:19:28.666, 11932, 12152
2026/08/15 22:19:33.667, 11932, 12152
2026/08/15 22:19:38.667, 11932, 12152
2026/08/15 22:19:43.668, 11932, 12152
2026/08/15 22:19:48.668, 11932, 12152
2026/08/15 22:19:53.669, 11932, 12152
2026/08/15 22:19:58.669, 11932, 12152
2026/08/15 22:20:03.670, 11932, 12152
2026/08/15 22:20:08.670, 11932, 12152
2026/08/15 22:20:13.671, 11932, 12152
2026/08/15 22:20:18.671, 11932, 12152
2026/08/15 22:20:23.672, 11932, 12152
2026/08/15 22:20:28.672, 11932, 12152
2026/08/15 22:20:33.673, 11932, 12152
2026/08/15 22:20:38.673, 11932, 12152
2026/08/15 22:20:43.674, 11932, 12152
2026/08/15 22:20:48.674, 11932, 12152
2026/08/15 22:20:53.675, 11932, 12152
2026/08/15 22:20:58.675, 11932, 12152
2026/08/15 22:21:03.676, 11932, 12152
2026/08/15 22:21:08.676, 11932, 12152
2026/08/15 22:21:13.677, 11932, 12152
2026/08/15 22:21:18.677, 11932, 12152
2026/08/15 22:21:23.678, 11932, 12152
2026/08/15 22:21:28.678, 11932, 12152
2026/08/15 22:21:33.679, 11932, 12152
2026/08/15 22:21:38.680, 11932, 12152
2026/08/15 22:21:43.680, 11932, 12152
2026/08/15 22:21:48.681, 11932, 12152
2026/08/15 22:21:53.681, 11932, 12152
2026/08/15 22:21:58.682, 11932, 12152
2026/08/15 22:22:03.683, 11932, 12152
2026/08/15 22:22:08.683, 11932, 12152
2026/08/15 22:22:13.684, 11932, 12152
2026/08/15 22:22:18.684, 11932, 12152
2026/08/15 22:22:23.685, 11932, 12152
2026/08/15 22:22:28.686, 11932, 12152
2026/08/15 22:22:33.695, 11932, 12152
2026/08/15 22:22:38.695, 11932, 12152
2026/08/15 22:22:43.696, 11932, 12152
2026/08/15 22:22:48.697, 11932, 12152
2026/08/15 22:22:53.697, 11932, 12152
2026/08/15 22:22:58.698, 11932, 12152
2026/08/15 22:23:03.699, 11932, 12152
2026/08/15 22:23:08.699, 11932, 12152
2026/08/15 22:23:13.700, 11932, 12152
2026/08/15 22:23:18.700, 11932, 12152
2026/08/15 22:23:23.701, 11932, 12152
2026/08/15 22:23:28.702, 11932, 12152
2026/08/15 22:23:33.702, 11932, 12152
2026/08/15 22:23:38.703, 11932, 12152
2026/08/15 22:23:43.704, 11932, 12152
2026/08/15 22:23:48.704, 11932, 12152
2026/08/15 22:23:53.705, 11932, 12152
2026/08/15 22:23:58.706, 11932, 12152
2026/08/15 22:24:03.706, 11932, 12152
2026/08/15 22:24:08.707, 11932, 12152
2026/08/15 22:24:13.707, 11932, 12152
2026/08/15 22:24:18.708, 11932, 12152
2026/08/15 22:24:23.709, 11932, 12152
2026/08/15 22:24:28.709, 11932, 12152
2026/08/15 22:24:33.710, 11932, 12152
2026/08/15 22:24:38.710, 11932, 12152
2026/08/15 22:24:43.711, 11932, 12152
2026/08/15 22:24:48.712, 11932, 12152
2026/08/15 22:24:53.712, 11932, 12152
2026/08/15 22:24:58.713, 11932, 12152
2026/08/15 22:25:03.713, 11932, 12152
2026/08/15 22:25:08.714, 11932, 12152
2026/08/15 22:25:13.715, 11932, 12152
2026/08/15 22:25:18.715, 11932, 12152
2026/08/15 22:25:23.716, 11932, 12152
2026/08/15 22:25:28.717, 11932, 12152
2026/08/15 22:25:33.717, 11932, 12152
2026/08/15 22:25:38.718, 11932, 12152
2026/08/15 22:25:43.718, 11932, 12152
2026/08/15 22:25:48.719, 11932, 12152
2026/08/15 22:25:53.720, 11932, 12152
2026/08/15 22:25:58.720, 11932, 12152
2026/08/15 22:26:03.721, 11932, 12152
2026/08/15 22:26:08.721, 11932, 12152
2026/08/15 22:26:13.722, 11932, 12152
2026/08/15 22:26:18.723, 11932, 12152
2026/08/15 22:26:23.723, 11932, 12152
2026/08/15 22:26:28.724, 11932, 12152
2026/08/15 22:26:33.724, 11932, 12152
2026/08/15 22:26:38.725, 11932, 12152
2026/08/15 22:26:43.726, 11932, 12152
2026/08/15 22:26:48.726, 11932, 12152
2026/08/15 22:26:53.727, 11932, 12152
2026/08/15 22:26:58.727, 11932, 12152
2026/08/15 22:27:03.728, 11932, 12152
2026/08/15 22:27:08.729, 11932, 12152
2026/08/15 22:27:13.729, 11932, 12152
2026/08/15 22:27:18.730, 11932, 12152
2026/08/15 22:27:23.730, 11932, 12152
2026/08/15 22:27:28.731, 11932, 12152
2026/08/15 22:27:33.732, 11932, 12152
2026/08/15 22:27:38.732, 11932, 12152
2026/08/15 22:27:43.733, 11932, 12152
2026/08/15 22:27:48.733, 11932, 12152
2026/08/15 22:27:53.734, 11932, 12152
2026/08/15 22:27:58.735, 11932, 12152
2026/08/15 22:28:03.735, 11932, 12152
2026/08/15 22:28:08.736, 11932, 12152
2026/08/15 22:28:13.736, 11932, 12152
2026/08/15 22:28:18.737, 11932, 12152
2026/08/15 22:28:23.737, 11932, 12152
2026/08/15 22:28:28.738, 11932, 12152
2026/08/15 22:28:33.739, 11932, 12152
2026/08/15 22:28:38.739, 11932, 12152
2026/08/15 22:28:43.740, 11932, 12152
2026/08/15 22:28:48.740, 11932, 12152
2026/08/15 22:28:53.741, 11932, 12152
2026/08/15 22:28:58.742, 11932, 12152
2026/08/15 22:29:03.742, 11932, 12152
2026/08/15 22:29:08.743, 11932, 12152
2026/08/15 22:29:13.743, 11932, 12152
2026/08/15 22:29:18.744, 11932, 12152
2026/08/15 22:29:23.744, 11932, 12152
2026/08/15 22:29:28.745, 11932, 12152
2026/08/15 22:29:33.746, 11932, 12152
2026/08/15 22:29:38.746, 11932, 12152
2026/08/15 22:29:43.747, 11932, 12152
2026/08/15 22:29:48.747, 11932, 12152
2026/08/15 22:29:53.748, 11932, 12152
2026/08/15 22:29:58.749, 11932, 12152
2026/08/15 22:30:03.749, 11932, 12152
2026/08/15 22:30:08.750, 11932, 12152
2026/08/15 22:30:13.750, 11932, 12152
2026/08/15 22:30:18.751, 11932, 12152
2026/08/15 22:30:23.751, 11932, 12152
2026/08/15 22:30:28.752, 11932, 12152
2026/08/15 22:30:33.753, 11932, 12152
2026/08/15 22:30:38.753, 11932, 12152
2026/08/15 22:30:43.754, 11932, 12152
2026/08/15 22:30:48.754, 11932, 12152
2026/08/15 22:30:53.755, 11932, 12152
2026/08/15 22:30:58.755, 11932, 12152
2026/08/15 22:31:03.756, 11932, 12152
2026/08/15 22:31:08.757, 11932, 12152
2026/08/15 22:31:13.757, 11932, 12152
2026/08/15 22:31:18.758, 11932, 12152
2026/08/15 22:31:23.758, 11932, 12152
2026/08/15 22:31:28.759, 11932, 12152
2026/08/15 22:31:33.759, 11932, 12152
2026/08/15 22:31:38.760, 11932, 12152
2026/08/15 22:31:43.760, 11932, 12152
2026/08/15 22:31:48.761, 11932, 12152
2026/08/15 22:31:53.762, 11932, 12152
2026/08/15 22:31:58.762, 11932, 12152
2026/08/15 22:32:03.763, 11932, 12152
2026/08/15 22:32:08.763, 11932, 12152
2026/08/15 22:32:13.764, 11932, 12152
2026/08/15 22:32:18.764, 11932, 12152
2026/08/15 22:32:23.765, 11932, 12152
2026/08/15 22:32:28.765, 11932, 12152
2026/08/15 22:32:33.766, 11932, 12152
2026/08/15 22:32:38.766, 11932, 12152
2026/08/15 22:32:43.767, 11932, 12152
2026/08/15 22:32:48.767, 11932, 12152
2026/08/15 22:32:53.768, 11932, 12152
2026/08/15 22:32:58.769, 11932, 12152
2026/08/15 22:33:03.769, 11932, 12152
2026/08/15 22:33:08.770, 11932, 12152
2026/08/15 22:33:13.770, 11932, 12152
2026/08/15 22:33:18.771, 11932, 12152
2026/08/15 22:33:23.771, 11932, 12152
2026/08/15 22:33:28.780, 11932, 12152
2026/08/15 22:33:33.781, 11932, 12152
2026/08/15 22:33:38.781, 11932, 12152
2026/08/15 22:33:43.782, 11932, 12152
2026/08/15 22:33:48.782, 11932, 12152
2026/08/15 22:33:53.783, 11932, 12152
2026/08/15 22:33:58.784, 11932, 12152
2026/08/15 22:34:03.784, 11932, 12152
2026/08/15 22:34:08.785, 11932, 12152
2026/08/15 22:34:13.785, 11932, 12152
2026/08/15 22:34:18.786, 11932, 12152
2026/08/15 22:34:23.786, 11932, 12152
2026/08/15 22:34:28.787, 11932, 12152
2026/08/15 22:34:33.787, 11932, 12152
2026/08/15 22:34:38.788, 11932, 12152
2026/08/15 22:34:43.789, 11932, 12152
2026/08/15 22:34:48.789, 11932, 12152
2026/08/15 22:34:53.790, 11932, 12152
2026/08/15 22:34:58.790, 11932, 12152
2026/08/15 22:35:03.791, 11932, 12152
2026/08/15 22:35:08.791, 11932, 12152
2026/08/15 22:35:13.792, 11932, 12152
2026/08/15 22:35:18.793, 11932, 12152
2026/08/15 22:35:23.793, 11932, 12152
2026/08/15 22:35:28.794, 11932, 12152
2026/08/15 22:35:33.794, 11932, 12152
2026/08/15 22:35:38.795, 11932, 12152
2026/08/15 22:35:43.795, 11932, 12152
2026/08/15 22:35:48.796, 11932, 12152
2026/08/15 22:35:53.797, 11932, 12152
2026/08/15 22:35:58.797, 11932, 12152
2026/08/15 22:36:03.798, 11932, 12152
2026/08/15 22:36:08.798, 11932, 12152
2026/08/15 22:36:13.799, 11932, 12152
2026/08/15 22:36:18.799, 11932, 12152
2026/08/15 22:36:23.800, 11932, 12152
2026/08/15 22:36:28.801, 11932, 12152
2026/08/15 22:36:33.801, 11932, 12152
2026/08/15 22:36:38.802, 11932, 12152
2026/08/15 22:36:43.802, 11932, 12152
2026/08/15 22:36:48.803, 11932, 12152
2026/08/15 22:36:53.803, 11932, 12152
2026/08/15 22:36:58.804, 11932, 12152
2026/08/15 22:37:03.805, 11932, 12152
2026/08/15 22:37:08.805, 11932, 12152
2026/08/15 22:37:13.806, 11932, 12152
2026/08/15 22:37:18.806, 11932, 12152
2026/08/15 22:37:23.807, 11932, 12152
2026/08/15 22:37:28.807, 11932, 12152
2026/08/15 22:37:33.808, 11932, 12152
2026/08/15 22:37:38.808, 11932, 12152
2026/08/15 22:37:43.809, 11932, 12152
2026/08/15 22:37:48.810, 11932, 12152
2026/08/15 22:37:53.810, 11932, 12152
2026/08/15 22:37:58.811, 11932, 12152
2026/08/15 22:38:03.811, 11932, 12152
2026/08/15 22:38:08.812, 11932, 12152
2026/08/15 22:38:13.812, 11932, 12152
2026/08/15 22:38:18.813, 11932, 12152
2026/08/15 22:38:23.814, 11932, 12152
2026/08/15 22:38:28.814, 11932, 12152
2026/08/15 22:38:33.815, 11932, 12152
2026/08/15 22:38:38.815, 11932, 12152
2026/08/15 22:38:43.816, 11932, 12152
2026/08/15 22:38:48.816, 11932, 12152
2026/08/15 22:38:53.817, 11932, 12152
2026/08/15 22:38:58.817, 11932, 12152
2026/08/15 22:39:03.818, 11932, 12152
2026/08/15 22:39:08.819, 11932, 12152
2026/08/15 22:39:13.819, 11932, 12152
2026/08/15 22:39:18.820, 11932, 12152
2026/08/15 22:39:23.820, 11932, 12152
2026/08/15 22:39:28.821, 11932, 12152
2026/08/15 22:39:33.821, 11932, 12152
2026/08/15 22:39:38.822, 11932, 12152
2026/08/15 22:39:43.823, 11932, 12152
2026/08/15 22:39:48.823, 11932, 12152
2026/08/15 22:39:53.824, 11932, 12152
2026/08/15 22:39:58.824, 11932, 12152
2026/08/15 22:40:03.825, 11932, 12152
2026/08/15 22:40:08.825, 11932, 12152
2026/08/15 22:40:13.826, 11932, 12152
2026/08/15 22:40:18.826, 11932, 12152
2026/08/15 22:40:23.827, 11932, 12152
2026/08/15 22:40:28.827, 11932, 12152
2026/08/15 22:40:33.828, 11932, 12152
2026/08/15 22:40:38.829, 11932, 12152
2026/08/15 22:40:43.829, 11932, 12152
2026/08/15 22:40:48.830, 11932, 12152
2026/08/15 22:40:53.830, 11932, 12152
2026/08/15 22:40:58.831, 11932, 12152
2026/08/15 22:41:03.831, 11932, 12152
2026/08/15 22:41:08.832, 11932, 12152
2026/08/15 22:41:13.832, 11932, 12152
2026/08/15 22:41:18.833, 11932, 12152
2026/08/15 22:41:23.833, 11932, 12152
2026/08/15 22:41:28.834, 11932, 12152
2026/08/15 22:41:33.834, 11932, 12152
2026/08/15 22:41:38.835, 11932, 12152
2026/08/15 22:41:43.836, 11932, 12152
2026/08/15 22:41:48.836, 11932, 12152
2026/08/15 22:41:53.837, 11932, 12152
2026/08/15 22:41:58.837, 11932, 12152
2026/08/15 22:42:03.838, 11932, 12152
2026/08/15 22:42:08.838, 11932, 12152
2026/08/15 22:42:13.839, 11932, 12152
2026/08/15 22:42:18.839, 11932, 12152
2026/08/15 22:42:23.840, 11932, 12152
2026/08/15 22:42:28.840, 11932, 12152
2026/08/15 22:42:33.841, 11932, 12152
2026/08/15 22:42:38.841, 11932, 12152
2026/08/15 22:42:43.842, 11932, 12152
2026/08/15 22:42:48.843, 11932, 12152
2026/08/15 22:42:53.843, 11932, 12152
2026/08/15 22:42:58.844, 11932, 12152
2026/08/15 22:43:03.844, 11932, 12152
2026/08/15 22:43:08.845, 11932, 12152
2026/08/15 22:43:13.845, 11932, 12152
2026/08/15 22:43:18.846, 11932, 12152
2026/08/15 22:43:23.846, 11932, 12152
2026/08/15 22:43:28.847, 11932, 12152
2026/08/15 22:43:33.847, 11932, 12152
2026/08/15 22:43:38.848, 11932, 12152
2026/08/15 22:43:43.849, 11932, 12152
2026/08/15 22:43:48.849, 11932, 12152
2026/08/15 22:43:53.850, 11932, 12152
2026/08/15 22:43:58.850, 11932, 12152
2026/08/15 22:44:03.851, 11932, 12152
2026/08/15 22:44:08.851, 11932, 12152
2026/08/15 22:44:13.852, 11932, 12152
2026/08/15 22:44:18.852, 11932, 12152
2026/08/15 22:44:23.853, 11932, 12152
2026/08/15 22:44:28.853, 11932, 12152
2026/08/15 22:44:33.854, 11932, 12152
2026/08/15 22:44:38.855, 11932, 12152
2026/08/15 22:44:43.855, 11932, 12152
2026/08/15 22:44:48.856, 11932, 12152
2026/08/15 22:44:53.856, 11932, 12152
2026/08/15 22:44:58.857, 11932, 12152
2026/08/15 22:45:03.857, 11932, 12152
2026/08/15 22:45:08.858, 11932, 12152
2026/08/15 22:45:13.858, 11932, 12152
2026/08/15 22:45:18.859, 11932, 12152
2026/08/15 22:45:23.859, 11932, 12152
2026/08/15 22:45:28.860, 11932, 12152
2026/08/15 22:45:33.860, 11932, 12152
2026/08/15 22:45:38.869, 11932, 12152
2026/08/15 22:45:43.870, 11932, 12152
2026/08/15 22:45:48.870, 11932, 12152
2026/08/15 22:45:53.870, 11932, 12152
2026/08/15 22:45:58.871, 11932, 12152
2026/08/15 22:46:03.871, 11932, 12152
2026/08/15 22:46:08.872, 11932, 12152
2026/08/15 22:46:13.872, 11932, 12152
2026/08/15 22:46:18.873, 11932, 12152
2026/08/15 22:46:23.873, 11932, 12152
2026/08/15 22:46:28.874, 11932, 12152
2026/08/15 22:46:33.874, 11932, 12152
2026/08/15 22:46:38.875, 11932, 12152
2026/08/15 22:46:43.875, 11932, 12152
2026/08/15 22:46:48.876, 11932, 12152
2026/08/15 22:46:53.877, 11932, 12152
2026/08/15 22:46:58.877, 11932, 12152
2026/08/15 22:47:03.878, 11932, 12152
2026/08/15 22:47:08.878, 11932, 12152
2026/08/15 22:47:13.879, 11932, 12152
2026/08/15 22:47:18.879, 11932, 12152
2026/08/15 22:47:23.880, 11932, 12152
2026/08/15 22:47:28.880, 11932, 12152
2026/08/15 22:47:33.881, 11932, 12152
2026/08/15 22:47:38.881, 11932, 12152
2026/08/15 22:47:43.882, 11932, 12152
2026/08/15 22:47:48.891, 11932, 12152
2026/08/15 22:47:53.891, 11932, 12152
2026/08/15 22:47:58.892, 11932, 12152
2026/08/15 22:48:03.892, 11932, 12152
2026/08/15 22:48:08.893, 11932, 12152
2026/08/15 22:48:13.893, 11932, 12152
2026/08/15 22:48:18.894, 11932, 12152
2026/08/15 22:48:23.895, 11932, 12152
2026/08/15 22:48:28.895, 11932, 12152
2026/08/15 22:48:33.896, 11932, 12152
2026/08/15 22:48:38.896, 11932, 12152
2026/08/15 22:48:43.897, 11932, 12152
2026/08/15 22:48:48.897, 11932, 12152
2026/08/15 22:48:53.898, 11932, 12152
2026/08/15 22:48:58.898, 11932, 12152
2026/08/15 22:49:03.899, 11932, 12152
2026/08/15 22:49:08.899, 11932, 12152
2026/08/15 22:49:13.900, 11932, 12152
2026/08/15 22:49:18.900, 11932, 12152
2026/08/15 22:49:23.901, 11932, 12152
2026/08/15 22:49:28.901, 11932, 12152
2026/08/15 22:49:33.902, 11932, 12152
2026/08/15 22:49:38.903, 11932, 12152
2026/08/15 22:49:43.903, 11932, 12152
2026/08/15 22:49:48.904, 11932, 12152
2026/08/15 22:49:53.904, 11932, 12152
2026/08/15 22:49:58.905, 11932, 12152
2026/08/15 22:50:03.905, 11932, 12152
2026/08/15 22:50:08.906, 11932, 12152
2026/08/15 22:50:13.906, 11932, 12152
2026/08/15 22:50:18.907, 11932, 12152
2026/08/15 22:50:23.907, 11932, 12152
2026/08/15 22:50:28.908, 11932, 12152
2026/08/15 22:50:33.908, 11932, 12152
2026/08/15 22:50:38.909, 11932, 12152
2026/08/15 22:50:43.909, 11932, 12152
2026/08/15 22:50:48.910, 11932, 12152
2026/08/15 22:50:53.910, 11932, 12152
2026/08/15 22:50:58.911, 11932, 12152
2026/08/15 22:51:03.911, 11932, 12152
2026/08/15 22:51:08.912, 11932, 12152
2026/08/15 22:51:13.913, 11932, 12152
2026/08/15 22:51:18.913, 11932, 12152
2026/08/15 22:51:23.914, 11932, 12152
2026/08/15 22:51:28.914, 11932, 12152
2026/08/15 22:51:33.915, 11932, 12152
2026/08/15 22:51:38.915, 11932, 12152
2026/08/15 22:51:43.916, 11932, 12152
2026/08/15 22:51:48.916, 11932, 12152
2026/08/15 22:51:53.917, 11932, 12152
2026/08/15 22:51:58.917, 11932, 12152
2026/08/15 22:52:03.918, 11932, 12152
2026/08/15 22:52:08.918, 11932, 12152
2026/08/15 22:52:13.919, 11932, 12152
2026/08/15 22:52:18.919, 11932, 12152
2026/08/15 22:52:23.920, 11932, 12152
2026/08/15 22:52:28.921, 11932, 12152
2026/08/15 22:52:33.921, 11932, 12152
2026/08/15 22:52:38.922, 11932, 12152
2026/08/15 22:52:43.922, 11932, 12152
2026/08/15 22:52:48.923, 11932, 12152
2026/08/15 22:52:53.923, 11932, 12152
2026/08/15 22:52:58.924, 11932, 12152
2026/08/15 22:53:03.924, 11932, 12152
2026/08/15 22:53:08.933, 11932, 12152
2026/08/15 22:53:13.934, 11932, 12152
2026/08/15 22:53:18.934, 11932, 12152
2026/08/15 22:53:23.935, 11932, 12152
2026/08/15 22:53:28.936, 11932, 12152
2026/08/15 22:53:33.936, 11932, 12152
2026/08/15 22:53:38.937, 11932, 12152
2026/08/15 22:53:43.937, 11932, 12152
2026/08/15 22:53:48.938, 11932, 12152
2026/08/15 22:53:53.938, 11932, 12152
2026/08/15 22:53:58.939, 11932, 12152
2026/08/15 22:54:03.939, 11932, 12152
2026/08/15 22:54:08.940, 11932, 12152
2026/08/15 22:54:13.940, 11932, 12152
2026/08/15 22:54:18.941, 11932, 12152
2026/08/15 22:54:23.941, 11932, 12152
2026/08/15 22:54:28.942, 11932, 12152
2026/08/15 22:54:33.943, 11932, 12152
2026/08/15 22:54:38.943, 11932, 12152
2026/08/15 22:54:43.944, 11932, 12152
2026/08/15 22:54:48.944, 11932, 12152
2026/08/15 22:54:53.945, 11932, 12152
2026/08/15 22:54:58.945, 11932, 12152
2026/08/15 22:55:03.946, 11932, 12152
2026/08/15 22:55:08.946, 11932, 12152
2026/08/15 22:55:13.947, 11932, 12152
2026/08/15 22:55:18.947, 11932, 12152
2026/08/15 22:55:23.948, 11932, 12152
2026/08/15 22:55:28.949, 11932, 12152
2026/08/15 22:55:33.949, 11932, 12152
2026/08/15 22:55:38.949, 11932, 12152
2026/08/15 22:55:43.950, 11932, 12152
2026/08/15 22:55:48.950, 11932, 12152
2026/08/15 22:55:53.951, 11932, 12152
2026/08/15 22:55:58.951, 11932, 12152
2026/08/15 22:56:03.952, 11932, 12152
2026/08/15 22:56:08.952, 11932, 12152
2026/08/15 22:56:13.953, 11932, 12152
2026/08/15 22:56:18.953, 11932, 12152
2026/08/15 22:56:23.954, 11932, 12152
2026/08/15 22:56:28.954, 11932, 12152
2026/08/15 22:56:33.955, 11932, 12152
2026/08/15 22:56:38.955, 11932, 12152
2026/08/15 22:56:43.956, 11932, 12152
2026/08/15 22:56:48.956, 11932, 12152
2026/08/15 22:56:53.957, 11932, 12152
2026/08/15 22:56:58.957, 11932, 12152
2026/08/15 22:57:03.957, 11932, 12152
2026/08/15 22:57:08.958, 11932, 12152
2026/08/15 22:57:13.958, 11932, 12152
2026/08/15 22:57:18.959, 11932, 12152
2026/08/15 22:57:23.959, 11932, 12152
2026/08/15 22:57:28.960, 11932, 12152
2026/08/15 22:57:33.960, 11932, 12152
2026/08/15 22:57:38.961, 11932, 12152
2026/08/15 22:57:43.961, 11932, 12152
2026/08/15 22:57:48.962, 11932, 12152
2026/08/15 22:57:53.962, 11932, 12152
2026/08/15 22:57:58.963, 11932, 12152
2026/08/15 22:58:03.963, 11932, 12152
2026/08/15 22:58:08.964, 11932, 12152
2026/08/15 22:58:13.964, 11932, 12152
2026/08/15 22:58:18.965, 11932, 12152
2026/08/15 22:58:23.965, 11932, 12152
2026/08/15 22:58:28.965, 11932, 12152
2026/08/15 22:58:33.966, 11932, 12152
2026/08/15 22:58:38.966, 11932, 12152
2026/08/15 22:58:43.967, 11932, 12152
2026/08/15 22:58:48.967, 11932, 12152
2026/08/15 22:58:53.968, 11932, 12152
2026/08/15 22:58:58.968, 11932, 12152
2026/08/15 22:59:03.969, 11932, 12152
2026/08/15 22:59:08.969, 11932, 12152
2026/08/15 22:59:13.970, 11932, 12152
2026/08/15 22:59:18.970, 11932, 12152
2026/08/15 22:59:23.971, 11932, 12152
2026/08/15 22:59:28.971, 11932, 12152
2026/08/15 22:59:33.972, 11932, 12152
2026/08/15 22:59:38.972, 11932, 12152
2026/08/15 22:59:43.972, 11932, 12152
2026/08/15 22:59:48.973, 11932, 12152
2026/08/15 22:59:53.973, 11932, 12152
2026/08/15 22:59:58.974, 11932, 12152
2026/08/15 23:00:03.974, 11932, 12152
2026/08/15 23:00:08.975, 11932, 12152
2026/08/15 23:00:13.975, 11932, 12152
2026/08/15 23:00:18.976, 11932, 12152
2026/08/15 23:00:23.976, 11932, 12152
2026/08/15 23:00:28.977, 11932, 12152
2026/08/15 23:00:33.977, 11932, 12152
2026/08/15 23:00:38.978, 11932, 12152
2026/08/15 23:00:43.978, 11932, 12152
2026/08/15 23:00:48.978, 11932, 12152
2026/08/15 23:00:53.979, 11932, 12152
2026/08/15 23:00:58.979, 11932, 12152
2026/08/15 23:01:03.980, 11932, 12152
2026/08/15 23:01:08.980, 11932, 12152
2026/08/15 23:01:13.981, 11932, 12152
2026/08/15 23:01:18.981, 11932, 12152
2026/08/15 23:01:23.982, 11932, 12152
2026/08/15 23:01:28.982, 11932, 12152
2026/08/15 23:01:33.983, 11932, 12152
2026/08/15 23:01:38.983, 11932, 12152
2026/08/15 23:01:43.984, 11932, 12152
2026/08/15 23:01:48.984, 11932, 12152
2026/08/15 23:01:53.985, 11932, 12152
2026/08/15 23:01:58.985, 11932, 12152
2026/08/15 23:02:03.985, 11932, 12152
2026/08/15 23:02:08.986, 11932, 12152
2026/08/15 23:02:13.986, 11932, 12152
2026/08/15 23:02:18.987, 11932, 12152
2026/08/15 23:02:23.987, 11932, 12152
2026/08/15 23:02:28.988, 11932, 12152
2026/08/15 23:02:33.988, 11932, 12152
2026/08/15 23:02:38.989, 11932, 12152
2026/08/15 23:02:43.990, 11932, 12152
2026/08/15 23:02:48.990, 11932, 12152
2026/08/15 23:02:53.990, 11932, 12152
2026/08/15 23:02:58.991, 11932, 12152
2026/08/15 23:03:03.991, 11932, 12152
2026/08/15 23:03:08.992, 11932, 12152
2026/08/15 23:03:13.992, 11932, 12152
2026/08/15 23:03:18.993, 11932, 12152
2026/08/15 23:03:23.993, 11932, 12152
2026/08/15 23:03:28.994, 11932, 12152
2026/08/15 23:03:33.994, 11932, 12152
2026/08/15 23:03:38.995, 11932, 12152
2026/08/15 23:03:43.995, 11932, 12152
2026/08/15 23:03:48.996, 11932, 12152
2026/08/15 23:03:53.996, 11932, 12152
2026/08/15 23:03:58.997, 11932, 12152
2026/08/15 23:04:03.997, 11932, 12152
2026/08/15 23:04:08.998, 11932, 12152
2026/08/15 23:04:13.998, 11932, 12152
2026/08/15 23:04:18.999, 11932, 12152
2026/08/15 23:04:23.999, 11932, 12152
2026/08/15 23:04:28.999, 11932, 12152
2026/08/15 23:04:34.000, 11932, 12152
2026/08/15 23:04:39.000, 11932, 12152
2026/08/15 23:04:44.001, 11932, 12152
2026/08/15 23:04:49.001, 11932, 12152
2026/08/15 23:04:54.002, 11932, 12152
2026/08/15 23:04:59.002, 11932, 12152
2026/08/15 23:05:04.003, 11932, 12152
2026/08/15 23:05:09.003, 11932, 12152
2026/08/15 23:05:14.004, 11932, 12152
2026/08/15 23:05:19.004, 11932, 12152
2026/08/15 23:05:24.005, 11932, 12152
2026/08/15 23:05:29.005, 11932, 12152
2026/08/15 23:05:34.006, 11932, 12152
2026/08/15 23:05:39.006, 11932, 12152
2026/08/15 23:05:44.007, 11932, 12152
2026/08/15 23:05:49.007, 11932, 12152
2026/08/15 23:05:54.008, 11932, 12152
2026/08/15 23:05:59.008, 11932, 12152
2026/08/15 23:06:04.009, 11932, 12152
2026/08/15 23:06:09.009, 11932, 12152
2026/08/15 23:06:14.009, 11932, 12152
2026/08/15 23:06:19.010, 11932, 12152
2026/08/15 23:06:24.010, 11932, 12152
2026/08/15 23:06:29.011, 11932, 12152
2026/08/15 23:06:34.012, 11932, 12152
2026/08/15 23:06:39.012, 11932, 12152
2026/08/15 23:06:44.013, 11932, 12152
2026/08/15 23:06:49.013, 11932, 12152
2026/08/15 23:06:54.014, 11932, 12152
2026/08/15 23:06:59.014, 11932, 12152
2026/08/15 23:07:04.015, 11932, 12152
2026/08/15 23:07:09.015, 11932, 12152
2026/08/15 23:07:14.015, 11932, 12152
2026/08/15 23:07:19.016, 11932, 12152
2026/08/15 23:07:24.016, 11932, 12152
2026/08/15 23:07:29.017, 11932, 12152
2026/08/15 23:07:34.017, 11932, 12152
2026/08/15 23:07:39.018, 11932, 12152
2026/08/15 23:07:44.018, 11932, 12152
2026/08/15 23:07:49.019, 11932, 12152
2026/08/15 23:07:54.019, 11932, 12152
2026/08/15 23:07:59.020, 11932, 12152
2026/08/15 23:08:04.020, 11932, 12152
2026/08/15 23:08:09.021, 11932, 12152
2026/08/15 23:08:14.021, 11932, 12152
2026/08/15 23:08:19.022, 11932, 12152
2026/08/15 23:08:24.022, 11932, 12152
2026/08/15 23:08:29.022, 11932, 12152
2026/08/15 23:08:34.023, 11932, 12152
2026/08/15 23:08:39.023, 11932, 12152
2026/08/15 23:08:44.024, 11932, 12152
2026/08/15 23:08:49.024, 11932, 12152
2026/08/15 23:08:54.025, 11932, 12152
2026/08/15 23:08:59.025, 11932, 12152
2026/08/15 23:09:04.026, 11932, 12152
2026/08/15 23:09:09.026, 11932, 12152
2026/08/15 23:09:14.027, 11932, 12152
2026/08/15 23:09:19.027, 11932, 12152
2026/08/15 23:09:24.027, 11932, 12152
2026/08/15 23:09:29.028, 11932, 12152
2026/08/15 23:09:34.028, 11932, 12152
2026/08/15 23:09:39.029, 11932, 12152
2026/08/15 23:09:44.029, 11932, 12152
2026/08/15 23:09:49.030, 11932, 12152
2026/08/15 23:09:54.030, 11932, 12152
2026/08/15 23:09:59.031, 11932, 12152
2026/08/15 23:10:04.031, 11932, 12152
2026/08/15 23:10:09.032, 11932, 12152
2026/08/15 23:10:14.032, 11932, 12152
2026/08/15 23:10:19.032, 11932, 12152
2026/08/15 23:10:24.033, 11932, 12152
2026/08/15 23:10:29.033, 11932, 12152
2026/08/15 23:10:34.034, 11932, 12152
2026/08/15 23:10:39.034, 11932, 12152
2026/08/15 23:10:44.035, 11932, 12152
2026/08/15 23:10:49.035, 11932, 12152
2026/08/15 23:10:54.035, 11932, 12152
2026/08/15 23:10:59.036, 11932, 12152
2026/08/15 23:11:04.036, 11932, 12152
2026/08/15 23:11:09.037, 11932, 12152
2026/08/15 23:11:14.037, 11932, 12152
2026/08/15 23:11:19.038, 11932, 12152
2026/08/15 23:11:24.038, 11932, 12152
2026/08/15 23:11:29.039, 11932, 12152
2026/08/15 23:11:34.039, 11932, 12152
2026/08/15 23:11:39.039, 11932, 12152
2026/08/15 23:11:44.040, 11932, 12152
2026/08/15 23:11:49.040, 11932, 12152
2026/08/15 23:11:54.041, 11932, 12152
2026/08/15 23:11:59.041, 11932, 12152
2026/08/15 23:12:04.042, 11932, 12152
2026/08/15 23:12:09.042, 11932, 12152
2026/08/15 23:12:14.042, 11932, 12152
2026/08/15 23:12:19.043, 11932, 12152
2026/08/15 23:12:24.043, 11932, 12152
2026/08/15 23:12:29.044, 11932, 12152
2026/08/15 23:12:34.044, 11932, 12152
2026/08/15 23:12:39.045, 11932, 12152
2026/08/15 23:12:44.045, 11932, 12152
2026/08/15 23:12:49.046, 11932, 12152
2026/08/15 23:12:54.046, 11932, 12152
2026/08/15 23:12:59.046, 11932, 12152
2026/08/15 23:13:04.047, 11932, 12152
2026/08/15 23:13:09.047, 11932, 12152
2026/08/15 23:13:14.048, 11932, 12152
2026/08/15 23:13:19.048, 11932, 12152
2026/08/15 23:13:24.049, 11932, 12152
2026/08/15 23:13:29.049, 11932, 12152
2026/08/15 23:13:34.049, 11932, 12152
2026/08/15 23:13:39.050, 11932, 12152
2026/08/15 23:13:44.050, 11932, 12152
2026/08/15 23:13:49.051, 11932, 12152
2026/08/15 23:13:54.051, 11932, 12152
2026/08/15 23:13:59.052, 11932, 12152
2026/08/15 23:14:04.052, 11932, 12152
2026/08/15 23:14:09.053, 11932, 12152
2026/08/15 23:14:14.053, 11932, 12152
2026/08/15 23:14:19.053, 11932, 12152
2026/08/15 23:14:24.054, 11932, 12152
2026/08/15 23:14:29.054, 11932, 12152
2026/08/15 23:14:34.055, 11932, 12152
2026/08/15 23:14:39.055, 11932, 12152
2026/08/15 23:14:44.056, 11932, 12152
2026/08/15 23:14:49.056, 11932, 12152
2026/08/15 23:14:54.056, 11932, 12152
2026/08/15 23:14:59.057, 11932, 12152
2026/08/15 23:15:04.057, 11932, 12152
2026/08/15 23:15:09.058, 11932, 12152
2026/08/15 23:15:14.058, 11932, 12152
2026/08/15 23:15:19.059, 11932, 12152
2026/08/15 23:15:24.059, 11932, 12152
2026/08/15 23:15:29.060, 11932, 12152
2026/08/15 23:15:34.060, 11932, 12152
2026/08/15 23:15:39.060, 11932, 12152
2026/08/15 23:15:44.061, 11932, 12152
2026/08/15 23:15:49.061, 11932, 12152
2026/08/15 23:15:54.062, 11932, 12152
2026/08/15 23:15:59.062, 11932, 12152
2026/08/15 23:16:04.063, 11932, 12152
2026/08/15 23:16:09.063, 11932, 12152
2026/08/15 23:16:14.063, 11932, 12152
2026/08/15 23:16:19.064, 11932, 12152
2026/08/15 23:16:24.064, 11932, 12152
2026/08/15 23:16:29.065, 11932, 12152
2026/08/15 23:16:34.065, 11932, 12152
2026/08/15 23:16:39.066, 11932, 12152
2026/08/15 23:16:44.066, 11932, 12152
2026/08/15 23:16:49.067, 11932, 12152
2026/08/15 23:16:54.067, 11932, 12152
2026/08/15 23:16:59.067, 11932, 12152
2026/08/15 23:17:04.068, 11932, 12152
2026/08/15 23:17:09.068, 11932, 12152
2026/08/15 23:17:14.069, 11932, 12152
2026/08/15 23:17:19.069, 11932, 12152
2026/08/15 23:17:24.070, 11932, 12152
2026/08/15 23:17:29.070, 11932, 12152
2026/08/15 23:17:34.070, 11932, 12152
2026/08/15 23:17:39.071, 11932, 12152
2026/08/15 23:17:44.071, 11932, 12152
2026/08/15 23:17:49.072, 11932, 12152
2026/08/15 23:17:54.072, 11932, 12152
2026/08/15 23:17:59.073, 11932, 12152
2026/08/15 23:18:04.073, 11932, 12152
2026/08/15 23:18:09.073, 11932, 12152
2026/08/15 23:18:14.074, 11932, 12152
2026/08/15 23:18:19.074, 11932, 12152
2026/08/15 23:18:24.075, 11932, 12152
2026/08/15 23:18:29.075, 11932, 12152
2026/08/15 23:18:34.076, 11932, 12152
2026/08/15 23:18:39.076, 11932, 12152
2026/08/15 23:18:44.076, 11932, 12152
2026/08/15 23:18:49.077, 11932, 12152
2026/08/15 23:18:54.077, 11932, 12152
2026/08/15 23:18:59.078, 11932, 12152
2026/08/15 23:19:04.078, 11932, 12152
2026/08/15 23:19:09.079, 11932, 12152
2026/08/15 23:19:14.079, 11932, 12152
2026/08/15 23:19:19.079, 11932, 12152
2026/08/15 23:19:24.080, 11932, 12152
2026/08/15 23:19:29.080, 11932, 12152
2026/08/15 23:19:34.081, 11932, 12152
2026/08/15 23:19:39.081, 11932, 12152
2026/08/15 23:19:44.082, 11932, 12152
2026/08/15 23:19:49.082, 11932, 12152
2026/08/15 23:19:54.082, 11932, 12152
2026/08/15 23:19:59.083, 11932, 12152
2026/08/15 23:20:04.083, 11932, 12152
2026/08/15 23:20:09.084, 11932, 12152
2026/08/15 23:20:14.084, 11932, 12152
2026/08/15 23:20:19.085, 11932, 12152
2026/08/15 23:20:24.085, 11932, 12152
2026/08/15 23:20:29.085, 11932, 12152
2026/08/15 23:20:34.086, 11932, 12152
2026/08/15 23:20:39.086, 11932, 12152
2026/08/15 23:20:44.087, 11932, 12152
2026/08/15 23:20:49.087, 11932, 12152
2026/08/15 23:20:54.088, 11932, 12152
2026/08/15 23:20:59.088, 11932, 12152
2026/08/15 23:21:04.089, 11932, 12152
2026/08/15 23:21:09.089, 11932, 12152
2026/08/15 23:21:14.089, 11932, 12152
2026/08/15 23:21:19.090, 11932, 12152
2026/08/15 23:21:24.090, 11932, 12152
2026/08/15 23:21:29.091, 11932, 12152
2026/08/15 23:21:34.091, 11932, 12152
2026/08/15 23:21:39.091, 11932, 12152
2026/08/15 23:21:44.092, 11932, 12152
2026/08/15 23:21:49.092, 11932, 12152
2026/08/15 23:21:54.093, 11932, 12152
2026/08/15 23:21:59.093, 11932, 12152
2026/08/15 23:22:04.094, 11932, 12152
2026/08/15 23:22:09.094, 11932, 12152
2026/08/15 23:22:14.095, 11932, 12152
2026/08/15 23:22:19.095, 11932, 12152
2026/08/15 23:22:24.095, 11932, 12152
2026/08/15 23:22:29.096, 11932, 12152
2026/08/15 23:22:34.096, 11932, 12152
2026/08/15 23:22:39.097, 11932, 12152
2026/08/15 23:22:44.097, 11932, 12152
2026/08/15 23:22:49.098, 11932, 12152
2026/08/15 23:22:54.098, 11932, 12152
2026/08/15 23:22:59.099, 11932, 12152
2026/08/15 23:23:04.099, 11932, 12152
2026/08/15 23:23:09.100, 11932, 12152
2026/08/15 23:23:14.100, 11932, 12152
2026/08/15 23:23:19.101, 11932, 12152
2026/08/15 23:23:24.101, 11932, 12152
2026/08/15 23:23:29.102, 11932, 12152
2026/08/15 23:23:34.102, 11932, 12152
2026/08/15 23:23:39.103, 11932, 12152
2026/08/15 23:23:44.103, 11932, 12152
2026/08/15 23:23:49.103, 11932, 12152
2026/08/15 23:23:54.104, 11932, 12152
2026/08/15 23:23:59.104, 11932, 12152
2026/08/15 23:24:04.105, 11932, 12152
2026/08/15 23:24:09.105, 11932, 12152
2026/08/15 23:24:14.106, 11932, 12152
2026/08/15 23:24:19.106, 11932, 12152
2026/08/15 23:24:24.107, 11932, 12152
2026/08/15 23:24:29.107, 11932, 12152
2026/08/15 23:24:34.108, 11932, 12152
2026/08/15 23:24:39.108, 11932, 12152
2026/08/15 23:24:44.109, 11932, 12152
2026/08/15 23:24:49.109, 11932, 12152
2026/08/15 23:24:54.110, 11932, 12152
2026/08/15 23:24:59.110, 11932, 12152
2026/08/15 23:25:04.111, 11932, 12152
2026/08/15 23:25:09.111, 11932, 12152
2026/08/15 23:25:14.112, 11932, 12152
2026/08/15 23:25:19.112, 11932, 12152
2026/08/15 23:25:24.113, 11932, 12152
2026/08/15 23:25:29.113, 11932, 12152
2026/08/15 23:25:34.114, 11932, 12152
2026/08/15 23:25:39.114, 11932, 12152
2026/08/15 23:25:44.115, 11932, 12152
2026/08/15 23:25:49.115, 11932, 12152
2026/08/15 23:25:54.116, 11932, 12152
2026/08/15 23:25:59.116, 11932, 12152
2026/08/15 23:26:04.117, 11932, 12152
2026/08/15 23:26:09.117, 11932, 12152
2026/08/15 23:26:14.118, 11932, 12152
2026/08/15 23:26:19.118, 11932, 12152
2026/08/15 23:26:24.119, 11932, 12152
2026/08/15 23:26:29.119, 11932, 12152
2026/08/15 23:26:34.119, 11932, 12152
2026/08/15 23:26:39.120, 11932, 12152
2026/08/15 23:26:44.120, 11932, 12152
2026/08/15 23:26:49.121, 11932, 12152
2026/08/15 23:26:54.121, 11932, 12152
2026/08/15 23:26:59.122, 11932, 12152
2026/08/15 23:27:04.122, 11932, 12152
2026/08/15 23:27:09.122, 11932, 12152
2026/08/15 23:27:14.123, 11932, 12152
2026/08/15 23:27:19.123, 11932, 12152
2026/08/15 23:27:24.124, 11932, 12152
2026/08/15 23:27:29.124, 11932, 12152
2026/08/15 23:27:34.125, 11932, 12152
2026/08/15 23:27:39.125, 11932, 12152
2026/08/15 23:27:44.125, 11932, 12152
2026/08/15 23:27:49.126, 11932, 12152
2026/08/15 23:27:54.126, 11932, 12152
2026/08/15 23:27:59.127, 11932, 12152
2026/08/15 23:28:04.127, 11932, 12152
2026/08/15 23:28:09.128, 11932, 12152
2026/08/15 23:28:14.128, 11932, 12152
2026/08/15 23:28:19.129, 11932, 12152
2026/08/15 23:28:24.129, 11932, 12152
2026/08/15 23:28:29.130, 11932, 12152
2026/08/15 23:28:34.130, 11932, 12152
2026/08/15 23:28:39.131, 11932, 12152
2026/08/15 23:28:44.131, 11932, 12152
2026/08/15 23:28:49.131, 11932, 12152
2026/08/15 23:28:54.132, 11932, 12152
2026/08/15 23:28:59.132, 11932, 12152
2026/08/15 23:29:04.133, 11932, 12152
2026/08/15 23:29:09.133, 11932, 12152
2026/08/15 23:29:14.134, 11932, 12152
2026/08/15 23:29:19.134, 11932, 12152
2026/08/15 23:29:24.134, 11932, 12152
2026/08/15 23:29:29.135, 11932, 12152
2026/08/15 23:29:34.135, 11932, 12152
2026/08/15 23:29:39.136, 11932, 12152
2026/08/15 23:29:44.136, 11932, 12152
2026/08/15 23:29:49.137, 11932, 12152
2026/08/15 23:29:54.137, 11932, 12152
2026/08/15 23:29:59.137, 11932, 12152
2026/08/15 23:30:04.138, 11932, 12152
2026/08/15 23:30:09.138, 11932, 12152
2026/08/15 23:30:14.139, 11932, 12152
2026/08/15 23:30:19.139, 11932, 12152
2026/08/15 23:30:24.139, 11932, 12152
2026/08/15 23:30:29.140, 11932, 12152
2026/08/15 23:30:34.140, 11932, 12152
2026/08/15 23:30:39.140, 11932, 12152
2026/08/15 23:30:44.141, 11932, 12152
2026/08/15 23:30:49.141, 11932, 12152
2026/08/15 23:30:54.142, 11932, 12152
2026/08/15 23:30:59.142, 11932, 12152
2026/08/15 23:31:04.142, 11932, 12152
2026/08/15 23:31:09.143, 11932, 12152
2026/08/15 23:31:14.143, 11932, 12152
2026/08/15 23:31:19.144, 11932, 12152
2026/08/15 23:31:24.144, 11932, 12152
2026/08/15 23:31:29.145, 11932, 12152
2026/08/15 23:31:34.145, 11932, 12152
2026/08/15 23:31:39.145, 11932, 12152
2026/08/15 23:31:44.146, 11932, 12152
2026/08/15 23:31:49.146, 11932, 12152
2026/08/15 23:31:54.147, 11932, 12152
2026/08/15 23:31:59.147, 11932, 12152
2026/08/15 23:32:04.147, 11932, 12152
2026/08/15 23:32:09.148, 11932, 12152
2026/08/15 23:32:14.148, 11932, 12152
2026/08/15 23:32:19.149, 11932, 12152
2026/08/15 23:32:24.149, 11932, 12152
2026/08/15 23:32:29.150, 11932, 12152
2026/08/15 23:32:34.150, 11932, 12152
2026/08/15 23:32:39.150, 11932, 12152
2026/08/15 23:32:44.151, 11932, 12152
2026/08/15 23:32:49.151, 11932, 12152
2026/08/15 23:32:54.152, 11932, 12152
2026/08/15 23:32:59.152, 11932, 12152
2026/08/15 23:33:04.152, 11932, 12152
2026/08/15 23:33:09.153, 11932, 12152
2026/08/15 23:33:14.153, 11932, 12152
2026/08/15 23:33:19.154, 11932, 12152
2026/08/15 23:33:24.154, 11932, 12152
2026/08/15 23:33:29.155, 11932, 12152
2026/08/15 23:33:34.155, 11932, 12152
2026/08/15 23:33:39.155, 11932, 12152
2026/08/15 23:33:44.156, 11932, 12152
2026/08/15 23:33:49.156, 11932, 12152
2026/08/15 23:33:54.157, 11932, 12152
2026/08/15 23:33:59.157, 11932, 12152
2026/08/15 23:34:04.158, 11932, 12152
2026/08/15 23:34:09.158, 11932, 12152
2026/08/15 23:34:14.158, 11932, 12152
2026/08/15 23:34:19.159, 11932, 12152
2026/08/15 23:34:24.159, 11932, 12152
2026/08/15 23:34:29.160, 11932, 12152
2026/08/15 23:34:34.160, 11932, 12152
2026/08/15 23:34:39.161, 11932, 12152
2026/08/15 23:34:44.161, 11932, 12152
2026/08/15 23:34:49.161, 11932, 12152
2026/08/15 23:34:54.162, 11932, 12152
2026/08/15 23:34:59.162, 11932, 12152
2026/08/15 23:35:04.163, 11932, 12152
2026/08/15 23:35:09.163, 11932, 12152
2026/08/15 23:35:14.164, 11932, 12152
2026/08/15 23:35:19.164, 11932, 12152
2026/08/15 23:35:24.164, 11932, 12152
2026/08/15 23:35:29.165, 11932, 12152
2026/08/15 23:35:34.165, 11932, 12152
2026/08/15 23:35:39.166, 11932, 12152
2026/08/15 23:35:44.166, 11932, 12152
2026/08/15 23:35:49.167, 11932, 12152
2026/08/15 23:35:54.167, 11932, 12152
2026/08/15 23:35:59.167, 11932, 12152
2026/08/15 23:36:04.168, 11932, 12152
2026/08/15 23:36:09.168, 11932, 12152
2026/08/15 23:36:14.169, 11932, 12152
2026/08/15 23:36:19.169, 11932, 12152
2026/08/15 23:36:24.169, 11932, 12152
2026/08/15 23:36:29.170, 11932, 12152
2026/08/15 23:36:34.170, 11932, 12152
2026/08/15 23:36:39.171, 11932, 12152
2026/08/15 23:36:44.171, 11932, 12152
2026/08/15 23:36:49.172, 11932, 12152
2026/08/15 23:36:54.172, 11932, 12152
2026/08/15 23:36:59.173, 11932, 12152
2026/08/15 23:37:04.173, 11932, 12152
2026/08/15 23:37:09.173, 11932, 12152
2026/08/15 23:37:14.174, 11932, 12152
2026/08/15 23:37:19.174, 11932, 12152
2026/08/15 23:37:24.175, 11932, 12152
2026/08/15 23:37:29.175, 11932, 12152
2026/08/15 23:37:34.176, 11932, 12152
2026/08/15 23:37:39.176, 11932, 12152
2026/08/15 23:37:44.176, 11932, 12152
2026/08/15 23:37:49.177, 11932, 12152
2026/08/15 23:37:54.177, 11932, 12152
2026/08/15 23:37:59.178, 11932, 12152
2026/08/15 23:38:04.178, 11932, 12152
2026/08/15 23:38:09.179, 11932, 12152
2026/08/15 23:38:14.179, 11932, 12152
2026/08/15 23:38:19.179, 11932, 12152
2026/08/15 23:38:24.180, 11932, 12152
2026/08/15 23:38:29.180, 11932, 12152
2026/08/15 23:38:34.181, 11932, 12152
2026/08/15 23:38:39.181, 11932, 12152
2026/08/15 23:38:44.182, 11932, 12152
2026/08/15 23:38:49.182, 11932, 12152
2026/08/15 23:38:54.182, 11932, 12152
2026/08/15 23:38:59.183, 11932, 12152
2026/08/15 23:39:04.183, 11932, 12152
2026/08/15 23:39:09.184, 11932, 12152
2026/08/15 23:39:14.184, 11932, 12152
2026/08/15 23:39:19.185, 11932, 12152
2026/08/15 23:39:24.185, 11932, 12152
2026/08/15 23:39:29.185, 11932, 12152
2026/08/15 23:39:34.186, 11932, 12152
2026/08/15 23:39:39.186, 11932, 12152
2026/08/15 23:39:44.187, 11932, 12152
2026/08/15 23:39:49.187, 11932, 12152
2026/08/15 23:39:54.192, 11932, 12152
2026/08/15 23:39:59.192, 11932, 12152
2026/08/15 23:40:04.195, 11932, 12152
2026/08/15 23:40:09.200, 11932, 12152
2026/08/15 23:40:14.203, 11932, 12152
2026/08/15 23:40:19.205, 11932, 12152
2026/08/15 23:40:24.207, 11932, 12152
2026/08/15 23:40:29.209, 11932, 12152
2026/08/15 23:40:34.213, 11932, 12152
2026/08/15 23:40:39.215, 11932, 12152
2026/08/15 23:40:44.217, 11932, 12152
2026/08/15 23:40:49.219, 11932, 12152
2026/08/15 23:40:54.222, 11932, 12152
2026/08/15 23:40:59.222, 11932, 12152
2026/08/15 23:41:04.228, 11932, 12152
2026/08/15 23:41:09.230, 11932, 12152
2026/08/15 23:41:14.231, 11932, 12152
2026/08/15 23:41:19.233, 11932, 12152
2026/08/15 23:41:24.237, 11932, 12152
2026/08/15 23:41:29.240, 11932, 12152
2026/08/15 23:41:34.245, 11932, 12152
2026/08/15 23:41:39.248, 11932, 12152
2026/08/15 23:41:44.251, 11932, 12152
2026/08/15 23:41:49.255, 11932, 12152
2026/08/15 23:41:54.258, 11932, 12152
2026/08/15 23:41:59.260, 11932, 12152
2026/08/15 23:42:04.265, 11932, 12152
2026/08/15 23:42:09.268, 11932, 12152
2026/08/15 23:42:14.268, 11932, 12152
2026/08/15 23:42:19.269, 11932, 12152
2026/08/15 23:42:24.269, 11932, 12152
2026/08/15 23:42:29.278, 11932, 12152
2026/08/15 23:42:34.279, 11932, 12152
2026/08/15 23:42:39.279, 11932, 12152
2026/08/15 23:42:44.280, 11932, 12152
2026/08/15 23:42:49.280, 11932, 12152
2026/08/15 23:42:54.280, 11932, 12152
2026/08/15 23:42:59.281, 11932, 12152
2026/08/15 23:43:04.281, 11932, 12152
2026/08/15 23:43:09.282, 11932, 12152
2026/08/15 23:43:14.282, 11932, 12152
2026/08/15 23:43:19.283, 11932, 12152
2026/08/15 23:43:24.283, 11932, 12152
2026/08/15 23:43:29.283, 11932, 12152
2026/08/15 23:43:34.284, 11932, 12152
2026/08/15 23:43:39.284, 11932, 12152
2026/08/15 23:43:44.285, 11932, 12152
2026/08/15 23:43:49.285, 11932, 12152
2026/08/15 23:43:54.286, 11932, 12152
2026/08/15 23:43:59.286, 11932, 12152
2026/08/15 23:44:04.287, 11932, 12152
2026/08/15 23:44:09.287, 11932, 12152
2026/08/15 23:44:14.288, 11932, 12152
2026/08/15 23:44:19.288, 11932, 12152
2026/08/15 23:44:24.289, 11932, 12152
2026/08/15 23:44:29.289, 11932, 12152
2026/08/15 23:44:34.289, 11932, 12152
2026/08/15 23:44:39.290, 11932, 12152
2026/08/15 23:44:44.290, 11932, 12152
2026/08/15 23:44:49.291, 11932, 12152
2026/08/15 23:44:54.291, 11932, 12152
2026/08/15 23:44:59.292, 11932, 12152
2026/08/15 23:45:04.292, 11932, 12152
2026/08/15 23:45:09.293, 11932, 12152
2026/08/15 23:45:14.293, 11932, 12152
2026/08/15 23:45:19.294, 11932, 12152
2026/08/15 23:45:24.294, 11932, 12152
2026/08/15 23:45:29.294, 11932, 12152
2026/08/15 23:45:34.295, 11932, 12152
2026/08/15 23:45:39.295, 11932, 12152
2026/08/15 23:45:44.296, 11932, 12152
2026/08/15 23:45:49.296, 11932, 12152
2026/08/15 23:45:54.297, 11932, 12152
2026/08/15 23:45:59.297, 11932, 12152
2026/08/15 23:46:04.298, 11932, 12152
2026/08/15 23:46:09.298, 11932, 12152
2026/08/15 23:46:14.298, 11932, 12152
2026/08/15 23:46:19.299, 11932, 12152
2026/08/15 23:46:24.299, 11932, 12152
2026/08/15 23:46:29.300, 11932, 12152
2026/08/15 23:46:34.300, 11932, 12152
2026/08/15 23:46:39.301, 11932, 12152
2026/08/15 23:46:44.301, 11932, 12152
2026/08/15 23:46:49.302, 11932, 12152
2026/08/15 23:46:54.302, 11932, 12152
2026/08/15 23:46:59.303, 11932, 12152
2026/08/15 23:47:04.303, 11932, 12152
2026/08/15 23:47:09.304, 11932, 12152
2026/08/15 23:47:14.304, 11932, 12152
2026/08/15 23:47:19.304, 11932, 12152
2026/08/15 23:47:24.305, 11932, 12152
2026/08/15 23:47:29.305, 11932, 12152
2026/08/15 23:47:34.306, 11932, 12152
2026/08/15 23:47:39.306, 11932, 12152
2026/08/15 23:47:44.307, 11932, 12152
2026/08/15 23:47:49.307, 11932, 12152
2026/08/15 23:47:54.308, 11932, 12152
2026/08/15 23:47:59.308, 11932, 12152
2026/08/15 23:48:04.309, 11932, 12152
2026/08/15 23:48:09.309, 11932, 12152
2026/08/15 23:48:14.310, 11932, 12152
2026/08/15 23:48:19.310, 11932, 12152
2026/08/15 23:48:24.310, 11932, 12152
2026/08/15 23:48:29.311, 11932, 12152
2026/08/15 23:48:34.311, 11932, 12152
2026/08/15 23:48:39.312, 11932, 12152
2026/08/15 23:48:44.312, 11932, 12152
2026/08/15 23:48:49.313, 11932, 12152
2026/08/15 23:48:54.313, 11932, 12152
2026/08/15 23:48:59.314, 11932, 12152
2026/08/15 23:49:04.314, 11932, 12152
2026/08/15 23:49:09.315, 11932, 12152
2026/08/15 23:49:14.315, 11932, 12152
2026/08/15 23:49:19.316, 11932, 12152
2026/08/15 23:49:24.316, 11932, 12152
2026/08/15 23:49:29.317, 11932, 12152
2026/08/15 23:49:34.317, 11932, 12152
2026/08/15 23:49:39.318, 11932, 12152
2026/08/15 23:49:44.318, 11932, 12152
2026/08/15 23:49:49.319, 11932, 12152
2026/08/15 23:49:54.319, 11932, 12152
2026/08/15 23:49:59.320, 11932, 12152
2026/08/15 23:50:04.321, 11932, 12152
2026/08/15 23:50:09.321, 11932, 12152
2026/08/15 23:50:14.322, 11932, 12152
2026/08/15 23:50:19.322, 11932, 12152
2026/08/15 23:50:24.323, 11932, 12152
2026/08/15 23:50:29.323, 11932, 12152
2026/08/15 23:50:34.324, 11932, 12152
2026/08/15 23:50:39.324, 11932, 12152
2026/08/15 23:50:44.325, 11932, 12152
2026/08/15 23:50:49.325, 11932, 12152
2026/08/15 23:50:54.326, 11932, 12152
2026/08/15 23:50:59.326, 11932, 12152
2026/08/15 23:51:04.327, 11932, 12152
2026/08/15 23:51:09.327, 11932, 12152
2026/08/15 23:51:14.328, 11932, 12152
2026/08/15 23:51:19.328, 11932, 12152
2026/08/15 23:51:24.329, 11932, 12152
2026/08/15 23:51:29.329, 11932, 12152
2026/08/15 23:51:34.330, 11932, 12152
2026/08/15 23:51:39.331, 11932, 12152
2026/08/15 23:51:44.331, 11932, 12152
2026/08/15 23:51:49.332, 11932, 12152
2026/08/15 23:51:54.332, 11932, 12152
2026/08/15 23:51:59.333, 11932, 12152
2026/08/15 23:52:04.333, 11932, 12152
2026/08/15 23:52:09.334, 11932, 12152
2026/08/15 23:52:14.334, 11932, 12152
2026/08/15 23:52:19.335, 11932, 12152
2026/08/15 23:52:24.335, 11932, 12152
2026/08/15 23:52:29.336, 11932, 12152
2026/08/15 23:52:34.336, 11932, 12152
2026/08/15 23:52:39.337, 11932, 12152
2026/08/15 23:52:44.337, 11932, 12152
2026/08/15 23:52:49.338, 11932, 12152
2026/08/15 23:52:54.338, 11932, 12152
2026/08/15 23:52:59.339, 11932, 12152
2026/08/15 23:53:04.339, 11932, 12152
2026/08/15 23:53:09.340, 11932, 12152
2026/08/15 23:53:14.340, 11932, 12152
2026/08/15 23:53:19.341, 11932, 12152
2026/08/15 23:53:24.341, 11932, 12152
2026/08/15 23:53:29.342, 11932, 12152
2026/08/15 23:53:34.342, 11932, 12152
2026/08/15 23:53:39.343, 11932, 12152
2026/08/15 23:53:44.343, 11932, 12152
2026/08/15 23:53:49.344, 11932, 12152
2026/08/15 23:53:54.344, 11932, 12152
2026/08/15 23:53:59.345, 11932, 12152
2026/08/15 23:54:04.345, 11932, 12152
2026/08/15 23:54:09.346, 11932, 12152
2026/08/15 23:54:14.347, 11932, 12152
2026/08/15 23:54:19.347, 11932, 12152
2026/08/15 23:54:24.348, 11932, 12152
2026/08/15 23:54:29.348, 11932, 12152
2026/08/15 23:54:34.349, 11932, 12152
2026/08/15 23:54:39.349, 11932, 12152
2026/08/15 23:54:44.350, 11932, 12152
2026/08/15 23:54:49.351, 11932, 12152
2026/08/15 23:54:54.351, 11932, 12152
2026/08/15 23:54:59.352, 11932, 12152
2026/08/15 23:55:04.352, 11932, 12152
2026/08/15 23:55:09.353, 11932, 12152
2026/08/15 23:55:14.353, 11932, 12152
2026/08/15 23:55:19.354, 11932, 12152
2026/08/15 23:55:24.355, 11932, 12152
2026/08/15 23:55:29.355, 11932, 12152
2026/08/15 23:55:34.356, 11932, 12152
2026/08/15 23:55:39.356, 11932, 12152
2026/08/15 23:55:44.357, 11932, 12152
2026/08/15 23:55:49.358, 11932, 12152
2026/08/15 23:55:54.358, 11932, 12152
2026/08/15 23:55:59.359, 11932, 12152
2026/08/15 23:56:04.359, 11932, 12152
2026/08/15 23:56:09.360, 11932, 12152
2026/08/15 23:56:14.361, 11932, 12152
2026/08/15 23:56:19.361, 11932, 12152
2026/08/15 23:56:24.362, 11932, 12152
2026/08/15 23:56:29.362, 11932, 12152
2026/08/15 23:56:34.363, 11932, 12152
2026/08/15 23:56:39.363, 11932, 12152
2026/08/15 23:56:44.364, 11932, 12152
2026/08/15 23:56:49.365, 11932, 12152
2026/08/15 23:56:54.365, 11932, 12152
2026/08/15 23:56:59.366, 11932, 12152
2026/08/15 23:57:04.366, 11932, 12152
2026/08/15 23:57:09.367, 11932, 12152
2026/08/15 23:57:14.368, 11932, 12152
2026/08/15 23:57:19.368, 11932, 12152
2026/08/15 23:57:24.369, 11932, 12152
2026/08/15 23:57:29.369, 11932, 12152
2026/08/15 23:57:34.370, 11932, 12152
2026/08/15 23:57:39.370, 11932, 12152
2026/08/15 23:57:44.371, 11932, 12152
2026/08/15 23:57:49.372, 11932, 12152
2026/08/15 23:57:54.372, 11932, 12152
2026/08/15 23:57:59.373, 11932, 12152
2026/08/15 23:58:04.373, 11932, 12152
2026/08/15 23:58:09.374, 11932, 12152
2026/08/15 23:58:14.375, 11932, 12152
2026/08/15 23:58:19.375, 11932, 12152
2026/08/15 23:58:24.376, 11932, 12152
2026/08/15 23:58:29.376, 11932, 12152
2026/08/15 23:58:34.377, 11932, 12152
2026/08/15 23:58:39.377, 11932, 12152
2026/08/15 23:58:44.378, 11932, 12152
2026/08/15 23:58:49.379, 11932, 12152
2026/08/15 23:58:54.379, 11932, 12152
2026/08/15 23:58:59.380, 11932, 12152
2026/08/15 23:59:04.380, 11932, 12152
2026/08/15 23:59:09.381, 11932, 12152
2026/08/15 23:59:14.382, 11932, 12152
2026/08/15 23:59:19.382, 11932, 12152
2026/08/15 23:59:24.383, 11932, 12152
2026/08/15 23:59:29.383, 11932, 12152
2026/08/15 23:59:34.384, 11932, 12152
2026/08/15 23:59:39.385, 11932, 12152
2026/08/15 23:59:44.385, 11932, 12152
2026/08/15 23:59:49.386, 11932, 12152
2026/08/15 23:59:54.386, 11932, 12152
2026/08/15 23:59:59.387, 11932, 12152
2026/08/16 00:00:04.387, 11932, 12152
2026/08/16 00:00:09.388, 11932, 12152
2026/08/16 00:00:14.389, 11932, 12152
2026/08/16 00:00:19.389, 11932, 12152
2026/08/16 00:00:24.390, 11932, 12152
2026/08/16 00:00:29.390, 11932, 12152
2026/08/16 00:00:34.391, 11932, 12152
2026/08/16 00:00:39.392, 11932, 12152
2026/08/16 00:00:44.392, 11932, 12152
2026/08/16 00:00:49.393, 11932, 12152
2026/08/16 00:00:54.393, 11932, 12152
2026/08/16 00:00:59.394, 11932, 12152
2026/08/16 00:01:04.395, 11932, 12152
2026/08/16 00:01:09.395, 11932, 12152
2026/08/16 00:01:14.396, 11932, 12152
2026/08/16 00:01:19.396, 11932, 12152
2026/08/16 00:01:24.397, 11932, 12152
2026/08/16 00:01:29.397, 11932, 12152
2026/08/16 00:01:34.398, 11932, 12152
2026/08/16 00:01:39.399, 11932, 12152
2026/08/16 00:01:44.399, 11932, 12152
2026/08/16 00:01:49.400, 11932, 12152
2026/08/16 00:01:54.400, 11932, 12152
2026/08/16 00:01:59.401, 11932, 12152
2026/08/16 00:02:04.402, 11932, 12152
2026/08/16 00:02:09.402, 11932, 12152
2026/08/16 00:02:14.403, 11932, 12152
2026/08/16 00:02:19.403, 11932, 12152
2026/08/16 00:02:24.404, 11932, 12152
2026/08/16 00:02:29.404, 11932, 12152
2026/08/16 00:02:34.405, 11932, 12152
2026/08/16 00:02:39.406, 11932, 12152
2026/08/16 00:02:44.406, 11932, 12152
2026/08/16 00:02:49.407, 11932, 12152
2026/08/16 00:02:54.407, 11932, 12152
2026/08/16 00:02:59.408, 11932, 12152
2026/08/16 00:03:04.409, 11932, 12152
2026/08/16 00:03:09.409, 11932, 12152
2026/08/16 00:03:14.410, 11932, 12152
2026/08/16 00:03:19.411, 11932, 12152
2026/08/16 00:03:24.411, 11932, 12152
2026/08/16 00:03:29.412, 11932, 12152
2026/08/16 00:03:34.412, 11932, 12152
2026/08/16 00:03:39.413, 11932, 12152
2026/08/16 00:03:44.413, 11932, 12152
2026/08/16 00:03:49.414, 11932, 12152
2026/08/16 00:03:54.415, 11932, 12152
2026/08/16 00:03:59.416, 11932, 12152
2026/08/16 00:04:04.417, 11932, 12152
2026/08/16 00:04:09.418, 11932, 12152
2026/08/16 00:04:14.419, 11932, 12152
2026/08/16 00:04:19.419, 11932, 12152
2026/08/16 00:04:24.420, 11932, 12152
2026/08/16 00:04:29.421, 11932, 12152
2026/08/16 00:04:34.422, 11932, 12152
2026/08/16 00:04:39.423, 11932, 12152
2026/08/16 00:04:44.424, 11932, 12152
2026/08/16 00:04:49.425, 11932, 12152
2026/08/16 00:04:54.426, 11932, 12152
2026/08/16 00:04:59.426, 11932, 12152
2026/08/16 00:05:04.427, 11932, 12152
2026/08/16 00:05:09.428, 11932, 12152
2026/08/16 00:05:14.428, 11932, 12152
2026/08/16 00:05:19.429, 11932, 12152
2026/08/16 00:05:24.430, 11932, 12152
2026/08/16 00:05:29.430, 11932, 12152
2026/08/16 00:05:34.431, 11932, 12152
2026/08/16 00:05:39.431, 11932, 12152
2026/08/16 00:05:44.432, 11932, 12152
2026/08/16 00:05:49.433, 11932, 12152
2026/08/16 00:05:54.433, 11932, 12152
2026/08/16 00:05:59.434, 11932, 12152
2026/08/16 00:06:04.434, 11932, 12152
2026/08/16 00:06:09.435, 11932, 12152
2026/08/16 00:06:14.436, 11932, 12152
2026/08/16 00:06:19.436, 11932, 12152
2026/08/16 00:06:24.437, 11932, 12152
2026/08/16 00:06:29.438, 11932, 12152
2026/08/16 00:06:34.438, 11932, 12152
2026/08/16 00:06:39.439, 11932, 12152
2026/08/16 00:06:44.439, 11932, 12152
2026/08/16 00:06:49.440, 11932, 12152
2026/08/16 00:06:54.441, 11932, 12152
2026/08/16 00:06:59.441, 11932, 12152
2026/08/16 00:07:04.442, 11932, 12152
2026/08/16 00:07:09.443, 11932, 12152
2026/08/16 00:07:14.443, 11932, 12152
2026/08/16 00:07:19.444, 11932, 12152
2026/08/16 00:07:24.445, 11932, 12152
2026/08/16 00:07:29.445, 11932, 12152
2026/08/16 00:07:34.446, 11932, 12152
2026/08/16 00:07:39.446, 11932, 12152
2026/08/16 00:07:44.447, 11932, 12152
2026/08/16 00:07:49.448, 11932, 12152
2026/08/16 00:07:54.448, 11932, 12152
2026/08/16 00:07:59.449, 11932, 12152
2026/08/16 00:08:04.449, 11932, 12152
2026/08/16 00:08:09.450, 11932, 12152
2026/08/16 00:08:14.451, 11932, 12152
2026/08/16 00:08:19.451, 11932, 12152
2026/08/16 00:08:24.452, 11932, 12152
2026/08/16 00:08:29.453, 11932, 12152
2026/08/16 00:08:34.454, 11932, 12152
2026/08/16 00:08:39.454, 11932, 12152
2026/08/16 00:08:44.455, 11932, 12152
2026/08/16 00:08:49.456, 11932, 12152
2026/08/16 00:08:54.456, 11932, 12152
2026/08/16 00:08:59.457, 11932, 12152
2026/08/16 00:09:04.458, 11932, 12152
2026/08/16 00:09:09.458, 11932, 12152
2026/08/16 00:09:14.459, 11932, 12152
2026/08/16 00:09:19.459, 11932, 12152
2026/08/16 00:09:24.460, 11932, 12152
2026/08/16 00:09:29.461, 11932, 12152
2026/08/16 00:09:34.461, 11932, 12152
2026/08/16 00:09:39.462, 11932, 12152
2026/08/16 00:09:44.462, 11932, 12152
2026/08/16 00:09:49.463, 11932, 12152
2026/08/16 00:09:54.464, 11932, 12152
2026/08/16 00:09:59.464, 11932, 12152
2026/08/16 00:10:04.465, 11932, 12152
2026/08/16 00:10:09.466, 11932, 12152
2026/08/16 00:10:14.466, 11932, 12152
2026/08/16 00:10:19.467, 11932, 12152
2026/08/16 00:10:24.468, 11932, 12152
2026/08/16 00:10:29.468, 11932, 12152
2026/08/16 00:10:34.469, 11932, 12152
2026/08/16 00:10:39.470, 11932, 12152
2026/08/16 00:10:44.470, 11932, 12152
2026/08/16 00:10:49.471, 11932, 12152
2026/08/16 00:10:54.472, 11932, 12152
2026/08/16 00:10:59.472, 11932, 12152
2026/08/16 00:11:04.473, 11932, 12152
2026/08/16 00:11:09.474, 11932, 12152
2026/08/16 00:11:14.474, 11932, 12152
2026/08/16 00:11:19.475, 11932, 12152
2026/08/16 00:11:24.476, 11932, 12152
2026/08/16 00:11:29.476, 11932, 12152
2026/08/16 00:11:34.477, 11932, 12152
2026/08/16 00:11:39.478, 11932, 12152
2026/08/16 00:11:44.478, 11932, 12152
2026/08/16 00:11:49.479, 11932, 12152
2026/08/16 00:11:54.480, 11932, 12152
2026/08/16 00:11:59.480, 11932, 12152
2026/08/16 00:12:04.481, 11932, 12152
2026/08/16 00:12:09.482, 11932, 12152
2026/08/16 00:12:14.482, 11932, 12152
2026/08/16 00:12:19.483, 11932, 12152
2026/08/16 00:12:24.483, 11932, 12152
2026/08/16 00:12:29.484, 11932, 12152
2026/08/16 00:12:34.485, 11932, 12152
2026/08/16 00:12:39.485, 11932, 12152
2026/08/16 00:12:44.486, 11932, 12152
2026/08/16 00:12:49.487, 11932, 12152
2026/08/16 00:12:54.487, 11932, 12152
2026/08/16 00:12:59.488, 11932, 12152
2026/08/16 00:13:04.488, 11932, 12152
2026/08/16 00:13:09.489, 11932, 12152
2026/08/16 00:13:14.490, 11932, 12152
2026/08/16 00:13:19.490, 11932, 12152
2026/08/16 00:13:24.491, 11932, 12152
2026/08/16 00:13:29.491, 11932, 12152
2026/08/16 00:13:34.492, 11932, 12152
2026/08/16 00:13:39.493, 11932, 12152
2026/08/16 00:13:44.493, 11932, 12152
2026/08/16 00:13:49.494, 11932, 12152
2026/08/16 00:13:54.495, 11932, 12152
2026/08/16 00:13:59.495, 11932, 12152
2026/08/16 00:14:04.496, 11932, 12152
2026/08/16 00:14:09.496, 11932, 12152
2026/08/16 00:14:14.497, 11932, 12152
2026/08/16 00:14:19.498, 11932, 12152
2026/08/16 00:14:24.498, 11932, 12152
2026/08/16 00:14:29.499, 11932, 12152
2026/08/16 00:14:34.500, 11932, 12152
2026/08/16 00:14:39.500, 11932, 12152
2026/08/16 00:14:44.501, 11932, 12152
2026/08/16 00:14:49.502, 11932, 12152
2026/08/16 00:14:54.502, 11932, 12152
2026/08/16 00:14:59.503, 11932, 12152
2026/08/16 00:15:04.503, 11932, 12152
2026/08/16 00:15:09.504, 11932, 12152
2026/08/16 00:15:14.505, 11932, 12152
2026/08/16 00:15:19.505, 11932, 12152
2026/08/16 00:15:24.506, 11932, 12152
2026/08/16 00:15:29.507, 11932, 12152
2026/08/16 00:15:34.507, 11932, 12152
2026/08/16 00:15:39.508, 11932, 12152
2026/08/16 00:15:44.509, 11932, 12152
2026/08/16 00:15:49.509, 11932, 12152
2026/08/16 00:15:54.510, 11932, 12152
2026/08/16 00:15:59.510, 11932, 12152
2026/08/16 00:16:04.511, 11932, 12152
2026/08/16 00:16:09.512, 11932, 12152
2026/08/16 00:16:14.512, 11932, 12152
2026/08/16 00:16:19.513, 11932, 12152
2026/08/16 00:16:24.514, 11932, 12152
2026/08/16 00:16:29.514, 11932, 12152
2026/08/16 00:16:34.515, 11932, 12152
2026/08/16 00:16:39.515, 11932, 12152
2026/08/16 00:16:44.516, 11932, 12152
2026/08/16 00:16:49.516, 11932, 12152
2026/08/16 00:16:54.517, 11932, 12152
2026/08/16 00:16:59.518, 11932, 12152
2026/08/16 00:17:04.518, 11932, 12152
2026/08/16 00:17:09.519, 11932, 12152
2026/08/16 00:17:14.519, 11932, 12152
2026/08/16 00:17:19.520, 11932, 12152
2026/08/16 00:17:24.521, 11932, 12152
2026/08/16 00:17:29.521, 11932, 12152
2026/08/16 00:17:34.522, 11932, 12152
2026/08/16 00:17:39.523, 11932, 12152
2026/08/16 00:17:44.523, 11932, 12152
2026/08/16 00:17:49.524, 11932, 12152
2026/08/16 00:17:54.524, 11932, 12152
2026/08/16 00:17:59.525, 11932, 12152
2026/08/16 00:18:04.526, 11932, 12152
2026/08/16 00:18:09.526, 11932, 12152
2026/08/16 00:18:14.527, 11932, 12152
2026/08/16 00:18:19.528, 11932, 12152
2026/08/16 00:18:24.528, 11932, 12152
2026/08/16 00:18:29.529, 11932, 12152
2026/08/16 00:18:34.529, 11932, 12152
2026/08/16 00:18:39.530, 11932, 12152
2026/08/16 00:18:44.531, 11932, 12152
2026/08/16 00:18:49.531, 11932, 12152
2026/08/16 00:18:54.532, 11932, 12152
2026/08/16 00:18:59.533, 11932, 12152
2026/08/16 00:19:04.533, 11932, 12152
2026/08/16 00:19:09.534, 11932, 12152
2026/08/16 00:19:14.534, 11932, 12152
2026/08/16 00:19:19.535, 11932, 12152
2026/08/16 00:19:24.536, 11932, 12152
2026/08/16 00:19:29.536, 11932, 12152
2026/08/16 00:19:34.537, 11932, 12152
2026/08/16 00:19:39.537, 11932, 12152
2026/08/16 00:19:44.538, 11932, 12152
2026/08/16 00:19:49.539, 11932, 12152
2026/08/16 00:19:54.539, 11932, 12152
2026/08/16 00:19:59.540, 11932, 12152
2026/08/16 00:20:04.541, 11932, 12152
2026/08/16 00:20:09.541, 11932, 12152
2026/08/16 00:20:14.542, 11932, 12152
2026/08/16 00:20:19.542, 11932, 12152
2026/08/16 00:20:24.543, 11932, 12152
2026/08/16 00:20:29.544, 11932, 12152
2026/08/16 00:20:34.544, 11932, 12152
2026/08/16 00:20:39.545, 11932, 12152
2026/08/16 00:20:44.546, 11932, 12152
2026/08/16 00:20:49.546, 11932, 12152
2026/08/16 00:20:54.547, 11932, 12152
2026/08/16 00:20:59.547, 11932, 12152
2026/08/16 00:21:04.548, 11932, 12152
2026/08/16 00:21:09.549, 11932, 12152
2026/08/16 00:21:14.549, 11932, 12152
2026/08/16 00:21:19.550, 11932, 12152
2026/08/16 00:21:24.550, 11932, 12152
2026/08/16 00:21:29.551, 11932, 12152
2026/08/16 00:21:34.552, 11932, 12152
2026/08/16 00:21:39.552, 11932, 12152
2026/08/16 00:21:44.553, 11932, 12152
2026/08/16 00:21:49.554, 11932, 12152
2026/08/16 00:21:54.554, 11932, 12152
2026/08/16 00:21:59.555, 11932, 12152
2026/08/16 00:22:04.555, 11932, 12152
2026/08/16 00:22:09.556, 11932, 12152
2026/08/16 00:22:14.557, 11932, 12152
2026/08/16 00:22:19.557, 11932, 12152
2026/08/16 00:22:24.558, 11932, 12152
2026/08/16 00:22:29.558, 11932, 12152
2026/08/16 00:22:34.559, 11932, 12152
2026/08/16 00:22:39.560, 11932, 12152
2026/08/16 00:22:44.560, 11932, 12152
2026/08/16 00:22:49.561, 11932, 12152
2026/08/16 00:22:54.562, 11932, 12152
2026/08/16 00:22:59.562, 11932, 12152
2026/08/16 00:23:04.563, 11932, 12152
2026/08/16 00:23:09.563, 11932, 12152
2026/08/16 00:23:14.564, 11932, 12152
2026/08/16 00:23:19.565, 11932, 12152
2026/08/16 00:23:24.565, 11932, 12152
2026/08/16 00:23:29.566, 11932, 12152
2026/08/16 00:23:34.566, 11932, 12152
2026/08/16 00:23:39.567, 11932, 12152
2026/08/16 00:23:44.568, 11932, 12152
2026/08/16 00:23:49.568, 11932, 12152
2026/08/16 00:23:54.569, 11932, 12152
2026/08/16 00:23:59.569, 11932, 12152
2026/08/16 00:24:04.570, 11932, 12152
2026/08/16 00:24:09.579, 11932, 12152
2026/08/16 00:24:14.580, 11932, 12152
2026/08/16 00:24:19.580, 11932, 12152
2026/08/16 00:24:24.581, 11932, 12152
2026/08/16 00:24:29.582, 11932, 12152
2026/08/16 00:24:34.582, 11932, 12152
2026/08/16 00:24:39.583, 11932, 12152
2026/08/16 00:24:44.583, 11932, 12152
2026/08/16 00:24:49.584, 11932, 12152
2026/08/16 00:24:54.585, 11932, 12152
2026/08/16 00:24:59.585, 11932, 12152
2026/08/16 00:25:04.586, 11932, 12152
2026/08/16 00:25:09.586, 11932, 12152
2026/08/16 00:25:14.587, 11932, 12152
2026/08/16 00:25:19.588, 11932, 12152
2026/08/16 00:25:24.588, 11932, 12152
2026/08/16 00:25:29.589, 11932, 12152
2026/08/16 00:25:34.589, 11932, 12152
2026/08/16 00:25:39.590, 11932, 12152
2026/08/16 00:25:44.591, 11932, 12152
2026/08/16 00:25:49.591, 11932, 12152
2026/08/16 00:25:54.592, 11932, 12152
2026/08/16 00:25:59.592, 11932, 12152
2026/08/16 00:26:04.593, 11932, 12152
2026/08/16 00:26:09.594, 11932, 12152
2026/08/16 00:26:14.594, 11932, 12152
2026/08/16 00:26:19.595, 11932, 12152
2026/08/16 00:26:24.595, 11932, 12152
2026/08/16 00:26:29.596, 11932, 12152
2026/08/16 00:26:34.597, 11932, 12152
2026/08/16 00:26:39.597, 11932, 12152
2026/08/16 00:26:44.598, 11932, 12152
2026/08/16 00:26:49.598, 11932, 12152
2026/08/16 00:26:54.599, 11932, 12152
2026/08/16 00:26:59.600, 11932, 12152
2026/08/16 00:27:04.600, 11932, 12152
2026/08/16 00:27:09.601, 11932, 12152
2026/08/16 00:27:14.601, 11932, 12152
2026/08/16 00:27:19.602, 11932, 12152
2026/08/16 00:27:24.603, 11932, 12152
2026/08/16 00:27:29.603, 11932, 12152
2026/08/16 00:27:34.604, 11932, 12152
2026/08/16 00:27:39.604, 11932, 12152
2026/08/16 00:27:44.605, 11932, 12152
2026/08/16 00:27:49.606, 11932, 12152
2026/08/16 00:27:54.606, 11932, 12152
2026/08/16 00:27:59.607, 11932, 12152
2026/08/16 00:28:04.607, 11932, 12152
2026/08/16 00:28:09.608, 11932, 12152
2026/08/16 00:28:14.609, 11932, 12152
2026/08/16 00:28:19.609, 11932, 12152
2026/08/16 00:28:24.610, 11932, 12152
2026/08/16 00:28:29.611, 11932, 12152
2026/08/16 00:28:34.611, 11932, 12152
2026/08/16 00:28:39.612, 11932, 12152
2026/08/16 00:28:44.612, 11932, 12152
2026/08/16 00:28:49.613, 11932, 12152
2026/08/16 00:28:54.614, 11932, 12152
2026/08/16 00:28:59.614, 11932, 12152
2026/08/16 00:29:04.615, 11932, 12152
2026/08/16 00:29:09.615, 11932, 12152
2026/08/16 00:29:14.616, 11932, 12152
2026/08/16 00:29:19.617, 11932, 12152
2026/08/16 00:29:24.617, 11932, 12152
2026/08/16 00:29:29.618, 11932, 12152
2026/08/16 00:29:34.618, 11932, 12152
2026/08/16 00:29:39.619, 11932, 12152
2026/08/16 00:29:44.620, 11932, 12152
2026/08/16 00:29:49.620, 11932, 12152
2026/08/16 00:29:54.621, 11932, 12152
2026/08/16 00:29:59.621, 11932, 12152
2026/08/16 00:30:04.622, 11932, 12152
2026/08/16 00:30:09.623, 11932, 12152
2026/08/16 00:30:14.623, 11932, 12152
2026/08/16 00:30:19.624, 11932, 12152
2026/08/16 00:30:24.624, 11932, 12152
2026/08/16 00:30:29.625, 11932, 12152
2026/08/16 00:30:34.626, 11932, 12152
2026/08/16 00:30:39.626, 11932, 12152
2026/08/16 00:30:44.627, 11932, 12152
2026/08/16 00:30:49.627, 11932, 12152
2026/08/16 00:30:54.628, 11932, 12152
2026/08/16 00:30:59.629, 11932, 12152
2026/08/16 00:31:04.629, 11932, 12152
2026/08/16 00:31:09.630, 11932, 12152
2026/08/16 00:31:14.630, 11932, 12152
2026/08/16 00:31:19.631, 11932, 12152
2026/08/16 00:31:24.632, 11932, 12152
2026/08/16 00:31:29.632, 11932, 12152
2026/08/16 00:31:34.633, 11932, 12152
2026/08/16 00:31:39.633, 11932, 12152
2026/08/16 00:31:44.634, 11932, 12152
2026/08/16 00:31:49.635, 11932, 12152
2026/08/16 00:31:54.635, 11932, 12152
2026/08/16 00:31:59.636, 11932, 12152
2026/08/16 00:32:04.636, 11932, 12152
2026/08/16 00:32:09.637, 11932, 12152
2026/08/16 00:32:14.638, 11932, 12152
2026/08/16 00:32:19.638, 11932, 12152
2026/08/16 00:32:24.639, 11932, 12152
2026/08/16 00:32:29.639, 11932, 12152
2026/08/16 00:32:34.640, 11932, 12152
2026/08/16 00:32:39.641, 11932, 12152
2026/08/16 00:32:44.641, 11932, 12152
2026/08/16 00:32:49.642, 11932, 12152
2026/08/16 00:32:54.642, 11932, 12152
2026/08/16 00:32:59.643, 11932, 12152
2026/08/16 00:33:04.643, 11932, 12152
2026/08/16 00:33:09.644, 11932, 12152
2026/08/16 00:33:14.645, 11932, 12152
2026/08/16 00:33:19.645, 11932, 12152
2026/08/16 00:33:24.646, 11932, 12152
2026/08/16 00:33:29.646, 11932, 12152
2026/08/16 00:33:34.647, 11932, 12152
2026/08/16 00:33:39.647, 11932, 12152
2026/08/16 00:33:44.648, 11932, 12152
2026/08/16 00:33:49.649, 11932, 12152
2026/08/16 00:33:54.649, 11932, 12152
2026/08/16 00:33:59.650, 11932, 12152
2026/08/16 00:34:04.650, 11932, 12152
2026/08/16 00:34:09.651, 11932, 12152
2026/08/16 00:34:14.652, 11932, 12152
2026/08/16 00:34:19.652, 11932, 12152
2026/08/16 00:34:24.653, 11932, 12152
2026/08/16 00:34:29.654, 11932, 12152
2026/08/16 00:34:34.654, 11932, 12152
2026/08/16 00:34:39.655, 11932, 12152
2026/08/16 00:34:44.655, 11932, 12152
2026/08/16 00:34:49.656, 11932, 12152
2026/08/16 00:34:54.656, 11932, 12152
2026/08/16 00:34:59.657, 11932, 12152
2026/08/16 00:35:04.658, 11932, 12152
2026/08/16 00:35:09.658, 11932, 12152
2026/08/16 00:35:14.659, 11932, 12152
2026/08/16 00:35:19.660, 11932, 12152
2026/08/16 00:35:24.660, 11932, 12152
2026/08/16 00:35:29.661, 11932, 12152
2026/08/16 00:35:34.661, 11932, 12152
2026/08/16 00:35:39.662, 11932, 12152
2026/08/16 00:35:44.663, 11932, 12152
2026/08/16 00:35:49.663, 11932, 12152
2026/08/16 00:35:54.664, 11932, 12152
2026/08/16 00:35:59.664, 11932, 12152
2026/08/16 00:36:04.665, 11932, 12152
2026/08/16 00:36:09.665, 11932, 12152
2026/08/16 00:36:14.666, 11932, 12152
2026/08/16 00:36:19.667, 11932, 12152
2026/08/16 00:36:24.667, 11932, 12152
2026/08/16 00:36:29.668, 11932, 12152
2026/08/16 00:36:34.668, 11932, 12152
2026/08/16 00:36:39.669, 11932, 12152
2026/08/16 00:36:44.670, 11932, 12152
2026/08/16 00:36:49.670, 11932, 12152
2026/08/16 00:36:54.671, 11932, 12152
2026/08/16 00:36:59.671, 11932, 12152
2026/08/16 00:37:04.672, 11932, 12152
2026/08/16 00:37:09.673, 11932, 12152
2026/08/16 00:37:14.673, 11932, 12152
2026/08/16 00:37:19.674, 11932, 12152
2026/08/16 00:37:24.674, 11932, 12152
2026/08/16 00:37:29.675, 11932, 12152
2026/08/16 00:37:34.675, 11932, 12152
2026/08/16 00:37:39.676, 11932, 12152
2026/08/16 00:37:44.677, 11932, 12152
2026/08/16 00:37:49.677, 11932, 12152
2026/08/16 00:37:54.678, 11932, 12152
2026/08/16 00:37:59.678, 11932, 12152
2026/08/16 00:38:04.678, 11932, 12152
2026/08/16 00:38:09.679, 11932, 12152
2026/08/16 00:38:14.679, 11932, 12152
2026/08/16 00:38:19.679, 11932, 12152
2026/08/16 00:38:24.680, 11932, 12152
2026/08/16 00:38:29.680, 11932, 12152
2026/08/16 00:38:34.680, 11932, 12152
2026/08/16 00:38:39.681, 11932, 12152
2026/08/16 00:38:44.681, 11932, 12152
2026/08/16 00:38:49.682, 11932, 12152
2026/08/16 00:38:54.682, 11932, 12152
2026/08/16 00:38:59.682, 11932, 12152
2026/08/16 00:39:04.683, 11932, 12152
2026/08/16 00:39:09.683, 11932, 12152
2026/08/16 00:39:14.683, 11932, 12152
2026/08/16 00:39:19.684, 11932, 12152
2026/08/16 00:39:24.684, 11932, 12152
2026/08/16 00:39:29.684, 11932, 12152
2026/08/16 00:39:34.685, 11932, 12152
2026/08/16 00:39:39.685, 11932, 12152
2026/08/16 00:39:44.685, 11932, 12152
2026/08/16 00:39:49.686, 11932, 12152
2026/08/16 00:39:54.686, 11932, 12152
2026/08/16 00:39:59.687, 11932, 12152
2026/08/16 00:40:04.687, 11932, 12152
2026/08/16 00:40:09.687, 11932, 12152
2026/08/16 00:40:14.688, 11932, 12152
2026/08/16 00:40:19.688, 11932, 12152
2026/08/16 00:40:24.689, 11932, 12152
2026/08/16 00:40:29.689, 11932, 12152
2026/08/16 00:40:34.689, 11932, 12152
2026/08/16 00:40:39.690, 11932, 12152
2026/08/16 00:40:44.690, 11932, 12152
2026/08/16 00:40:49.691, 11932, 12152
2026/08/16 00:40:54.691, 11932, 12152
2026/08/16 00:40:59.691, 11932, 12152
2026/08/16 00:41:04.692, 11932, 12152
2026/08/16 00:41:09.692, 11932, 12152
2026/08/16 00:41:14.692, 11932, 12152
2026/08/16 00:41:19.693, 11932, 12152
2026/08/16 00:41:24.693, 11932, 12152
2026/08/16 00:41:29.694, 11932, 12152
2026/08/16 00:41:34.694, 11932, 12152
2026/08/16 00:41:39.694, 11932, 12152
2026/08/16 00:41:44.695, 11932, 12152
2026/08/16 00:41:49.695, 11932, 12152
2026/08/16 00:41:54.696, 11932, 12152
2026/08/16 00:41:59.696, 11932, 12152
2026/08/16 00:42:04.697, 11932, 12152
2026/08/16 00:42:09.697, 11932, 12152
2026/08/16 00:42:14.697, 11932, 12152
2026/08/16 00:42:19.698, 11932, 12152
2026/08/16 00:42:24.698, 11932, 12152
2026/08/16 00:42:29.699, 11932, 12152
2026/08/16 00:42:34.699, 11932, 12152
2026/08/16 00:42:39.699, 11932, 12152
2026/08/16 00:42:44.700, 11932, 12152
2026/08/16 00:42:49.700, 11932, 12152
2026/08/16 00:42:54.701, 11932, 12152
2026/08/16 00:42:59.701, 11932, 12152
2026/08/16 00:43:04.702, 11932, 12152
2026/08/16 00:43:09.702, 11932, 12152
2026/08/16 00:43:14.702, 11932, 12152
2026/08/16 00:43:19.703, 11932, 12152
2026/08/16 00:43:24.703, 11932, 12152
2026/08/16 00:43:29.704, 11932, 12152
2026/08/16 00:43:34.704, 11932, 12152
2026/08/16 00:43:39.705, 11932, 12152
2026/08/16 00:43:44.705, 11932, 12152
2026/08/16 00:43:49.706, 11932, 12152
2026/08/16 00:43:54.706, 11932, 12152
2026/08/16 00:43:59.706, 11932, 12152
2026/08/16 00:44:04.707, 11932, 12152
2026/08/16 00:44:09.707, 11932, 12152
2026/08/16 00:44:14.708, 11932, 12152
2026/08/16 00:44:19.708, 11932, 12152
2026/08/16 00:44:24.709, 11932, 12152
2026/08/16 00:44:29.709, 11932, 12152
2026/08/16 00:44:34.709, 11932, 12152
2026/08/16 00:44:39.710, 11932, 12152
2026/08/16 00:44:44.710, 11932, 12152
2026/08/16 00:44:49.711, 11932, 12152
2026/08/16 00:44:54.711, 11932, 12152
2026/08/16 00:44:59.712, 11932, 12152
2026/08/16 00:45:04.712, 11932, 12152
2026/08/16 00:45:09.713, 11932, 12152
2026/08/16 00:45:14.713, 11932, 12152
2026/08/16 00:45:19.714, 11932, 12152
2026/08/16 00:45:24.714, 11932, 12152
2026/08/16 00:45:29.714, 11932, 12152
2026/08/16 00:45:34.715, 11932, 12152
2026/08/16 00:45:39.715, 11932, 12152
2026/08/16 00:45:44.716, 11932, 12152
2026/08/16 00:45:49.716, 11932, 12152
2026/08/16 00:45:54.717, 11932, 12152
2026/08/16 00:45:59.717, 11932, 12152
2026/08/16 00:46:04.718, 11932, 12152
2026/08/16 00:46:09.718, 11932, 12152
2026/08/16 00:46:14.719, 11932, 12152
2026/08/16 00:46:19.719, 11932, 12152
2026/08/16 00:46:24.720, 11932, 12152
2026/08/16 00:46:29.720, 11932, 12152
2026/08/16 00:46:34.720, 11932, 12152
2026/08/16 00:46:39.721, 11932, 12152
2026/08/16 00:46:44.721, 11932, 12152
2026/08/16 00:46:49.722, 11932, 12152
2026/08/16 00:46:54.722, 11932, 12152
2026/08/16 00:46:59.723, 11932, 12152
2026/08/16 00:47:04.723, 11932, 12152
2026/08/16 00:47:09.724, 11932, 12152
2026/08/16 00:47:14.724, 11932, 12152
2026/08/16 00:47:19.725, 11932, 12152
2026/08/16 00:47:24.725, 11932, 12152
2026/08/16 00:47:29.726, 11932, 12152
2026/08/16 00:47:34.726, 11932, 12152
2026/08/16 00:47:39.727, 11932, 12152
2026/08/16 00:47:44.727, 11932, 12152
2026/08/16 00:47:49.728, 11932, 12152
2026/08/16 00:47:54.728, 11932, 12152
2026/08/16 00:47:59.729, 11932, 12152
2026/08/16 00:48:04.729, 11932, 12152
2026/08/16 00:48:09.730, 11932, 12152
2026/08/16 00:48:14.730, 11932, 12152
2026/08/16 00:48:19.730, 11932, 12152
2026/08/16 00:48:24.731, 11932, 12152
2026/08/16 00:48:29.731, 11932, 12152
2026/08/16 00:48:34.732, 11932, 12152
2026/08/16 00:48:39.732, 11932, 12152
2026/08/16 00:48:44.733, 11932, 12152
2026/08/16 00:48:49.733, 11932, 12152
2026/08/16 00:48:54.734, 11932, 12152
2026/08/16 00:48:59.734, 11932, 12152
2026/08/16 00:49:04.735, 11932, 12152
2026/08/16 00:49:09.735, 11932, 12152
2026/08/16 00:49:14.736, 11932, 12152
2026/08/16 00:49:19.736, 11932, 12152
2026/08/16 00:49:24.737, 11932, 12152
2026/08/16 00:49:29.737, 11932, 12152
2026/08/16 00:49:34.738, 11932, 12152
2026/08/16 00:49:39.738, 11932, 12152
2026/08/16 00:49:44.739, 11932, 12152
2026/08/16 00:49:49.739, 11932, 12152
2026/08/16 00:49:54.740, 11932, 12152
2026/08/16 00:49:59.740, 11932, 12152
2026/08/16 00:50:04.741, 11932, 12152
2026/08/16 00:50:09.741, 11932, 12152
2026/08/16 00:50:14.742, 11932, 12152
2026/08/16 00:50:19.742, 11932, 12152
2026/08/16 00:50:24.743, 11932, 12152
2026/08/16 00:50:29.743, 11932, 12152
2026/08/16 00:50:34.744, 11932, 12152
2026/08/16 00:50:39.744, 11932, 12152
2026/08/16 00:50:44.745, 11932, 12152
2026/08/16 00:50:49.745, 11932, 12152
2026/08/16 00:50:54.746, 11932, 12152
2026/08/16 00:50:59.746, 11932, 12152
2026/08/16 00:51:04.747, 11932, 12152
2026/08/16 00:51:09.747, 11932, 12152
2026/08/16 00:51:14.748, 11932, 12152
2026/08/16 00:51:19.748, 11932, 12152
2026/08/16 00:51:24.749, 11932, 12152
2026/08/16 00:51:29.749, 11932, 12152
2026/08/16 00:51:34.750, 11932, 12152
2026/08/16 00:51:39.750, 11932, 12152
2026/08/16 00:51:44.751, 11932, 12152
2026/08/16 00:51:49.751, 11932, 12152
2026/08/16 00:51:54.752, 11932, 12152
2026/08/16 00:51:59.752, 11932, 12152
2026/08/16 00:52:04.753, 11932, 12152
2026/08/16 00:52:09.753, 11932, 12152
2026/08/16 00:52:14.754, 11932, 12152
2026/08/16 00:52:19.754, 11932, 12152
2026/08/16 00:52:24.755, 11932, 12152
2026/08/16 00:52:29.755, 11932, 12152
2026/08/16 00:52:34.756, 11932, 12152
2026/08/16 00:52:39.756, 11932, 12152
2026/08/16 00:52:44.757, 11932, 12152
2026/08/16 00:52:49.758, 11932, 12152
2026/08/16 00:52:54.758, 11932, 12152
2026/08/16 00:52:59.759, 11932, 12152
2026/08/16 00:53:04.759, 11932, 12152
2026/08/16 00:53:09.760, 11932, 12152
2026/08/16 00:53:14.760, 11932, 12152
2026/08/16 00:53:19.761, 11932, 12152
2026/08/16 00:53:24.761, 11932, 12152
2026/08/16 00:53:29.762, 11932, 12152
2026/08/16 00:53:34.762, 11932, 12152
2026/08/16 00:53:39.763, 11932, 12152
2026/08/16 00:53:44.763, 11932, 12152
2026/08/16 00:53:49.764, 11932, 12152
2026/08/16 00:53:54.764, 11932, 12152
2026/08/16 00:53:59.765, 11932, 12152
2026/08/16 00:54:04.765, 11932, 12152
2026/08/16 00:54:09.766, 11932, 12152
2026/08/16 00:54:14.766, 11932, 12152
2026/08/16 00:54:19.767, 11932, 12152
2026/08/16 00:54:24.767, 11932, 12152
2026/08/16 00:54:29.768, 11932, 12152
2026/08/16 00:54:34.768, 11932, 12152
2026/08/16 00:54:39.769, 11932, 12152
2026/08/16 00:54:44.769, 11932, 12152
2026/08/16 00:54:49.770, 11932, 12152
2026/08/16 00:54:54.770, 11932, 12152
2026/08/16 00:54:59.771, 11932, 12152
2026/08/16 00:55:04.771, 11932, 12152
2026/08/16 00:55:09.772, 11932, 12152
2026/08/16 00:55:14.772, 11932, 12152
2026/08/16 00:55:19.773, 11932, 12152
2026/08/16 00:55:24.773, 11932, 12152
2026/08/16 00:55:29.774, 11932, 12152
2026/08/16 00:55:34.774, 11932, 12152
2026/08/16 00:55:39.775, 11932, 12152
2026/08/16 00:55:44.776, 11932, 12152
2026/08/16 00:55:49.776, 11932, 12152
2026/08/16 00:55:54.777, 11932, 12152
2026/08/16 00:55:59.777, 11932, 12152
2026/08/16 00:56:04.778, 11932, 12152
2026/08/16 00:56:09.778, 11932, 12152
2026/08/16 00:56:14.779, 11932, 12152
2026/08/16 00:56:19.779, 11932, 12152
2026/08/16 00:56:24.780, 11932, 12152
2026/08/16 00:56:29.780, 11932, 12152
2026/08/16 00:56:34.781, 11932, 12152
2026/08/16 00:56:39.781, 11932, 12152
2026/08/16 00:56:44.782, 11932, 12152
2026/08/16 00:56:49.782, 11932, 12152
2026/08/16 00:56:54.783, 11932, 12152
2026/08/16 00:56:59.783, 11932, 12152
2026/08/16 00:57:04.792, 11932, 12152
2026/08/16 00:57:09.793, 11932, 12152
2026/08/16 00:57:14.793, 11932, 12152
2026/08/16 00:57:19.794, 11932, 12152
2026/08/16 00:57:24.794, 11932, 12152
2026/08/16 00:57:29.795, 11932, 12152
2026/08/16 00:57:34.795, 11932, 12152
2026/08/16 00:57:39.796, 11932, 12152
2026/08/16 00:57:44.796, 11932, 12152
2026/08/16 00:57:49.797, 11932, 12152
2026/08/16 00:57:54.797, 11932, 12152
2026/08/16 00:57:59.798, 11932, 12152
2026/08/16 00:58:04.798, 11932, 12152
2026/08/16 00:58:09.799, 11932, 12152
2026/08/16 00:58:14.799, 11932, 12152
2026/08/16 00:58:19.800, 11932, 12152
2026/08/16 00:58:24.800, 11932, 12152
2026/08/16 00:58:29.801, 11932, 12152
2026/08/16 00:58:34.801, 11932, 12152
2026/08/16 00:58:39.802, 11932, 12152
2026/08/16 00:58:44.803, 11932, 12152
2026/08/16 00:58:49.803, 11932, 12152
2026/08/16 00:58:54.804, 11932, 12152
2026/08/16 00:58:59.804, 11932, 12152
2026/08/16 00:59:04.805, 11932, 12152
2026/08/16 00:59:09.805, 11932, 12152
2026/08/16 00:59:14.806, 11932, 12152
2026/08/16 00:59:19.806, 11932, 12152
2026/08/16 00:59:24.807, 11932, 12152
2026/08/16 00:59:29.807, 11932, 12152
2026/08/16 00:59:34.808, 11932, 12152
2026/08/16 00:59:39.808, 11932, 12152
2026/08/16 00:59:44.809, 11932, 12152
2026/08/16 00:59:49.809, 11932, 12152
2026/08/16 00:59:54.810, 11932, 12152
2026/08/16 00:59:59.811, 11932, 12152
2026/08/16 01:00:04.811, 11932, 12152
2026/08/16 01:00:09.812, 11932, 12152
2026/08/16 01:00:14.812, 11932, 12152
2026/08/16 01:00:19.813, 11932, 12152
2026/08/16 01:00:24.813, 11932, 12152
2026/08/16 01:00:29.814, 11932, 12152
2026/08/16 01:00:34.814, 11932, 12152
2026/08/16 01:00:39.815, 11932, 12152
2026/08/16 01:00:44.815, 11932, 12152
2026/08/16 01:00:49.816, 11932, 12152
2026/08/16 01:00:54.816, 11932, 12152
2026/08/16 01:00:59.817, 11932, 12152
2026/08/16 01:01:04.817, 11932, 12152
2026/08/16 01:01:09.818, 11932, 12152
2026/08/16 01:01:14.818, 11932, 12152
2026/08/16 01:01:19.819, 11932, 12152
2026/08/16 01:01:24.820, 11932, 12152
2026/08/16 01:01:29.820, 11932, 12152
2026/08/16 01:01:34.821, 11932, 12152
2026/08/16 01:01:39.821, 11932, 12152
2026/08/16 01:01:44.822, 11932, 12152
2026/08/16 01:01:49.822, 11932, 12152
2026/08/16 01:01:54.823, 11932, 12152
2026/08/16 01:01:59.823, 11932, 12152
2026/08/16 01:02:04.824, 11932, 12152
2026/08/16 01:02:09.824, 11932, 12152
2026/08/16 01:02:14.825, 11932, 12152
2026/08/16 01:02:19.825, 11932, 12152
2026/08/16 01:02:24.826, 11932, 12152
2026/08/16 01:02:29.826, 11932, 12152
2026/08/16 01:02:34.827, 11932, 12152
2026/08/16 01:02:39.827, 11932, 12152
2026/08/16 01:02:44.828, 11932, 12152
2026/08/16 01:02:49.829, 11932, 12152
2026/08/16 01:02:54.829, 11932, 12152
2026/08/16 01:02:59.830, 11932, 12152
2026/08/16 01:03:04.830, 11932, 12152
2026/08/16 01:03:09.831, 11932, 12152
2026/08/16 01:03:14.831, 11932, 12152
2026/08/16 01:03:19.832, 11932, 12152
2026/08/16 01:03:24.832, 11932, 12152
2026/08/16 01:03:29.833, 11932, 12152
2026/08/16 01:03:34.833, 11932, 12152
2026/08/16 01:03:39.834, 11932, 12152
2026/08/16 01:03:44.834, 11932, 12152
2026/08/16 01:03:49.835, 11932, 12152
2026/08/16 01:03:54.835, 11932, 12152
2026/08/16 01:03:59.836, 11932, 12152
2026/08/16 01:04:04.837, 11932, 12152
2026/08/16 01:04:09.837, 11932, 12152
2026/08/16 01:04:14.838, 11932, 12152
2026/08/16 01:04:19.838, 11932, 12152
2026/08/16 01:04:24.839, 11932, 12152
2026/08/16 01:04:29.839, 11932, 12152
2026/08/16 01:04:34.840, 11932, 12152
2026/08/16 01:04:39.840, 11932, 12152
2026/08/16 01:04:44.841, 11932, 12152
2026/08/16 01:04:49.841, 11932, 12152
2026/08/16 01:04:54.842, 11932, 12152
2026/08/16 01:04:59.842, 11932, 12152
2026/08/16 01:05:04.843, 11932, 12152
2026/08/16 01:05:09.844, 11932, 12152
2026/08/16 01:05:14.844, 11932, 12152
2026/08/16 01:05:19.845, 11932, 12152
2026/08/16 01:05:24.845, 11932, 12152
2026/08/16 01:05:29.846, 11932, 12152
2026/08/16 01:05:34.846, 11932, 12152
2026/08/16 01:05:39.847, 11932, 12152
2026/08/16 01:05:44.847, 11932, 12152
2026/08/16 01:05:49.848, 11932, 12152
2026/08/16 01:05:54.848, 11932, 12152
2026/08/16 01:05:59.849, 11932, 12152
2026/08/16 01:06:04.849, 11932, 12152
2026/08/16 01:06:09.850, 11932, 12152
2026/08/16 01:06:14.850, 11932, 12152
2026/08/16 01:06:19.851, 11932, 12152
2026/08/16 01:06:24.851, 11932, 12152
2026/08/16 01:06:29.852, 11932, 12152
2026/08/16 01:06:34.853, 11932, 12152
2026/08/16 01:06:39.853, 11932, 12152
2026/08/16 01:06:44.854, 11932, 12152
2026/08/16 01:06:49.854, 11932, 12152
2026/08/16 01:06:54.855, 11932, 12152
2026/08/16 01:06:59.855, 11932, 12152
2026/08/16 01:07:04.856, 11932, 12152
2026/08/16 01:07:09.856, 11932, 12152
2026/08/16 01:07:14.857, 11932, 12152
2026/08/16 01:07:19.857, 11932, 12152
2026/08/16 01:07:24.858, 11932, 12152
2026/08/16 01:07:29.858, 11932, 12152
2026/08/16 01:07:34.859, 11932, 12152
2026/08/16 01:07:39.859, 11932, 12152
2026/08/16 01:07:44.860, 11932, 12152
2026/08/16 01:07:49.860, 11932, 12152
2026/08/16 01:07:54.861, 11932, 12152
2026/08/16 01:07:59.861, 11932, 12152
2026/08/16 01:08:04.862, 11932, 12152
2026/08/16 01:08:09.863, 11932, 12152
2026/08/16 01:08:14.863, 11932, 12152
2026/08/16 01:08:19.864, 11932, 12152
2026/08/16 01:08:24.864, 11932, 12152
2026/08/16 01:08:29.865, 11932, 12152
2026/08/16 01:08:34.865, 11932, 12152
2026/08/16 01:08:39.866, 11932, 12152
2026/08/16 01:08:44.866, 11932, 12152
2026/08/16 01:08:49.867, 11932, 12152
2026/08/16 01:08:54.867, 11932, 12152
2026/08/16 01:08:59.868, 11932, 12152
2026/08/16 01:09:04.868, 11932, 12152
2026/08/16 01:09:09.869, 11932, 12152
2026/08/16 01:09:14.869, 11932, 12152
2026/08/16 01:09:19.870, 11932, 12152
2026/08/16 01:09:24.870, 11932, 12152
2026/08/16 01:09:29.871, 11932, 12152
2026/08/16 01:09:34.871, 11932, 12152
2026/08/16 01:09:39.872, 11932, 12152
2026/08/16 01:09:44.872, 11932, 12152
2026/08/16 01:09:49.873, 11932, 12152
2026/08/16 01:09:54.874, 11932, 12152
2026/08/16 01:09:59.874, 11932, 12152
2026/08/16 01:10:04.875, 11932, 12152
2026/08/16 01:10:09.875, 11932, 12152
2026/08/16 01:10:14.876, 11932, 12152
2026/08/16 01:10:19.876, 11932, 12152
2026/08/16 01:10:24.877, 11932, 12152
2026/08/16 01:10:29.877, 11932, 12152
2026/08/16 01:10:34.878, 11932, 12152
2026/08/16 01:10:39.878, 11932, 12152
2026/08/16 01:10:44.879, 11932, 12152
2026/08/16 01:10:49.879, 11932, 12152
2026/08/16 01:10:54.880, 11932, 12152
2026/08/16 01:10:59.880, 11932, 12152
2026/08/16 01:11:04.881, 11932, 12152
2026/08/16 01:11:09.881, 11932, 12152
2026/08/16 01:11:14.882, 11932, 12152
2026/08/16 01:11:19.883, 11932, 12152
2026/08/16 01:11:24.883, 11932, 12152
2026/08/16 01:11:29.884, 11932, 12152
2026/08/16 01:11:34.884, 11932, 12152
2026/08/16 01:11:39.885, 11932, 12152
2026/08/16 01:11:44.885, 11932, 12152
2026/08/16 01:11:49.886, 11932, 12152
2026/08/16 01:11:54.886, 11932, 12152
2026/08/16 01:11:59.887, 11932, 12152
2026/08/16 01:12:04.887, 11932, 12152
2026/08/16 01:12:09.888, 11932, 12152
2026/08/16 01:12:14.889, 11932, 12152
2026/08/16 01:12:19.890, 11932, 12152
2026/08/16 01:12:24.890, 11932, 12152
2026/08/16 01:12:29.891, 11932, 12152
2026/08/16 01:12:34.892, 11932, 12152
2026/08/16 01:12:39.893, 11932, 12152
2026/08/16 01:12:44.894, 11932, 12152
2026/08/16 01:12:49.895, 11932, 12152
2026/08/16 01:12:54.895, 11932, 12152
2026/08/16 01:12:59.896, 11932, 12152
2026/08/16 01:13:04.897, 11932, 12152
2026/08/16 01:13:09.898, 11932, 12152
2026/08/16 01:13:14.899, 11932, 12152
2026/08/16 01:13:19.899, 11932, 12152
2026/08/16 01:13:24.900, 11932, 12152
2026/08/16 01:13:29.901, 11932, 12152
2026/08/16 01:13:34.902, 11932, 12152
2026/08/16 01:13:39.902, 11932, 12152
2026/08/16 01:13:44.903, 11932, 12152
2026/08/16 01:13:49.904, 11932, 12152
2026/08/16 01:13:54.904, 11932, 12152
2026/08/16 01:13:59.905, 11932, 12152
2026/08/16 01:14:04.906, 11932, 12152
2026/08/16 01:14:09.906, 11932, 12152
2026/08/16 01:14:14.907, 11932, 12152
2026/08/16 01:14:19.908, 11932, 12152
2026/08/16 01:14:24.908, 11932, 12152
2026/08/16 01:14:29.909, 11932, 12152
2026/08/16 01:14:34.910, 11932, 12152
2026/08/16 01:14:39.910, 11932, 12152
2026/08/16 01:14:44.911, 11932, 12152
2026/08/16 01:14:49.912, 11932, 12152
2026/08/16 01:14:54.912, 11932, 12152
2026/08/16 01:14:59.913, 11932, 12152
2026/08/16 01:15:04.914, 11932, 12152
2026/08/16 01:15:09.914, 11932, 12152
2026/08/16 01:15:14.915, 11932, 12152
2026/08/16 01:15:19.916, 11932, 12152
2026/08/16 01:15:24.916, 11932, 12152
2026/08/16 01:15:29.917, 11932, 12152
2026/08/16 01:15:34.918, 11932, 12152
2026/08/16 01:15:39.918, 11932, 12152
2026/08/16 01:15:44.919, 11932, 12152
2026/08/16 01:15:49.920, 11932, 12152
2026/08/16 01:15:54.929, 11932, 12152
2026/08/16 01:15:59.929, 11932, 12152
2026/08/16 01:16:04.930, 11932, 12152
2026/08/16 01:16:09.931, 11932, 12152
2026/08/16 01:16:14.931, 11932, 12152
2026/08/16 01:16:19.932, 11932, 12152
2026/08/16 01:16:24.933, 11932, 12152
2026/08/16 01:16:29.933, 11932, 12152
2026/08/16 01:16:34.934, 11932, 12152
2026/08/16 01:16:39.935, 11932, 12152
2026/08/16 01:16:44.935, 11932, 12152
2026/08/16 01:16:49.936, 11932, 12152
2026/08/16 01:16:54.936, 11932, 12152
2026/08/16 01:16:59.937, 11932, 12152
2026/08/16 01:17:04.938, 11932, 12152
2026/08/16 01:17:09.938, 11932, 12152
2026/08/16 01:17:14.939, 11932, 12152
2026/08/16 01:17:19.940, 11932, 12152
2026/08/16 01:17:24.940, 11932, 12152
2026/08/16 01:17:29.941, 11932, 12152
2026/08/16 01:17:34.942, 11932, 12152
2026/08/16 01:17:39.942, 11932, 12152
2026/08/16 01:17:44.943, 11932, 12152
2026/08/16 01:17:49.944, 11932, 12152
2026/08/16 01:17:54.944, 11932, 12152
2026/08/16 01:17:59.945, 11932, 12152
2026/08/16 01:18:04.945, 11932, 12152
2026/08/16 01:18:09.946, 11932, 12152
2026/08/16 01:18:14.947, 11932, 12152
2026/08/16 01:18:19.947, 11932, 12152
2026/08/16 01:18:24.948, 11932, 12152
2026/08/16 01:18:29.948, 11932, 12152
2026/08/16 01:18:34.949, 11932, 12152
2026/08/16 01:18:39.950, 11932, 12152
2026/08/16 01:18:44.950, 11932, 12152
2026/08/16 01:18:49.951, 11932, 12152
2026/08/16 01:18:54.951, 11932, 12152
2026/08/16 01:18:59.952, 11932, 12152
2026/08/16 01:19:04.953, 11932, 12152
2026/08/16 01:19:09.953, 11932, 12152
2026/08/16 01:19:14.954, 11932, 12152
2026/08/16 01:19:19.954, 11932, 12152
2026/08/16 01:19:24.955, 11932, 12152
2026/08/16 01:19:29.956, 11932, 12152
2026/08/16 01:19:34.956, 11932, 12152
2026/08/16 01:19:39.957, 11932, 12152
2026/08/16 01:19:44.958, 11932, 12152
2026/08/16 01:19:49.958, 11932, 12152
2026/08/16 01:19:54.959, 11932, 12152
2026/08/16 01:19:59.959, 11932, 12152
2026/08/16 01:20:04.960, 11932, 12152
2026/08/16 01:20:09.960, 11932, 12152
2026/08/16 01:20:14.961, 11932, 12152
2026/08/16 01:20:19.962, 11932, 12152
2026/08/16 01:20:24.962, 11932, 12152
2026/08/16 01:20:29.963, 11932, 12152
2026/08/16 01:20:34.963, 11932, 12152
2026/08/16 01:20:39.964, 11932, 12152
2026/08/16 01:20:44.965, 11932, 12152
2026/08/16 01:20:49.965, 11932, 12152
2026/08/16 01:20:54.966, 11932, 12152
2026/08/16 01:20:59.966, 11932, 12152
2026/08/16 01:21:04.967, 11932, 12152
2026/08/16 01:21:09.967, 11932, 12152
2026/08/16 01:21:14.968, 11932, 12152
2026/08/16 01:21:19.969, 11932, 12152
2026/08/16 01:21:24.969, 11932, 12152
2026/08/16 01:21:29.970, 11932, 12152
2026/08/16 01:21:34.970, 11932, 12152
2026/08/16 01:21:39.971, 11932, 12152
2026/08/16 01:21:44.971, 11932, 12152
2026/08/16 01:21:49.972, 11932, 12152
2026/08/16 01:21:54.972, 11932, 12152
2026/08/16 01:21:59.973, 11932, 12152
2026/08/16 01:22:04.974, 11932, 12152
2026/08/16 01:22:09.974, 11932, 12152
2026/08/16 01:22:14.975, 11932, 12152
2026/08/16 01:22:19.975, 11932, 12152
2026/08/16 01:22:24.976, 11932, 12152
2026/08/16 01:22:29.976, 11932, 12152
2026/08/16 01:22:34.977, 11932, 12152
2026/08/16 01:22:39.977, 11932, 12152
2026/08/16 01:22:44.978, 11932, 12152
2026/08/16 01:22:49.978, 11932, 12152
2026/08/16 01:22:54.979, 11932, 12152
2026/08/16 01:22:59.980, 11932, 12152
2026/08/16 01:23:04.980, 11932, 12152
2026/08/16 01:23:09.981, 11932, 12152
2026/08/16 01:23:14.981, 11932, 12152
2026/08/16 01:23:19.982, 11932, 12152
2026/08/16 01:23:24.982, 11932, 12152
2026/08/16 01:23:29.983, 11932, 12152
2026/08/16 01:23:34.983, 11932, 12152
2026/08/16 01:23:39.984, 11932, 12152
2026/08/16 01:23:44.984, 11932, 12152
2026/08/16 01:23:49.985, 11932, 12152
2026/08/16 01:23:54.985, 11932, 12152
2026/08/16 01:23:59.986, 11932, 12152
2026/08/16 01:24:04.987, 11932, 12152
2026/08/16 01:24:09.987, 11932, 12152
2026/08/16 01:24:14.988, 11932, 12152
2026/08/16 01:24:19.988, 11932, 12152
2026/08/16 01:24:24.989, 11932, 12152
2026/08/16 01:24:29.989, 11932, 12152
2026/08/16 01:24:34.990, 11932, 12152
2026/08/16 01:24:39.990, 11932, 12152
2026/08/16 01:24:44.991, 11932, 12152
2026/08/16 01:24:49.991, 11932, 12152
2026/08/16 01:24:54.992, 11932, 12152
2026/08/16 01:24:59.992, 11932, 12152
2026/08/16 01:25:04.993, 11932, 12152
2026/08/16 01:25:09.993, 11932, 12152
2026/08/16 01:25:14.994, 11932, 12152
2026/08/16 01:25:19.994, 11932, 12152
2026/08/16 01:25:24.995, 11932, 12152
2026/08/16 01:25:29.995, 11932, 12152
2026/08/16 01:25:34.996, 11932, 12152
2026/08/16 01:25:39.997, 11932, 12152
2026/08/16 01:25:44.997, 11932, 12152
2026/08/16 01:25:49.998, 11932, 12152
2026/08/16 01:25:54.999, 11932, 12152
2026/08/16 01:26:00.000, 11932, 12152
2026/08/16 01:26:05.000, 11932, 12152
2026/08/16 01:26:10.001, 11932, 12152
2026/08/16 01:26:15.002, 11932, 12152
2026/08/16 01:26:20.002, 11932, 12152
2026/08/16 01:26:25.003, 11932, 12152
2026/08/16 01:26:30.004, 11932, 12152
2026/08/16 01:26:35.004, 11932, 12152
2026/08/16 01:26:40.005, 11932, 12152
2026/08/16 01:26:45.005, 11932, 12152
2026/08/16 01:26:50.006, 11932, 12152
2026/08/16 01:26:55.007, 11932, 12152
2026/08/16 01:27:00.007, 11932, 12152
2026/08/16 01:27:05.008, 11932, 12152
2026/08/16 01:27:10.009, 11932, 12152
2026/08/16 01:27:15.009, 11932, 12152
2026/08/16 01:27:20.010, 11932, 12152
2026/08/16 01:27:25.011, 11932, 12152
2026/08/16 01:27:30.011, 11932, 12152
2026/08/16 01:27:35.012, 11932, 12152
2026/08/16 01:27:40.013, 11932, 12152
2026/08/16 01:27:45.013, 11932, 12152
2026/08/16 01:27:50.014, 11932, 12152
2026/08/16 01:27:55.014, 11932, 12152
2026/08/16 01:28:00.015, 11932, 12152
2026/08/16 01:28:05.016, 11932, 12152
2026/08/16 01:28:10.016, 11932, 12152
2026/08/16 01:28:15.017, 11932, 12152
2026/08/16 01:28:20.018, 11932, 12152
2026/08/16 01:28:25.018, 11932, 12152
2026/08/16 01:28:30.019, 11932, 12152
2026/08/16 01:28:35.020, 11932, 12152
2026/08/16 01:28:40.020, 11932, 12152
2026/08/16 01:28:45.021, 11932, 12152
2026/08/16 01:28:50.022, 11932, 12152
2026/08/16 01:28:55.022, 11932, 12152
2026/08/16 01:29:00.023, 11932, 12152
2026/08/16 01:29:05.023, 11932, 12152
2026/08/16 01:29:10.024, 11932, 12152
2026/08/16 01:29:15.025, 11932, 12152
2026/08/16 01:29:20.025, 11932, 12152
2026/08/16 01:29:25.026, 11932, 12152
2026/08/16 01:29:30.027, 11932, 12152
2026/08/16 01:29:35.027, 11932, 12152
2026/08/16 01:29:40.028, 11932, 12152
2026/08/16 01:29:45.028, 11932, 12152
2026/08/16 01:29:50.029, 11932, 12152
2026/08/16 01:29:55.030, 11932, 12152
2026/08/16 01:30:00.030, 11932, 12152
2026/08/16 01:30:05.031, 11932, 12152
2026/08/16 01:30:10.031, 11932, 12152
2026/08/16 01:30:15.032, 11932, 12152
2026/08/16 01:30:20.033, 11932, 12152
2026/08/16 01:30:25.033, 11932, 12152
2026/08/16 01:30:30.034, 11932, 12152
2026/08/16 01:30:35.035, 11932, 12152
2026/08/16 01:30:40.035, 11932, 12152
2026/08/16 01:30:45.036, 11932, 12152
2026/08/16 01:30:50.036, 11932, 12152
2026/08/16 01:30:55.037, 11932, 12152
2026/08/16 01:31:00.038, 11932, 12152
2026/08/16 01:31:05.038, 11932, 12152
2026/08/16 01:31:10.039, 11932, 12152
2026/08/16 01:31:15.039, 11932, 12152
2026/08/16 01:31:20.040, 11932, 12152
2026/08/16 01:31:25.041, 11932, 12152
2026/08/16 01:31:30.041, 11932, 12152
2026/08/16 01:31:35.042, 11932, 12152
2026/08/16 01:31:40.043, 11932, 12152
2026/08/16 01:31:45.043, 11932, 12152
2026/08/16 01:31:50.044, 11932, 12152
2026/08/16 01:31:55.044, 11932, 12152
2026/08/16 01:32:00.045, 11932, 12152
2026/08/16 01:32:05.046, 11932, 12152
2026/08/16 01:32:10.046, 11932, 12152
2026/08/16 01:32:15.047, 11932, 12152
2026/08/16 01:32:20.047, 11932, 12152
2026/08/16 01:32:25.048, 11932, 12152
2026/08/16 01:32:30.049, 11932, 12152
2026/08/16 01:32:35.049, 11932, 12152
2026/08/16 01:32:40.050, 11932, 12152
2026/08/16 01:32:45.051, 11932, 12152
2026/08/16 01:32:50.051, 11932, 12152
2026/08/16 01:32:55.052, 11932, 12152
2026/08/16 01:33:00.052, 11932, 12152
2026/08/16 01:33:05.053, 11932, 12152
2026/08/16 01:33:10.054, 11932, 12152
2026/08/16 01:33:15.054, 11932, 12152
2026/08/16 01:33:20.055, 11932, 12152
2026/08/16 01:33:25.055, 11932, 12152
2026/08/16 01:33:30.056, 11932, 12152
2026/08/16 01:33:35.057, 11932, 12152
2026/08/16 01:33:40.057, 11932, 12152
2026/08/16 01:33:45.058, 11932, 12152
2026/08/16 01:33:50.058, 11932, 12152
2026/08/16 01:33:55.059, 11932, 12152
2026/08/16 01:34:00.068, 11932, 12152
2026/08/16 01:34:05.069, 11932, 12152
2026/08/16 01:34:10.069, 11932, 12152
2026/08/16 01:34:15.070, 11932, 12152
2026/08/16 01:34:20.070, 11932, 12152
2026/08/16 01:34:25.071, 11932, 12152
2026/08/16 01:34:30.072, 11932, 12152
2026/08/16 01:34:35.072, 11932, 12152
2026/08/16 01:34:40.073, 11932, 12152
2026/08/16 01:34:45.073, 11932, 12152
2026/08/16 01:34:50.074, 11932, 12152
2026/08/16 01:34:55.075, 11932, 12152
2026/08/16 01:35:00.075, 11932, 12152
2026/08/16 01:35:05.076, 11932, 12152
2026/08/16 01:35:10.077, 11932, 12152
2026/08/16 01:35:15.077, 11932, 12152
2026/08/16 01:35:20.078, 11932, 12152
2026/08/16 01:35:25.078, 11932, 12152
2026/08/16 01:35:30.079, 11932, 12152
2026/08/16 01:35:35.079, 11932, 12152
2026/08/16 01:35:40.080, 11932, 12152
2026/08/16 01:35:45.081, 11932, 12152
2026/08/16 01:35:50.081, 11932, 12152
2026/08/16 01:35:55.082, 11932, 12152
2026/08/16 01:36:00.083, 11932, 12152
2026/08/16 01:36:05.083, 11932, 12152
2026/08/16 01:36:10.084, 11932, 12152
2026/08/16 01:36:15.084, 11932, 12152
2026/08/16 01:36:20.085, 11932, 12152
2026/08/16 01:36:25.086, 11932, 12152
2026/08/16 01:36:30.086, 11932, 12152
2026/08/16 01:36:35.087, 11932, 12152
2026/08/16 01:36:40.087, 11932, 12152
2026/08/16 01:36:45.088, 11932, 12152
2026/08/16 01:36:50.089, 11932, 12152
2026/08/16 01:36:55.089, 11932, 12152
2026/08/16 01:37:00.090, 11932, 12152
2026/08/16 01:37:05.090, 11932, 12152
2026/08/16 01:37:10.091, 11932, 12152
2026/08/16 01:37:15.092, 11932, 12152
2026/08/16 01:37:20.092, 11932, 12152
2026/08/16 01:37:25.093, 11932, 12152
2026/08/16 01:37:30.094, 11932, 12152
2026/08/16 01:37:35.094, 11932, 12152
2026/08/16 01:37:40.095, 11932, 12152
2026/08/16 01:37:45.095, 11932, 12152
2026/08/16 01:37:50.096, 11932, 12152
2026/08/16 01:37:55.097, 11932, 12152
2026/08/16 01:38:00.097, 11932, 12152
2026/08/16 01:38:05.098, 11932, 12152
2026/08/16 01:38:10.098, 11932, 12152
2026/08/16 01:38:15.099, 11932, 12152
2026/08/16 01:38:20.100, 11932, 12152
2026/08/16 01:38:25.100, 11932, 12152
2026/08/16 01:38:30.101, 11932, 12152
2026/08/16 01:38:35.101, 11932, 12152
2026/08/16 01:38:40.102, 11932, 12152
2026/08/16 01:38:45.103, 11932, 12152
2026/08/16 01:38:50.103, 11932, 12152
2026/08/16 01:38:55.104, 11932, 12152
2026/08/16 01:39:00.105, 11932, 12152
2026/08/16 01:39:05.105, 11932, 12152
2026/08/16 01:39:10.106, 11932, 12152
2026/08/16 01:39:15.106, 11932, 12152
2026/08/16 01:39:20.107, 11932, 12152
2026/08/16 01:39:25.108, 11932, 12152
2026/08/16 01:39:30.108, 11932, 12152
2026/08/16 01:39:35.109, 11932, 12152
2026/08/16 01:39:40.109, 11932, 12152
2026/08/16 01:39:45.110, 11932, 12152
2026/08/16 01:39:50.111, 11932, 12152
2026/08/16 01:39:55.111, 11932, 12152
2026/08/16 01:40:00.112, 11932, 12152
2026/08/16 01:40:05.113, 11932, 12152
2026/08/16 01:40:10.113, 11932, 12152
2026/08/16 01:40:15.114, 11932, 12152
2026/08/16 01:40:20.114, 11932, 12152
2026/08/16 01:40:25.115, 11932, 12152
2026/08/16 01:40:30.116, 11932, 12152
2026/08/16 01:40:35.116, 11932, 12152
2026/08/16 01:40:40.117, 11932, 12152
2026/08/16 01:40:45.117, 11932, 12152
2026/08/16 01:40:50.118, 11932, 12152
2026/08/16 01:40:55.119, 11932, 12152
2026/08/16 01:41:00.119, 11932, 12152
2026/08/16 01:41:05.120, 11932, 12152
2026/08/16 01:41:10.121, 11932, 12152
2026/08/16 01:41:15.121, 11932, 12152
2026/08/16 01:41:20.122, 11932, 12152
2026/08/16 01:41:25.122, 11932, 12152
2026/08/16 01:41:30.123, 11932, 12152
2026/08/16 01:41:35.124, 11932, 12152
2026/08/16 01:41:40.124, 11932, 12152
2026/08/16 01:41:45.125, 11932, 12152
2026/08/16 01:41:50.125, 11932, 12152
2026/08/16 01:41:55.126, 11932, 12152
2026/08/16 01:42:00.127, 11932, 12152
2026/08/16 01:42:05.127, 11932, 12152
2026/08/16 01:42:10.128, 11932, 12152
2026/08/16 01:42:15.128, 11932, 12152
2026/08/16 01:42:20.129, 11932, 12152
2026/08/16 01:42:25.129, 11932, 12152
2026/08/16 01:42:30.130, 11932, 12152
2026/08/16 01:42:35.131, 11932, 12152
2026/08/16 01:42:40.131, 11932, 12152
2026/08/16 01:42:45.132, 11932, 12152
2026/08/16 01:42:50.132, 11932, 12152
2026/08/16 01:42:55.133, 11932, 12152
2026/08/16 01:43:00.134, 11932, 12152
2026/08/16 01:43:05.134, 11932, 12152
2026/08/16 01:43:10.135, 11932, 12152
2026/08/16 01:43:15.135, 11932, 12152
2026/08/16 01:43:20.136, 11932, 12152
2026/08/16 01:43:25.137, 11932, 12152
2026/08/16 01:43:30.137, 11932, 12152
2026/08/16 01:43:35.138, 11932, 12152
2026/08/16 01:43:40.138, 11932, 12152
2026/08/16 01:43:45.139, 11932, 12152
2026/08/16 01:43:50.140, 11932, 12152
2026/08/16 01:43:55.140, 11932, 12152
2026/08/16 01:44:00.141, 11932, 12152
2026/08/16 01:44:05.142, 11932, 12152
2026/08/16 01:44:10.142, 11932, 12152
2026/08/16 01:44:15.143, 11932, 12152
2026/08/16 01:44:20.143, 11932, 12152
2026/08/16 01:44:25.144, 11932, 12152
2026/08/16 01:44:30.144, 11932, 12152
2026/08/16 01:44:35.145, 11932, 12152
2026/08/16 01:44:40.146, 11932, 12152
2026/08/16 01:44:45.146, 11932, 12152
2026/08/16 01:44:50.147, 11932, 12152
2026/08/16 01:44:55.147, 11932, 12152
2026/08/16 01:45:00.148, 11932, 12152
2026/08/16 01:45:05.149, 11932, 12152
2026/08/16 01:45:10.149, 11932, 12152
2026/08/16 01:45:15.150, 11932, 12152
2026/08/16 01:45:20.150, 11932, 12152
2026/08/16 01:45:25.151, 11932, 12152
2026/08/16 01:45:30.152, 11932, 12152
2026/08/16 01:45:35.152, 11932, 12152
2026/08/16 01:45:40.153, 11932, 12152
2026/08/16 01:45:45.153, 11932, 12152
2026/08/16 01:45:50.154, 11932, 12152
2026/08/16 01:45:55.155, 11932, 12152
2026/08/16 01:46:00.155, 11932, 12152
2026/08/16 01:46:05.156, 11932, 12152
2026/08/16 01:46:10.156, 11932, 12152
2026/08/16 01:46:15.157, 11932, 12152
2026/08/16 01:46:20.157, 11932, 12152
2026/08/16 01:46:25.158, 11932, 12152
2026/08/16 01:46:30.159, 11932, 12152
2026/08/16 01:46:35.159, 11932, 12152
2026/08/16 01:46:40.160, 11932, 12152
2026/08/16 01:46:45.160, 11932, 12152
2026/08/16 01:46:50.161, 11932, 12152
2026/08/16 01:46:55.161, 11932, 12152
2026/08/16 01:47:00.162, 11932, 12152
2026/08/16 01:47:05.163, 11932, 12152
2026/08/16 01:47:10.163, 11932, 12152
2026/08/16 01:47:15.164, 11932, 12152
2026/08/16 01:47:20.164, 11932, 12152
2026/08/16 01:47:25.165, 11932, 12152
2026/08/16 01:47:30.165, 11932, 12152
2026/08/16 01:47:35.166, 11932, 12152
2026/08/16 01:47:40.167, 11932, 12152
2026/08/16 01:47:45.167, 11932, 12152
2026/08/16 01:47:50.168, 11932, 12152
2026/08/16 01:47:55.168, 11932, 12152
2026/08/16 01:48:00.169, 11932, 12152
2026/08/16 01:48:05.169, 11932, 12152
2026/08/16 01:48:10.170, 11932, 12152
2026/08/16 01:48:15.171, 11932, 12152
2026/08/16 01:48:20.171, 11932, 12152
2026/08/16 01:48:25.172, 11932, 12152
2026/08/16 01:48:30.172, 11932, 12152
2026/08/16 01:48:35.173, 11932, 12152
2026/08/16 01:48:40.173, 11932, 12152
2026/08/16 01:48:45.174, 11932, 12152
2026/08/16 01:48:50.174, 11932, 12152
2026/08/16 01:48:55.175, 11932, 12152
2026/08/16 01:49:00.176, 11932, 12152
2026/08/16 01:49:05.176, 11932, 12152
2026/08/16 01:49:10.177, 11932, 12152
2026/08/16 01:49:15.177, 11932, 12152
2026/08/16 01:49:20.178, 11932, 12152
2026/08/16 01:49:25.187, 11932, 12152
2026/08/16 01:49:30.187, 11932, 12152
2026/08/16 01:49:35.188, 11932, 12152
2026/08/16 01:49:40.189, 11932, 12152
2026/08/16 01:49:45.189, 11932, 12152
2026/08/16 01:49:50.190, 11932, 12152
2026/08/16 01:49:55.190, 11932, 12152
2026/08/16 01:50:00.191, 11932, 12152
2026/08/16 01:50:05.191, 11932, 12152
2026/08/16 01:50:10.192, 11932, 12152
2026/08/16 01:50:15.193, 11932, 12152
2026/08/16 01:50:20.193, 11932, 12152
2026/08/16 01:50:25.194, 11932, 12152
2026/08/16 01:50:30.194, 11932, 12152
2026/08/16 01:50:35.195, 11932, 12152
2026/08/16 01:50:40.195, 11932, 12152
2026/08/16 01:50:45.196, 11932, 12152
2026/08/16 01:50:50.197, 11932, 12152
2026/08/16 01:50:55.197, 11932, 12152
2026/08/16 01:51:00.198, 11932, 12152
2026/08/16 01:51:05.198, 11932, 12152
2026/08/16 01:51:10.199, 11932, 12152
2026/08/16 01:51:15.199, 11932, 12152
2026/08/16 01:51:20.200, 11932, 12152
2026/08/16 01:51:25.200, 11932, 12152
2026/08/16 01:51:30.201, 11932, 12152
2026/08/16 01:51:35.202, 11932, 12152
2026/08/16 01:51:40.202, 11932, 12152
2026/08/16 01:51:45.203, 11932, 12152
2026/08/16 01:51:50.203, 11932, 12152
2026/08/16 01:51:55.204, 11932, 12152
2026/08/16 01:52:00.204, 11932, 12152
2026/08/16 01:52:05.205, 11932, 12152
2026/08/16 01:52:10.206, 11932, 12152
2026/08/16 01:52:15.206, 11932, 12152
2026/08/16 01:52:20.207, 11932, 12152
2026/08/16 01:52:25.207, 11932, 12152
2026/08/16 01:52:30.208, 11932, 12152
2026/08/16 01:52:35.208, 11932, 12152
2026/08/16 01:52:40.209, 11932, 12152
2026/08/16 01:52:45.209, 11932, 12152
2026/08/16 01:52:50.210, 11932, 12152
2026/08/16 01:52:55.211, 11932, 12152
2026/08/16 01:53:00.211, 11932, 12152
2026/08/16 01:53:05.212, 11932, 12152
2026/08/16 01:53:10.212, 11932, 12152
2026/08/16 01:53:15.213, 11932, 12152
2026/08/16 01:53:20.213, 11932, 12152
2026/08/16 01:53:25.214, 11932, 12152
2026/08/16 01:53:30.214, 11932, 12152
2026/08/16 01:53:35.215, 11932, 12152
2026/08/16 01:53:40.216, 11932, 12152
2026/08/16 01:53:45.216, 11932, 12152
2026/08/16 01:53:50.217, 11932, 12152
2026/08/16 01:53:55.217, 11932, 12152
2026/08/16 01:54:00.218, 11932, 12152
2026/08/16 01:54:05.218, 11932, 12152
2026/08/16 01:54:10.219, 11932, 12152
2026/08/16 01:54:15.219, 11932, 12152
2026/08/16 01:54:20.220, 11932, 12152
2026/08/16 01:54:25.221, 11932, 12152
2026/08/16 01:54:30.221, 11932, 12152
2026/08/16 01:54:35.222, 11932, 12152
2026/08/16 01:54:40.222, 11932, 12152
2026/08/16 01:54:45.223, 11932, 12152
2026/08/16 01:54:50.223, 11932, 12152
2026/08/16 01:54:55.224, 11932, 12152
2026/08/16 01:55:00.224, 11932, 12152
2026/08/16 01:55:05.225, 11932, 12152
2026/08/16 01:55:10.226, 11932, 12152
2026/08/16 01:55:15.226, 11932, 12152
2026/08/16 01:55:20.227, 11932, 12152
2026/08/16 01:55:25.227, 11932, 12152
2026/08/16 01:55:30.228, 11932, 12152
2026/08/16 01:55:35.228, 11932, 12152
2026/08/16 01:55:40.229, 11932, 12152
2026/08/16 01:55:45.229, 11932, 12152
2026/08/16 01:55:50.230, 11932, 12152
2026/08/16 01:55:55.231, 11932, 12152
2026/08/16 01:56:00.231, 11932, 12152
2026/08/16 01:56:05.232, 11932, 12152
2026/08/16 01:56:10.232, 11932, 12152
2026/08/16 01:56:15.233, 11932, 12152
2026/08/16 01:56:20.233, 11932, 12152
2026/08/16 01:56:25.234, 11932, 12152
2026/08/16 01:56:30.234, 11932, 12152
2026/08/16 01:56:35.235, 11932, 12152
2026/08/16 01:56:40.235, 11932, 12152
2026/08/16 01:56:45.236, 11932, 12152
2026/08/16 01:56:50.237, 11932, 12152
2026/08/16 01:56:55.237, 11932, 12152
2026/08/16 01:57:00.238, 11932, 12152
2026/08/16 01:57:05.238, 11932, 12152
2026/08/16 01:57:10.239, 11932, 12152
2026/08/16 01:57:15.239, 11932, 12152
2026/08/16 01:57:20.240, 11932, 12152
2026/08/16 01:57:25.240, 11932, 12152
2026/08/16 01:57:30.241, 11932, 12152
2026/08/16 01:57:35.241, 11932, 12152
2026/08/16 01:57:40.242, 11932, 12152
2026/08/16 01:57:45.242, 11932, 12152
2026/08/16 01:57:50.243, 11932, 12152
2026/08/16 01:57:55.244, 11932, 12152
2026/08/16 01:58:00.244, 11932, 12152
2026/08/16 01:58:05.245, 11932, 12152
2026/08/16 01:58:10.245, 11932, 12152
2026/08/16 01:58:15.246, 11932, 12152
2026/08/16 01:58:20.246, 11932, 12152
2026/08/16 01:58:25.247, 11932, 12152
2026/08/16 01:58:30.247, 11932, 12152
2026/08/16 01:58:35.248, 11932, 12152
2026/08/16 01:58:40.248, 11932, 12152
2026/08/16 01:58:45.249, 11932, 12152
2026/08/16 01:58:50.249, 11932, 12152
2026/08/16 01:58:55.250, 11932, 12152
2026/08/16 01:59:00.251, 11932, 12152
2026/08/16 01:59:05.251, 11932, 12152
2026/08/16 01:59:10.252, 11932, 12152
2026/08/16 01:59:15.252, 11932, 12152
2026/08/16 01:59:20.253, 11932, 12152
2026/08/16 01:59:25.253, 11932, 12152
2026/08/16 01:59:30.254, 11932, 12152
2026/08/16 01:59:35.254, 11932, 12152
2026/08/16 01:59:40.255, 11932, 12152
2026/08/16 01:59:45.255, 11932, 12152
2026/08/16 01:59:50.256, 11932, 12152
2026/08/16 01:59:55.256, 11932, 12152
2026/08/16 02:00:00.257, 11932, 12152
2026/08/16 02:00:05.257, 11932, 12152
2026/08/16 02:00:10.258, 11932, 12152
2026/08/16 02:00:15.258, 11932, 12152
2026/08/16 02:00:20.259, 11932, 12152
2026/08/16 02:00:25.260, 11932, 12152
2026/08/16 02:00:30.260, 11932, 12152
2026/08/16 02:00:35.261, 11932, 12152
2026/08/16 02:00:40.261, 11932, 12152
2026/08/16 02:00:45.262, 11932, 12152
2026/08/16 02:00:50.262, 11932, 12152
2026/08/16 02:00:55.263, 11932, 12152
2026/08/16 02:01:00.263, 11932, 12152
2026/08/16 02:01:05.264, 11932, 12152
2026/08/16 02:01:10.264, 11932, 12152
2026/08/16 02:01:15.265, 11932, 12152
2026/08/16 02:01:20.265, 11932, 12152
2026/08/16 02:01:25.266, 11932, 12152
2026/08/16 02:01:30.266, 11932, 12152
2026/08/16 02:01:35.267, 11932, 12152
2026/08/16 02:01:40.267, 11932, 12152
2026/08/16 02:01:45.268, 11932, 12152
2026/08/16 02:01:50.268, 11932, 12152
2026/08/16 02:01:55.269, 11932, 12152
2026/08/16 02:02:00.269, 11932, 12152
2026/08/16 02:02:05.270, 11932, 12152
2026/08/16 02:02:10.270, 11932, 12152
2026/08/16 02:02:15.271, 11932, 12152
2026/08/16 02:02:20.272, 11932, 12152
2026/08/16 02:02:25.272, 11932, 12152
2026/08/16 02:02:30.273, 11932, 12152
2026/08/16 02:02:35.273, 11932, 12152
2026/08/16 02:02:40.274, 11932, 12152
2026/08/16 02:02:45.274, 11932, 12152
2026/08/16 02:02:50.275, 11932, 12152
2026/08/16 02:02:55.275, 11932, 12152
2026/08/16 02:03:00.276, 11932, 12152
2026/08/16 02:03:05.276, 11932, 12152
2026/08/16 02:03:10.277, 11932, 12152
2026/08/16 02:03:15.278, 11932, 12152
2026/08/16 02:03:20.278, 11932, 12152
2026/08/16 02:03:25.279, 11932, 12152
2026/08/16 02:03:30.279, 11932, 12152
2026/08/16 02:03:35.280, 11932, 12152
2026/08/16 02:03:40.281, 11932, 12152
2026/08/16 02:03:45.281, 11932, 12152
2026/08/16 02:03:50.282, 11932, 12152
2026/08/16 02:03:55.282, 11932, 12152
2026/08/16 02:04:00.283, 11932, 12152
2026/08/16 02:04:05.284, 11932, 12152
2026/08/16 02:04:10.284, 11932, 12152
2026/08/16 02:04:15.285, 11932, 12152
2026/08/16 02:04:20.285, 11932, 12152
2026/08/16 02:04:25.286, 11932, 12152
2026/08/16 02:04:30.287, 11932, 12152
2026/08/16 02:04:35.287, 11932, 12152
2026/08/16 02:04:40.288, 11932, 12152
2026/08/16 02:04:45.288, 11932, 12152
2026/08/16 02:04:50.289, 11932, 12152
2026/08/16 02:04:55.290, 11932, 12152
2026/08/16 02:05:00.290, 11932, 12152
2026/08/16 02:05:05.291, 11932, 12152
2026/08/16 02:05:10.291, 11932, 12152
2026/08/16 02:05:15.292, 11932, 12152
2026/08/16 02:05:20.293, 11932, 12152
2026/08/16 02:05:25.293, 11932, 12152
2026/08/16 02:05:30.294, 11932, 12152
2026/08/16 02:05:35.294, 11932, 12152
2026/08/16 02:05:40.295, 11932, 12152
2026/08/16 02:05:45.296, 11932, 12152
2026/08/16 02:05:50.296, 11932, 12152
2026/08/16 02:05:55.297, 11932, 12152
2026/08/16 02:06:00.298, 11932, 12152
2026/08/16 02:06:05.298, 11932, 12152
2026/08/16 02:06:10.299, 11932, 12152
2026/08/16 02:06:15.299, 11932, 12152
2026/08/16 02:06:20.300, 11932, 12152
2026/08/16 02:06:25.300, 11932, 12152
2026/08/16 02:06:30.301, 11932, 12152
2026/08/16 02:06:35.302, 11932, 12152
2026/08/16 02:06:40.302, 11932, 12152
2026/08/16 02:06:45.303, 11932, 12152
2026/08/16 02:06:50.303, 11932, 12152
2026/08/16 02:06:55.304, 11932, 12152
2026/08/16 02:07:00.305, 11932, 12152
2026/08/16 02:07:05.305, 11932, 12152
2026/08/16 02:07:10.306, 11932, 12152
2026/08/16 02:07:15.307, 11932, 12152
2026/08/16 02:07:20.307, 11932, 12152
2026/08/16 02:07:25.308, 11932, 12152
2026/08/16 02:07:30.308, 11932, 12152
2026/08/16 02:07:35.309, 11932, 12152
2026/08/16 02:07:40.310, 11932, 12152
2026/08/16 02:07:45.310, 11932, 12152
2026/08/16 02:07:50.311, 11932, 12152
2026/08/16 02:07:55.311, 11932, 12152
2026/08/16 02:08:00.312, 11932, 12152
2026/08/16 02:08:05.313, 11932, 12152
2026/08/16 02:08:10.313, 11932, 12152
2026/08/16 02:08:15.314, 11932, 12152
2026/08/16 02:08:20.314, 11932, 12152
2026/08/16 02:08:25.315, 11932, 12152
2026/08/16 02:08:30.316, 11932, 12152
2026/08/16 02:08:35.316, 11932, 12152
2026/08/16 02:08:40.317, 11932, 12152
2026/08/16 02:08:45.317, 11932, 12152
2026/08/16 02:08:50.318, 11932, 12152
2026/08/16 02:08:55.319, 11932, 12152
2026/08/16 02:09:00.319, 11932, 12152
2026/08/16 02:09:05.320, 11932, 12152
2026/08/16 02:09:10.320, 11932, 12152
2026/08/16 02:09:15.321, 11932, 12152
2026/08/16 02:09:20.322, 11932, 12152
2026/08/16 02:09:25.322, 11932, 12152
2026/08/16 02:09:30.323, 11932, 12152
2026/08/16 02:09:35.323, 11932, 12152
2026/08/16 02:09:40.324, 11932, 12152
2026/08/16 02:09:45.325, 11932, 12152
2026/08/16 02:09:50.325, 11932, 12152
2026/08/16 02:09:55.326, 11932, 12152
2026/08/16 02:10:00.326, 11932, 12152
2026/08/16 02:10:05.327, 11932, 12152
2026/08/16 02:10:10.327, 11932, 12152
2026/08/16 02:10:15.328, 11932, 12152
2026/08/16 02:10:20.328, 11932, 12152
2026/08/16 02:10:25.329, 11932, 12152
2026/08/16 02:10:30.330, 11932, 12152
2026/08/16 02:10:35.330, 11932, 12152
2026/08/16 02:10:40.331, 11932, 12152
2026/08/16 02:10:45.331, 11932, 12152
2026/08/16 02:10:50.332, 11932, 12152
2026/08/16 02:10:55.333, 11932, 12152
2026/08/16 02:11:00.333, 11932, 12152
2026/08/16 02:11:05.334, 11932, 12152
2026/08/16 02:11:10.334, 11932, 12152
2026/08/16 02:11:15.335, 11932, 12152
2026/08/16 02:11:20.335, 11932, 12152
2026/08/16 02:11:25.336, 11932, 12152
2026/08/16 02:11:30.336, 11932, 12152
2026/08/16 02:11:35.337, 11932, 12152
2026/08/16 02:11:40.338, 11932, 12152
2026/08/16 02:11:45.338, 11932, 12152
2026/08/16 02:11:50.339, 11932, 12152
2026/08/16 02:11:55.339, 11932, 12152
2026/08/16 02:12:00.340, 11932, 12152
2026/08/16 02:12:05.340, 11932, 12152
2026/08/16 02:12:10.341, 11932, 12152
2026/08/16 02:12:15.342, 11932, 12152
2026/08/16 02:12:20.342, 11932, 12152
2026/08/16 02:12:25.343, 11932, 12152
2026/08/16 02:12:30.343, 11932, 12152
2026/08/16 02:12:35.344, 11932, 12152
2026/08/16 02:12:40.344, 11932, 12152
2026/08/16 02:12:45.345, 11932, 12152
2026/08/16 02:12:50.346, 11932, 12152
2026/08/16 02:12:55.346, 11932, 12152
2026/08/16 02:13:00.347, 11932, 12152
2026/08/16 02:13:05.347, 11932, 12152
2026/08/16 02:13:10.348, 11932, 12152
2026/08/16 02:13:15.348, 11932, 12152
2026/08/16 02:13:20.349, 11932, 12152
2026/08/16 02:13:25.350, 11932, 12152
2026/08/16 02:13:30.350, 11932, 12152
2026/08/16 02:13:35.351, 11932, 12152
2026/08/16 02:13:40.351, 11932, 12152
2026/08/16 02:13:45.352, 11932, 12152
2026/08/16 02:13:50.352, 11932, 12152
2026/08/16 02:13:55.353, 11932, 12152
2026/08/16 02:14:00.353, 11932, 12152
2026/08/16 02:14:05.354, 11932, 12152
2026/08/16 02:14:10.355, 11932, 12152
2026/08/16 02:14:15.355, 11932, 12152
2026/08/16 02:14:20.356, 11932, 12152
2026/08/16 02:14:25.356, 11932, 12152
2026/08/16 02:14:30.357, 11932, 12152
2026/08/16 02:14:35.357, 11932, 12152
2026/08/16 02:14:40.358, 11932, 12152
2026/08/16 02:14:45.358, 11932, 12152
2026/08/16 02:14:50.359, 11932, 12152
2026/08/16 02:14:55.360, 11932, 12152
2026/08/16 02:15:00.360, 11932, 12152
2026/08/16 02:15:05.361, 11932, 12152
2026/08/16 02:15:10.361, 11932, 12152
2026/08/16 02:15:15.362, 11932, 12152
2026/08/16 02:15:20.362, 11932, 12152
2026/08/16 02:15:25.363, 11932, 12152
2026/08/16 02:15:30.363, 11932, 12152
2026/08/16 02:15:35.364, 11932, 12152
2026/08/16 02:15:40.365, 11932, 12152
2026/08/16 02:15:45.365, 11932, 12152
2026/08/16 02:15:50.366, 11932, 12152
2026/08/16 02:15:55.366, 11932, 12152
2026/08/16 02:16:00.367, 11932, 12152
2026/08/16 02:16:05.367, 11932, 12152
2026/08/16 02:16:10.368, 11932, 12152
2026/08/16 02:16:15.368, 11932, 12152
2026/08/16 02:16:20.369, 11932, 12152
2026/08/16 02:16:25.369, 11932, 12152
2026/08/16 02:16:30.370, 11932, 12152
2026/08/16 02:16:35.379, 11932, 12152
2026/08/16 02:16:40.379, 11932, 12152
2026/08/16 02:16:45.380, 11932, 12152
2026/08/16 02:16:50.381, 11932, 12152
2026/08/16 02:16:55.381, 11932, 12152
2026/08/16 02:17:00.382, 11932, 12152
2026/08/16 02:17:05.382, 11932, 12152
2026/08/16 02:17:10.383, 11932, 12152
2026/08/16 02:17:15.383, 11932, 12152
2026/08/16 02:17:20.384, 11932, 12152
2026/08/16 02:17:25.384, 11932, 12152
2026/08/16 02:17:30.385, 11932, 12152
2026/08/16 02:17:35.385, 11932, 12152
2026/08/16 02:17:40.386, 11932, 12152
2026/08/16 02:17:45.386, 11932, 12152
2026/08/16 02:17:50.387, 11932, 12152
2026/08/16 02:17:55.388, 11932, 12152
2026/08/16 02:18:00.388, 11932, 12152
2026/08/16 02:18:05.389, 11932, 12152
2026/08/16 02:18:10.389, 11932, 12152
2026/08/16 02:18:15.390, 11932, 12152
2026/08/16 02:18:20.390, 11932, 12152
2026/08/16 02:18:25.391, 11932, 12152
2026/08/16 02:18:30.391, 11932, 12152
2026/08/16 02:18:35.392, 11932, 12152
2026/08/16 02:18:40.392, 11932, 12152
2026/08/16 02:18:45.393, 11932, 12152
2026/08/16 02:18:50.393, 11932, 12152
2026/08/16 02:18:55.394, 11932, 12152
2026/08/16 02:19:00.395, 11932, 12152
2026/08/16 02:19:05.395, 11932, 12152
2026/08/16 02:19:10.396, 11932, 12152
2026/08/16 02:19:15.396, 11932, 12152
2026/08/16 02:19:20.397, 11932, 12152
2026/08/16 02:19:25.397, 11932, 12152
2026/08/16 02:19:30.398, 11932, 12152
2026/08/16 02:19:35.398, 11932, 12152
2026/08/16 02:19:40.399, 11932, 12152
2026/08/16 02:19:45.399, 11932, 12152
2026/08/16 02:19:50.400, 11932, 12152
2026/08/16 02:19:55.400, 11932, 12152
2026/08/16 02:20:00.401, 11932, 12152
2026/08/16 02:20:05.401, 11932, 12152
2026/08/16 02:20:10.402, 11932, 12152
2026/08/16 02:20:15.402, 11932, 12152
2026/08/16 02:20:20.403, 11932, 12152
2026/08/16 02:20:25.403, 11932, 12152
2026/08/16 02:20:30.404, 11932, 12152
2026/08/16 02:20:35.404, 11932, 12152
2026/08/16 02:20:40.405, 11932, 12152
2026/08/16 02:20:45.405, 11932, 12152
2026/08/16 02:20:50.405, 11932, 12152
2026/08/16 02:20:55.406, 11932, 12152
2026/08/16 02:21:00.406, 11932, 12152
2026/08/16 02:21:05.407, 11932, 12152
2026/08/16 02:21:10.407, 11932, 12152
2026/08/16 02:21:15.407, 11932, 12152
2026/08/16 02:21:20.408, 11932, 12152
2026/08/16 02:21:25.408, 11932, 12152
2026/08/16 02:21:30.409, 11932, 12152
2026/08/16 02:21:35.409, 11932, 12152
2026/08/16 02:21:40.409, 11932, 12152
2026/08/16 02:21:45.410, 11932, 12152
2026/08/16 02:21:50.410, 11932, 12152
2026/08/16 02:21:55.411, 11932, 12152
2026/08/16 02:22:00.411, 11932, 12152
2026/08/16 02:22:05.411, 11932, 12152
2026/08/16 02:22:10.412, 11932, 12152
2026/08/16 02:22:15.412, 11932, 12152
2026/08/16 02:22:20.413, 11932, 12152
2026/08/16 02:22:25.413, 11932, 12152
2026/08/16 02:22:30.413, 11932, 12152
2026/08/16 02:22:35.414, 11932, 12152
2026/08/16 02:22:40.414, 11932, 12152
2026/08/16 02:22:45.415, 11932, 12152
2026/08/16 02:22:50.415, 11932, 12152
2026/08/16 02:22:55.415, 11932, 12152
2026/08/16 02:23:00.416, 11932, 12152
2026/08/16 02:23:05.416, 11932, 12152
2026/08/16 02:23:10.417, 11932, 12152
2026/08/16 02:23:15.417, 11932, 12152
2026/08/16 02:23:20.418, 11932, 12152
2026/08/16 02:23:25.418, 11932, 12152
2026/08/16 02:23:30.418, 11932, 12152
2026/08/16 02:23:35.419, 11932, 12152
2026/08/16 02:23:40.419, 11932, 12152
2026/08/16 02:23:45.420, 11932, 12152
2026/08/16 02:23:50.420, 11932, 12152
2026/08/16 02:23:55.421, 11932, 12152
2026/08/16 02:24:00.421, 11932, 12152
2026/08/16 02:24:05.421, 11932, 12152
2026/08/16 02:24:10.422, 11932, 12152
2026/08/16 02:24:15.422, 11932, 12152
2026/08/16 02:24:20.423, 11932, 12152
2026/08/16 02:24:25.423, 11932, 12152
2026/08/16 02:24:30.424, 11932, 12152
2026/08/16 02:24:35.424, 11932, 12152
2026/08/16 02:24:40.425, 11932, 12152
2026/08/16 02:24:45.425, 11932, 12152
2026/08/16 02:24:50.426, 11932, 12152
2026/08/16 02:24:55.426, 11932, 12152
2026/08/16 02:25:00.426, 11932, 12152
2026/08/16 02:25:05.427, 11932, 12152
2026/08/16 02:25:10.427, 11932, 12152
2026/08/16 02:25:15.428, 11932, 12152
2026/08/16 02:25:20.428, 11932, 12152
2026/08/16 02:25:25.429, 11932, 12152
2026/08/16 02:25:30.429, 11932, 12152
2026/08/16 02:25:35.430, 11932, 12152
2026/08/16 02:25:40.430, 11932, 12152
2026/08/16 02:25:45.431, 11932, 12152
2026/08/16 02:25:50.431, 11932, 12152
2026/08/16 02:25:55.431, 11932, 12152
2026/08/16 02:26:00.432, 11932, 12152
2026/08/16 02:26:05.432, 11932, 12152
2026/08/16 02:26:10.433, 11932, 12152
2026/08/16 02:26:15.433, 11932, 12152
2026/08/16 02:26:20.434, 11932, 12152
2026/08/16 02:26:25.434, 11932, 12152
2026/08/16 02:26:30.435, 11932, 12152
2026/08/16 02:26:35.435, 11932, 12152
2026/08/16 02:26:40.436, 11932, 12152
2026/08/16 02:26:45.436, 11932, 12152
2026/08/16 02:26:50.436, 11932, 12152
2026/08/16 02:26:55.437, 11932, 12152
2026/08/16 02:27:00.437, 11932, 12152
2026/08/16 02:27:05.438, 11932, 12152
2026/08/16 02:27:10.438, 11932, 12152
2026/08/16 02:27:15.439, 11932, 12152
2026/08/16 02:27:20.439, 11932, 12152
2026/08/16 02:27:25.440, 11932, 12152
2026/08/16 02:27:30.440, 11932, 12152
2026/08/16 02:27:35.441, 11932, 12152
2026/08/16 02:27:40.441, 11932, 12152
2026/08/16 02:27:45.442, 11932, 12152
2026/08/16 02:27:50.442, 11932, 12152
2026/08/16 02:27:55.443, 11932, 12152
2026/08/16 02:28:00.443, 11932, 12152
2026/08/16 02:28:05.444, 11932, 12152
2026/08/16 02:28:10.444, 11932, 12152
2026/08/16 02:28:15.445, 11932, 12152
2026/08/16 02:28:20.445, 11932, 12152
2026/08/16 02:28:25.445, 11932, 12152
2026/08/16 02:28:30.446, 11932, 12152
2026/08/16 02:28:35.446, 11932, 12152
2026/08/16 02:28:40.447, 11932, 12152
2026/08/16 02:28:45.447, 11932, 12152
2026/08/16 02:28:50.448, 11932, 12152
2026/08/16 02:28:55.448, 11932, 12152
2026/08/16 02:29:00.449, 11932, 12152
2026/08/16 02:29:05.449, 11932, 12152
2026/08/16 02:29:10.450, 11932, 12152
2026/08/16 02:29:15.450, 11932, 12152
2026/08/16 02:29:20.451, 11932, 12152
2026/08/16 02:29:25.451, 11932, 12152
2026/08/16 02:29:30.452, 11932, 12152
2026/08/16 02:29:35.452, 11932, 12152
2026/08/16 02:29:40.453, 11932, 12152
2026/08/16 02:29:45.453, 11932, 12152
2026/08/16 02:29:50.454, 11932, 12152
2026/08/16 02:29:55.454, 11932, 12152
2026/08/16 02:30:00.455, 11932, 12152
2026/08/16 02:30:05.455, 11932, 12152
2026/08/16 02:30:10.456, 11932, 12152
2026/08/16 02:30:15.456, 11932, 12152
2026/08/16 02:30:20.457, 11932, 12152
2026/08/16 02:30:25.457, 11932, 12152
2026/08/16 02:30:30.458, 11932, 12152
2026/08/16 02:30:35.458, 11932, 12152
2026/08/16 02:30:40.459, 11932, 12152
2026/08/16 02:30:45.459, 11932, 12152
2026/08/16 02:30:50.460, 11932, 12152
2026/08/16 02:30:55.460, 11932, 12152
2026/08/16 02:31:00.461, 11932, 12152
2026/08/16 02:31:05.461, 11932, 12152
2026/08/16 02:31:10.462, 11932, 12152
2026/08/16 02:31:15.462, 11932, 12152
2026/08/16 02:31:20.463, 11932, 12152
2026/08/16 02:31:25.463, 11932, 12152
2026/08/16 02:31:30.464, 11932, 12152
2026/08/16 02:31:35.464, 11932, 12152
2026/08/16 02:31:40.465, 11932, 12152
2026/08/16 02:31:45.465, 11932, 12152
2026/08/16 02:31:50.466, 11932, 12152
2026/08/16 02:31:55.466, 11932, 12152
2026/08/16 02:32:00.467, 11932, 12152
2026/08/16 02:32:05.467, 11932, 12152
2026/08/16 02:32:10.468, 11932, 12152
2026/08/16 02:32:15.468, 11932, 12152
2026/08/16 02:32:20.469, 11932, 12152
2026/08/16 02:32:25.469, 11932, 12152
2026/08/16 02:32:30.470, 11932, 12152
2026/08/16 02:32:35.470, 11932, 12152
2026/08/16 02:32:40.471, 11932, 12152
2026/08/16 02:32:45.471, 11932, 12152
2026/08/16 02:32:50.471, 11932, 12152
2026/08/16 02:32:55.472, 11932, 12152
2026/08/16 02:33:00.472, 11932, 12152
2026/08/16 02:33:05.473, 11932, 12152
2026/08/16 02:33:10.473, 11932, 12152
2026/08/16 02:33:15.474, 11932, 12152
2026/08/16 02:33:20.474, 11932, 12152
2026/08/16 02:33:25.475, 11932, 12152
2026/08/16 02:33:30.475, 11932, 12152
2026/08/16 02:33:35.476, 11932, 12152
2026/08/16 02:33:40.476, 11932, 12152
2026/08/16 02:33:45.477, 11932, 12152
2026/08/16 02:33:50.477, 11932, 12152
2026/08/16 02:33:55.478, 11932, 12152
2026/08/16 02:34:00.478, 11932, 12152
2026/08/16 02:34:05.479, 11932, 12152
2026/08/16 02:34:10.479, 11932, 12152
2026/08/16 02:34:15.480, 11932, 12152
2026/08/16 02:34:20.480, 11932, 12152
2026/08/16 02:34:25.481, 11932, 12152
2026/08/16 02:34:30.481, 11932, 12152
2026/08/16 02:34:35.482, 11932, 12152
2026/08/16 02:34:40.482, 11932, 12152
2026/08/16 02:34:45.483, 11932, 12152
2026/08/16 02:34:50.483, 11932, 12152
2026/08/16 02:34:55.484, 11932, 12152
2026/08/16 02:35:00.484, 11932, 12152
2026/08/16 02:35:05.485, 11932, 12152
2026/08/16 02:35:10.486, 11932, 12152
2026/08/16 02:35:15.486, 11932, 12152
2026/08/16 02:35:20.487, 11932, 12152
2026/08/16 02:35:25.487, 11932, 12152
2026/08/16 02:35:30.488, 11932, 12152
2026/08/16 02:35:35.488, 11932, 12152
2026/08/16 02:35:40.489, 11932, 12152
2026/08/16 02:35:45.489, 11932, 12152
2026/08/16 02:35:50.490, 11932, 12152
2026/08/16 02:35:55.490, 11932, 12152
2026/08/16 02:36:00.491, 11932, 12152
2026/08/16 02:36:05.491, 11932, 12152
2026/08/16 02:36:10.492, 11932, 12152
2026/08/16 02:36:15.492, 11932, 12152
2026/08/16 02:36:20.493, 11932, 12152
2026/08/16 02:36:25.493, 11932, 12152
2026/08/16 02:36:30.494, 11932, 12152
2026/08/16 02:36:35.494, 11932, 12152
2026/08/16 02:36:40.495, 11932, 12152
2026/08/16 02:36:45.495, 11932, 12152
2026/08/16 02:36:50.496, 11932, 12152
2026/08/16 02:36:55.496, 11932, 12152
2026/08/16 02:37:00.497, 11932, 12152
2026/08/16 02:37:05.497, 11932, 12152
2026/08/16 02:37:10.498, 11932, 12152
2026/08/16 02:37:15.498, 11932, 12152
2026/08/16 02:37:20.499, 11932, 12152
2026/08/16 02:37:25.499, 11932, 12152
2026/08/16 02:37:30.500, 11932, 12152
2026/08/16 02:37:35.500, 11932, 12152
2026/08/16 02:37:40.501, 11932, 12152
2026/08/16 02:37:45.501, 11932, 12152
2026/08/16 02:37:50.502, 11932, 12152
2026/08/16 02:37:55.502, 11932, 12152
2026/08/16 02:38:00.503, 11932, 12152
2026/08/16 02:38:05.503, 11932, 12152
2026/08/16 02:38:10.504, 11932, 12152
2026/08/16 02:38:15.504, 11932, 12152
2026/08/16 02:38:20.505, 11932, 12152
2026/08/16 02:38:25.505, 11932, 12152
2026/08/16 02:38:30.506, 11932, 12152
2026/08/16 02:38:35.506, 11932, 12152
2026/08/16 02:38:40.507, 11932, 12152
2026/08/16 02:38:45.507, 11932, 12152
2026/08/16 02:38:50.508, 11932, 12152
2026/08/16 02:38:55.508, 11932, 12152
2026/08/16 02:39:00.509, 11932, 12152
2026/08/16 02:39:05.509, 11932, 12152
2026/08/16 02:39:10.510, 11932, 12152
2026/08/16 02:39:15.510, 11932, 12152
2026/08/16 02:39:20.511, 11932, 12152
2026/08/16 02:39:25.511, 11932, 12152
2026/08/16 02:39:30.512, 11932, 12152
2026/08/16 02:39:35.512, 11932, 12152
2026/08/16 02:39:40.513, 11932, 12152
2026/08/16 02:39:45.513, 11932, 12152
2026/08/16 02:39:50.514, 11932, 12152
2026/08/16 02:39:55.514, 11932, 12152
2026/08/16 02:40:00.515, 11932, 12152
2026/08/16 02:40:05.515, 11932, 12152
2026/08/16 02:40:10.516, 11932, 12152
2026/08/16 02:40:15.516, 11932, 12152
2026/08/16 02:40:20.517, 11932, 12152
2026/08/16 02:40:25.517, 11932, 12152
2026/08/16 02:40:30.518, 11932, 12152
2026/08/16 02:40:35.518, 11932, 12152
2026/08/16 02:40:40.519, 11932, 12152
2026/08/16 02:40:45.520, 11932, 12152
2026/08/16 02:40:50.520, 11932, 12152
2026/08/16 02:40:55.521, 11932, 12152
2026/08/16 02:41:00.521, 11932, 12152
2026/08/16 02:41:05.522, 11932, 12152
2026/08/16 02:41:10.522, 11932, 12152
2026/08/16 02:41:15.522, 11932, 12152
2026/08/16 02:41:20.523, 11932, 12152
2026/08/16 02:41:25.523, 11932, 12152
2026/08/16 02:41:30.524, 11932, 12152
2026/08/16 02:41:35.524, 11932, 12152
2026/08/16 02:41:40.525, 11932, 12152
2026/08/16 02:41:45.525, 11932, 12152
2026/08/16 02:41:50.526, 11932, 12152
2026/08/16 02:41:55.527, 11932, 12152
2026/08/16 02:42:00.527, 11932, 12152
2026/08/16 02:42:05.528, 11932, 12152
2026/08/16 02:42:10.528, 11932, 12152
2026/08/16 02:42:15.529, 11932, 12152
2026/08/16 02:42:20.529, 11932, 12152
2026/08/16 02:42:25.530, 11932, 12152
2026/08/16 02:42:30.530, 11932, 12152
2026/08/16 02:42:35.531, 11932, 12152
2026/08/16 02:42:40.531, 11932, 12152
2026/08/16 02:42:45.532, 11932, 12152
2026/08/16 02:42:50.532, 11932, 12152
2026/08/16 02:42:55.533, 11932, 12152
2026/08/16 02:43:00.533, 11932, 12152
2026/08/16 02:43:05.534, 11932, 12152
2026/08/16 02:43:10.535, 11932, 12152
2026/08/16 02:43:15.535, 11932, 12152
2026/08/16 02:43:20.536, 11932, 12152
2026/08/16 02:43:25.536, 11932, 12152
2026/08/16 02:43:30.537, 11932, 12152
2026/08/16 02:43:35.537, 11932, 12152
2026/08/16 02:43:40.538, 11932, 12152
2026/08/16 02:43:45.538, 11932, 12152
2026/08/16 02:43:50.539, 11932, 12152
2026/08/16 02:43:55.539, 11932, 12152
2026/08/16 02:44:00.540, 11932, 12152
2026/08/16 02:44:05.541, 11932, 12152
2026/08/16 02:44:10.541, 11932, 12152
2026/08/16 02:44:15.542, 11932, 12152
2026/08/16 02:44:20.542, 11932, 12152
2026/08/16 02:44:25.543, 11932, 12152
2026/08/16 02:44:30.543, 11932, 12152
2026/08/16 02:44:35.544, 11932, 12152
2026/08/16 02:44:40.544, 11932, 12152
2026/08/16 02:44:45.545, 11932, 12152
2026/08/16 02:44:50.545, 11932, 12152
2026/08/16 02:44:55.546, 11932, 12152
2026/08/16 02:45:00.546, 11932, 12152
2026/08/16 02:45:05.547, 11932, 12152
2026/08/16 02:45:10.547, 11932, 12152
2026/08/16 02:45:15.548, 11932, 12152
2026/08/16 02:45:20.548, 11932, 12152
2026/08/16 02:45:25.549, 11932, 12152
2026/08/16 02:45:30.550, 11932, 12152
2026/08/16 02:45:35.550, 11932, 12152
2026/08/16 02:45:40.551, 11932, 12152
2026/08/16 02:45:45.551, 11932, 12152
2026/08/16 02:45:50.552, 11932, 12152
2026/08/16 02:45:55.552, 11932, 12152
2026/08/16 02:46:00.553, 11932, 12152
2026/08/16 02:46:05.553, 11932, 12152
2026/08/16 02:46:10.554, 11932, 12152
2026/08/16 02:46:15.554, 11932, 12152
2026/08/16 02:46:20.555, 11932, 12152
2026/08/16 02:46:25.556, 11932, 12152
2026/08/16 02:46:30.556, 11932, 12152
2026/08/16 02:46:35.557, 11932, 12152
2026/08/16 02:46:40.557, 11932, 12152
2026/08/16 02:46:45.558, 11932, 12152
2026/08/16 02:46:50.558, 11932, 12152
2026/08/16 02:46:55.559, 11932, 12152
2026/08/16 02:47:00.559, 11932, 12152
2026/08/16 02:47:05.560, 11932, 12152
2026/08/16 02:47:10.560, 11932, 12152
2026/08/16 02:47:15.561, 11932, 12152
2026/08/16 02:47:20.561, 11932, 12152
2026/08/16 02:47:25.562, 11932, 12152
2026/08/16 02:47:30.563, 11932, 12152
2026/08/16 02:47:35.563, 11932, 12152
2026/08/16 02:47:40.564, 11932, 12152
2026/08/16 02:47:45.564, 11932, 12152
2026/08/16 02:47:50.565, 11932, 12152
2026/08/16 02:47:55.565, 11932, 12152
2026/08/16 02:48:00.566, 11932, 12152
2026/08/16 02:48:05.566, 11932, 12152
2026/08/16 02:48:10.567, 11932, 12152
2026/08/16 02:48:15.567, 11932, 12152
2026/08/16 02:48:20.568, 11932, 12152
2026/08/16 02:48:25.569, 11932, 12152
2026/08/16 02:48:30.569, 11932, 12152
2026/08/16 02:48:35.570, 11932, 12152
2026/08/16 02:48:40.570, 11932, 12152
2026/08/16 02:48:45.571, 11932, 12152
2026/08/16 02:48:50.571, 11932, 12152
2026/08/16 02:48:55.572, 11932, 12152
2026/08/16 02:49:00.572, 11932, 12152
2026/08/16 02:49:05.573, 11932, 12152
2026/08/16 02:49:10.574, 11932, 12152
2026/08/16 02:49:15.574, 11932, 12152
2026/08/16 02:49:20.575, 11932, 12152
2026/08/16 02:49:25.575, 11932, 12152
2026/08/16 02:49:30.576, 11932, 12152
2026/08/16 02:49:35.576, 11932, 12152
2026/08/16 02:49:40.577, 11932, 12152
2026/08/16 02:49:45.577, 11932, 12152
2026/08/16 02:49:50.578, 11932, 12152
2026/08/16 02:49:55.579, 11932, 12152
2026/08/16 02:50:00.579, 11932, 12152
2026/08/16 02:50:05.580, 11932, 12152
2026/08/16 02:50:10.580, 11932, 12152
2026/08/16 02:50:15.581, 11932, 12152
2026/08/16 02:50:20.581, 11932, 12152
2026/08/16 02:50:25.582, 11932, 12152
2026/08/16 02:50:30.582, 11932, 12152
2026/08/16 02:50:35.583, 11932, 12152
2026/08/16 02:50:40.583, 11932, 12152
2026/08/16 02:50:45.584, 11932, 12152
2026/08/16 02:50:50.584, 11932, 12152
2026/08/16 02:50:55.585, 11932, 12152
2026/08/16 02:51:00.586, 11932, 12152
2026/08/16 02:51:05.586, 11932, 12152
2026/08/16 02:51:10.587, 11932, 12152
2026/08/16 02:51:15.587, 11932, 12152
2026/08/16 02:51:20.588, 11932, 12152
2026/08/16 02:51:25.588, 11932, 12152
2026/08/16 02:51:30.589, 11932, 12152
2026/08/16 02:51:35.589, 11932, 12152
2026/08/16 02:51:40.590, 11932, 12152
2026/08/16 02:51:45.591, 11932, 12152
2026/08/16 02:51:50.591, 11932, 12152
2026/08/16 02:51:55.592, 11932, 12152
2026/08/16 02:52:00.592, 11932, 12152
2026/08/16 02:52:05.593, 11932, 12152
2026/08/16 02:52:10.593, 11932, 12152
2026/08/16 02:52:15.594, 11932, 12152
2026/08/16 02:52:20.594, 11932, 12152
2026/08/16 02:52:25.595, 11932, 12152
2026/08/16 02:52:30.595, 11932, 12152
2026/08/16 02:52:35.596, 11932, 12152
2026/08/16 02:52:40.596, 11932, 12152
2026/08/16 02:52:45.597, 11932, 12152
2026/08/16 02:52:50.598, 11932, 12152
2026/08/16 02:52:55.598, 11932, 12152
2026/08/16 02:53:00.599, 11932, 12152
2026/08/16 02:53:05.599, 11932, 12152
2026/08/16 02:53:10.600, 11932, 12152
2026/08/16 02:53:15.600, 11932, 12152
2026/08/16 02:53:20.601, 11932, 12152
2026/08/16 02:53:25.601, 11932, 12152
2026/08/16 02:53:30.602, 11932, 12152
2026/08/16 02:53:35.603, 11932, 12152
2026/08/16 02:53:40.603, 11932, 12152
2026/08/16 02:53:45.604, 11932, 12152
2026/08/16 02:53:50.604, 11932, 12152
2026/08/16 02:53:55.605, 11932, 12152
2026/08/16 02:54:00.605, 11932, 12152
2026/08/16 02:54:05.606, 11932, 12152
2026/08/16 02:54:10.606, 11932, 12152
2026/08/16 02:54:15.607, 11932, 12152
2026/08/16 02:54:20.608, 11932, 12152
2026/08/16 02:54:25.608, 11932, 12152
2026/08/16 02:54:30.609, 11932, 12152
2026/08/16 02:54:35.609, 11932, 12152
2026/08/16 02:54:40.610, 11932, 12152
2026/08/16 02:54:45.611, 11932, 12152
2026/08/16 02:54:50.612, 11932, 12152
2026/08/16 02:54:55.613, 11932, 12152
2026/08/16 02:55:00.614, 11932, 12152
2026/08/16 02:55:05.615, 11932, 12152
2026/08/16 02:55:10.616, 11932, 12152
2026/08/16 02:55:15.616, 11932, 12152
2026/08/16 02:55:20.617, 11932, 12152
2026/08/16 02:55:25.618, 11932, 12152
2026/08/16 02:55:30.619, 11932, 12152
2026/08/16 02:55:35.620, 11932, 12152
2026/08/16 02:55:40.620, 11932, 12152
2026/08/16 02:55:45.621, 11932, 12152
2026/08/16 02:55:50.622, 11932, 12152
2026/08/16 02:55:55.623, 11932, 12152
2026/08/16 02:56:00.623, 11932, 12152
2026/08/16 02:56:05.624, 11932, 12152
2026/08/16 02:56:10.625, 11932, 12152
2026/08/16 02:56:15.626, 11932, 12152
2026/08/16 02:56:20.627, 11932, 12152
2026/08/16 02:56:25.628, 11932, 12152
2026/08/16 02:56:30.628, 11932, 12152
2026/08/16 02:56:35.629, 11932, 12152
2026/08/16 02:56:40.630, 11932, 12152
2026/08/16 02:56:45.631, 11932, 12152
2026/08/16 02:56:50.631, 11932, 12152
2026/08/16 02:56:55.632, 11932, 12152
2026/08/16 02:57:00.633, 11932, 12152
2026/08/16 02:57:05.634, 11932, 12152
2026/08/16 02:57:10.635, 11932, 12152
2026/08/16 02:57:15.635, 11932, 12152
2026/08/16 02:57:20.636, 11932, 12152
2026/08/16 02:57:25.637, 11932, 12152
2026/08/16 02:57:30.638, 11932, 12152
2026/08/16 02:57:35.638, 11932, 12152
2026/08/16 02:57:40.639, 11932, 12152
2026/08/16 02:57:45.640, 11932, 12152
2026/08/16 02:57:50.641, 11932, 12152
2026/08/16 02:57:55.642, 11932, 12152
2026/08/16 02:58:00.643, 11932, 12152
2026/08/16 02:58:05.643, 11932, 12152
2026/08/16 02:58:10.644, 11932, 12152
2026/08/16 02:58:15.645, 11932, 12152
2026/08/16 02:58:20.646, 11932, 12152
2026/08/16 02:58:25.646, 11932, 12152
2026/08/16 02:58:30.647, 11932, 12152
2026/08/16 02:58:35.648, 11932, 12152
2026/08/16 02:58:40.648, 11932, 12152
2026/08/16 02:58:45.649, 11932, 12152
2026/08/16 02:58:50.650, 11932, 12152
2026/08/16 02:58:55.651, 11932, 12152
2026/08/16 02:59:00.652, 11932, 12152
2026/08/16 02:59:05.652, 11932, 12152
2026/08/16 02:59:10.653, 11932, 12152
2026/08/16 02:59:15.654, 11932, 12152
2026/08/16 02:59:20.655, 11932, 12152
2026/08/16 02:59:25.655, 11932, 12152
2026/08/16 02:59:30.656, 11932, 12152
2026/08/16 02:59:35.657, 11932, 12152
2026/08/16 02:59:40.658, 11932, 12152
2026/08/16 02:59:45.658, 11932, 12152
2026/08/16 02:59:50.659, 11932, 12152
2026/08/16 02:59:55.660, 11932, 12152
2026/08/16 03:00:00.660, 11932, 12152
2026/08/16 03:00:05.661, 11932, 12152
2026/08/16 03:00:10.662, 11932, 12152
2026/08/16 03:00:15.663, 11932, 12152
2026/08/16 03:00:20.663, 11932, 12152
2026/08/16 03:00:25.664, 11932, 12152
2026/08/16 03:00:30.665, 11932, 12152
2026/08/16 03:00:35.666, 11932, 12152
2026/08/16 03:00:40.666, 11932, 12152
2026/08/16 03:00:45.667, 11932, 12152
2026/08/16 03:00:50.668, 11932, 12152
2026/08/16 03:00:55.669, 11932, 12152
2026/08/16 03:01:00.669, 11932, 12152
2026/08/16 03:01:05.670, 11932, 12152
2026/08/16 03:01:10.671, 11932, 12152
2026/08/16 03:01:15.671, 11932, 12152
2026/08/16 03:01:20.672, 11932, 12152
2026/08/16 03:01:25.673, 11932, 12152
2026/08/16 03:01:30.674, 11932, 12152
2026/08/16 03:01:35.674, 11932, 12152
2026/08/16 03:01:40.675, 11932, 12152
2026/08/16 03:01:45.676, 11932, 12152
2026/08/16 03:01:50.677, 11932, 12152
2026/08/16 03:01:55.677, 11932, 12152
2026/08/16 03:02:00.678, 11932, 12152
2026/08/16 03:02:05.679, 11932, 12152
2026/08/16 03:02:10.680, 11932, 12152
2026/08/16 03:02:15.680, 11932, 12152
2026/08/16 03:02:20.681, 11932, 12152
2026/08/16 03:02:25.682, 11932, 12152
2026/08/16 03:02:30.682, 11932, 12152
2026/08/16 03:02:35.683, 11932, 12152
2026/08/16 03:02:40.684, 11932, 12152
2026/08/16 03:02:45.684, 11932, 12152
2026/08/16 03:02:50.685, 11932, 12152
2026/08/16 03:02:55.686, 11932, 12152
2026/08/16 03:03:00.687, 11932, 12152
2026/08/16 03:03:05.687, 11932, 12152
2026/08/16 03:03:10.688, 11932, 12152
2026/08/16 03:03:15.689, 11932, 12152
2026/08/16 03:03:20.689, 11932, 12152
2026/08/16 03:03:25.690, 11932, 12152
2026/08/16 03:03:30.691, 11932, 12152
2026/08/16 03:03:35.691, 11932, 12152
2026/08/16 03:03:40.692, 11932, 12152
2026/08/16 03:03:45.693, 11932, 12152
2026/08/16 03:03:50.694, 11932, 12152
2026/08/16 03:03:55.694, 11932, 12152
2026/08/16 03:04:00.695, 11932, 12152
2026/08/16 03:04:05.696, 11932, 12152
2026/08/16 03:04:10.696, 11932, 12152
2026/08/16 03:04:15.697, 11932, 12152
2026/08/16 03:04:20.698, 11932, 12152
2026/08/16 03:04:25.698, 11932, 12152
2026/08/16 03:04:30.699, 11932, 12152
2026/08/16 03:04:35.700, 11932, 12152
2026/08/16 03:04:40.701, 11932, 12152
2026/08/16 03:04:45.701, 11932, 12152
2026/08/16 03:04:50.702, 11932, 12152
2026/08/16 03:04:55.703, 11932, 12152
2026/08/16 03:05:00.703, 11932, 12152
2026/08/16 03:05:05.704, 11932, 12152
2026/08/16 03:05:10.705, 11932, 12152
2026/08/16 03:05:15.705, 11932, 12152
2026/08/16 03:05:20.706, 11932, 12152
2026/08/16 03:05:25.707, 11932, 12152
2026/08/16 03:05:30.707, 11932, 12152
2026/08/16 03:05:35.708, 11932, 12152
2026/08/16 03:05:40.709, 11932, 12152
2026/08/16 03:05:45.709, 11932, 12152
2026/08/16 03:05:50.710, 11932, 12152
2026/08/16 03:05:55.711, 11932, 12152
2026/08/16 03:06:00.712, 11932, 12152
2026/08/16 03:06:05.712, 11932, 12152
2026/08/16 03:06:10.713, 11932, 12152
2026/08/16 03:06:15.714, 11932, 12152
2026/08/16 03:06:20.714, 11932, 12152
2026/08/16 03:06:25.715, 11932, 12152
2026/08/16 03:06:30.716, 11932, 12152
2026/08/16 03:06:35.716, 11932, 12152
2026/08/16 03:06:40.717, 11932, 12152
2026/08/16 03:06:45.718, 11932, 12152
2026/08/16 03:06:50.718, 11932, 12152
2026/08/16 03:06:55.719, 11932, 12152
2026/08/16 03:07:00.720, 11932, 12152
2026/08/16 03:07:05.720, 11932, 12152
2026/08/16 03:07:10.721, 11932, 12152
2026/08/16 03:07:15.722, 11932, 12152
2026/08/16 03:07:20.722, 11932, 12152
2026/08/16 03:07:25.723, 11932, 12152
2026/08/16 03:07:30.724, 11932, 12152
2026/08/16 03:07:35.724, 11932, 12152
2026/08/16 03:07:40.725, 11932, 12152
2026/08/16 03:07:45.726, 11932, 12152
2026/08/16 03:07:50.726, 11932, 12152
2026/08/16 03:07:55.727, 11932, 12152
2026/08/16 03:08:00.728, 11932, 12152
2026/08/16 03:08:05.728, 11932, 12152
2026/08/16 03:08:10.729, 11932, 12152
2026/08/16 03:08:15.730, 11932, 12152
2026/08/16 03:08:20.730, 11932, 12152
2026/08/16 03:08:25.731, 11932, 12152
2026/08/16 03:08:30.732, 11932, 12152
2026/08/16 03:08:35.732, 11932, 12152
2026/08/16 03:08:40.733, 11932, 12152
2026/08/16 03:08:45.734, 11932, 12152
2026/08/16 03:08:50.734, 11932, 12152
2026/08/16 03:08:55.735, 11932, 12152
2026/08/16 03:09:00.736, 11932, 12152
2026/08/16 03:09:05.736, 11932, 12152
2026/08/16 03:09:10.737, 11932, 12152
2026/08/16 03:09:15.738, 11932, 12152
2026/08/16 03:09:20.738, 11932, 12152
2026/08/16 03:09:25.739, 11932, 12152
2026/08/16 03:09:30.740, 11932, 12152
2026/08/16 03:09:35.740, 11932, 12152
2026/08/16 03:09:40.741, 11932, 12152
2026/08/16 03:09:45.741, 11932, 12152
2026/08/16 03:09:50.742, 11932, 12152
2026/08/16 03:09:55.743, 11932, 12152
2026/08/16 03:10:00.743, 11932, 12152
2026/08/16 03:10:05.744, 11932, 12152
2026/08/16 03:10:10.745, 11932, 12152
2026/08/16 03:10:15.745, 11932, 12152
2026/08/16 03:10:20.746, 11932, 12152
2026/08/16 03:10:25.746, 11932, 12152
2026/08/16 03:10:30.747, 11932, 12152
2026/08/16 03:10:35.748, 11932, 12152
2026/08/16 03:10:40.748, 11932, 12152
2026/08/16 03:10:45.749, 11932, 12152
2026/08/16 03:10:50.749, 11932, 12152
2026/08/16 03:10:55.750, 11932, 12152
2026/08/16 03:11:00.751, 11932, 12152
2026/08/16 03:11:05.751, 11932, 12152
2026/08/16 03:11:10.760, 11932, 12152
2026/08/16 03:11:15.761, 11932, 12152
2026/08/16 03:11:20.761, 11932, 12152
2026/08/16 03:11:25.762, 11932, 12152
2026/08/16 03:11:30.762, 11932, 12152
2026/08/16 03:11:35.763, 11932, 12152
2026/08/16 03:11:40.764, 11932, 12152
2026/08/16 03:11:45.764, 11932, 12152
2026/08/16 03:11:50.765, 11932, 12152
2026/08/16 03:11:55.765, 11932, 12152
2026/08/16 03:12:00.766, 11932, 12152
2026/08/16 03:12:05.767, 11932, 12152
2026/08/16 03:12:10.767, 11932, 12152
2026/08/16 03:12:15.768, 11932, 12152
2026/08/16 03:12:20.768, 11932, 12152
2026/08/16 03:12:25.769, 11932, 12152
2026/08/16 03:12:30.770, 11932, 12152
2026/08/16 03:12:35.770, 11932, 12152
2026/08/16 03:12:40.771, 11932, 12152
2026/08/16 03:12:45.771, 11932, 12152
2026/08/16 03:12:50.772, 11932, 12152
2026/08/16 03:12:55.772, 11932, 12152
2026/08/16 03:13:00.773, 11932, 12152
2026/08/16 03:13:05.774, 11932, 12152
2026/08/16 03:13:10.774, 11932, 12152
2026/08/16 03:13:15.775, 11932, 12152
2026/08/16 03:13:20.776, 11932, 12152
2026/08/16 03:13:25.776, 11932, 12152
2026/08/16 03:13:30.777, 11932, 12152
2026/08/16 03:13:35.778, 11932, 12152
2026/08/16 03:13:40.778, 11932, 12152
2026/08/16 03:13:45.779, 11932, 12152
2026/08/16 03:13:50.780, 11932, 12152
2026/08/16 03:13:55.780, 11932, 12152
2026/08/16 03:14:00.781, 11932, 12152
2026/08/16 03:14:05.781, 11932, 12152
2026/08/16 03:14:10.782, 11932, 12152
2026/08/16 03:14:15.783, 11932, 12152
2026/08/16 03:14:20.783, 11932, 12152
2026/08/16 03:14:25.784, 11932, 12152
2026/08/16 03:14:30.785, 11932, 12152
2026/08/16 03:14:35.785, 11932, 12152
2026/08/16 03:14:40.786, 11932, 12152
2026/08/16 03:14:45.786, 11932, 12152
2026/08/16 03:14:50.787, 11932, 12152
2026/08/16 03:14:55.788, 11932, 12152
2026/08/16 03:15:00.788, 11932, 12152
2026/08/16 03:15:05.789, 11932, 12152
2026/08/16 03:15:10.790, 11932, 12152
2026/08/16 03:15:15.790, 11932, 12152
2026/08/16 03:15:20.791, 11932, 12152
2026/08/16 03:15:25.792, 11932, 12152
2026/08/16 03:15:30.792, 11932, 12152
2026/08/16 03:15:35.793, 11932, 12152
2026/08/16 03:15:40.793, 11932, 12152
2026/08/16 03:15:45.794, 11932, 12152
2026/08/16 03:15:50.795, 11932, 12152
2026/08/16 03:15:55.795, 11932, 12152
2026/08/16 03:16:00.796, 11932, 12152
2026/08/16 03:16:05.797, 11932, 12152
2026/08/16 03:16:10.797, 11932, 12152
2026/08/16 03:16:15.798, 11932, 12152
2026/08/16 03:16:20.799, 11932, 12152
2026/08/16 03:16:25.799, 11932, 12152
2026/08/16 03:16:30.800, 11932, 12152
2026/08/16 03:16:35.800, 11932, 12152
2026/08/16 03:16:40.801, 11932, 12152
2026/08/16 03:16:45.802, 11932, 12152
2026/08/16 03:16:50.802, 11932, 12152
2026/08/16 03:16:55.803, 11932, 12152
2026/08/16 03:17:00.804, 11932, 12152
2026/08/16 03:17:05.804, 11932, 12152
2026/08/16 03:17:10.805, 11932, 12152
2026/08/16 03:17:15.805, 11932, 12152
2026/08/16 03:17:20.806, 11932, 12152
2026/08/16 03:17:25.807, 11932, 12152
2026/08/16 03:17:30.807, 11932, 12152
2026/08/16 03:17:35.808, 11932, 12152
2026/08/16 03:17:40.809, 11932, 12152
2026/08/16 03:17:45.809, 11932, 12152
2026/08/16 03:17:50.810, 11932, 12152
2026/08/16 03:17:55.811, 11932, 12152
2026/08/16 03:18:00.811, 11932, 12152
2026/08/16 03:18:05.812, 11932, 12152
2026/08/16 03:18:10.812, 11932, 12152
2026/08/16 03:18:15.813, 11932, 12152
2026/08/16 03:18:20.814, 11932, 12152
2026/08/16 03:18:25.814, 11932, 12152
2026/08/16 03:18:30.815, 11932, 12152
2026/08/16 03:18:35.815, 11932, 12152
2026/08/16 03:18:40.816, 11932, 12152
2026/08/16 03:18:45.817, 11932, 12152
2026/08/16 03:18:50.817, 11932, 12152
2026/08/16 03:18:55.818, 11932, 12152
2026/08/16 03:19:00.819, 11932, 12152
2026/08/16 03:19:05.819, 11932, 12152
2026/08/16 03:19:10.820, 11932, 12152
2026/08/16 03:19:15.821, 11932, 12152
2026/08/16 03:19:20.821, 11932, 12152
2026/08/16 03:19:25.822, 11932, 12152
2026/08/16 03:19:30.822, 11932, 12152
2026/08/16 03:19:35.823, 11932, 12152
2026/08/16 03:19:40.824, 11932, 12152
2026/08/16 03:19:45.824, 11932, 12152
2026/08/16 03:19:50.825, 11932, 12152
2026/08/16 03:19:55.826, 11932, 12152
2026/08/16 03:20:00.826, 11932, 12152
2026/08/16 03:20:05.827, 11932, 12152
2026/08/16 03:20:10.827, 11932, 12152
2026/08/16 03:20:15.828, 11932, 12152
2026/08/16 03:20:20.829, 11932, 12152
2026/08/16 03:20:25.829, 11932, 12152
2026/08/16 03:20:30.830, 11932, 12152
2026/08/16 03:20:35.831, 11932, 12152
2026/08/16 03:20:40.831, 11932, 12152
2026/08/16 03:20:45.832, 11932, 12152
2026/08/16 03:20:50.833, 11932, 12152
2026/08/16 03:20:55.833, 11932, 12152
2026/08/16 03:21:00.834, 11932, 12152
2026/08/16 03:21:05.834, 11932, 12152
2026/08/16 03:21:10.835, 11932, 12152
2026/08/16 03:21:15.836, 11932, 12152
2026/08/16 03:21:20.836, 11932, 12152
2026/08/16 03:21:25.837, 11932, 12152
2026/08/16 03:21:30.837, 11932, 12152
2026/08/16 03:21:35.838, 11932, 12152
2026/08/16 03:21:40.839, 11932, 12152
2026/08/16 03:21:45.839, 11932, 12152
2026/08/16 03:21:50.840, 11932, 12152
2026/08/16 03:21:55.841, 11932, 12152
2026/08/16 03:22:00.841, 11932, 12152
2026/08/16 03:22:05.842, 11932, 12152
2026/08/16 03:22:10.843, 11932, 12152
2026/08/16 03:22:15.843, 11932, 12152
2026/08/16 03:22:20.844, 11932, 12152
2026/08/16 03:22:25.844, 11932, 12152
2026/08/16 03:22:30.845, 11932, 12152
2026/08/16 03:22:35.846, 11932, 12152
2026/08/16 03:22:40.846, 11932, 12152
2026/08/16 03:22:45.847, 11932, 12152
2026/08/16 03:22:50.847, 11932, 12152
2026/08/16 03:22:55.848, 11932, 12152
2026/08/16 03:23:00.849, 11932, 12152
2026/08/16 03:23:05.849, 11932, 12152
2026/08/16 03:23:10.850, 11932, 12152
2026/08/16 03:23:15.851, 11932, 12152
2026/08/16 03:23:20.851, 11932, 12152
2026/08/16 03:23:25.852, 11932, 12152
2026/08/16 03:23:30.853, 11932, 12152
2026/08/16 03:23:35.853, 11932, 12152
2026/08/16 03:23:40.854, 11932, 12152
2026/08/16 03:23:45.854, 11932, 12152
2026/08/16 03:23:50.855, 11932, 12152
2026/08/16 03:23:55.856, 11932, 12152
2026/08/16 03:24:00.856, 11932, 12152
2026/08/16 03:24:05.857, 11932, 12152
2026/08/16 03:24:10.858, 11932, 12152
2026/08/16 03:24:15.858, 11932, 12152
2026/08/16 03:24:20.859, 11932, 12152
2026/08/16 03:24:25.859, 11932, 12152
2026/08/16 03:24:30.860, 11932, 12152
2026/08/16 03:24:35.861, 11932, 12152
2026/08/16 03:24:40.861, 11932, 12152
2026/08/16 03:24:45.862, 11932, 12152
2026/08/16 03:24:50.863, 11932, 12152
2026/08/16 03:24:55.863, 11932, 12152
2026/08/16 03:25:00.864, 11932, 12152
2026/08/16 03:25:05.864, 11932, 12152
2026/08/16 03:25:10.865, 11932, 12152
2026/08/16 03:25:15.866, 11932, 12152
2026/08/16 03:25:20.866, 11932, 12152
2026/08/16 03:25:25.867, 11932, 12152
2026/08/16 03:25:30.868, 11932, 12152
2026/08/16 03:25:35.868, 11932, 12152
2026/08/16 03:25:40.869, 11932, 12152
2026/08/16 03:25:45.869, 11932, 12152
2026/08/16 03:25:50.870, 11932, 12152
2026/08/16 03:25:55.871, 11932, 12152
2026/08/16 03:26:00.871, 11932, 12152
2026/08/16 03:26:05.872, 11932, 12152
2026/08/16 03:26:10.873, 11932, 12152
2026/08/16 03:26:15.873, 11932, 12152
2026/08/16 03:26:20.874, 11932, 12152
2026/08/16 03:26:25.874, 11932, 12152
2026/08/16 03:26:30.875, 11932, 12152
2026/08/16 03:26:35.876, 11932, 12152
2026/08/16 03:26:40.876, 11932, 12152
2026/08/16 03:26:45.877, 11932, 12152
2026/08/16 03:26:50.878, 11932, 12152
2026/08/16 03:26:55.878, 11932, 12152
2026/08/16 03:27:00.879, 11932, 12152
2026/08/16 03:27:05.880, 11932, 12152
2026/08/16 03:27:10.880, 11932, 12152
2026/08/16 03:27:15.881, 11932, 12152
2026/08/16 03:27:20.881, 11932, 12152
2026/08/16 03:27:25.882, 11932, 12152
2026/08/16 03:27:30.883, 11932, 12152
2026/08/16 03:27:35.883, 11932, 12152
2026/08/16 03:27:40.884, 11932, 12152
2026/08/16 03:27:45.885, 11932, 12152
2026/08/16 03:27:50.885, 11932, 12152
2026/08/16 03:27:55.886, 11932, 12152
2026/08/16 03:28:00.886, 11932, 12152
2026/08/16 03:28:05.887, 11932, 12152
2026/08/16 03:28:10.888, 11932, 12152
2026/08/16 03:28:15.888, 11932, 12152
2026/08/16 03:28:20.889, 11932, 12152
2026/08/16 03:28:25.890, 11932, 12152
2026/08/16 03:28:30.890, 11932, 12152
2026/08/16 03:28:35.891, 11932, 12152
2026/08/16 03:28:40.891, 11932, 12152
2026/08/16 03:28:45.892, 11932, 12152
2026/08/16 03:28:50.892, 11932, 12152
2026/08/16 03:28:55.893, 11932, 12152
2026/08/16 03:29:00.893, 11932, 12152
2026/08/16 03:29:05.894, 11932, 12152
2026/08/16 03:29:10.894, 11932, 12152
2026/08/16 03:29:15.895, 11932, 12152
2026/08/16 03:29:20.895, 11932, 12152
2026/08/16 03:29:25.896, 11932, 12152
2026/08/16 03:29:30.896, 11932, 12152
2026/08/16 03:29:35.897, 11932, 12152
2026/08/16 03:29:40.897, 11932, 12152
2026/08/16 03:29:45.898, 11932, 12152
2026/08/16 03:29:50.898, 11932, 12152
2026/08/16 03:29:55.899, 11932, 12152
2026/08/16 03:30:00.900, 11932, 12152
2026/08/16 03:30:05.900, 11932, 12152
2026/08/16 03:30:10.901, 11932, 12152
2026/08/16 03:30:15.901, 11932, 12152
2026/08/16 03:30:20.902, 11932, 12152
2026/08/16 03:30:25.902, 11932, 12152
2026/08/16 03:30:30.903, 11932, 12152
2026/08/16 03:30:35.903, 11932, 12152
2026/08/16 03:30:40.904, 11932, 12152
2026/08/16 03:30:45.904, 11932, 12152
2026/08/16 03:30:50.905, 11932, 12152
2026/08/16 03:30:55.905, 11932, 12152
2026/08/16 03:31:00.906, 11932, 12152
2026/08/16 03:31:05.906, 11932, 12152
2026/08/16 03:31:10.907, 11932, 12152
2026/08/16 03:31:15.907, 11932, 12152
2026/08/16 03:31:20.908, 11932, 12152
2026/08/16 03:31:25.908, 11932, 12152
2026/08/16 03:31:30.909, 11932, 12152
2026/08/16 03:31:35.909, 11932, 12152
2026/08/16 03:31:40.910, 11932, 12152
2026/08/16 03:31:45.911, 11932, 12152
2026/08/16 03:31:50.911, 11932, 12152
2026/08/16 03:31:55.912, 11932, 12152
2026/08/16 03:32:00.912, 11932, 12152
2026/08/16 03:32:05.913, 11932, 12152
2026/08/16 03:32:10.913, 11932, 12152
2026/08/16 03:32:15.914, 11932, 12152
2026/08/16 03:32:20.914, 11932, 12152
2026/08/16 03:32:25.915, 11932, 12152
2026/08/16 03:32:30.915, 11932, 12152
2026/08/16 03:32:35.916, 11932, 12152
2026/08/16 03:32:40.916, 11932, 12152
2026/08/16 03:32:45.917, 11932, 12152
2026/08/16 03:32:50.918, 11932, 12152
2026/08/16 03:32:55.918, 11932, 12152
2026/08/16 03:33:00.919, 11932, 12152
2026/08/16 03:33:05.919, 11932, 12152
2026/08/16 03:33:10.920, 11932, 12152
2026/08/16 03:33:15.920, 11932, 12152
2026/08/16 03:33:20.921, 11932, 12152
2026/08/16 03:33:25.921, 11932, 12152
2026/08/16 03:33:30.922, 11932, 12152
2026/08/16 03:33:35.922, 11932, 12152
2026/08/16 03:33:40.923, 11932, 12152
2026/08/16 03:33:45.924, 11932, 12152
2026/08/16 03:33:50.924, 11932, 12152
2026/08/16 03:33:55.925, 11932, 12152
2026/08/16 03:34:00.925, 11932, 12152
2026/08/16 03:34:05.926, 11932, 12152
2026/08/16 03:34:10.926, 11932, 12152
2026/08/16 03:34:15.927, 11932, 12152
2026/08/16 03:34:20.927, 11932, 12152
2026/08/16 03:34:25.928, 11932, 12152
2026/08/16 03:34:30.928, 11932, 12152
2026/08/16 03:34:35.929, 11932, 12152
2026/08/16 03:34:40.930, 11932, 12152
2026/08/16 03:34:45.930, 11932, 12152
2026/08/16 03:34:50.931, 11932, 12152
2026/08/16 03:34:55.931, 11932, 12152
2026/08/16 03:35:00.932, 11932, 12152
2026/08/16 03:35:05.932, 11932, 12152
2026/08/16 03:35:10.933, 11932, 12152
2026/08/16 03:35:15.933, 11932, 12152
2026/08/16 03:35:20.934, 11932, 12152
2026/08/16 03:35:25.935, 11932, 12152
2026/08/16 03:35:30.935, 11932, 12152
2026/08/16 03:35:35.936, 11932, 12152
2026/08/16 03:35:40.936, 11932, 12152
2026/08/16 03:35:45.937, 11932, 12152
2026/08/16 03:35:50.937, 11932, 12152
2026/08/16 03:35:55.938, 11932, 12152
2026/08/16 03:36:00.939, 11932, 12152
2026/08/16 03:36:05.939, 11932, 12152
2026/08/16 03:36:10.940, 11932, 12152
2026/08/16 03:36:15.940, 11932, 12152
2026/08/16 03:36:20.941, 11932, 12152
2026/08/16 03:36:25.941, 11932, 12152
2026/08/16 03:36:30.942, 11932, 12152
2026/08/16 03:36:35.943, 11932, 12152
2026/08/16 03:36:40.943, 11932, 12152
2026/08/16 03:36:45.944, 11932, 12152
2026/08/16 03:36:50.944, 11932, 12152
2026/08/16 03:36:55.945, 11932, 12152
2026/08/16 03:37:00.945, 11932, 12152
2026/08/16 03:37:05.946, 11932, 12152
2026/08/16 03:37:10.947, 11932, 12152
2026/08/16 03:37:15.947, 11932, 12152
2026/08/16 03:37:20.948, 11932, 12152
2026/08/16 03:37:25.948, 11932, 12152
2026/08/16 03:37:30.949, 11932, 12152
2026/08/16 03:37:35.949, 11932, 12152
2026/08/16 03:37:40.950, 11932, 12152
2026/08/16 03:37:45.951, 11932, 12152
2026/08/16 03:37:50.951, 11932, 12152
2026/08/16 03:37:55.952, 11932, 12152
2026/08/16 03:38:00.952, 11932, 12152
2026/08/16 03:38:05.953, 11932, 12152
2026/08/16 03:38:10.953, 11932, 12152
2026/08/16 03:38:15.954, 11932, 12152
2026/08/16 03:38:20.955, 11932, 12152
2026/08/16 03:38:25.955, 11932, 12152
2026/08/16 03:38:30.956, 11932, 12152
2026/08/16 03:38:35.956, 11932, 12152
2026/08/16 03:38:40.957, 11932, 12152
2026/08/16 03:38:45.957, 11932, 12152
2026/08/16 03:38:50.958, 11932, 12152
2026/08/16 03:38:55.959, 11932, 12152
2026/08/16 03:39:00.959, 11932, 12152
2026/08/16 03:39:05.960, 11932, 12152
2026/08/16 03:39:10.960, 11932, 12152
2026/08/16 03:39:15.961, 11932, 12152
2026/08/16 03:39:20.962, 11932, 12152
2026/08/16 03:39:25.962, 11932, 12152
2026/08/16 03:39:30.963, 11932, 12152
2026/08/16 03:39:35.963, 11932, 12152
2026/08/16 03:39:40.964, 11932, 12152
2026/08/16 03:39:45.964, 11932, 12152
2026/08/16 03:39:50.965, 11932, 12152
2026/08/16 03:39:55.966, 11932, 12152
2026/08/16 03:40:00.966, 11932, 12152
2026/08/16 03:40:05.967, 11932, 12152
2026/08/16 03:40:10.967, 11932, 12152
2026/08/16 03:40:15.968, 11932, 12152
2026/08/16 03:40:20.969, 11932, 12152
2026/08/16 03:40:25.969, 11932, 12152
2026/08/16 03:40:30.970, 11932, 12152
2026/08/16 03:40:35.970, 11932, 12152
2026/08/16 03:40:40.971, 11932, 12152
2026/08/16 03:40:45.972, 11932, 12152
2026/08/16 03:40:50.972, 11932, 12152
2026/08/16 03:40:55.973, 11932, 12152
2026/08/16 03:41:00.973, 11932, 12152
2026/08/16 03:41:05.974, 11932, 12152
2026/08/16 03:41:10.975, 11932, 12152
2026/08/16 03:41:15.975, 11932, 12152
2026/08/16 03:41:20.976, 11932, 12152
2026/08/16 03:41:25.976, 11932, 12152
2026/08/16 03:41:30.977, 11932, 12152
2026/08/16 03:41:35.978, 11932, 12152
2026/08/16 03:41:40.978, 11932, 12152
2026/08/16 03:41:45.979, 11932, 12152
2026/08/16 03:41:50.979, 11932, 12152
2026/08/16 03:41:55.980, 11932, 12152
2026/08/16 03:42:00.980, 11932, 12152
2026/08/16 03:42:05.981, 11932, 12152
2026/08/16 03:42:10.982, 11932, 12152
2026/08/16 03:42:15.982, 11932, 12152
2026/08/16 03:42:20.983, 11932, 12152
2026/08/16 03:42:25.983, 11932, 12152
2026/08/16 03:42:30.984, 11932, 12152
2026/08/16 03:42:35.985, 11932, 12152
2026/08/16 03:42:40.985, 11932, 12152
2026/08/16 03:42:45.986, 11932, 12152
2026/08/16 03:42:50.986, 11932, 12152
2026/08/16 03:42:55.987, 11932, 12152
2026/08/16 03:43:00.988, 11932, 12152
2026/08/16 03:43:05.988, 11932, 12152
2026/08/16 03:43:10.989, 11932, 12152
2026/08/16 03:43:15.989, 11932, 12152
2026/08/16 03:43:20.990, 11932, 12152
2026/08/16 03:43:25.991, 11932, 12152
2026/08/16 03:43:30.991, 11932, 12152
2026/08/16 03:43:35.992, 11932, 12152
2026/08/16 03:43:40.992, 11932, 12152
2026/08/16 03:43:45.993, 11932, 12152
2026/08/16 03:43:50.994, 11932, 12152
2026/08/16 03:43:55.994, 11932, 12152
2026/08/16 03:44:00.995, 11932, 12152
2026/08/16 03:44:05.995, 11932, 12152
2026/08/16 03:44:10.996, 11932, 12152
2026/08/16 03:44:15.997, 11932, 12152
2026/08/16 03:44:20.997, 11932, 12152
2026/08/16 03:44:25.998, 11932, 12152
2026/08/16 03:44:30.998, 11932, 12152
2026/08/16 03:44:35.999, 11932, 12152
2026/08/16 03:44:41.000, 11932, 12152
2026/08/16 03:44:46.000, 11932, 12152
2026/08/16 03:44:51.001, 11932, 12152
2026/08/16 03:44:56.001, 11932, 12152
2026/08/16 03:45:01.002, 11932, 12152
2026/08/16 03:45:06.003, 11932, 12152
2026/08/16 03:45:11.003, 11932, 12152
2026/08/16 03:45:16.004, 11932, 12152
2026/08/16 03:45:21.004, 11932, 12152
2026/08/16 03:45:26.005, 11932, 12152
2026/08/16 03:45:31.006, 11932, 12152
2026/08/16 03:45:36.006, 11932, 12152
2026/08/16 03:45:41.007, 11932, 12152
2026/08/16 03:45:46.007, 11932, 12152
2026/08/16 03:45:51.008, 11932, 12152
2026/08/16 03:45:56.009, 11932, 12152
2026/08/16 03:46:01.009, 11932, 12152
2026/08/16 03:46:06.010, 11932, 12152
2026/08/16 03:46:11.010, 11932, 12152
2026/08/16 03:46:16.011, 11932, 12152
2026/08/16 03:46:21.012, 11932, 12152
2026/08/16 03:46:26.012, 11932, 12152
2026/08/16 03:46:31.013, 11932, 12152
2026/08/16 03:46:36.013, 11932, 12152
2026/08/16 03:46:41.014, 11932, 12152
2026/08/16 03:46:46.015, 11932, 12152
2026/08/16 03:46:51.015, 11932, 12152
2026/08/16 03:46:56.016, 11932, 12152
2026/08/16 03:47:01.016, 11932, 12152
2026/08/16 03:47:06.017, 11932, 12152
2026/08/16 03:47:11.018, 11932, 12152
2026/08/16 03:47:16.018, 11932, 12152
2026/08/16 03:47:21.019, 11932, 12152
2026/08/16 03:47:26.019, 11932, 12152
2026/08/16 03:47:31.020, 11932, 12152
2026/08/16 03:47:36.021, 11932, 12152
2026/08/16 03:47:41.021, 11932, 12152
2026/08/16 03:47:46.022, 11932, 12152
2026/08/16 03:47:51.022, 11932, 12152
2026/08/16 03:47:56.023, 11932, 12152
2026/08/16 03:48:01.024, 11932, 12152
2026/08/16 03:48:06.024, 11932, 12152
2026/08/16 03:48:11.025, 11932, 12152
2026/08/16 03:48:16.025, 11932, 12152
2026/08/16 03:48:21.026, 11932, 12152
2026/08/16 03:48:26.027, 11932, 12152
2026/08/16 03:48:31.027, 11932, 12152
2026/08/16 03:48:36.028, 11932, 12152
2026/08/16 03:48:41.028, 11932, 12152
2026/08/16 03:48:46.029, 11932, 12152
2026/08/16 03:48:51.030, 11932, 12152
2026/08/16 03:48:56.030, 11932, 12152
2026/08/16 03:49:01.031, 11932, 12152
2026/08/16 03:49:06.031, 11932, 12152
2026/08/16 03:49:11.032, 11932, 12152
2026/08/16 03:49:16.033, 11932, 12152
2026/08/16 03:49:21.033, 11932, 12152
2026/08/16 03:49:26.034, 11932, 12152
2026/08/16 03:49:31.035, 11932, 12152
2026/08/16 03:49:36.035, 11932, 12152
2026/08/16 03:49:41.036, 11932, 12152
2026/08/16 03:49:46.036, 11932, 12152
2026/08/16 03:49:51.037, 11932, 12152
2026/08/16 03:49:56.038, 11932, 12152
2026/08/16 03:50:01.038, 11932, 12152
2026/08/16 03:50:06.039, 11932, 12152
2026/08/16 03:50:11.039, 11932, 12152
2026/08/16 03:50:16.040, 11932, 12152
2026/08/16 03:50:21.041, 11932, 12152
2026/08/16 03:50:26.041, 11932, 12152
2026/08/16 03:50:31.042, 11932, 12152
2026/08/16 03:50:36.042, 11932, 12152
2026/08/16 03:50:41.043, 11932, 12152
2026/08/16 03:50:46.044, 11932, 12152
2026/08/16 03:50:51.044, 11932, 12152
2026/08/16 03:50:56.045, 11932, 12152
2026/08/16 03:51:01.046, 11932, 12152
2026/08/16 03:51:06.046, 11932, 12152
2026/08/16 03:51:11.047, 11932, 12152
2026/08/16 03:51:16.047, 11932, 12152
2026/08/16 03:51:21.048, 11932, 12152
2026/08/16 03:51:26.049, 11932, 12152
2026/08/16 03:51:31.049, 11932, 12152
2026/08/16 03:51:36.050, 11932, 12152
2026/08/16 03:51:41.050, 11932, 12152
2026/08/16 03:51:46.051, 11932, 12152
2026/08/16 03:51:51.052, 11932, 12152
2026/08/16 03:51:56.052, 11932, 12152
2026/08/16 03:52:01.053, 11932, 12152
2026/08/16 03:52:06.053, 11932, 12152
2026/08/16 03:52:11.054, 11932, 12152
2026/08/16 03:52:16.055, 11932, 12152
2026/08/16 03:52:21.055, 11932, 12152
2026/08/16 03:52:26.056, 11932, 12152
2026/08/16 03:52:31.057, 11932, 12152
2026/08/16 03:52:36.057, 11932, 12152
2026/08/16 03:52:41.058, 11932, 12152
2026/08/16 03:52:46.058, 11932, 12152
2026/08/16 03:52:51.059, 11932, 12152
2026/08/16 03:52:56.060, 11932, 12152
2026/08/16 03:53:01.060, 11932, 12152
2026/08/16 03:53:06.061, 11932, 12152
2026/08/16 03:53:11.061, 11932, 12152
2026/08/16 03:53:16.062, 11932, 12152
2026/08/16 03:53:21.063, 11932, 12152
2026/08/16 03:53:26.063, 11932, 12152
2026/08/16 03:53:31.064, 11932, 12152
2026/08/16 03:53:36.064, 11932, 12152
2026/08/16 03:53:41.065, 11932, 12152
2026/08/16 03:53:46.066, 11932, 12152
2026/08/16 03:53:51.066, 11932, 12152
2026/08/16 03:53:56.067, 11932, 12152
2026/08/16 03:54:01.068, 11932, 12152
2026/08/16 03:54:06.068, 11932, 12152
2026/08/16 03:54:11.069, 11932, 12152
2026/08/16 03:54:16.069, 11932, 12152
2026/08/16 03:54:21.070, 11932, 12152
2026/08/16 03:54:26.071, 11932, 12152
2026/08/16 03:54:31.071, 11932, 12152
2026/08/16 03:54:36.072, 11932, 12152
2026/08/16 03:54:41.072, 11932, 12152
2026/08/16 03:54:46.073, 11932, 12152
2026/08/16 03:54:51.074, 11932, 12152
2026/08/16 03:54:56.074, 11932, 12152
2026/08/16 03:55:01.075, 11932, 12152
2026/08/16 03:55:06.076, 11932, 12152
2026/08/16 03:55:11.076, 11932, 12152
2026/08/16 03:55:16.077, 11932, 12152
2026/08/16 03:55:21.077, 11932, 12152
2026/08/16 03:55:26.078, 11932, 12152
2026/08/16 03:55:31.079, 11932, 12152
2026/08/16 03:55:36.079, 11932, 12152
2026/08/16 03:55:41.080, 11932, 12152
2026/08/16 03:55:46.081, 11932, 12152
2026/08/16 03:55:51.081, 11932, 12152
2026/08/16 03:55:56.082, 11932, 12152
2026/08/16 03:56:01.082, 11932, 12152
2026/08/16 03:56:06.083, 11932, 12152
2026/08/16 03:56:11.084, 11932, 12152
2026/08/16 03:56:16.084, 11932, 12152
2026/08/16 03:56:21.085, 11932, 12152
2026/08/16 03:56:26.085, 11932, 12152
2026/08/16 03:56:31.086, 11932, 12152
2026/08/16 03:56:36.087, 11932, 12152
2026/08/16 03:56:41.087, 11932, 12152
2026/08/16 03:56:46.088, 11932, 12152
2026/08/16 03:56:51.089, 11932, 12152
2026/08/16 03:56:56.089, 11932, 12152
2026/08/16 03:57:01.090, 11932, 12152
2026/08/16 03:57:06.090, 11932, 12152
2026/08/16 03:57:11.091, 11932, 12152
2026/08/16 03:57:16.092, 11932, 12152
2026/08/16 03:57:21.092, 11932, 12152
2026/08/16 03:57:26.093, 11932, 12152
2026/08/16 03:57:31.093, 11932, 12152
2026/08/16 03:57:36.094, 11932, 12152
2026/08/16 03:57:41.095, 11932, 12152
2026/08/16 03:57:46.095, 11932, 12152
2026/08/16 03:57:51.096, 11932, 12152
2026/08/16 03:57:56.097, 11932, 12152
2026/08/16 03:58:01.097, 11932, 12152
2026/08/16 03:58:06.098, 11932, 12152
2026/08/16 03:58:11.099, 11932, 12152
2026/08/16 03:58:16.099, 11932, 12152
2026/08/16 03:58:21.100, 11932, 12152
2026/08/16 03:58:26.100, 11932, 12152
2026/08/16 03:58:31.101, 11932, 12152
2026/08/16 03:58:36.102, 11932, 12152
2026/08/16 03:58:41.102, 11932, 12152
2026/08/16 03:58:46.103, 11932, 12152
2026/08/16 03:58:51.103, 11932, 12152
2026/08/16 03:58:56.104, 11932, 12152
2026/08/16 03:59:01.105, 11932, 12152
2026/08/16 03:59:06.105, 11932, 12152
2026/08/16 03:59:11.106, 11932, 12152
2026/08/16 03:59:16.107, 11932, 12152
2026/08/16 03:59:21.107, 11932, 12152
2026/08/16 03:59:26.108, 11932, 12152
2026/08/16 03:59:31.109, 11932, 12152
2026/08/16 03:59:36.109, 11932, 12152
2026/08/16 03:59:41.110, 11932, 12152
2026/08/16 03:59:46.110, 11932, 12152
2026/08/16 03:59:51.111, 11932, 12152
2026/08/16 03:59:56.112, 11932, 12152
2026/08/16 04:00:01.112, 11932, 12152
2026/08/16 04:00:06.113, 11932, 12152
2026/08/16 04:00:11.114, 11932, 12152
2026/08/16 04:00:16.114, 11932, 12152
2026/08/16 04:00:21.115, 11932, 12152
2026/08/16 04:00:26.115, 11932, 12152
2026/08/16 04:00:31.116, 11932, 12152
2026/08/16 04:00:36.117, 11932, 12152
2026/08/16 04:00:41.117, 11932, 12152
2026/08/16 04:00:46.118, 11932, 12152
2026/08/16 04:00:51.118, 11932, 12152
2026/08/16 04:00:56.119, 11932, 12152
2026/08/16 04:01:01.120, 11932, 12152
2026/08/16 04:01:06.120, 11932, 12152
2026/08/16 04:01:11.121, 11932, 12152
2026/08/16 04:01:16.122, 11932, 12152
2026/08/16 04:01:21.122, 11932, 12152
2026/08/16 04:01:26.123, 11932, 12152
2026/08/16 04:01:31.123, 11932, 12152
2026/08/16 04:01:36.124, 11932, 12152
2026/08/16 04:01:41.125, 11932, 12152
2026/08/16 04:01:46.125, 11932, 12152
2026/08/16 04:01:51.126, 11932, 12152
2026/08/16 04:01:56.127, 11932, 12152
2026/08/16 04:02:01.127, 11932, 12152
2026/08/16 04:02:06.128, 11932, 12152
2026/08/16 04:02:11.129, 11932, 12152
2026/08/16 04:02:16.129, 11932, 12152
2026/08/16 04:02:21.130, 11932, 12152
2026/08/16 04:02:26.130, 11932, 12152
2026/08/16 04:02:31.131, 11932, 12152
2026/08/16 04:02:36.132, 11932, 12152
2026/08/16 04:02:41.132, 11932, 12152
2026/08/16 04:02:46.133, 11932, 12152
2026/08/16 04:02:51.133, 11932, 12152
2026/08/16 04:02:56.134, 11932, 12152
2026/08/16 04:03:01.134, 11932, 12152
2026/08/16 04:03:06.135, 11932, 12152
2026/08/16 04:03:11.136, 11932, 12152
2026/08/16 04:03:16.136, 11932, 12152
2026/08/16 04:03:21.137, 11932, 12152
2026/08/16 04:03:26.137, 11932, 12152
2026/08/16 04:03:31.138, 11932, 12152
2026/08/16 04:03:36.138, 11932, 12152
2026/08/16 04:03:41.139, 11932, 12152
2026/08/16 04:03:46.139, 11932, 12152
2026/08/16 04:03:51.140, 11932, 12152
2026/08/16 04:03:56.140, 11932, 12152
2026/08/16 04:04:01.141, 11932, 12152
2026/08/16 04:04:06.142, 11932, 12152
2026/08/16 04:04:11.142, 11932, 12152
2026/08/16 04:04:16.143, 11932, 12152
2026/08/16 04:04:21.143, 11932, 12152
2026/08/16 04:04:26.144, 11932, 12152
2026/08/16 04:04:31.144, 11932, 12152
2026/08/16 04:04:36.145, 11932, 12152
2026/08/16 04:04:41.145, 11932, 12152
2026/08/16 04:04:46.146, 11932, 12152
2026/08/16 04:04:51.147, 11932, 12152
2026/08/16 04:04:56.147, 11932, 12152
2026/08/16 04:05:01.148, 11932, 12152
2026/08/16 04:05:06.148, 11932, 12152
2026/08/16 04:05:11.149, 11932, 12152
2026/08/16 04:05:16.149, 11932, 12152
2026/08/16 04:05:21.150, 11932, 12152
2026/08/16 04:05:26.151, 11932, 12152
2026/08/16 04:05:31.151, 11932, 12152
2026/08/16 04:05:36.152, 11932, 12152
2026/08/16 04:05:41.152, 11932, 12152
2026/08/16 04:05:46.153, 11932, 12152
2026/08/16 04:05:51.153, 11932, 12152
2026/08/16 04:05:56.154, 11932, 12152
2026/08/16 04:06:01.155, 11932, 12152
2026/08/16 04:06:06.155, 11932, 12152
2026/08/16 04:06:11.156, 11932, 12152
2026/08/16 04:06:16.156, 11932, 12152
2026/08/16 04:06:21.157, 11932, 12152
2026/08/16 04:06:26.157, 11932, 12152
2026/08/16 04:06:31.158, 11932, 12152
2026/08/16 04:06:36.159, 11932, 12152
2026/08/16 04:06:41.159, 11932, 12152
2026/08/16 04:06:46.160, 11932, 12152
2026/08/16 04:06:51.160, 11932, 12152
2026/08/16 04:06:56.161, 11932, 12152
2026/08/16 04:07:01.161, 11932, 12152
2026/08/16 04:07:06.162, 11932, 12152
2026/08/16 04:07:11.163, 11932, 12152
2026/08/16 04:07:16.163, 11932, 12152
2026/08/16 04:07:21.164, 11932, 12152
2026/08/16 04:07:26.164, 11932, 12152
2026/08/16 04:07:31.165, 11932, 12152
2026/08/16 04:07:36.165, 11932, 12152
2026/08/16 04:07:41.166, 11932, 12152
2026/08/16 04:07:46.167, 11932, 12152
2026/08/16 04:07:51.167, 11932, 12152
2026/08/16 04:07:56.168, 11932, 12152
2026/08/16 04:08:01.168, 11932, 12152
2026/08/16 04:08:06.169, 11932, 12152
2026/08/16 04:08:11.170, 11932, 12152
2026/08/16 04:08:16.170, 11932, 12152
2026/08/16 04:08:21.171, 11932, 12152
2026/08/16 04:08:26.171, 11932, 12152
2026/08/16 04:08:31.172, 11932, 12152
2026/08/16 04:08:36.172, 11932, 12152
2026/08/16 04:08:41.173, 11932, 12152
2026/08/16 04:08:46.174, 11932, 12152
2026/08/16 04:08:51.174, 11932, 12152
2026/08/16 04:08:56.175, 11932, 12152
2026/08/16 04:09:01.175, 11932, 12152
2026/08/16 04:09:06.176, 11932, 12152
2026/08/16 04:09:11.177, 11932, 12152
2026/08/16 04:09:16.177, 11932, 12152
2026/08/16 04:09:21.178, 11932, 12152
2026/08/16 04:09:26.178, 11932, 12152
2026/08/16 04:09:31.179, 11932, 12152
2026/08/16 04:09:36.179, 11932, 12152
2026/08/16 04:09:41.180, 11932, 12152
2026/08/16 04:09:46.181, 11932, 12152
2026/08/16 04:09:51.181, 11932, 12152
2026/08/16 04:09:56.182, 11932, 12152
2026/08/16 04:10:01.182, 11932, 12152
2026/08/16 04:10:06.183, 11932, 12152
2026/08/16 04:10:11.184, 11932, 12152
2026/08/16 04:10:16.184, 11932, 12152
2026/08/16 04:10:21.185, 11932, 12152
2026/08/16 04:10:26.185, 11932, 12152
2026/08/16 04:10:31.186, 11932, 12152
2026/08/16 04:10:36.187, 11932, 12152
2026/08/16 04:10:41.187, 11932, 12152
2026/08/16 04:10:46.188, 11932, 12152
2026/08/16 04:10:51.188, 11932, 12152
2026/08/16 04:10:56.189, 11932, 12152
2026/08/16 04:11:01.190, 11932, 12152
2026/08/16 04:11:06.190, 11932, 12152
2026/08/16 04:11:11.191, 11932, 12152
2026/08/16 04:11:16.191, 11932, 12152
2026/08/16 04:11:21.192, 11932, 12152
2026/08/16 04:11:26.192, 11932, 12152
2026/08/16 04:11:31.193, 11932, 12152
2026/08/16 04:11:36.194, 11932, 12152
2026/08/16 04:11:41.194, 11932, 12152
2026/08/16 04:11:46.195, 11932, 12152
2026/08/16 04:11:51.195, 11932, 12152
2026/08/16 04:11:56.196, 11932, 12152
2026/08/16 04:12:01.197, 11932, 12152
2026/08/16 04:12:06.197, 11932, 12152
2026/08/16 04:12:11.198, 11932, 12152
2026/08/16 04:12:16.198, 11932, 12152
2026/08/16 04:12:21.199, 11932, 12152
2026/08/16 04:12:26.200, 11932, 12152
2026/08/16 04:12:31.200, 11932, 12152
2026/08/16 04:12:36.201, 11932, 12152
2026/08/16 04:12:41.201, 11932, 12152
2026/08/16 04:12:46.202, 11932, 12152
2026/08/16 04:12:51.202, 11932, 12152
2026/08/16 04:12:56.203, 11932, 12152
2026/08/16 04:13:01.204, 11932, 12152
2026/08/16 04:13:06.204, 11932, 12152
2026/08/16 04:13:11.205, 11932, 12152
2026/08/16 04:13:16.205, 11932, 12152
2026/08/16 04:13:21.206, 11932, 12152
2026/08/16 04:13:26.206, 11932, 12152
2026/08/16 04:13:31.207, 11932, 12152
2026/08/16 04:13:36.207, 11932, 12152
2026/08/16 04:13:41.208, 11932, 12152
2026/08/16 04:13:46.208, 11932, 12152
2026/08/16 04:13:51.209, 11932, 12152
2026/08/16 04:13:56.209, 11932, 12152
2026/08/16 04:14:01.210, 11932, 12152
2026/08/16 04:14:06.210, 11932, 12152
2026/08/16 04:14:11.210, 11932, 12152
2026/08/16 04:14:16.211, 11932, 12152
2026/08/16 04:14:21.211, 11932, 12152
2026/08/16 04:14:26.212, 11932, 12152
2026/08/16 04:14:31.212, 11932, 12152
2026/08/16 04:14:36.213, 11932, 12152
2026/08/16 04:14:41.213, 11932, 12152
2026/08/16 04:14:46.214, 11932, 12152
2026/08/16 04:14:51.214, 11932, 12152
2026/08/16 04:14:56.215, 11932, 12152
2026/08/16 04:15:01.215, 11932, 12152
2026/08/16 04:15:06.216, 11932, 12152
2026/08/16 04:15:11.216, 11932, 12152
2026/08/16 04:15:16.217, 11932, 12152
2026/08/16 04:15:21.217, 11932, 12152
2026/08/16 04:15:26.218, 11932, 12152
2026/08/16 04:15:31.218, 11932, 12152
2026/08/16 04:15:36.219, 11932, 12152
2026/08/16 04:15:41.219, 11932, 12152
2026/08/16 04:15:46.220, 11932, 12152
2026/08/16 04:15:51.220, 11932, 12152
2026/08/16 04:15:56.220, 11932, 12152
2026/08/16 04:16:01.221, 11932, 12152
2026/08/16 04:16:06.221, 11932, 12152
2026/08/16 04:16:11.222, 11932, 12152
2026/08/16 04:16:16.222, 11932, 12152
2026/08/16 04:16:21.223, 11932, 12152
2026/08/16 04:16:26.223, 11932, 12152
2026/08/16 04:16:31.224, 11932, 12152
2026/08/16 04:16:36.225, 11932, 12152
2026/08/16 04:16:41.225, 11932, 12152
2026/08/16 04:16:46.226, 11932, 12152
2026/08/16 04:16:51.226, 11932, 12152
2026/08/16 04:16:56.227, 11932, 12152
2026/08/16 04:17:01.227, 11932, 12152
2026/08/16 04:17:06.228, 11932, 12152
2026/08/16 04:17:11.228, 11932, 12152
2026/08/16 04:17:16.229, 11932, 12152
2026/08/16 04:17:21.230, 11932, 12152
2026/08/16 04:17:26.230, 11932, 12152
2026/08/16 04:17:31.231, 11932, 12152
2026/08/16 04:17:36.231, 11932, 12152
2026/08/16 04:17:41.232, 11932, 12152
2026/08/16 04:17:46.232, 11932, 12152
2026/08/16 04:17:51.233, 11932, 12152
2026/08/16 04:17:56.233, 11932, 12152
2026/08/16 04:18:01.234, 11932, 12152
2026/08/16 04:18:06.234, 11932, 12152
2026/08/16 04:18:11.235, 11932, 12152
2026/08/16 04:18:16.235, 11932, 12152
2026/08/16 04:18:21.236, 11932, 12152
2026/08/16 04:18:26.236, 11932, 12152
2026/08/16 04:18:31.237, 11932, 12152
2026/08/16 04:18:36.237, 11932, 12152
2026/08/16 04:18:41.238, 11932, 12152
2026/08/16 04:18:46.238, 11932, 12152
2026/08/16 04:18:51.238, 11932, 12152
2026/08/16 04:18:56.239, 11932, 12152
2026/08/16 04:19:01.239, 11932, 12152
2026/08/16 04:19:06.240, 11932, 12152
2026/08/16 04:19:11.240, 11932, 12152
2026/08/16 04:19:16.241, 11932, 12152
2026/08/16 04:19:21.241, 11932, 12152
2026/08/16 04:19:26.242, 11932, 12152
2026/08/16 04:19:31.242, 11932, 12152
2026/08/16 04:19:36.243, 11932, 12152
2026/08/16 04:19:41.243, 11932, 12152
2026/08/16 04:19:46.244, 11932, 12152
2026/08/16 04:19:51.244, 11932, 12152
2026/08/16 04:19:56.245, 11932, 12152
2026/08/16 04:20:01.245, 11932, 12152
2026/08/16 04:20:06.246, 11932, 12152
2026/08/16 04:20:11.246, 11932, 12152
2026/08/16 04:20:16.247, 11932, 12152
2026/08/16 04:20:21.247, 11932, 12152
2026/08/16 04:20:26.248, 11932, 12152
2026/08/16 04:20:31.248, 11932, 12152
2026/08/16 04:20:36.249, 11932, 12152
2026/08/16 04:20:41.249, 11932, 12152
2026/08/16 04:20:46.250, 11932, 12152
2026/08/16 04:20:51.250, 11932, 12152
2026/08/16 04:20:56.251, 11932, 12152
2026/08/16 04:21:01.251, 11932, 12152
2026/08/16 04:21:06.252, 11932, 12152
2026/08/16 04:21:11.252, 11932, 12152
2026/08/16 04:21:16.253, 11932, 12152
2026/08/16 04:21:21.253, 11932, 12152
2026/08/16 04:21:26.253, 11932, 12152
2026/08/16 04:21:31.254, 11932, 12152
2026/08/16 04:21:36.254, 11932, 12152
2026/08/16 04:21:41.255, 11932, 12152
2026/08/16 04:21:46.255, 11932, 12152
2026/08/16 04:21:51.256, 11932, 12152
2026/08/16 04:21:56.256, 11932, 12152
2026/08/16 04:22:01.257, 11932, 12152
2026/08/16 04:22:06.257, 11932, 12152
2026/08/16 04:22:11.258, 11932, 12152
2026/08/16 04:22:16.258, 11932, 12152
2026/08/16 04:22:21.259, 11932, 12152
2026/08/16 04:22:26.259, 11932, 12152
2026/08/16 04:22:31.260, 11932, 12152
2026/08/16 04:22:36.260, 11932, 12152
2026/08/16 04:22:41.261, 11932, 12152
2026/08/16 04:22:46.261, 11932, 12152
2026/08/16 04:22:51.262, 11932, 12152
2026/08/16 04:22:56.262, 11932, 12152
2026/08/16 04:23:01.263, 11932, 12152
2026/08/16 04:23:06.263, 11932, 12152
2026/08/16 04:23:11.263, 11932, 12152
2026/08/16 04:23:16.264, 11932, 12152
2026/08/16 04:23:21.264, 11932, 12152
2026/08/16 04:23:26.265, 11932, 12152
2026/08/16 04:23:31.265, 11932, 12152
2026/08/16 04:23:36.266, 11932, 12152
2026/08/16 04:23:41.266, 11932, 12152
2026/08/16 04:23:46.267, 11932, 12152
2026/08/16 04:23:51.267, 11932, 12152
2026/08/16 04:23:56.268, 11932, 12152
2026/08/16 04:24:01.268, 11932, 12152
2026/08/16 04:24:06.269, 11932, 12152
2026/08/16 04:24:11.269, 11932, 12152
2026/08/16 04:24:16.270, 11932, 12152
2026/08/16 04:24:21.270, 11932, 12152
2026/08/16 04:24:26.271, 11932, 12152
2026/08/16 04:24:31.271, 11932, 12152
2026/08/16 04:24:36.272, 11932, 12152
2026/08/16 04:24:41.272, 11932, 12152
2026/08/16 04:24:46.273, 11932, 12152
2026/08/16 04:24:51.273, 11932, 12152
2026/08/16 04:24:56.273, 11932, 12152
2026/08/16 04:25:01.274, 11932, 12152
2026/08/16 04:25:06.274, 11932, 12152
2026/08/16 04:25:11.275, 11932, 12152
2026/08/16 04:25:16.275, 11932, 12152
2026/08/16 04:25:21.276, 11932, 12152
2026/08/16 04:25:26.276, 11932, 12152
2026/08/16 04:25:31.277, 11932, 12152
2026/08/16 04:25:36.277, 11932, 12152
2026/08/16 04:25:41.278, 11932, 12152
2026/08/16 04:25:46.278, 11932, 12152
2026/08/16 04:25:51.279, 11932, 12152
2026/08/16 04:25:56.279, 11932, 12152
2026/08/16 04:26:01.280, 11932, 12152
2026/08/16 04:26:06.280, 11932, 12152
2026/08/16 04:26:11.281, 11932, 12152
2026/08/16 04:26:16.281, 11932, 12152
2026/08/16 04:26:21.282, 11932, 12152
2026/08/16 04:26:26.282, 11932, 12152
2026/08/16 04:26:31.283, 11932, 12152
2026/08/16 04:26:36.283, 11932, 12152
2026/08/16 04:26:41.283, 11932, 12152
2026/08/16 04:26:46.284, 11932, 12152
2026/08/16 04:26:51.285, 11932, 12152
2026/08/16 04:26:56.285, 11932, 12152
2026/08/16 04:27:01.285, 11932, 12152
2026/08/16 04:27:06.286, 11932, 12152
2026/08/16 04:27:11.286, 11932, 12152
2026/08/16 04:27:16.287, 11932, 12152
2026/08/16 04:27:21.287, 11932, 12152
2026/08/16 04:27:26.288, 11932, 12152
2026/08/16 04:27:31.288, 11932, 12152
2026/08/16 04:27:36.289, 11932, 12152
2026/08/16 04:27:41.289, 11932, 12152
2026/08/16 04:27:46.290, 11932, 12152
2026/08/16 04:27:51.290, 11932, 12152
2026/08/16 04:27:56.291, 11932, 12152
2026/08/16 04:28:01.291, 11932, 12152
2026/08/16 04:28:06.292, 11932, 12152
2026/08/16 04:28:11.292, 11932, 12152
2026/08/16 04:28:16.293, 11932, 12152
2026/08/16 04:28:21.293, 11932, 12152
2026/08/16 04:28:26.294, 11932, 12152
2026/08/16 04:28:31.294, 11932, 12152
2026/08/16 04:28:36.295, 11932, 12152
2026/08/16 04:28:41.295, 11932, 12152
2026/08/16 04:28:46.296, 11932, 12152
2026/08/16 04:28:51.296, 11932, 12152
2026/08/16 04:28:56.297, 11932, 12152
2026/08/16 04:29:01.297, 11932, 12152
2026/08/16 04:29:06.297, 11932, 12152
2026/08/16 04:29:11.298, 11932, 12152
2026/08/16 04:29:16.298, 11932, 12152
2026/08/16 04:29:21.299, 11932, 12152
2026/08/16 04:29:26.299, 11932, 12152
2026/08/16 04:29:31.300, 11932, 12152
2026/08/16 04:29:36.300, 11932, 12152
2026/08/16 04:29:41.301, 11932, 12152
2026/08/16 04:29:46.301, 11932, 12152
2026/08/16 04:29:51.302, 11932, 12152
2026/08/16 04:29:56.302, 11932, 12152
2026/08/16 04:30:01.303, 11932, 12152
2026/08/16 04:30:06.303, 11932, 12152
2026/08/16 04:30:11.304, 11932, 12152
2026/08/16 04:30:16.304, 11932, 12152
2026/08/16 04:30:21.305, 11932, 12152
2026/08/16 04:30:26.305, 11932, 12152
2026/08/16 04:30:31.306, 11932, 12152
2026/08/16 04:30:36.306, 11932, 12152
2026/08/16 04:30:41.307, 11932, 12152
2026/08/16 04:30:46.307, 11932, 12152
2026/08/16 04:30:51.307, 11932, 12152
2026/08/16 04:30:56.308, 11932, 12152
2026/08/16 04:31:01.308, 11932, 12152
2026/08/16 04:31:06.309, 11932, 12152
2026/08/16 04:31:11.309, 11932, 12152
2026/08/16 04:31:16.310, 11932, 12152
2026/08/16 04:31:21.310, 11932, 12152
2026/08/16 04:31:26.311, 11932, 12152
2026/08/16 04:31:31.311, 11932, 12152
2026/08/16 04:31:36.312, 11932, 12152
2026/08/16 04:31:41.312, 11932, 12152
2026/08/16 04:31:46.313, 11932, 12152
2026/08/16 04:31:51.313, 11932, 12152
2026/08/16 04:31:56.314, 11932, 12152
2026/08/16 04:32:01.314, 11932, 12152
2026/08/16 04:32:06.315, 11932, 12152
2026/08/16 04:32:11.315, 11932, 12152
2026/08/16 04:32:16.316, 11932, 12152
2026/08/16 04:32:21.316, 11932, 12152
2026/08/16 04:32:26.316, 11932, 12152
2026/08/16 04:32:31.317, 11932, 12152
2026/08/16 04:32:36.317, 11932, 12152
2026/08/16 04:32:41.318, 11932, 12152
2026/08/16 04:32:46.318, 11932, 12152
2026/08/16 04:32:51.319, 11932, 12152
2026/08/16 04:32:56.319, 11932, 12152
2026/08/16 04:33:01.320, 11932, 12152
2026/08/16 04:33:06.320, 11932, 12152
2026/08/16 04:33:11.321, 11932, 12152
2026/08/16 04:33:16.321, 11932, 12152
2026/08/16 04:33:21.322, 11932, 12152
2026/08/16 04:33:26.322, 11932, 12152
2026/08/16 04:33:31.323, 11932, 12152
2026/08/16 04:33:36.323, 11932, 12152
2026/08/16 04:33:41.324, 11932, 12152
2026/08/16 04:33:46.324, 11932, 12152
2026/08/16 04:33:51.325, 11932, 12152
2026/08/16 04:33:56.325, 11932, 12152
2026/08/16 04:34:01.326, 11932, 12152
2026/08/16 04:34:06.326, 11932, 12152
2026/08/16 04:34:11.327, 11932, 12152
2026/08/16 04:34:16.327, 11932, 12152
2026/08/16 04:34:21.327, 11932, 12152
2026/08/16 04:34:26.328, 11932, 12152
2026/08/16 04:34:31.328, 11932, 12152
2026/08/16 04:34:36.329, 11932, 12152
2026/08/16 04:34:41.329, 11932, 12152
2026/08/16 04:34:46.330, 11932, 12152
2026/08/16 04:34:51.330, 11932, 12152
2026/08/16 04:34:56.331, 11932, 12152
2026/08/16 04:35:01.331, 11932, 12152
2026/08/16 04:35:06.332, 11932, 12152
2026/08/16 04:35:11.332, 11932, 12152
2026/08/16 04:35:16.333, 11932, 12152
2026/08/16 04:35:21.333, 11932, 12152
2026/08/16 04:35:26.334, 11932, 12152
2026/08/16 04:35:31.334, 11932, 12152
2026/08/16 04:35:36.335, 11932, 12152
2026/08/16 04:35:41.335, 11932, 12152
2026/08/16 04:35:46.336, 11932, 12152
2026/08/16 04:35:51.336, 11932, 12152
2026/08/16 04:35:56.337, 11932, 12152
2026/08/16 04:36:01.337, 11932, 12152
2026/08/16 04:36:06.338, 11932, 12152
2026/08/16 04:36:11.338, 11932, 12152
2026/08/16 04:36:16.338, 11932, 12152
2026/08/16 04:36:21.339, 11932, 12152
2026/08/16 04:36:26.339, 11932, 12152
2026/08/16 04:36:31.340, 11932, 12152
2026/08/16 04:36:36.340, 11932, 12152
2026/08/16 04:36:41.341, 11932, 12152
2026/08/16 04:36:46.341, 11932, 12152
2026/08/16 04:36:51.342, 11932, 12152
2026/08/16 04:36:56.342, 11932, 12152
2026/08/16 04:37:01.343, 11932, 12152
2026/08/16 04:37:06.343, 11932, 12152
2026/08/16 04:37:11.344, 11932, 12152
2026/08/16 04:37:16.344, 11932, 12152
2026/08/16 04:37:21.345, 11932, 12152
2026/08/16 04:37:26.345, 11932, 12152
2026/08/16 04:37:31.346, 11932, 12152
2026/08/16 04:37:36.346, 11932, 12152
2026/08/16 04:37:41.347, 11932, 12152
2026/08/16 04:37:46.347, 11932, 12152
2026/08/16 04:37:51.347, 11932, 12152
2026/08/16 04:37:56.348, 11932, 12152
2026/08/16 04:38:01.348, 11932, 12152
2026/08/16 04:38:06.349, 11932, 12152
2026/08/16 04:38:11.349, 11932, 12152
2026/08/16 04:38:16.350, 11932, 12152
2026/08/16 04:38:21.350, 11932, 12152
2026/08/16 04:38:26.351, 11932, 12152
2026/08/16 04:38:31.351, 11932, 12152
2026/08/16 04:38:36.352, 11932, 12152
2026/08/16 04:38:41.352, 11932, 12152
2026/08/16 04:38:46.353, 11932, 12152
2026/08/16 04:38:51.353, 11932, 12152
2026/08/16 04:38:56.354, 11932, 12152
2026/08/16 04:39:01.354, 11932, 12152
2026/08/16 04:39:06.355, 11932, 12152
2026/08/16 04:39:11.355, 11932, 12152
2026/08/16 04:39:16.355, 11932, 12152
2026/08/16 04:39:21.356, 11932, 12152
2026/08/16 04:39:26.356, 11932, 12152
2026/08/16 04:39:31.357, 11932, 12152
2026/08/16 04:39:36.357, 11932, 12152
2026/08/16 04:39:41.358, 11932, 12152
2026/08/16 04:39:46.358, 11932, 12152
2026/08/16 04:39:51.359, 11932, 12152
2026/08/16 04:39:56.359, 11932, 12152
2026/08/16 04:40:01.360, 11932, 12152
2026/08/16 04:40:06.360, 11932, 12152
2026/08/16 04:40:11.361, 11932, 12152
2026/08/16 04:40:16.361, 11932, 12152
2026/08/16 04:40:21.362, 11932, 12152
2026/08/16 04:40:26.362, 11932, 12152
2026/08/16 04:40:31.362, 11932, 12152
2026/08/16 04:40:36.363, 11932, 12152
2026/08/16 04:40:41.363, 11932, 12152
2026/08/16 04:40:46.364, 11932, 12152
2026/08/16 04:40:51.364, 11932, 12152
2026/08/16 04:40:56.365, 11932, 12152
2026/08/16 04:41:01.365, 11932, 12152
2026/08/16 04:41:06.366, 11932, 12152
2026/08/16 04:41:11.366, 11932, 12152
2026/08/16 04:41:16.367, 11932, 12152
2026/08/16 04:41:21.367, 11932, 12152
2026/08/16 04:41:26.368, 11932, 12152
2026/08/16 04:41:31.368, 11932, 12152
2026/08/16 04:41:36.369, 11932, 12152
2026/08/16 04:41:41.369, 11932, 12152
2026/08/16 04:41:46.370, 11932, 12152
2026/08/16 04:41:51.370, 11932, 12152
2026/08/16 04:41:56.370, 11932, 12152
2026/08/16 04:42:01.371, 11932, 12152
2026/08/16 04:42:06.371, 11932, 12152
2026/08/16 04:42:11.372, 11932, 12152
2026/08/16 04:42:16.372, 11932, 12152
2026/08/16 04:42:21.373, 11932, 12152
2026/08/16 04:42:26.373, 11932, 12152
2026/08/16 04:42:31.374, 11932, 12152
2026/08/16 04:42:36.374, 11932, 12152
2026/08/16 04:42:41.375, 11932, 12152
2026/08/16 04:42:46.375, 11932, 12152
2026/08/16 04:42:51.376, 11932, 12152
2026/08/16 04:42:56.376, 11932, 12152
2026/08/16 04:43:01.377, 11932, 12152
2026/08/16 04:43:06.377, 11932, 12152
2026/08/16 04:43:11.378, 11932, 12152
2026/08/16 04:43:16.378, 11932, 12152
2026/08/16 04:43:21.379, 11932, 12152
2026/08/16 04:43:26.379, 11932, 12152
2026/08/16 04:43:31.379, 11932, 12152
2026/08/16 04:43:36.380, 11932, 12152
2026/08/16 04:43:41.380, 11932, 12152
2026/08/16 04:43:46.381, 11932, 12152
2026/08/16 04:43:51.381, 11932, 12152
2026/08/16 04:43:56.382, 11932, 12152
2026/08/16 04:44:01.382, 11932, 12152
2026/08/16 04:44:06.383, 11932, 12152
2026/08/16 04:44:11.384, 11932, 12152
2026/08/16 04:44:16.384, 11932, 12152
2026/08/16 04:44:21.385, 11932, 12152
2026/08/16 04:44:26.385, 11932, 12152
2026/08/16 04:44:31.386, 11932, 12152
2026/08/16 04:44:36.387, 11932, 12152
2026/08/16 04:44:41.387, 11932, 12152
2026/08/16 04:44:46.388, 11932, 12152
2026/08/16 04:44:51.388, 11932, 12152
2026/08/16 04:44:56.389, 11932, 12152
2026/08/16 04:45:01.390, 11932, 12152
2026/08/16 04:45:06.390, 11932, 12152
2026/08/16 04:45:11.391, 11932, 12152
2026/08/16 04:45:16.391, 11932, 12152
2026/08/16 04:45:21.392, 11932, 12152
2026/08/16 04:45:26.393, 11932, 12152
2026/08/16 04:45:31.393, 11932, 12152
2026/08/16 04:45:36.394, 11932, 12152
2026/08/16 04:45:41.394, 11932, 12152
2026/08/16 04:45:46.395, 11932, 12152
2026/08/16 04:45:51.396, 11932, 12152
2026/08/16 04:45:56.396, 11932, 12152
2026/08/16 04:46:01.397, 11932, 12152
2026/08/16 04:46:06.397, 11932, 12152
2026/08/16 04:46:11.398, 11932, 12152
2026/08/16 04:46:16.399, 11932, 12152
2026/08/16 04:46:21.399, 11932, 12152
2026/08/16 04:46:26.400, 11932, 12152
2026/08/16 04:46:31.400, 11932, 12152
2026/08/16 04:46:36.401, 11932, 12152
2026/08/16 04:46:41.402, 11932, 12152
2026/08/16 04:46:46.402, 11932, 12152
2026/08/16 04:46:51.403, 11932, 12152
2026/08/16 04:46:56.403, 11932, 12152
2026/08/16 04:47:01.404, 11932, 12152
2026/08/16 04:47:06.405, 11932, 12152
2026/08/16 04:47:11.405, 11932, 12152
2026/08/16 04:47:16.406, 11932, 12152
2026/08/16 04:47:21.406, 11932, 12152
2026/08/16 04:47:26.407, 11932, 12152
2026/08/16 04:47:31.408, 11932, 12152
2026/08/16 04:47:36.408, 11932, 12152
2026/08/16 04:47:41.409, 11932, 12152
2026/08/16 04:47:46.410, 11932, 12152
2026/08/16 04:47:51.410, 11932, 12152
2026/08/16 04:47:56.411, 11932, 12152
2026/08/16 04:48:01.411, 11932, 12152
2026/08/16 04:48:06.412, 11932, 12152
2026/08/16 04:48:11.413, 11932, 12152
2026/08/16 04:48:16.413, 11932, 12152
2026/08/16 04:48:21.414, 11932, 12152
2026/08/16 04:48:26.414, 11932, 12152
2026/08/16 04:48:31.415, 11932, 12152
2026/08/16 04:48:36.416, 11932, 12152
2026/08/16 04:48:41.416, 11932, 12152
2026/08/16 04:48:46.417, 11932, 12152
2026/08/16 04:48:51.418, 11932, 12152
2026/08/16 04:48:56.418, 11932, 12152
2026/08/16 04:49:01.419, 11932, 12152
2026/08/16 04:49:06.419, 11932, 12152
2026/08/16 04:49:11.420, 11932, 12152
2026/08/16 04:49:16.421, 11932, 12152
2026/08/16 04:49:21.421, 11932, 12152
2026/08/16 04:49:26.422, 11932, 12152
2026/08/16 04:49:31.422, 11932, 12152
2026/08/16 04:49:36.423, 11932, 12152
2026/08/16 04:49:41.424, 11932, 12152
2026/08/16 04:49:46.424, 11932, 12152
2026/08/16 04:49:51.425, 11932, 12152
2026/08/16 04:49:56.434, 11932, 12152
2026/08/16 04:50:01.434, 11932, 12152
2026/08/16 04:50:06.435, 11932, 12152
2026/08/16 04:50:11.436, 11932, 12152
2026/08/16 04:50:16.436, 11932, 12152
2026/08/16 04:50:21.437, 11932, 12152
2026/08/16 04:50:26.437, 11932, 12152
2026/08/16 04:50:31.438, 11932, 12152
2026/08/16 04:50:36.438, 11932, 12152
2026/08/16 04:50:41.439, 11932, 12152
2026/08/16 04:50:46.439, 11932, 12152
2026/08/16 04:50:51.440, 11932, 12152
2026/08/16 04:50:56.441, 11932, 12152
2026/08/16 04:51:01.441, 11932, 12152
2026/08/16 04:51:06.442, 11932, 12152
2026/08/16 04:51:11.442, 11932, 12152
2026/08/16 04:51:16.443, 11932, 12152
2026/08/16 04:51:21.443, 11932, 12152
2026/08/16 04:51:26.444, 11932, 12152
2026/08/16 04:51:31.444, 11932, 12152
2026/08/16 04:51:36.445, 11932, 12152
2026/08/16 04:51:41.446, 11932, 12152
2026/08/16 04:51:46.446, 11932, 12152
2026/08/16 04:51:51.447, 11932, 12152
2026/08/16 04:51:56.447, 11932, 12152
2026/08/16 04:52:01.448, 11932, 12152
2026/08/16 04:52:06.448, 11932, 12152
2026/08/16 04:52:11.449, 11932, 12152
2026/08/16 04:52:16.450, 11932, 12152
2026/08/16 04:52:21.450, 11932, 12152
2026/08/16 04:52:26.451, 11932, 12152
2026/08/16 04:52:31.451, 11932, 12152
2026/08/16 04:52:36.452, 11932, 12152
2026/08/16 04:52:41.452, 11932, 12152
2026/08/16 04:52:46.453, 11932, 12152
2026/08/16 04:52:51.454, 11932, 12152
2026/08/16 04:52:56.454, 11932, 12152
2026/08/16 04:53:01.455, 11932, 12152
2026/08/16 04:53:06.455, 11932, 12152
2026/08/16 04:53:11.456, 11932, 12152
2026/08/16 04:53:16.456, 11932, 12152
2026/08/16 04:53:21.457, 11932, 12152
2026/08/16 04:53:26.458, 11932, 12152
2026/08/16 04:53:31.458, 11932, 12152
2026/08/16 04:53:36.459, 11932, 12152
2026/08/16 04:53:41.459, 11932, 12152
2026/08/16 04:53:46.460, 11932, 12152
2026/08/16 04:53:51.460, 11932, 12152
2026/08/16 04:53:56.461, 11932, 12152
2026/08/16 04:54:01.461, 11932, 12152
2026/08/16 04:54:06.462, 11932, 12152
2026/08/16 04:54:11.463, 11932, 12152
2026/08/16 04:54:16.463, 11932, 12152
2026/08/16 04:54:21.464, 11932, 12152
2026/08/16 04:54:26.464, 11932, 12152
2026/08/16 04:54:31.465, 11932, 12152
2026/08/16 04:54:36.465, 11932, 12152
2026/08/16 04:54:41.466, 11932, 12152
2026/08/16 04:54:46.467, 11932, 12152
2026/08/16 04:54:51.467, 11932, 12152
2026/08/16 04:54:56.468, 11932, 12152
2026/08/16 04:55:01.468, 11932, 12152
2026/08/16 04:55:06.469, 11932, 12152
2026/08/16 04:55:11.469, 11932, 12152
2026/08/16 04:55:16.470, 11932, 12152
2026/08/16 04:55:21.471, 11932, 12152
2026/08/16 04:55:26.471, 11932, 12152
2026/08/16 04:55:31.472, 11932, 12152
2026/08/16 04:55:36.472, 11932, 12152
2026/08/16 04:55:41.473, 11932, 12152
2026/08/16 04:55:46.473, 11932, 12152
2026/08/16 04:55:51.474, 11932, 12152
2026/08/16 04:55:56.475, 11932, 12152
2026/08/16 04:56:01.475, 11932, 12152
2026/08/16 04:56:06.476, 11932, 12152
2026/08/16 04:56:11.476, 11932, 12152
2026/08/16 04:56:16.477, 11932, 12152
2026/08/16 04:56:21.477, 11932, 12152
2026/08/16 04:56:26.478, 11932, 12152
2026/08/16 04:56:31.478, 11932, 12152
2026/08/16 04:56:36.479, 11932, 12152
2026/08/16 04:56:41.480, 11932, 12152
2026/08/16 04:56:46.480, 11932, 12152
2026/08/16 04:56:51.481, 11932, 12152
2026/08/16 04:56:56.481, 11932, 12152
2026/08/16 04:57:01.482, 11932, 12152
2026/08/16 04:57:06.482, 11932, 12152
2026/08/16 04:57:11.483, 11932, 12152
2026/08/16 04:57:16.484, 11932, 12152
2026/08/16 04:57:21.484, 11932, 12152
2026/08/16 04:57:26.485, 11932, 12152
2026/08/16 04:57:31.485, 11932, 12152
2026/08/16 04:57:36.486, 11932, 12152
2026/08/16 04:57:41.486, 11932, 12152
2026/08/16 04:57:46.487, 11932, 12152
2026/08/16 04:57:51.488, 11932, 12152
2026/08/16 04:57:56.488, 11932, 12152
2026/08/16 04:58:01.489, 11932, 12152
2026/08/16 04:58:06.489, 11932, 12152
2026/08/16 04:58:11.490, 11932, 12152
2026/08/16 04:58:16.490, 11932, 12152
2026/08/16 04:58:21.491, 11932, 12152
2026/08/16 04:58:26.492, 11932, 12152
2026/08/16 04:58:31.492, 11932, 12152
2026/08/16 04:58:36.493, 11932, 12152
2026/08/16 04:58:41.493, 11932, 12152
2026/08/16 04:58:46.494, 11932, 12152
2026/08/16 04:58:51.494, 11932, 12152
2026/08/16 04:58:56.495, 11932, 12152
2026/08/16 04:59:01.495, 11932, 12152
2026/08/16 04:59:06.496, 11932, 12152
2026/08/16 04:59:11.497, 11932, 12152
2026/08/16 04:59:16.497, 11932, 12152
2026/08/16 04:59:21.498, 11932, 12152
2026/08/16 04:59:26.498, 11932, 12152
2026/08/16 04:59:31.499, 11932, 12152
2026/08/16 04:59:36.499, 11932, 12152
2026/08/16 04:59:41.500, 11932, 12152
2026/08/16 04:59:46.501, 11932, 12152
2026/08/16 04:59:51.501, 11932, 12152
2026/08/16 04:59:56.502, 11932, 12152
2026/08/16 05:00:01.502, 11932, 12152
2026/08/16 05:00:06.503, 11932, 12152
2026/08/16 05:00:11.503, 11932, 12152
2026/08/16 05:00:16.504, 11932, 12152
2026/08/16 05:00:21.504, 11932, 12152
2026/08/16 05:00:26.505, 11932, 12152
2026/08/16 05:00:31.506, 11932, 12152
2026/08/16 05:00:36.506, 11932, 12152
2026/08/16 05:00:41.507, 11932, 12152
2026/08/16 05:00:46.507, 11932, 12152
2026/08/16 05:00:51.508, 11932, 12152
2026/08/16 05:00:56.508, 11932, 12152
2026/08/16 05:01:01.509, 11932, 12152
2026/08/16 05:01:06.509, 11932, 12152
2026/08/16 05:01:11.510, 11932, 12152
2026/08/16 05:01:16.511, 11932, 12152
2026/08/16 05:01:21.511, 11932, 12152
2026/08/16 05:01:26.512, 11932, 12152
2026/08/16 05:01:31.512, 11932, 12152
2026/08/16 05:01:36.513, 11932, 12152
2026/08/16 05:01:41.513, 11932, 12152
2026/08/16 05:01:46.514, 11932, 12152
2026/08/16 05:01:51.515, 11932, 12152
2026/08/16 05:01:56.515, 11932, 12152
2026/08/16 05:02:01.516, 11932, 12152
2026/08/16 05:02:06.516, 11932, 12152
2026/08/16 05:02:11.517, 11932, 12152
2026/08/16 05:02:16.517, 11932, 12152
2026/08/16 05:02:21.518, 11932, 12152
2026/08/16 05:02:26.519, 11932, 12152
2026/08/16 05:02:31.519, 11932, 12152
2026/08/16 05:02:36.520, 11932, 12152
2026/08/16 05:02:41.520, 11932, 12152
2026/08/16 05:02:46.521, 11932, 12152
2026/08/16 05:02:51.521, 11932, 12152
2026/08/16 05:02:56.522, 11932, 12152
2026/08/16 05:03:01.523, 11932, 12152
2026/08/16 05:03:06.523, 11932, 12152
2026/08/16 05:03:11.524, 11932, 12152
2026/08/16 05:03:16.524, 11932, 12152
2026/08/16 05:03:21.525, 11932, 12152
2026/08/16 05:03:26.525, 11932, 12152
2026/08/16 05:03:31.526, 11932, 12152
2026/08/16 05:03:36.527, 11932, 12152
2026/08/16 05:03:41.527, 11932, 12152
2026/08/16 05:03:46.528, 11932, 12152
2026/08/16 05:03:51.528, 11932, 12152
2026/08/16 05:03:56.529, 11932, 12152
2026/08/16 05:04:01.529, 11932, 12152
2026/08/16 05:04:06.530, 11932, 12152
2026/08/16 05:04:11.531, 11932, 12152
2026/08/16 05:04:16.531, 11932, 12152
2026/08/16 05:04:21.532, 11932, 12152
2026/08/16 05:04:26.532, 11932, 12152
2026/08/16 05:04:31.533, 11932, 12152
2026/08/16 05:04:36.533, 11932, 12152
2026/08/16 05:04:41.534, 11932, 12152
2026/08/16 05:04:46.535, 11932, 12152
2026/08/16 05:04:51.535, 11932, 12152
2026/08/16 05:04:56.536, 11932, 12152
2026/08/16 05:05:01.536, 11932, 12152
2026/08/16 05:05:06.537, 11932, 12152
2026/08/16 05:05:11.538, 11932, 12152
2026/08/16 05:05:16.538, 11932, 12152
2026/08/16 05:05:21.539, 11932, 12152
2026/08/16 05:05:26.539, 11932, 12152
2026/08/16 05:05:31.540, 11932, 12152
2026/08/16 05:05:36.540, 11932, 12152
2026/08/16 05:05:41.541, 11932, 12152
2026/08/16 05:05:46.541, 11932, 12152
2026/08/16 05:05:51.542, 11932, 12152
2026/08/16 05:05:56.543, 11932, 12152
2026/08/16 05:06:01.543, 11932, 12152
2026/08/16 05:06:06.544, 11932, 12152
2026/08/16 05:06:11.544, 11932, 12152
2026/08/16 05:06:16.545, 11932, 12152
2026/08/16 05:06:21.546, 11932, 12152
2026/08/16 05:06:26.546, 11932, 12152
2026/08/16 05:06:31.547, 11932, 12152
2026/08/16 05:06:36.547, 11932, 12152
2026/08/16 05:06:41.548, 11932, 12152
2026/08/16 05:06:46.548, 11932, 12152
2026/08/16 05:06:51.549, 11932, 12152
2026/08/16 05:06:56.549, 11932, 12152
2026/08/16 05:07:01.550, 11932, 12152
2026/08/16 05:07:06.551, 11932, 12152
2026/08/16 05:07:11.551, 11932, 12152
2026/08/16 05:07:16.552, 11932, 12152
2026/08/16 05:07:21.552, 11932, 12152
2026/08/16 05:07:26.553, 11932, 12152
2026/08/16 05:07:31.554, 11932, 12152
2026/08/16 05:07:36.554, 11932, 12152
2026/08/16 05:07:41.555, 11932, 12152
2026/08/16 05:07:46.555, 11932, 12152
2026/08/16 05:07:51.556, 11932, 12152
2026/08/16 05:07:56.556, 11932, 12152
2026/08/16 05:08:01.557, 11932, 12152
2026/08/16 05:08:06.558, 11932, 12152
2026/08/16 05:08:11.558, 11932, 12152
2026/08/16 05:08:16.559, 11932, 12152
2026/08/16 05:08:21.559, 11932, 12152
2026/08/16 05:08:26.560, 11932, 12152
2026/08/16 05:08:31.560, 11932, 12152
2026/08/16 05:08:36.561, 11932, 12152
2026/08/16 05:08:41.562, 11932, 12152
2026/08/16 05:08:46.562, 11932, 12152
2026/08/16 05:08:51.563, 11932, 12152
2026/08/16 05:08:56.563, 11932, 12152
2026/08/16 05:09:01.564, 11932, 12152
2026/08/16 05:09:06.565, 11932, 12152
2026/08/16 05:09:11.565, 11932, 12152
2026/08/16 05:09:16.566, 11932, 12152
2026/08/16 05:09:21.566, 11932, 12152
2026/08/16 05:09:26.567, 11932, 12152
2026/08/16 05:09:31.567, 11932, 12152
2026/08/16 05:09:36.568, 11932, 12152
2026/08/16 05:09:41.569, 11932, 12152
2026/08/16 05:09:46.569, 11932, 12152
2026/08/16 05:09:51.570, 11932, 12152
2026/08/16 05:09:56.570, 11932, 12152
2026/08/16 05:10:01.571, 11932, 12152
2026/08/16 05:10:06.571, 11932, 12152
2026/08/16 05:10:11.572, 11932, 12152
2026/08/16 05:10:16.573, 11932, 12152
2026/08/16 05:10:21.573, 11932, 12152
2026/08/16 05:10:26.574, 11932, 12152
2026/08/16 05:10:31.574, 11932, 12152
2026/08/16 05:10:36.575, 11932, 12152
2026/08/16 05:10:41.576, 11932, 12152
2026/08/16 05:10:46.576, 11932, 12152
2026/08/16 05:10:51.577, 11932, 12152
2026/08/16 05:10:56.577, 11932, 12152
2026/08/16 05:11:01.578, 11932, 12152
2026/08/16 05:11:06.578, 11932, 12152
2026/08/16 05:11:11.579, 11932, 12152
2026/08/16 05:11:16.580, 11932, 12152
2026/08/16 05:11:21.580, 11932, 12152
2026/08/16 05:11:26.581, 11932, 12152
2026/08/16 05:11:31.581, 11932, 12152
2026/08/16 05:11:36.582, 11932, 12152
2026/08/16 05:11:41.582, 11932, 12152
2026/08/16 05:11:46.583, 11932, 12152
2026/08/16 05:11:51.583, 11932, 12152
2026/08/16 05:11:56.584, 11932, 12152
2026/08/16 05:12:01.585, 11932, 12152
2026/08/16 05:12:06.585, 11932, 12152
2026/08/16 05:12:11.586, 11932, 12152
2026/08/16 05:12:16.586, 11932, 12152
2026/08/16 05:12:21.587, 11932, 12152
2026/08/16 05:12:26.587, 11932, 12152
2026/08/16 05:12:31.588, 11932, 12152
2026/08/16 05:12:36.588, 11932, 12152
2026/08/16 05:12:41.589, 11932, 12152
2026/08/16 05:12:46.590, 11932, 12152
2026/08/16 05:12:51.590, 11932, 12152
2026/08/16 05:12:56.591, 11932, 12152
2026/08/16 05:13:01.591, 11932, 12152
2026/08/16 05:13:06.592, 11932, 12152
2026/08/16 05:13:11.593, 11932, 12152
2026/08/16 05:13:16.593, 11932, 12152
2026/08/16 05:13:21.594, 11932, 12152
2026/08/16 05:13:26.594, 11932, 12152
2026/08/16 05:13:31.595, 11932, 12152
2026/08/16 05:13:36.595, 11932, 12152
2026/08/16 05:13:41.596, 11932, 12152
2026/08/16 05:13:46.597, 11932, 12152
2026/08/16 05:13:51.597, 11932, 12152
2026/08/16 05:13:56.598, 11932, 12152
2026/08/16 05:14:01.598, 11932, 12152
2026/08/16 05:14:06.599, 11932, 12152
2026/08/16 05:14:11.599, 11932, 12152
2026/08/16 05:14:16.600, 11932, 12152
2026/08/16 05:14:21.601, 11932, 12152
2026/08/16 05:14:26.601, 11932, 12152
2026/08/16 05:14:31.602, 11932, 12152
2026/08/16 05:14:36.602, 11932, 12152
2026/08/16 05:14:41.603, 11932, 12152
2026/08/16 05:14:46.603, 11932, 12152
2026/08/16 05:14:51.604, 11932, 12152
2026/08/16 05:14:56.605, 11932, 12152
2026/08/16 05:15:01.605, 11932, 12152
2026/08/16 05:15:06.606, 11932, 12152
2026/08/16 05:15:11.606, 11932, 12152
2026/08/16 05:15:16.607, 11932, 12152
2026/08/16 05:15:21.607, 11932, 12152
2026/08/16 05:15:26.608, 11932, 12152
2026/08/16 05:15:31.609, 11932, 12152
2026/08/16 05:15:36.609, 11932, 12152
2026/08/16 05:15:41.610, 11932, 12152
2026/08/16 05:15:46.610, 11932, 12152
2026/08/16 05:15:51.611, 11932, 12152
2026/08/16 05:15:56.611, 11932, 12152
2026/08/16 05:16:01.612, 11932, 12152
2026/08/16 05:16:06.613, 11932, 12152
2026/08/16 05:16:11.613, 11932, 12152
2026/08/16 05:16:16.614, 11932, 12152
2026/08/16 05:16:21.614, 11932, 12152
2026/08/16 05:16:26.615, 11932, 12152
2026/08/16 05:16:31.615, 11932, 12152
2026/08/16 05:16:36.616, 11932, 12152
2026/08/16 05:16:41.616, 11932, 12152
2026/08/16 05:16:46.617, 11932, 12152
2026/08/16 05:16:51.618, 11932, 12152
2026/08/16 05:16:56.618, 11932, 12152
2026/08/16 05:17:01.619, 11932, 12152
2026/08/16 05:17:06.619, 11932, 12152
2026/08/16 05:17:11.620, 11932, 12152
2026/08/16 05:17:16.620, 11932, 12152
2026/08/16 05:17:21.621, 11932, 12152
2026/08/16 05:17:26.622, 11932, 12152
2026/08/16 05:17:31.622, 11932, 12152
2026/08/16 05:17:36.623, 11932, 12152
2026/08/16 05:17:41.623, 11932, 12152
2026/08/16 05:17:46.624, 11932, 12152
2026/08/16 05:17:51.624, 11932, 12152
2026/08/16 05:17:56.625, 11932, 12152
2026/08/16 05:18:01.625, 11932, 12152
2026/08/16 05:18:06.626, 11932, 12152
2026/08/16 05:18:11.627, 11932, 12152
2026/08/16 05:18:16.627, 11932, 12152
2026/08/16 05:18:21.628, 11932, 12152
2026/08/16 05:18:26.628, 11932, 12152
2026/08/16 05:18:31.629, 11932, 12152
2026/08/16 05:18:36.629, 11932, 12152
2026/08/16 05:18:41.630, 11932, 12152
2026/08/16 05:18:46.631, 11932, 12152
2026/08/16 05:18:51.631, 11932, 12152
2026/08/16 05:18:56.632, 11932, 12152
2026/08/16 05:19:01.632, 11932, 12152
2026/08/16 05:19:06.633, 11932, 12152
2026/08/16 05:19:11.633, 11932, 12152
2026/08/16 05:19:16.634, 11932, 12152
2026/08/16 05:19:21.634, 11932, 12152
2026/08/16 05:19:26.635, 11932, 12152
2026/08/16 05:19:31.636, 11932, 12152
2026/08/16 05:19:36.636, 11932, 12152
2026/08/16 05:19:41.637, 11932, 12152
2026/08/16 05:19:46.637, 11932, 12152
2026/08/16 05:19:51.638, 11932, 12152
2026/08/16 05:19:56.638, 11932, 12152
2026/08/16 05:20:01.639, 11932, 12152
2026/08/16 05:20:06.640, 11932, 12152
2026/08/16 05:20:11.640, 11932, 12152
2026/08/16 05:20:16.641, 11932, 12152
2026/08/16 05:20:21.641, 11932, 12152
2026/08/16 05:20:26.642, 11932, 12152
2026/08/16 05:20:31.642, 11932, 12152
2026/08/16 05:20:36.643, 11932, 12152
2026/08/16 05:20:41.644, 11932, 12152
2026/08/16 05:20:46.644, 11932, 12152
2026/08/16 05:20:51.645, 11932, 12152
2026/08/16 05:20:56.645, 11932, 12152
2026/08/16 05:21:01.646, 11932, 12152
2026/08/16 05:21:06.646, 11932, 12152
2026/08/16 05:21:11.647, 11932, 12152
2026/08/16 05:21:16.647, 11932, 12152
2026/08/16 05:21:21.648, 11932, 12152
2026/08/16 05:21:26.649, 11932, 12152
2026/08/16 05:21:31.649, 11932, 12152
2026/08/16 05:21:36.650, 11932, 12152
2026/08/16 05:21:41.650, 11932, 12152
2026/08/16 05:21:46.651, 11932, 12152
2026/08/16 05:21:51.651, 11932, 12152
2026/08/16 05:21:56.652, 11932, 12152
2026/08/16 05:22:01.653, 11932, 12152
2026/08/16 05:22:06.653, 11932, 12152
2026/08/16 05:22:11.654, 11932, 12152
2026/08/16 05:22:16.654, 11932, 12152
2026/08/16 05:22:21.655, 11932, 12152
2026/08/16 05:22:26.655, 11932, 12152
2026/08/16 05:22:31.656, 11932, 12152
2026/08/16 05:22:36.656, 11932, 12152
2026/08/16 05:22:41.657, 11932, 12152
2026/08/16 05:22:46.658, 11932, 12152
2026/08/16 05:22:51.658, 11932, 12152
2026/08/16 05:22:56.659, 11932, 12152
2026/08/16 05:23:01.659, 11932, 12152
2026/08/16 05:23:06.660, 11932, 12152
2026/08/16 05:23:11.660, 11932, 12152
2026/08/16 05:23:16.661, 11932, 12152
2026/08/16 05:23:21.662, 11932, 12152
2026/08/16 05:23:26.662, 11932, 12152
2026/08/16 05:23:31.663, 11932, 12152
2026/08/16 05:23:36.663, 11932, 12152
2026/08/16 05:23:41.664, 11932, 12152
2026/08/16 05:23:46.664, 11932, 12152
2026/08/16 05:23:51.665, 11932, 12152
2026/08/16 05:23:56.666, 11932, 12152
2026/08/16 05:24:01.666, 11932, 12152
2026/08/16 05:24:06.667, 11932, 12152
2026/08/16 05:24:11.667, 11932, 12152
2026/08/16 05:24:16.668, 11932, 12152
2026/08/16 05:24:21.668, 11932, 12152
2026/08/16 05:24:26.669, 11932, 12152
2026/08/16 05:24:31.669, 11932, 12152
2026/08/16 05:24:36.670, 11932, 12152
2026/08/16 05:24:41.671, 11932, 12152
2026/08/16 05:24:46.671, 11932, 12152
2026/08/16 05:24:51.672, 11932, 12152
2026/08/16 05:24:56.672, 11932, 12152
2026/08/16 05:25:01.673, 11932, 12152
2026/08/16 05:25:06.673, 11932, 12152
2026/08/16 05:25:11.674, 11932, 12152
2026/08/16 05:25:16.674, 11932, 12152
2026/08/16 05:25:21.675, 11932, 12152
2026/08/16 05:25:26.676, 11932, 12152
2026/08/16 05:25:31.676, 11932, 12152
2026/08/16 05:25:36.677, 11932, 12152
2026/08/16 05:25:41.677, 11932, 12152
2026/08/16 05:25:46.678, 11932, 12152
2026/08/16 05:25:51.678, 11932, 12152
2026/08/16 05:25:56.679, 11932, 12152
2026/08/16 05:26:01.680, 11932, 12152
2026/08/16 05:26:06.680, 11932, 12152
2026/08/16 05:26:11.681, 11932, 12152
2026/08/16 05:26:16.681, 11932, 12152
2026/08/16 05:26:21.682, 11932, 12152
2026/08/16 05:26:26.682, 11932, 12152
2026/08/16 05:26:31.683, 11932, 12152
2026/08/16 05:26:36.683, 11932, 12152
2026/08/16 05:26:41.684, 11932, 12152
2026/08/16 05:26:46.685, 11932, 12152
2026/08/16 05:26:51.685, 11932, 12152
2026/08/16 05:26:56.686, 11932, 12152
2026/08/16 05:27:01.686, 11932, 12152
2026/08/16 05:27:06.687, 11932, 12152
2026/08/16 05:27:11.687, 11932, 12152
2026/08/16 05:27:16.688, 11932, 12152
2026/08/16 05:27:21.689, 11932, 12152
2026/08/16 05:27:26.689, 11932, 12152
2026/08/16 05:27:31.690, 11932, 12152
2026/08/16 05:27:36.690, 11932, 12152
2026/08/16 05:27:41.691, 11932, 12152
2026/08/16 05:27:46.691, 11932, 12152
2026/08/16 05:27:51.692, 11932, 12152
2026/08/16 05:27:56.692, 11932, 12152
2026/08/16 05:28:01.693, 11932, 12152
2026/08/16 05:28:06.694, 11932, 12152
2026/08/16 05:28:11.694, 11932, 12152
2026/08/16 05:28:16.695, 11932, 12152
2026/08/16 05:28:21.695, 11932, 12152
2026/08/16 05:28:26.696, 11932, 12152
2026/08/16 05:28:31.696, 11932, 12152
2026/08/16 05:28:36.697, 11932, 12152
2026/08/16 05:28:41.697, 11932, 12152
2026/08/16 05:28:46.698, 11932, 12152
2026/08/16 05:28:51.699, 11932, 12152
2026/08/16 05:28:56.699, 11932, 12152
2026/08/16 05:29:01.700, 11932, 12152
2026/08/16 05:29:06.700, 11932, 12152
2026/08/16 05:29:11.701, 11932, 12152
2026/08/16 05:29:16.701, 11932, 12152
2026/08/16 05:29:21.702, 11932, 12152
2026/08/16 05:29:26.702, 11932, 12152
2026/08/16 05:29:31.703, 11932, 12152
2026/08/16 05:29:36.704, 11932, 12152
2026/08/16 05:29:41.704, 11932, 12152
2026/08/16 05:29:46.705, 11932, 12152
2026/08/16 05:29:51.705, 11932, 12152
2026/08/16 05:29:56.706, 11932, 12152
2026/08/16 05:30:01.706, 11932, 12152
2026/08/16 05:30:06.707, 11932, 12152
2026/08/16 05:30:11.708, 11932, 12152
2026/08/16 05:30:16.708, 11932, 12152
2026/08/16 05:30:21.709, 11932, 12152
2026/08/16 05:30:26.709, 11932, 12152
2026/08/16 05:30:31.710, 11932, 12152
2026/08/16 05:30:36.710, 11932, 12152
2026/08/16 05:30:41.711, 11932, 12152
2026/08/16 05:30:46.711, 11932, 12152
2026/08/16 05:30:51.712, 11932, 12152
2026/08/16 05:30:56.713, 11932, 12152
2026/08/16 05:31:01.713, 11932, 12152
2026/08/16 05:31:06.714, 11932, 12152
2026/08/16 05:31:11.714, 11932, 12152
2026/08/16 05:31:16.715, 11932, 12152
2026/08/16 05:31:21.715, 11932, 12152
2026/08/16 05:31:26.716, 11932, 12152
2026/08/16 05:31:31.716, 11932, 12152
2026/08/16 05:31:36.717, 11932, 12152
2026/08/16 05:31:41.718, 11932, 12152
2026/08/16 05:31:46.718, 11932, 12152
2026/08/16 05:31:51.719, 11932, 12152
2026/08/16 05:31:56.719, 11932, 12152
2026/08/16 05:32:01.720, 11932, 12152
2026/08/16 05:32:06.720, 11932, 12152
2026/08/16 05:32:11.721, 11932, 12152
2026/08/16 05:32:16.722, 11932, 12152
2026/08/16 05:32:21.722, 11932, 12152
2026/08/16 05:32:26.723, 11932, 12152
2026/08/16 05:32:31.723, 11932, 12152
2026/08/16 05:32:36.724, 11932, 12152
2026/08/16 05:32:41.724, 11932, 12152
2026/08/16 05:32:46.725, 11932, 12152
2026/08/16 05:32:51.725, 11932, 12152
2026/08/16 05:32:56.726, 11932, 12152
2026/08/16 05:33:01.726, 11932, 12152
2026/08/16 05:33:06.727, 11932, 12152
2026/08/16 05:33:11.728, 11932, 12152
2026/08/16 05:33:16.728, 11932, 12152
2026/08/16 05:33:21.729, 11932, 12152
2026/08/16 05:33:26.729, 11932, 12152
2026/08/16 05:33:31.730, 11932, 12152
2026/08/16 05:33:36.731, 11932, 12152
2026/08/16 05:33:41.731, 11932, 12152
2026/08/16 05:33:46.732, 11932, 12152
2026/08/16 05:33:51.732, 11932, 12152
2026/08/16 05:33:56.733, 11932, 12152
2026/08/16 05:34:01.734, 11932, 12152
2026/08/16 05:34:06.734, 11932, 12152
2026/08/16 05:34:11.735, 11932, 12152
2026/08/16 05:34:16.735, 11932, 12152
2026/08/16 05:34:21.736, 11932, 12152
2026/08/16 05:34:26.737, 11932, 12152
2026/08/16 05:34:31.737, 11932, 12152
2026/08/16 05:34:36.738, 11932, 12152
2026/08/16 05:34:41.738, 11932, 12152
2026/08/16 05:34:46.739, 11932, 12152
2026/08/16 05:34:51.739, 11932, 12152
2026/08/16 05:34:56.740, 11932, 12152
2026/08/16 05:35:01.741, 11932, 12152
2026/08/16 05:35:06.741, 11932, 12152
2026/08/16 05:35:11.742, 11932, 12152
2026/08/16 05:35:16.742, 11932, 12152
2026/08/16 05:35:21.743, 11932, 12152
2026/08/16 05:35:26.744, 11932, 12152
2026/08/16 05:35:31.744, 11932, 12152
2026/08/16 05:35:36.745, 11932, 12152
2026/08/16 05:35:41.745, 11932, 12152
2026/08/16 05:35:46.746, 11932, 12152
2026/08/16 05:35:51.747, 11932, 12152
2026/08/16 05:35:56.747, 11932, 12152
2026/08/16 05:36:01.748, 11932, 12152
2026/08/16 05:36:06.748, 11932, 12152
2026/08/16 05:36:11.749, 11932, 12152
2026/08/16 05:36:16.749, 11932, 12152
2026/08/16 05:36:21.750, 11932, 12152
2026/08/16 05:36:26.751, 11932, 12152
2026/08/16 05:36:31.751, 11932, 12152
2026/08/16 05:36:36.752, 11932, 12152
2026/08/16 05:36:41.752, 11932, 12152
2026/08/16 05:36:46.753, 11932, 12152
2026/08/16 05:36:51.754, 11932, 12152
2026/08/16 05:36:56.754, 11932, 12152
2026/08/16 05:37:01.755, 11932, 12152
2026/08/16 05:37:06.755, 11932, 12152
2026/08/16 05:37:11.756, 11932, 12152
2026/08/16 05:37:16.756, 11932, 12152
2026/08/16 05:37:21.757, 11932, 12152
2026/08/16 05:37:26.758, 11932, 12152
2026/08/16 05:37:31.758, 11932, 12152
2026/08/16 05:37:36.759, 11932, 12152
2026/08/16 05:37:41.759, 11932, 12152
2026/08/16 05:37:46.760, 11932, 12152
2026/08/16 05:37:51.761, 11932, 12152
2026/08/16 05:37:56.761, 11932, 12152
2026/08/16 05:38:01.762, 11932, 12152
2026/08/16 05:38:06.762, 11932, 12152
2026/08/16 05:38:11.763, 11932, 12152
2026/08/16 05:38:16.764, 11932, 12152
2026/08/16 05:38:21.764, 11932, 12152
2026/08/16 05:38:26.765, 11932, 12152
2026/08/16 05:38:31.765, 11932, 12152
2026/08/16 05:38:36.766, 11932, 12152
2026/08/16 05:38:41.766, 11932, 12152
2026/08/16 05:38:46.767, 11932, 12152
2026/08/16 05:38:51.768, 11932, 12152
2026/08/16 05:38:56.768, 11932, 12152
2026/08/16 05:39:01.769, 11932, 12152
2026/08/16 05:39:06.769, 11932, 12152
2026/08/16 05:39:11.770, 11932, 12152
2026/08/16 05:39:16.771, 11932, 12152
2026/08/16 05:39:21.771, 11932, 12152
2026/08/16 05:39:26.772, 11932, 12152
2026/08/16 05:39:31.772, 11932, 12152
2026/08/16 05:39:36.773, 11932, 12152
2026/08/16 05:39:41.773, 11932, 12152
2026/08/16 05:39:46.774, 11932, 12152
2026/08/16 05:39:51.775, 11932, 12152
2026/08/16 05:39:56.775, 11932, 12152
2026/08/16 05:40:01.776, 11932, 12152
2026/08/16 05:40:06.776, 11932, 12152
2026/08/16 05:40:11.777, 11932, 12152
2026/08/16 05:40:16.778, 11932, 12152
2026/08/16 05:40:21.778, 11932, 12152
2026/08/16 05:40:26.779, 11932, 12152
2026/08/16 05:40:31.779, 11932, 12152
2026/08/16 05:40:36.780, 11932, 12152
2026/08/16 05:40:41.780, 11932, 12152
2026/08/16 05:40:46.781, 11932, 12152
2026/08/16 05:40:51.782, 11932, 12152
2026/08/16 05:40:56.782, 11932, 12152
2026/08/16 05:41:01.783, 11932, 12152
2026/08/16 05:41:06.783, 11932, 12152
2026/08/16 05:41:11.784, 11932, 12152
2026/08/16 05:41:16.784, 11932, 12152
2026/08/16 05:41:21.785, 11932, 12152
2026/08/16 05:41:26.786, 11932, 12152
2026/08/16 05:41:31.786, 11932, 12152
2026/08/16 05:41:36.787, 11932, 12152
2026/08/16 05:41:41.787, 11932, 12152
2026/08/16 05:41:46.788, 11932, 12152
2026/08/16 05:41:51.789, 11932, 12152
2026/08/16 05:41:56.789, 11932, 12152
2026/08/16 05:42:01.790, 11932, 12152
2026/08/16 05:42:06.790, 11932, 12152
2026/08/16 05:42:11.791, 11932, 12152
2026/08/16 05:42:16.791, 11932, 12152
2026/08/16 05:42:21.792, 11932, 12152
2026/08/16 05:42:26.793, 11932, 12152
2026/08/16 05:42:31.793, 11932, 12152
2026/08/16 05:42:36.794, 11932, 12152
2026/08/16 05:42:41.794, 11932, 12152
2026/08/16 05:42:46.795, 11932, 12152
2026/08/16 05:42:51.796, 11932, 12152
2026/08/16 05:42:56.796, 11932, 12152
2026/08/16 05:43:01.797, 11932, 12152
2026/08/16 05:43:06.797, 11932, 12152
2026/08/16 05:43:11.798, 11932, 12152
2026/08/16 05:43:16.798, 11932, 12152
2026/08/16 05:43:21.799, 11932, 12152
2026/08/16 05:43:26.800, 11932, 12152
2026/08/16 05:43:31.800, 11932, 12152
2026/08/16 05:43:36.801, 11932, 12152
2026/08/16 05:43:41.801, 11932, 12152
2026/08/16 05:43:46.802, 11932, 12152
2026/08/16 05:43:51.803, 11932, 12152
2026/08/16 05:43:56.803, 11932, 12152
2026/08/16 05:44:01.804, 11932, 12152
2026/08/16 05:44:06.804, 11932, 12152
2026/08/16 05:44:11.805, 11932, 12152
2026/08/16 05:44:16.805, 11932, 12152
2026/08/16 05:44:21.806, 11932, 12152
2026/08/16 05:44:26.807, 11932, 12152
2026/08/16 05:44:31.807, 11932, 12152
2026/08/16 05:44:36.808, 11932, 12152
2026/08/16 05:44:41.808, 11932, 12152
2026/08/16 05:44:46.809, 11932, 12152
2026/08/16 05:44:51.810, 11932, 12152
2026/08/16 05:44:56.810, 11932, 12152
2026/08/16 05:45:01.811, 11932, 12152
2026/08/16 05:45:06.811, 11932, 12152
2026/08/16 05:45:11.812, 11932, 12152
2026/08/16 05:45:16.813, 11932, 12152
2026/08/16 05:45:21.813, 11932, 12152
2026/08/16 05:45:26.814, 11932, 12152
2026/08/16 05:45:31.814, 11932, 12152
2026/08/16 05:45:36.815, 11932, 12152
2026/08/16 05:45:41.816, 11932, 12152
2026/08/16 05:45:46.816, 11932, 12152
2026/08/16 05:45:51.816, 11932, 12152
2026/08/16 05:45:56.817, 11932, 12152
2026/08/16 05:46:01.817, 11932, 12152
2026/08/16 05:46:06.818, 11932, 12152
2026/08/16 05:46:11.818, 11932, 12152
2026/08/16 05:46:16.819, 11932, 12152
2026/08/16 05:46:21.819, 11932, 12152
2026/08/16 05:46:26.820, 11932, 12152
2026/08/16 05:46:31.820, 11932, 12152
2026/08/16 05:46:36.821, 11932, 12152
2026/08/16 05:46:41.821, 11932, 12152
2026/08/16 05:46:46.822, 11932, 12152
2026/08/16 05:46:51.822, 11932, 12152
2026/08/16 05:46:56.823, 11932, 12152
2026/08/16 05:47:01.823, 11932, 12152
2026/08/16 05:47:06.824, 11932, 12152
2026/08/16 05:47:11.824, 11932, 12152
2026/08/16 05:47:16.825, 11932, 12152
2026/08/16 05:47:21.825, 11932, 12152
2026/08/16 05:47:26.826, 11932, 12152
2026/08/16 05:47:31.826, 11932, 12152
2026/08/16 05:47:36.827, 11932, 12152
2026/08/16 05:47:41.827, 11932, 12152
2026/08/16 05:47:46.827, 11932, 12152
2026/08/16 05:47:51.828, 11932, 12152
2026/08/16 05:47:56.828, 11932, 12152
2026/08/16 05:48:01.829, 11932, 12152
2026/08/16 05:48:06.829, 11932, 12152
2026/08/16 05:48:11.830, 11932, 12152
2026/08/16 05:48:16.830, 11932, 12152
2026/08/16 05:48:21.831, 11932, 12152
2026/08/16 05:48:26.831, 11932, 12152
2026/08/16 05:48:31.832, 11932, 12152
2026/08/16 05:48:36.832, 11932, 12152
2026/08/16 05:48:41.833, 11932, 12152
2026/08/16 05:48:46.833, 11932, 12152
2026/08/16 05:48:51.834, 11932, 12152
2026/08/16 05:48:56.834, 11932, 12152
2026/08/16 05:49:01.835, 11932, 12152
2026/08/16 05:49:06.835, 11932, 12152
2026/08/16 05:49:11.835, 11932, 12152
2026/08/16 05:49:16.836, 11932, 12152
2026/08/16 05:49:21.836, 11932, 12152
2026/08/16 05:49:26.837, 11932, 12152
2026/08/16 05:49:31.837, 11932, 12152
2026/08/16 05:49:36.838, 11932, 12152
2026/08/16 05:49:41.838, 11932, 12152
2026/08/16 05:49:46.839, 11932, 12152
2026/08/16 05:49:51.839, 11932, 12152
2026/08/16 05:49:56.840, 11932, 12152
2026/08/16 05:50:01.840, 11932, 12152
2026/08/16 05:50:06.841, 11932, 12152
2026/08/16 05:50:11.841, 11932, 12152
2026/08/16 05:50:16.842, 11932, 12152
2026/08/16 05:50:21.842, 11932, 12152
2026/08/16 05:50:26.843, 11932, 12152
2026/08/16 05:50:31.843, 11932, 12152
2026/08/16 05:50:36.844, 11932, 12152
2026/08/16 05:50:41.844, 11932, 12152
2026/08/16 05:50:46.845, 11932, 12152
2026/08/16 05:50:51.845, 11932, 12152
2026/08/16 05:50:56.845, 11932, 12152
2026/08/16 05:51:01.846, 11932, 12152
2026/08/16 05:51:06.846, 11932, 12152
2026/08/16 05:51:11.847, 11932, 12152
2026/08/16 05:51:16.847, 11932, 12152
2026/08/16 05:51:21.848, 11932, 12152
2026/08/16 05:51:26.848, 11932, 12152
2026/08/16 05:51:31.849, 11932, 12152
2026/08/16 05:51:36.849, 11932, 12152
2026/08/16 05:51:41.850, 11932, 12152
2026/08/16 05:51:46.850, 11932, 12152
2026/08/16 05:51:51.851, 11932, 12152
2026/08/16 05:51:56.851, 11932, 12152
2026/08/16 05:52:01.852, 11932, 12152
2026/08/16 05:52:06.852, 11932, 12152
2026/08/16 05:52:11.853, 11932, 12152
2026/08/16 05:52:16.853, 11932, 12152
2026/08/16 05:52:21.854, 11932, 12152
2026/08/16 05:52:26.854, 11932, 12152
2026/08/16 05:52:31.854, 11932, 12152
2026/08/16 05:52:36.855, 11932, 12152
2026/08/16 05:52:41.855, 11932, 12152
2026/08/16 05:52:46.856, 11932, 12152
2026/08/16 05:52:51.856, 11932, 12152
2026/08/16 05:52:56.857, 11932, 12152
2026/08/16 05:53:01.857, 11932, 12152
2026/08/16 05:53:06.858, 11932, 12152
2026/08/16 05:53:11.858, 11932, 12152
2026/08/16 05:53:16.859, 11932, 12152
2026/08/16 05:53:21.859, 11932, 12152
2026/08/16 05:53:26.860, 11932, 12152
2026/08/16 05:53:31.861, 11932, 12152
2026/08/16 05:53:36.861, 11932, 12152
2026/08/16 05:53:41.862, 11932, 12152
2026/08/16 05:53:46.862, 11932, 12152
2026/08/16 05:53:51.863, 11932, 12152
2026/08/16 05:53:56.863, 11932, 12152
2026/08/16 05:54:01.864, 11932, 12152
2026/08/16 05:54:06.865, 11932, 12152
2026/08/16 05:54:11.865, 11932, 12152
2026/08/16 05:54:16.866, 11932, 12152
2026/08/16 05:54:21.866, 11932, 12152
2026/08/16 05:54:26.867, 11932, 12152
2026/08/16 05:54:31.868, 11932, 12152
2026/08/16 05:54:36.868, 11932, 12152
2026/08/16 05:54:41.869, 11932, 12152
2026/08/16 05:54:46.869, 11932, 12152
2026/08/16 05:54:51.870, 11932, 12152
2026/08/16 05:54:56.870, 11932, 12152
2026/08/16 05:55:01.871, 11932, 12152
2026/08/16 05:55:06.871, 11932, 12152
2026/08/16 05:55:11.872, 11932, 12152
2026/08/16 05:55:16.873, 11932, 12152
2026/08/16 05:55:21.873, 11932, 12152
2026/08/16 05:55:26.874, 11932, 12152
2026/08/16 05:55:31.874, 11932, 12152
2026/08/16 05:55:36.875, 11932, 12152
2026/08/16 05:55:41.876, 11932, 12152
2026/08/16 05:55:46.876, 11932, 12152
2026/08/16 05:55:51.877, 11932, 12152
2026/08/16 05:55:56.877, 11932, 12152
2026/08/16 05:56:01.878, 11932, 12152
2026/08/16 05:56:06.879, 11932, 12152
2026/08/16 05:56:11.879, 11932, 12152
2026/08/16 05:56:16.880, 11932, 12152
2026/08/16 05:56:21.880, 11932, 12152
2026/08/16 05:56:26.881, 11932, 12152
2026/08/16 05:56:31.881, 11932, 12152
2026/08/16 05:56:36.882, 11932, 12152
2026/08/16 05:56:41.883, 11932, 12152
2026/08/16 05:56:46.883, 11932, 12152
2026/08/16 05:56:51.884, 11932, 12152
2026/08/16 05:56:56.884, 11932, 12152
2026/08/16 05:57:01.885, 11932, 12152
2026/08/16 05:57:06.886, 11932, 12152
2026/08/16 05:57:11.886, 11932, 12152
2026/08/16 05:57:16.887, 11932, 12152
2026/08/16 05:57:21.887, 11932, 12152
2026/08/16 05:57:26.888, 11932, 12152
2026/08/16 05:57:31.889, 11932, 12152
2026/08/16 05:57:36.889, 11932, 12152
2026/08/16 05:57:41.890, 11932, 12152
2026/08/16 05:57:46.890, 11932, 12152
2026/08/16 05:57:51.891, 11932, 12152
2026/08/16 05:57:56.892, 11932, 12152
2026/08/16 05:58:01.892, 11932, 12152
2026/08/16 05:58:06.893, 11932, 12152
2026/08/16 05:58:11.893, 11932, 12152
2026/08/16 05:58:16.894, 11932, 12152
2026/08/16 05:58:21.895, 11932, 12152
2026/08/16 05:58:26.895, 11932, 12152
2026/08/16 05:58:31.896, 11932, 12152
2026/08/16 05:58:36.896, 11932, 12152
2026/08/16 05:58:41.897, 11932, 12152
2026/08/16 05:58:46.898, 11932, 12152
2026/08/16 05:58:51.898, 11932, 12152
2026/08/16 05:58:56.899, 11932, 12152
2026/08/16 05:59:01.899, 11932, 12152
2026/08/16 05:59:06.900, 11932, 12152
2026/08/16 05:59:11.900, 11932, 12152
2026/08/16 05:59:16.901, 11932, 12152
2026/08/16 05:59:21.902, 11932, 12152
2026/08/16 05:59:26.902, 11932, 12152
2026/08/16 05:59:31.903, 11932, 12152
2026/08/16 05:59:36.903, 11932, 12152
2026/08/16 05:59:41.904, 11932, 12152
2026/08/16 05:59:46.905, 11932, 12152
2026/08/16 05:59:51.905, 11932, 12152
2026/08/16 05:59:56.906, 11932, 12152
2026/08/16 06:00:01.906, 11932, 12152
2026/08/16 06:00:06.907, 11932, 12152
2026/08/16 06:00:11.907, 11932, 12152
2026/08/16 06:00:16.908, 11932, 12152
2026/08/16 06:00:21.909, 11932, 12152
2026/08/16 06:00:26.909, 11932, 12152
2026/08/16 06:00:31.910, 11932, 12152
2026/08/16 06:00:36.910, 11932, 12152
2026/08/16 06:00:41.911, 11932, 12152
2026/08/16 06:00:46.912, 11932, 12152
2026/08/16 06:00:51.912, 11932, 12152
2026/08/16 06:00:56.913, 11932, 12152
2026/08/16 06:01:01.913, 11932, 12152
2026/08/16 06:01:06.914, 11932, 12152
2026/08/16 06:01:11.915, 11932, 12152
2026/08/16 06:01:16.915, 11932, 12152
2026/08/16 06:01:21.916, 11932, 12152
2026/08/16 06:01:26.916, 11932, 12152
2026/08/16 06:01:31.917, 11932, 12152
2026/08/16 06:01:36.918, 11932, 12152
2026/08/16 06:01:41.918, 11932, 12152
2026/08/16 06:01:46.919, 11932, 12152
2026/08/16 06:01:51.919, 11932, 12152
2026/08/16 06:01:56.920, 11932, 12152
2026/08/16 06:02:01.921, 11932, 12152
2026/08/16 06:02:06.921, 11932, 12152
2026/08/16 06:02:11.922, 11932, 12152
2026/08/16 06:02:16.922, 11932, 12152
2026/08/16 06:02:21.923, 11932, 12152
2026/08/16 06:02:26.924, 11932, 12152
2026/08/16 06:02:31.924, 11932, 12152
2026/08/16 06:02:36.925, 11932, 12152
2026/08/16 06:02:41.925, 11932, 12152
2026/08/16 06:02:46.926, 11932, 12152
2026/08/16 06:02:51.926, 11932, 12152
2026/08/16 06:02:56.927, 11932, 12152
2026/08/16 06:03:01.928, 11932, 12152
2026/08/16 06:03:06.928, 11932, 12152
2026/08/16 06:03:11.929, 11932, 12152
2026/08/16 06:03:16.929, 11932, 12152
2026/08/16 06:03:21.930, 11932, 12152
2026/08/16 06:03:26.931, 11932, 12152
2026/08/16 06:03:31.931, 11932, 12152
2026/08/16 06:03:36.932, 11932, 12152
2026/08/16 06:03:41.932, 11932, 12152
2026/08/16 06:03:46.933, 11932, 12152
2026/08/16 06:03:51.933, 11932, 12152
2026/08/16 06:03:56.934, 11932, 12152
2026/08/16 06:04:01.935, 11932, 12152
2026/08/16 06:04:06.935, 11932, 12152
2026/08/16 06:04:11.936, 11932, 12152
2026/08/16 06:04:16.936, 11932, 12152
2026/08/16 06:04:21.937, 11932, 12152
2026/08/16 06:04:26.938, 11932, 12152
2026/08/16 06:04:31.938, 11932, 12152
2026/08/16 06:04:36.939, 11932, 12152
2026/08/16 06:04:41.939, 11932, 12152
2026/08/16 06:04:46.940, 11932, 12152
2026/08/16 06:04:51.941, 11932, 12152
2026/08/16 06:04:56.941, 11932, 12152
2026/08/16 06:05:01.942, 11932, 12152
2026/08/16 06:05:06.942, 11932, 12152
2026/08/16 06:05:11.943, 11932, 12152
2026/08/16 06:05:16.943, 11932, 12152
2026/08/16 06:05:21.944, 11932, 12152
2026/08/16 06:05:26.944, 11932, 12152
2026/08/16 06:05:31.945, 11932, 12152
2026/08/16 06:05:36.945, 11932, 12152
2026/08/16 06:05:41.946, 11932, 12152
2026/08/16 06:05:46.947, 11932, 12152
2026/08/16 06:05:51.947, 11932, 12152
2026/08/16 06:05:56.948, 11932, 12152
2026/08/16 06:06:01.948, 11932, 12152
2026/08/16 06:06:06.949, 11932, 12152
2026/08/16 06:06:11.949, 11932, 12152
2026/08/16 06:06:16.950, 11932, 12152
2026/08/16 06:06:21.950, 11932, 12152
2026/08/16 06:06:26.951, 11932, 12152
2026/08/16 06:06:31.951, 11932, 12152
2026/08/16 06:06:36.952, 11932, 12152
2026/08/16 06:06:41.952, 11932, 12152
2026/08/16 06:06:46.953, 11932, 12152
2026/08/16 06:06:51.954, 11932, 12152
2026/08/16 06:06:56.954, 11932, 12152
2026/08/16 06:07:01.955, 11932, 12152
2026/08/16 06:07:06.955, 11932, 12152
2026/08/16 06:07:11.956, 11932, 12152
2026/08/16 06:07:16.956, 11932, 12152
2026/08/16 06:07:21.957, 11932, 12152
2026/08/16 06:07:26.957, 11932, 12152
2026/08/16 06:07:31.958, 11932, 12152
2026/08/16 06:07:36.958, 11932, 12152
2026/08/16 06:07:41.959, 11932, 12152
2026/08/16 06:07:46.960, 11932, 12152
2026/08/16 06:07:51.960, 11932, 12152
2026/08/16 06:07:56.961, 11932, 12152
2026/08/16 06:08:01.961, 11932, 12152
2026/08/16 06:08:06.962, 11932, 12152
2026/08/16 06:08:11.962, 11932, 12152
2026/08/16 06:08:16.963, 11932, 12152
2026/08/16 06:08:21.964, 11932, 12152
2026/08/16 06:08:26.964, 11932, 12152
2026/08/16 06:08:31.965, 11932, 12152
2026/08/16 06:08:36.965, 11932, 12152
2026/08/16 06:08:41.966, 11932, 12152
2026/08/16 06:08:46.966, 11932, 12152
2026/08/16 06:08:51.967, 11932, 12152
2026/08/16 06:08:56.967, 11932, 12152
2026/08/16 06:09:01.968, 11932, 12152
2026/08/16 06:09:06.968, 11932, 12152
2026/08/16 06:09:11.969, 11932, 12152
2026/08/16 06:09:16.969, 11932, 12152
2026/08/16 06:09:21.970, 11932, 12152
2026/08/16 06:09:26.971, 11932, 12152
2026/08/16 06:09:31.971, 11932, 12152
2026/08/16 06:09:36.972, 11932, 12152
2026/08/16 06:09:41.972, 11932, 12152
2026/08/16 06:09:46.973, 11932, 12152
2026/08/16 06:09:51.973, 11932, 12152
2026/08/16 06:09:56.974, 11932, 12152
2026/08/16 06:10:01.974, 11932, 12152
2026/08/16 06:10:06.975, 11932, 12152
2026/08/16 06:10:11.975, 11932, 12152
2026/08/16 06:10:16.976, 11932, 12152
2026/08/16 06:10:21.977, 11932, 12152
2026/08/16 06:10:26.977, 11932, 12152
2026/08/16 06:10:31.978, 11932, 12152
2026/08/16 06:10:36.978, 11932, 12152
2026/08/16 06:10:41.979, 11932, 12152
2026/08/16 06:10:46.979, 11932, 12152
2026/08/16 06:10:51.980, 11932, 12152
2026/08/16 06:10:56.980, 11932, 12152
2026/08/16 06:11:01.981, 11932, 12152
2026/08/16 06:11:06.981, 11932, 12152
2026/08/16 06:11:11.982, 11932, 12152
2026/08/16 06:11:16.983, 11932, 12152
2026/08/16 06:11:21.983, 11932, 12152
2026/08/16 06:11:26.984, 11932, 12152
2026/08/16 06:11:31.984, 11932, 12152
2026/08/16 06:11:36.985, 11932, 12152
2026/08/16 06:11:41.985, 11932, 12152
2026/08/16 06:11:46.986, 11932, 12152
2026/08/16 06:11:51.986, 11932, 12152
2026/08/16 06:11:56.987, 11932, 12152
2026/08/16 06:12:01.987, 11932, 12152
2026/08/16 06:12:06.988, 11932, 12152
2026/08/16 06:12:11.988, 11932, 12152
2026/08/16 06:12:16.989, 11932, 12152
2026/08/16 06:12:21.989, 11932, 12152
2026/08/16 06:12:26.990, 11932, 12152
2026/08/16 06:12:31.990, 11932, 12152
2026/08/16 06:12:36.991, 11932, 12152
2026/08/16 06:12:41.991, 11932, 12152
2026/08/16 06:12:46.992, 11932, 12152
2026/08/16 06:12:51.992, 11932, 12152
2026/08/16 06:12:56.992, 11932, 12152
2026/08/16 06:13:01.993, 11932, 12152
2026/08/16 06:13:06.994, 11932, 12152
2026/08/16 06:13:11.994, 11932, 12152
2026/08/16 06:13:16.994, 11932, 12152
2026/08/16 06:13:21.995, 11932, 12152
2026/08/16 06:13:26.995, 11932, 12152
2026/08/16 06:13:31.996, 11932, 12152
2026/08/16 06:13:36.996, 11932, 12152
2026/08/16 06:13:41.997, 11932, 12152
2026/08/16 06:13:46.997, 11932, 12152
2026/08/16 06:13:51.997, 11932, 12152
2026/08/16 06:13:56.998, 11932, 12152
2026/08/16 06:14:01.998, 11932, 12152
2026/08/16 06:14:06.999, 11932, 12152
2026/08/16 06:14:11.999, 11932, 12152
2026/08/16 06:14:16.999, 11932, 12152
2026/08/16 06:14:22.000, 11932, 12152
2026/08/16 06:14:27.000, 11932, 12152
2026/08/16 06:14:32.001, 11932, 12152
2026/08/16 06:14:37.001, 11932, 12152
2026/08/16 06:14:42.002, 11932, 12152
2026/08/16 06:14:47.002, 11932, 12152
2026/08/16 06:14:52.002, 11932, 12152
2026/08/16 06:14:57.003, 11932, 12152
2026/08/16 06:15:02.003, 11932, 12152
2026/08/16 06:15:07.004, 11932, 12152
2026/08/16 06:15:12.004, 11932, 12152
2026/08/16 06:15:17.005, 11932, 12152
2026/08/16 06:15:22.005, 11932, 12152
2026/08/16 06:15:27.006, 11932, 12152
2026/08/16 06:15:32.006, 11932, 12152
2026/08/16 06:15:37.007, 11932, 12152
2026/08/16 06:15:42.007, 11932, 12152
2026/08/16 06:15:47.008, 11932, 12152
2026/08/16 06:15:52.008, 11932, 12152
2026/08/16 06:15:57.009, 11932, 12152
2026/08/16 06:16:02.009, 11932, 12152
2026/08/16 06:16:07.010, 11932, 12152
2026/08/16 06:16:12.011, 11932, 12152
2026/08/16 06:16:17.011, 11932, 12152
2026/08/16 06:16:22.012, 11932, 12152
2026/08/16 06:16:27.012, 11932, 12152
2026/08/16 06:16:32.013, 11932, 12152
2026/08/16 06:16:37.013, 11932, 12152
2026/08/16 06:16:42.014, 11932, 12152
2026/08/16 06:16:47.014, 11932, 12152
2026/08/16 06:16:52.015, 11932, 12152
2026/08/16 06:16:57.015, 11932, 12152
2026/08/16 06:17:02.016, 11932, 12152
2026/08/16 06:17:07.017, 11932, 12152
2026/08/16 06:17:12.017, 11932, 12152
2026/08/16 06:17:17.018, 11932, 12152
2026/08/16 06:17:22.018, 11932, 12152
2026/08/16 06:17:27.019, 11932, 12152
2026/08/16 06:17:32.019, 11932, 12152
2026/08/16 06:17:37.020, 11932, 12152
2026/08/16 06:17:42.020, 11932, 12152
2026/08/16 06:17:47.021, 11932, 12152
2026/08/16 06:17:52.021, 11932, 12152
2026/08/16 06:17:57.022, 11932, 12152
2026/08/16 06:18:02.022, 11932, 12152
2026/08/16 06:18:07.023, 11932, 12152
2026/08/16 06:18:12.024, 11932, 12152
2026/08/16 06:18:17.024, 11932, 12152
2026/08/16 06:18:22.025, 11932, 12152
2026/08/16 06:18:27.025, 11932, 12152
2026/08/16 06:18:32.026, 11932, 12152
2026/08/16 06:18:37.026, 11932, 12152
2026/08/16 06:18:42.027, 11932, 12152
2026/08/16 06:18:47.027, 11932, 12152
2026/08/16 06:18:52.028, 11932, 12152
2026/08/16 06:18:57.028, 11932, 12152
2026/08/16 06:19:02.029, 11932, 12152
2026/08/16 06:19:07.030, 11932, 12152
2026/08/16 06:19:12.030, 11932, 12152
2026/08/16 06:19:17.031, 11932, 12152
2026/08/16 06:19:22.031, 11932, 12152
2026/08/16 06:19:27.032, 11932, 12152
2026/08/16 06:19:32.032, 11932, 12152
2026/08/16 06:19:37.033, 11932, 12152
2026/08/16 06:19:42.033, 11932, 12152
2026/08/16 06:19:47.034, 11932, 12152
2026/08/16 06:19:52.034, 11932, 12152
2026/08/16 06:19:57.035, 11932, 12152
2026/08/16 06:20:02.035, 11932, 12152
2026/08/16 06:20:07.036, 11932, 12152
2026/08/16 06:20:12.036, 11932, 12152
2026/08/16 06:20:17.037, 11932, 12152
2026/08/16 06:20:22.037, 11932, 12152
2026/08/16 06:20:27.038, 11932, 12152
2026/08/16 06:20:32.038, 11932, 12152
2026/08/16 06:20:37.039, 11932, 12152
2026/08/16 06:20:42.039, 11932, 12152
2026/08/16 06:20:47.040, 11932, 12152
2026/08/16 06:20:52.040, 11932, 12152
2026/08/16 06:20:57.041, 11932, 12152
2026/08/16 06:21:02.042, 11932, 12152
2026/08/16 06:21:07.042, 11932, 12152
2026/08/16 06:21:12.043, 11932, 12152
2026/08/16 06:21:17.043, 11932, 12152
2026/08/16 06:21:22.044, 11932, 12152
2026/08/16 06:21:27.044, 11932, 12152
2026/08/16 06:21:32.045, 11932, 12152
2026/08/16 06:21:37.045, 11932, 12152
2026/08/16 06:21:42.046, 11932, 12152
2026/08/16 06:21:47.046, 11932, 12152
2026/08/16 06:21:52.047, 11932, 12152
2026/08/16 06:21:57.047, 11932, 12152
2026/08/16 06:22:02.048, 11932, 12152
2026/08/16 06:22:07.049, 11932, 12152
2026/08/16 06:22:12.049, 11932, 12152
2026/08/16 06:22:17.050, 11932, 12152
2026/08/16 06:22:22.050, 11932, 12152
2026/08/16 06:22:27.051, 11932, 12152
2026/08/16 06:22:32.051, 11932, 12152
2026/08/16 06:22:37.052, 11932, 12152
2026/08/16 06:22:42.052, 11932, 12152
2026/08/16 06:22:47.053, 11932, 12152
2026/08/16 06:22:52.053, 11932, 12152
2026/08/16 06:22:57.054, 11932, 12152
2026/08/16 06:23:02.054, 11932, 12152
2026/08/16 06:23:07.055, 11932, 12152
2026/08/16 06:23:12.056, 11932, 12152
2026/08/16 06:23:17.056, 11932, 12152
2026/08/16 06:23:22.057, 11932, 12152
2026/08/16 06:23:27.057, 11932, 12152
2026/08/16 06:23:32.058, 11932, 12152
2026/08/16 06:23:37.058, 11932, 12152
2026/08/16 06:23:42.059, 11932, 12152
2026/08/16 06:23:47.059, 11932, 12152
2026/08/16 06:23:52.060, 11932, 12152
2026/08/16 06:23:57.060, 11932, 12152
2026/08/16 06:24:02.061, 11932, 12152
2026/08/16 06:24:07.061, 11932, 12152
2026/08/16 06:24:12.062, 11932, 12152
2026/08/16 06:24:17.062, 11932, 12152
2026/08/16 06:24:22.063, 11932, 12152
2026/08/16 06:24:27.063, 11932, 12152
2026/08/16 06:24:32.064, 11932, 12152
2026/08/16 06:24:37.064, 11932, 12152
2026/08/16 06:24:42.065, 11932, 12152
2026/08/16 06:24:47.065, 11932, 12152
2026/08/16 06:24:52.066, 11932, 12152
2026/08/16 06:24:57.075, 11932, 12152
2026/08/16 06:25:02.075, 11932, 12152
2026/08/16 06:25:07.076, 11932, 12152
2026/08/16 06:25:12.076, 11932, 12152
2026/08/16 06:25:17.077, 11932, 12152
2026/08/16 06:25:22.077, 11932, 12152
2026/08/16 06:25:27.078, 11932, 12152
2026/08/16 06:25:32.079, 11932, 12152
2026/08/16 06:25:37.079, 11932, 12152
2026/08/16 06:25:42.080, 11932, 12152
2026/08/16 06:25:47.080, 11932, 12152
2026/08/16 06:25:52.081, 11932, 12152
2026/08/16 06:25:57.081, 11932, 12152
2026/08/16 06:26:02.082, 11932, 12152
2026/08/16 06:26:07.082, 11932, 12152
2026/08/16 06:26:12.083, 11932, 12152
2026/08/16 06:26:17.083, 11932, 12152
2026/08/16 06:26:22.084, 11932, 12152
2026/08/16 06:26:27.085, 11932, 12152
2026/08/16 06:26:32.085, 11932, 12152
2026/08/16 06:26:37.086, 11932, 12152
2026/08/16 06:26:42.086, 11932, 12152
2026/08/16 06:26:47.087, 11932, 12152
2026/08/16 06:26:52.087, 11932, 12152
2026/08/16 06:26:57.088, 11932, 12152
2026/08/16 06:27:02.088, 11932, 12152
2026/08/16 06:27:07.089, 11932, 12152
2026/08/16 06:27:12.089, 11932, 12152
2026/08/16 06:27:17.090, 11932, 12152
2026/08/16 06:27:22.091, 11932, 12152
2026/08/16 06:27:27.091, 11932, 12152
2026/08/16 06:27:32.092, 11932, 12152
2026/08/16 06:27:37.092, 11932, 12152
2026/08/16 06:27:42.093, 11932, 12152
2026/08/16 06:27:47.093, 11932, 12152
2026/08/16 06:27:52.094, 11932, 12152
2026/08/16 06:27:57.094, 11932, 12152
2026/08/16 06:28:02.095, 11932, 12152
2026/08/16 06:28:07.095, 11932, 12152
2026/08/16 06:28:12.096, 11932, 12152
2026/08/16 06:28:17.097, 11932, 12152
2026/08/16 06:28:22.097, 11932, 12152
2026/08/16 06:28:27.098, 11932, 12152
2026/08/16 06:28:32.098, 11932, 12152
2026/08/16 06:28:37.099, 11932, 12152
2026/08/16 06:28:42.099, 11932, 12152
2026/08/16 06:28:47.100, 11932, 12152
2026/08/16 06:28:52.100, 11932, 12152
2026/08/16 06:28:57.101, 11932, 12152
2026/08/16 06:29:02.101, 11932, 12152
2026/08/16 06:29:07.102, 11932, 12152
2026/08/16 06:29:12.102, 11932, 12152
2026/08/16 06:29:17.103, 11932, 12152
2026/08/16 06:29:22.103, 11932, 12152
2026/08/16 06:29:27.104, 11932, 12152
2026/08/16 06:29:32.104, 11932, 12152
2026/08/16 06:29:37.105, 11932, 12152
2026/08/16 06:29:42.106, 11932, 12152
2026/08/16 06:29:47.106, 11932, 12152
2026/08/16 06:29:52.107, 11932, 12152
2026/08/16 06:29:57.107, 11932, 12152
2026/08/16 06:30:02.108, 11932, 12152
2026/08/16 06:30:07.108, 11932, 12152
2026/08/16 06:30:12.109, 11932, 12152
2026/08/16 06:30:17.109, 11932, 12152
2026/08/16 06:30:22.110, 11932, 12152
2026/08/16 06:30:27.110, 11932, 12152
2026/08/16 06:30:32.111, 11932, 12152
2026/08/16 06:30:37.112, 11932, 12152
2026/08/16 06:30:42.112, 11932, 12152
2026/08/16 06:30:47.112, 11932, 12152
2026/08/16 06:30:52.113, 11932, 12152
2026/08/16 06:30:57.114, 11932, 12152
2026/08/16 06:31:02.114, 11932, 12152
2026/08/16 06:31:07.115, 11932, 12152
2026/08/16 06:31:12.115, 11932, 12152
2026/08/16 06:31:17.116, 11932, 12152
2026/08/16 06:31:22.116, 11932, 12152
2026/08/16 06:31:27.117, 11932, 12152
2026/08/16 06:31:32.117, 11932, 12152
2026/08/16 06:31:37.118, 11932, 12152
2026/08/16 06:31:42.119, 11932, 12152
2026/08/16 06:31:47.119, 11932, 12152
2026/08/16 06:31:52.120, 11932, 12152
2026/08/16 06:31:57.120, 11932, 12152
2026/08/16 06:32:02.121, 11932, 12152
2026/08/16 06:32:07.121, 11932, 12152
2026/08/16 06:32:12.122, 11932, 12152
2026/08/16 06:32:17.122, 11932, 12152
2026/08/16 06:32:22.123, 11932, 12152
2026/08/16 06:32:27.123, 11932, 12152
2026/08/16 06:32:32.124, 11932, 12152
2026/08/16 06:32:37.124, 11932, 12152
2026/08/16 06:32:42.125, 11932, 12152
2026/08/16 06:32:47.125, 11932, 12152
2026/08/16 06:32:52.126, 11932, 12152
2026/08/16 06:32:57.126, 11932, 12152
2026/08/16 06:33:02.127, 11932, 12152
2026/08/16 06:33:07.127, 11932, 12152
2026/08/16 06:33:12.128, 11932, 12152
2026/08/16 06:33:17.129, 11932, 12152
2026/08/16 06:33:22.129, 11932, 12152
2026/08/16 06:33:27.130, 11932, 12152
2026/08/16 06:33:32.130, 11932, 12152
2026/08/16 06:33:37.131, 11932, 12152
2026/08/16 06:33:42.131, 11932, 12152
2026/08/16 06:33:47.132, 11932, 12152
2026/08/16 06:33:52.132, 11932, 12152
2026/08/16 06:33:57.133, 11932, 12152
2026/08/16 06:34:02.133, 11932, 12152
2026/08/16 06:34:07.134, 11932, 12152
2026/08/16 06:34:12.134, 11932, 12152
2026/08/16 06:34:17.135, 11932, 12152
2026/08/16 06:34:22.136, 11932, 12152
2026/08/16 06:34:27.136, 11932, 12152
2026/08/16 06:34:32.137, 11932, 12152
2026/08/16 06:34:37.137, 11932, 12152
2026/08/16 06:34:42.138, 11932, 12152
2026/08/16 06:34:47.138, 11932, 12152
2026/08/16 06:34:52.139, 11932, 12152
2026/08/16 06:34:57.139, 11932, 12152
2026/08/16 06:35:02.140, 11932, 12152
2026/08/16 06:35:07.140, 11932, 12152
2026/08/16 06:35:12.141, 11932, 12152
2026/08/16 06:35:17.142, 11932, 12152
2026/08/16 06:35:22.142, 11932, 12152
2026/08/16 06:35:27.143, 11932, 12152
2026/08/16 06:35:32.143, 11932, 12152
2026/08/16 06:35:37.144, 11932, 12152
2026/08/16 06:35:42.144, 11932, 12152
2026/08/16 06:35:47.145, 11932, 12152
2026/08/16 06:35:52.145, 11932, 12152
2026/08/16 06:35:57.146, 11932, 12152
2026/08/16 06:36:02.146, 11932, 12152
2026/08/16 06:36:07.147, 11932, 12152
2026/08/16 06:36:12.148, 11932, 12152
2026/08/16 06:36:17.148, 11932, 12152
2026/08/16 06:36:22.149, 11932, 12152
2026/08/16 06:36:27.149, 11932, 12152
2026/08/16 06:36:32.150, 11932, 12152
2026/08/16 06:36:37.150, 11932, 12152
2026/08/16 06:36:42.151, 11932, 12152
2026/08/16 06:36:47.151, 11932, 12152
2026/08/16 06:36:52.152, 11932, 12152
2026/08/16 06:36:57.152, 11932, 12152
2026/08/16 06:37:02.153, 11932, 12152
2026/08/16 06:37:07.153, 11932, 12152
2026/08/16 06:37:12.154, 11932, 12152
2026/08/16 06:37:17.155, 11932, 12152
2026/08/16 06:37:22.155, 11932, 12152
2026/08/16 06:37:27.156, 11932, 12152
2026/08/16 06:37:32.156, 11932, 12152
2026/08/16 06:37:37.157, 11932, 12152
2026/08/16 06:37:42.157, 11932, 12152
2026/08/16 06:37:47.158, 11932, 12152
2026/08/16 06:37:52.158, 11932, 12152
2026/08/16 06:37:57.159, 11932, 12152
2026/08/16 06:38:02.159, 11932, 12152
2026/08/16 06:38:07.160, 11932, 12152
2026/08/16 06:38:12.160, 11932, 12152
2026/08/16 06:38:17.161, 11932, 12152
2026/08/16 06:38:22.161, 11932, 12152
2026/08/16 06:38:27.162, 11932, 12152
2026/08/16 06:38:32.162, 11932, 12152
2026/08/16 06:38:37.162, 11932, 12152
2026/08/16 06:38:42.163, 11932, 12152
2026/08/16 06:38:47.163, 11932, 12152
2026/08/16 06:38:52.164, 11932, 12152
2026/08/16 06:38:57.164, 11932, 12152
2026/08/16 06:39:02.165, 11932, 12152
2026/08/16 06:39:07.165, 11932, 12152
2026/08/16 06:39:12.166, 11932, 12152
2026/08/16 06:39:17.167, 11932, 12152
2026/08/16 06:39:22.167, 11932, 12152
2026/08/16 06:39:27.168, 11932, 12152
2026/08/16 06:39:32.168, 11932, 12152
2026/08/16 06:39:37.169, 11932, 12152
2026/08/16 06:39:42.169, 11932, 12152
2026/08/16 06:39:47.169, 11932, 12152
2026/08/16 06:39:52.170, 11932, 12152
2026/08/16 06:39:57.170, 11932, 12152
2026/08/16 06:40:02.171, 11932, 12152
2026/08/16 06:40:07.172, 11932, 12152
2026/08/16 06:40:12.172, 11932, 12152
2026/08/16 06:40:17.173, 11932, 12152
2026/08/16 06:40:22.173, 11932, 12152
2026/08/16 06:40:27.174, 11932, 12152
2026/08/16 06:40:32.174, 11932, 12152
2026/08/16 06:40:37.175, 11932, 12152
2026/08/16 06:40:42.175, 11932, 12152
2026/08/16 06:40:47.176, 11932, 12152
2026/08/16 06:40:52.176, 11932, 12152
2026/08/16 06:40:57.177, 11932, 12152
2026/08/16 06:41:02.177, 11932, 12152
2026/08/16 06:41:07.178, 11932, 12152
2026/08/16 06:41:12.178, 11932, 12152
2026/08/16 06:41:17.179, 11932, 12152
2026/08/16 06:41:22.179, 11932, 12152
2026/08/16 06:41:27.180, 11932, 12152
2026/08/16 06:41:32.180, 11932, 12152
2026/08/16 06:41:37.181, 11932, 12152
2026/08/16 06:41:42.181, 11932, 12152
2026/08/16 06:41:47.182, 11932, 12152
2026/08/16 06:41:52.183, 11932, 12152
2026/08/16 06:41:57.183, 11932, 12152
2026/08/16 06:42:02.183, 11932, 12152
2026/08/16 06:42:07.184, 11932, 12152
2026/08/16 06:42:12.184, 11932, 12152
2026/08/16 06:42:17.185, 11932, 12152
2026/08/16 06:42:22.186, 11932, 12152
2026/08/16 06:42:27.186, 11932, 12152
2026/08/16 06:42:32.187, 11932, 12152
2026/08/16 06:42:37.187, 11932, 12152
2026/08/16 06:42:42.188, 11932, 12152
2026/08/16 06:42:47.188, 11932, 12152
2026/08/16 06:42:52.189, 11932, 12152
2026/08/16 06:42:57.189, 11932, 12152
2026/08/16 06:43:02.190, 11932, 12152
2026/08/16 06:43:07.190, 11932, 12152
2026/08/16 06:43:12.191, 11932, 12152
2026/08/16 06:43:17.191, 11932, 12152
2026/08/16 06:43:22.191, 11932, 12152
2026/08/16 06:43:27.192, 11932, 12152
2026/08/16 06:43:32.192, 11932, 12152
2026/08/16 06:43:37.193, 11932, 12152
2026/08/16 06:43:42.193, 11932, 12152
2026/08/16 06:43:47.194, 11932, 12152
2026/08/16 06:43:52.194, 11932, 12152
2026/08/16 06:43:57.194, 11932, 12152
2026/08/16 06:44:02.195, 11932, 12152
2026/08/16 06:44:07.196, 11932, 12152
2026/08/16 06:44:12.196, 11932, 12152
2026/08/16 06:44:17.197, 11932, 12152
2026/08/16 06:44:22.197, 11932, 12152
2026/08/16 06:44:27.198, 11932, 12152
2026/08/16 06:44:32.198, 11932, 12152
2026/08/16 06:44:37.199, 11932, 12152
2026/08/16 06:44:42.199, 11932, 12152
2026/08/16 06:44:47.200, 11932, 12152
2026/08/16 06:44:52.200, 11932, 12152
2026/08/16 06:44:57.201, 11932, 12152
2026/08/16 06:45:02.201, 11932, 12152
2026/08/16 06:45:07.202, 11932, 12152
2026/08/16 06:45:12.202, 11932, 12152
2026/08/16 06:45:17.203, 11932, 12152
2026/08/16 06:45:22.203, 11932, 12152
2026/08/16 06:45:27.204, 11932, 12152
2026/08/16 06:45:32.204, 11932, 12152
2026/08/16 06:45:37.204, 11932, 12152
2026/08/16 06:45:42.205, 11932, 12152
2026/08/16 06:45:47.205, 11932, 12152
2026/08/16 06:45:52.206, 11932, 12152
2026/08/16 06:45:57.206, 11932, 12152
2026/08/16 06:46:02.207, 11932, 12152
2026/08/16 06:46:07.207, 11932, 12152
2026/08/16 06:46:12.207, 11932, 12152
2026/08/16 06:46:17.208, 11932, 12152
2026/08/16 06:46:22.208, 11932, 12152
2026/08/16 06:46:27.209, 11932, 12152
2026/08/16 06:46:32.209, 11932, 12152
2026/08/16 06:46:37.210, 11932, 12152
2026/08/16 06:46:42.210, 11932, 12152
2026/08/16 06:46:47.210, 11932, 12152
2026/08/16 06:46:52.211, 11932, 12152
2026/08/16 06:46:57.211, 11932, 12152
2026/08/16 06:47:02.212, 11932, 12152
2026/08/16 06:47:07.212, 11932, 12152
2026/08/16 06:47:12.212, 11932, 12152
2026/08/16 06:47:17.213, 11932, 12152
2026/08/16 06:47:22.213, 11932, 12152
2026/08/16 06:47:27.214, 11932, 12152
2026/08/16 06:47:32.215, 11932, 12152
2026/08/16 06:47:37.215, 11932, 12152
2026/08/16 06:47:42.216, 11932, 12152
2026/08/16 06:47:47.216, 11932, 12152
2026/08/16 06:47:52.217, 11932, 12152
2026/08/16 06:47:57.217, 11932, 12152
2026/08/16 06:48:02.218, 11932, 12152
2026/08/16 06:48:07.218, 11932, 12152
2026/08/16 06:48:12.219, 11932, 12152
2026/08/16 06:48:17.219, 11932, 12152
2026/08/16 06:48:22.220, 11932, 12152
2026/08/16 06:48:27.221, 11932, 12152
2026/08/16 06:48:32.221, 11932, 12152
2026/08/16 06:48:37.222, 11932, 12152
2026/08/16 06:48:42.222, 11932, 12152
2026/08/16 06:48:47.223, 11932, 12152
2026/08/16 06:48:52.223, 11932, 12152
2026/08/16 06:48:57.223, 11932, 12152
2026/08/16 06:49:02.224, 11932, 12152
2026/08/16 06:49:07.224, 11932, 12152
2026/08/16 06:49:12.225, 11932, 12152
2026/08/16 06:49:17.225, 11932, 12152
2026/08/16 06:49:22.226, 11932, 12152
2026/08/16 06:49:27.226, 11932, 12152
2026/08/16 06:49:32.227, 11932, 12152
2026/08/16 06:49:37.227, 11932, 12152
2026/08/16 06:49:42.228, 11932, 12152
2026/08/16 06:49:47.228, 11932, 12152
2026/08/16 06:49:52.229, 11932, 12152
2026/08/16 06:49:57.229, 11932, 12152
2026/08/16 06:50:02.229, 11932, 12152
2026/08/16 06:50:07.230, 11932, 12152
2026/08/16 06:50:12.230, 11932, 12152
2026/08/16 06:50:17.231, 11932, 12152
2026/08/16 06:50:22.231, 11932, 12152
2026/08/16 06:50:27.232, 11932, 12152
2026/08/16 06:50:32.232, 11932, 12152
2026/08/16 06:50:37.233, 11932, 12152
2026/08/16 06:50:42.233, 11932, 12152
2026/08/16 06:50:47.234, 11932, 12152
2026/08/16 06:50:52.234, 11932, 12152
2026/08/16 06:50:57.234, 11932, 12152
2026/08/16 06:51:02.235, 11932, 12152
2026/08/16 06:51:07.235, 11932, 12152
2026/08/16 06:51:12.236, 11932, 12152
2026/08/16 06:51:17.237, 11932, 12152
2026/08/16 06:51:22.237, 11932, 12152
2026/08/16 06:51:27.238, 11932, 12152
2026/08/16 06:51:32.238, 11932, 12152
2026/08/16 06:51:37.238, 11932, 12152
2026/08/16 06:51:42.239, 11932, 12152
2026/08/16 06:51:47.239, 11932, 12152
2026/08/16 06:51:52.240, 11932, 12152
2026/08/16 06:51:57.240, 11932, 12152
2026/08/16 06:52:02.241, 11932, 12152
2026/08/16 06:52:07.241, 11932, 12152
2026/08/16 06:52:12.241, 11932, 12152
2026/08/16 06:52:17.242, 11932, 12152
2026/08/16 06:52:22.251, 11932, 12152
2026/08/16 06:52:27.251, 11932, 12152
2026/08/16 06:52:32.252, 11932, 12152
2026/08/16 06:52:37.252, 11932, 12152
2026/08/16 06:52:42.253, 11932, 12152
2026/08/16 06:52:47.253, 11932, 12152
2026/08/16 06:52:52.254, 11932, 12152
2026/08/16 06:52:57.254, 11932, 12152
2026/08/16 06:53:02.254, 11932, 12152
2026/08/16 06:53:07.255, 11932, 12152
2026/08/16 06:53:12.255, 11932, 12152
2026/08/16 06:53:17.256, 11932, 12152
2026/08/16 06:53:22.256, 11932, 12152
2026/08/16 06:53:27.256, 11932, 12152
2026/08/16 06:53:32.257, 11932, 12152
2026/08/16 06:53:37.257, 11932, 12152
2026/08/16 06:53:42.258, 11932, 12152
2026/08/16 06:53:47.258, 11932, 12152
2026/08/16 06:53:52.259, 11932, 12152
2026/08/16 06:53:57.259, 11932, 12152
2026/08/16 06:54:02.260, 11932, 12152
2026/08/16 06:54:07.260, 11932, 12152
2026/08/16 06:54:12.261, 11932, 12152
2026/08/16 06:54:17.261, 11932, 12152
2026/08/16 06:54:22.262, 11932, 12152
2026/08/16 06:54:27.262, 11932, 12152
2026/08/16 06:54:32.263, 11932, 12152
2026/08/16 06:54:37.263, 11932, 12152
2026/08/16 06:54:42.264, 11932, 12152
2026/08/16 06:54:47.264, 11932, 12152
2026/08/16 06:54:52.265, 11932, 12152
2026/08/16 06:54:57.265, 11932, 12152
2026/08/16 06:55:02.266, 11932, 12152
2026/08/16 06:55:07.266, 11932, 12152
2026/08/16 06:55:12.267, 11932, 12152
2026/08/16 06:55:17.267, 11932, 12152
2026/08/16 06:55:22.268, 11932, 12152
2026/08/16 06:55:27.268, 11932, 12152
2026/08/16 06:55:32.268, 11932, 12152
2026/08/16 06:55:37.269, 11932, 12152
2026/08/16 06:55:42.269, 11932, 12152
2026/08/16 06:55:47.270, 11932, 12152
2026/08/16 06:55:52.270, 11932, 12152
2026/08/16 06:55:57.271, 11932, 12152
2026/08/16 06:56:02.271, 11932, 12152
2026/08/16 06:56:07.272, 11932, 12152
2026/08/16 06:56:12.272, 11932, 12152
2026/08/16 06:56:17.272, 11932, 12152
2026/08/16 06:56:22.273, 11932, 12152
2026/08/16 06:56:27.273, 11932, 12152
2026/08/16 06:56:32.274, 11932, 12152
2026/08/16 06:56:37.274, 11932, 12152
2026/08/16 06:56:42.275, 11932, 12152
2026/08/16 06:56:47.275, 11932, 12152
2026/08/16 06:56:52.276, 11932, 12152
2026/08/16 06:56:57.276, 11932, 12152
2026/08/16 06:57:02.277, 11932, 12152
2026/08/16 06:57:07.277, 11932, 12152
2026/08/16 06:57:12.277, 11932, 12152
2026/08/16 06:57:17.278, 11932, 12152
2026/08/16 06:57:22.278, 11932, 12152
2026/08/16 06:57:27.279, 11932, 12152
2026/08/16 06:57:32.279, 11932, 12152
2026/08/16 06:57:37.280, 11932, 12152
2026/08/16 06:57:42.280, 11932, 12152
2026/08/16 06:57:47.280, 11932, 12152
2026/08/16 06:57:52.281, 11932, 12152
2026/08/16 06:57:57.281, 11932, 12152
2026/08/16 06:58:02.282, 11932, 12152
2026/08/16 06:58:07.282, 11932, 12152
2026/08/16 06:58:12.283, 11932, 12152
2026/08/16 06:58:17.283, 11932, 12152
2026/08/16 06:58:22.284, 11932, 12152
2026/08/16 06:58:27.285, 11932, 12152
2026/08/16 06:58:32.285, 11932, 12152
2026/08/16 06:58:37.286, 11932, 12152
2026/08/16 06:58:42.287, 11932, 12152
2026/08/16 06:58:47.287, 11932, 12152
2026/08/16 06:58:52.288, 11932, 12152
2026/08/16 06:58:57.288, 11932, 12152
2026/08/16 06:59:02.289, 11932, 12152
2026/08/16 06:59:07.290, 11932, 12152
2026/08/16 06:59:12.290, 11932, 12152
2026/08/16 06:59:17.291, 11932, 12152
2026/08/16 06:59:22.291, 11932, 12152
2026/08/16 06:59:27.292, 11932, 12152
2026/08/16 06:59:32.293, 11932, 12152
2026/08/16 06:59:37.293, 11932, 12152
2026/08/16 06:59:42.294, 11932, 12152
2026/08/16 06:59:47.295, 11932, 12152
2026/08/16 06:59:52.295, 11932, 12152
2026/08/16 06:59:57.296, 11932, 12152
2026/08/16 07:00:02.296, 11932, 12152
2026/08/16 07:00:07.297, 11932, 12152
2026/08/16 07:00:12.298, 11932, 12152
2026/08/16 07:00:17.298, 11932, 12152
2026/08/16 07:00:22.299, 11932, 12152
2026/08/16 07:00:27.299, 11932, 12152
2026/08/16 07:00:32.300, 11932, 12152
2026/08/16 07:00:37.301, 11932, 12152
2026/08/16 07:00:42.301, 11932, 12152
2026/08/16 07:00:47.302, 11932, 12152
2026/08/16 07:00:52.303, 11932, 12152
2026/08/16 07:00:57.303, 11932, 12152
2026/08/16 07:01:02.304, 11932, 12152
2026/08/16 07:01:07.304, 11932, 12152
2026/08/16 07:01:12.305, 11932, 12152
2026/08/16 07:01:17.306, 11932, 12152
2026/08/16 07:01:22.306, 11932, 12152
2026/08/16 07:01:27.307, 11932, 12152
2026/08/16 07:01:32.307, 11932, 12152
2026/08/16 07:01:37.308, 11932, 12152
2026/08/16 07:01:42.309, 11932, 12152
2026/08/16 07:01:47.309, 11932, 12152
2026/08/16 07:01:52.310, 11932, 12152
2026/08/16 07:01:57.311, 11932, 12152
2026/08/16 07:02:02.311, 11932, 12152
2026/08/16 07:02:07.312, 11932, 12152
2026/08/16 07:02:12.312, 11932, 12152
2026/08/16 07:02:17.313, 11932, 12152
2026/08/16 07:02:22.314, 11932, 12152
2026/08/16 07:02:27.314, 11932, 12152
2026/08/16 07:02:32.315, 11932, 12152
2026/08/16 07:02:37.315, 11932, 12152
2026/08/16 07:02:42.316, 11932, 12152
2026/08/16 07:02:47.317, 11932, 12152
2026/08/16 07:02:52.317, 11932, 12152
2026/08/16 07:02:57.318, 11932, 12152
2026/08/16 07:03:02.318, 11932, 12152
2026/08/16 07:03:07.319, 11932, 12152
2026/08/16 07:03:12.320, 11932, 12152
2026/08/16 07:03:17.320, 11932, 12152
2026/08/16 07:03:22.321, 11932, 12152
2026/08/16 07:03:27.322, 11932, 12152
2026/08/16 07:03:32.322, 11932, 12152
2026/08/16 07:03:37.323, 11932, 12152
2026/08/16 07:03:42.323, 11932, 12152
2026/08/16 07:03:47.324, 11932, 12152
2026/08/16 07:03:52.325, 11932, 12152
2026/08/16 07:03:57.325, 11932, 12152
2026/08/16 07:04:02.326, 11932, 12152
2026/08/16 07:04:07.326, 11932, 12152
2026/08/16 07:04:12.327, 11932, 12152
2026/08/16 07:04:17.328, 11932, 12152
2026/08/16 07:04:22.328, 11932, 12152
2026/08/16 07:04:27.329, 11932, 12152
2026/08/16 07:04:32.330, 11932, 12152
2026/08/16 07:04:37.330, 11932, 12152
2026/08/16 07:04:42.331, 11932, 12152
2026/08/16 07:04:47.331, 11932, 12152
2026/08/16 07:04:52.332, 11932, 12152
2026/08/16 07:04:57.333, 11932, 12152
2026/08/16 07:05:02.333, 11932, 12152
2026/08/16 07:05:07.334, 11932, 12152
2026/08/16 07:05:12.334, 11932, 12152
2026/08/16 07:05:17.335, 11932, 12152
2026/08/16 07:05:22.336, 11932, 12152
2026/08/16 07:05:27.336, 11932, 12152
2026/08/16 07:05:32.337, 11932, 12152
2026/08/16 07:05:37.337, 11932, 12152
2026/08/16 07:05:42.338, 11932, 12152
2026/08/16 07:05:47.339, 11932, 12152
2026/08/16 07:05:52.339, 11932, 12152
2026/08/16 07:05:57.340, 11932, 12152
2026/08/16 07:06:02.340, 11932, 12152
2026/08/16 07:06:07.341, 11932, 12152
2026/08/16 07:06:12.341, 11932, 12152
2026/08/16 07:06:17.342, 11932, 12152
2026/08/16 07:06:22.343, 11932, 12152
2026/08/16 07:06:27.343, 11932, 12152
2026/08/16 07:06:32.344, 11932, 12152
2026/08/16 07:06:37.344, 11932, 12152
2026/08/16 07:06:42.345, 11932, 12152
2026/08/16 07:06:47.346, 11932, 12152
2026/08/16 07:06:52.346, 11932, 12152
2026/08/16 07:06:57.347, 11932, 12152
2026/08/16 07:07:02.347, 11932, 12152
2026/08/16 07:07:07.348, 11932, 12152
2026/08/16 07:07:12.349, 11932, 12152
2026/08/16 07:07:17.349, 11932, 12152
2026/08/16 07:07:22.350, 11932, 12152
2026/08/16 07:07:27.351, 11932, 12152
2026/08/16 07:07:32.351, 11932, 12152
2026/08/16 07:07:37.352, 11932, 12152
2026/08/16 07:07:42.352, 11932, 12152
2026/08/16 07:07:47.353, 11932, 12152
2026/08/16 07:07:52.354, 11932, 12152
2026/08/16 07:07:57.354, 11932, 12152
2026/08/16 07:08:02.355, 11932, 12152
2026/08/16 07:08:07.355, 11932, 12152
2026/08/16 07:08:12.356, 11932, 12152
2026/08/16 07:08:17.357, 11932, 12152
2026/08/16 07:08:22.357, 11932, 12152
2026/08/16 07:08:27.358, 11932, 12152
2026/08/16 07:08:32.358, 11932, 12152
2026/08/16 07:08:37.359, 11932, 12152
2026/08/16 07:08:42.360, 11932, 12152
2026/08/16 07:08:47.360, 11932, 12152
2026/08/16 07:08:52.361, 11932, 12152
2026/08/16 07:08:57.361, 11932, 12152
2026/08/16 07:09:02.362, 11932, 12152
2026/08/16 07:09:07.363, 11932, 12152
2026/08/16 07:09:12.363, 11932, 12152
2026/08/16 07:09:17.364, 11932, 12152
2026/08/16 07:09:22.364, 11932, 12152
2026/08/16 07:09:27.365, 11932, 12152
2026/08/16 07:09:32.366, 11932, 12152
2026/08/16 07:09:37.366, 11932, 12152
2026/08/16 07:09:42.367, 11932, 12152
2026/08/16 07:09:47.367, 11932, 12152
2026/08/16 07:09:52.368, 11932, 12152
2026/08/16 07:09:57.369, 11932, 12152
2026/08/16 07:10:02.369, 11932, 12152
2026/08/16 07:10:07.370, 11932, 12152
2026/08/16 07:10:12.370, 11932, 12152
2026/08/16 07:10:17.371, 11932, 12152
2026/08/16 07:10:22.372, 11932, 12152
2026/08/16 07:10:27.372, 11932, 12152
2026/08/16 07:10:32.373, 11932, 12152
2026/08/16 07:10:37.373, 11932, 12152
2026/08/16 07:10:42.374, 11932, 12152
2026/08/16 07:10:47.374, 11932, 12152
2026/08/16 07:10:52.375, 11932, 12152
2026/08/16 07:10:57.376, 11932, 12152
2026/08/16 07:11:02.376, 11932, 12152
2026/08/16 07:11:07.377, 11932, 12152
2026/08/16 07:11:12.377, 11932, 12152
2026/08/16 07:11:17.378, 11932, 12152
2026/08/16 07:11:22.379, 11932, 12152
2026/08/16 07:11:27.379, 11932, 12152
2026/08/16 07:11:32.380, 11932, 12152
2026/08/16 07:11:37.380, 11932, 12152
2026/08/16 07:11:42.381, 11932, 12152
2026/08/16 07:11:47.382, 11932, 12152
2026/08/16 07:11:52.382, 11932, 12152
2026/08/16 07:11:57.383, 11932, 12152
2026/08/16 07:12:02.383, 11932, 12152
2026/08/16 07:12:07.384, 11932, 12152
2026/08/16 07:12:12.385, 11932, 12152
2026/08/16 07:12:17.385, 11932, 12152
2026/08/16 07:12:22.386, 11932, 12152
2026/08/16 07:12:27.386, 11932, 12152
2026/08/16 07:12:32.387, 11932, 12152
2026/08/16 07:12:37.388, 11932, 12152
2026/08/16 07:12:42.388, 11932, 12152
2026/08/16 07:12:47.389, 11932, 12152
2026/08/16 07:12:52.389, 11932, 12152
2026/08/16 07:12:57.390, 11932, 12152
2026/08/16 07:13:02.390, 11932, 12152
2026/08/16 07:13:07.391, 11932, 12152
2026/08/16 07:13:12.392, 11932, 12152
2026/08/16 07:13:17.392, 11932, 12152
2026/08/16 07:13:22.393, 11932, 12152
2026/08/16 07:13:27.394, 11932, 12152
2026/08/16 07:13:32.394, 11932, 12152
2026/08/16 07:13:37.395, 11932, 12152
2026/08/16 07:13:42.395, 11932, 12152
2026/08/16 07:13:47.396, 11932, 12152
2026/08/16 07:13:52.397, 11932, 12152
2026/08/16 07:13:57.397, 11932, 12152
2026/08/16 07:14:02.398, 11932, 12152
2026/08/16 07:14:07.398, 11932, 12152
2026/08/16 07:14:12.399, 11932, 12152
2026/08/16 07:14:17.399, 11932, 12152
2026/08/16 07:14:22.400, 11932, 12152
2026/08/16 07:14:27.401, 11932, 12152
2026/08/16 07:14:32.401, 11932, 12152
2026/08/16 07:14:37.402, 11932, 12152
2026/08/16 07:14:42.402, 11932, 12152
2026/08/16 07:14:47.403, 11932, 12152
2026/08/16 07:14:52.404, 11932, 12152
2026/08/16 07:14:57.404, 11932, 12152
2026/08/16 07:15:02.405, 11932, 12152
2026/08/16 07:15:07.405, 11932, 12152
2026/08/16 07:15:12.406, 11932, 12152
2026/08/16 07:15:17.407, 11932, 12152
2026/08/16 07:15:22.407, 11932, 12152
2026/08/16 07:15:27.408, 11932, 12152
2026/08/16 07:15:32.408, 11932, 12152
2026/08/16 07:15:37.409, 11932, 12152
2026/08/16 07:15:42.410, 11932, 12152
2026/08/16 07:15:47.410, 11932, 12152
2026/08/16 07:15:52.411, 11932, 12152
2026/08/16 07:15:57.411, 11932, 12152
2026/08/16 07:16:02.412, 11932, 12152
2026/08/16 07:16:07.413, 11932, 12152
2026/08/16 07:16:12.413, 11932, 12152
2026/08/16 07:16:17.414, 11932, 12152
2026/08/16 07:16:22.414, 11932, 12152
2026/08/16 07:16:27.415, 11932, 12152
2026/08/16 07:16:32.416, 11932, 12152
2026/08/16 07:16:37.416, 11932, 12152
2026/08/16 07:16:42.417, 11932, 12152
2026/08/16 07:16:47.417, 11932, 12152
2026/08/16 07:16:52.418, 11932, 12152
2026/08/16 07:16:57.419, 11932, 12152
2026/08/16 07:17:02.419, 11932, 12152
2026/08/16 07:17:07.420, 11932, 12152
2026/08/16 07:17:12.420, 11932, 12152
2026/08/16 07:17:17.421, 11932, 12152
2026/08/16 07:17:22.421, 11932, 12152
2026/08/16 07:17:27.422, 11932, 12152
2026/08/16 07:17:32.423, 11932, 12152
2026/08/16 07:17:37.423, 11932, 12152
2026/08/16 07:17:42.424, 11932, 12152
2026/08/16 07:17:47.424, 11932, 12152
2026/08/16 07:17:52.425, 11932, 12152
2026/08/16 07:17:57.425, 11932, 12152
2026/08/16 07:18:02.426, 11932, 12152
2026/08/16 07:18:07.426, 11932, 12152
2026/08/16 07:18:12.427, 11932, 12152
2026/08/16 07:18:17.428, 11932, 12152
2026/08/16 07:18:22.428, 11932, 12152
2026/08/16 07:18:27.429, 11932, 12152
2026/08/16 07:18:32.429, 11932, 12152
2026/08/16 07:18:37.430, 11932, 12152
2026/08/16 07:18:42.430, 11932, 12152
2026/08/16 07:18:47.431, 11932, 12152
2026/08/16 07:18:52.431, 11932, 12152
2026/08/16 07:18:57.432, 11932, 12152
2026/08/16 07:19:02.432, 11932, 12152
2026/08/16 07:19:07.433, 11932, 12152
2026/08/16 07:19:12.433, 11932, 12152
2026/08/16 07:19:17.434, 11932, 12152
2026/08/16 07:19:22.435, 11932, 12152
2026/08/16 07:19:27.435, 11932, 12152
2026/08/16 07:19:32.436, 11932, 12152
2026/08/16 07:19:37.436, 11932, 12152
2026/08/16 07:19:42.437, 11932, 12152
2026/08/16 07:19:47.437, 11932, 12152
2026/08/16 07:19:52.438, 11932, 12152
2026/08/16 07:19:57.438, 11932, 12152
2026/08/16 07:20:02.439, 11932, 12152
2026/08/16 07:20:07.439, 11932, 12152
2026/08/16 07:20:12.440, 11932, 12152
2026/08/16 07:20:17.440, 11932, 12152
2026/08/16 07:20:22.441, 11932, 12152
2026/08/16 07:20:27.442, 11932, 12152
2026/08/16 07:20:32.442, 11932, 12152
2026/08/16 07:20:37.443, 11932, 12152
2026/08/16 07:20:42.443, 11932, 12152
2026/08/16 07:20:47.444, 11932, 12152
2026/08/16 07:20:52.444, 11932, 12152
2026/08/16 07:20:57.445, 11932, 12152
2026/08/16 07:21:02.445, 11932, 12152
2026/08/16 07:21:07.446, 11932, 12152
2026/08/16 07:21:12.447, 11932, 12152
2026/08/16 07:21:17.447, 11932, 12152
2026/08/16 07:21:22.448, 11932, 12152
2026/08/16 07:21:27.448, 11932, 12152
2026/08/16 07:21:32.449, 11932, 12152
2026/08/16 07:21:37.449, 11932, 12152
2026/08/16 07:21:42.450, 11932, 12152
2026/08/16 07:21:47.451, 11932, 12152
2026/08/16 07:21:52.451, 11932, 12152
2026/08/16 07:21:57.452, 11932, 12152
2026/08/16 07:22:02.452, 11932, 12152
2026/08/16 07:22:07.453, 11932, 12152
2026/08/16 07:22:12.453, 11932, 12152
2026/08/16 07:22:17.454, 11932, 12152
2026/08/16 07:22:22.455, 11932, 12152
2026/08/16 07:22:27.455, 11932, 12152
2026/08/16 07:22:32.456, 11932, 12152
2026/08/16 07:22:37.456, 11932, 12152
2026/08/16 07:22:42.457, 11932, 12152
2026/08/16 07:22:47.457, 11932, 12152
2026/08/16 07:22:52.458, 11932, 12152
2026/08/16 07:22:57.458, 11932, 12152
2026/08/16 07:23:02.459, 11932, 12152
2026/08/16 07:23:07.460, 11932, 12152
2026/08/16 07:23:12.460, 11932, 12152
2026/08/16 07:23:17.461, 11932, 12152
2026/08/16 07:23:22.461, 11932, 12152
2026/08/16 07:23:27.462, 11932, 12152
2026/08/16 07:23:32.462, 11932, 12152
2026/08/16 07:23:37.463, 11932, 12152
2026/08/16 07:23:42.464, 11932, 12152
2026/08/16 07:23:47.464, 11932, 12152
2026/08/16 07:23:52.465, 11932, 12152
2026/08/16 07:23:57.465, 11932, 12152
2026/08/16 07:24:02.466, 11932, 12152
2026/08/16 07:24:07.466, 11932, 12152
2026/08/16 07:24:12.467, 11932, 12152
2026/08/16 07:24:17.468, 11932, 12152
2026/08/16 07:24:22.468, 11932, 12152
2026/08/16 07:24:27.469, 11932, 12152
2026/08/16 07:24:32.469, 11932, 12152
2026/08/16 07:24:37.470, 11932, 12152
2026/08/16 07:24:42.470, 11932, 12152
2026/08/16 07:24:47.471, 11932, 12152
2026/08/16 07:24:52.472, 11932, 12152
2026/08/16 07:24:57.472, 11932, 12152
2026/08/16 07:25:02.473, 11932, 12152
2026/08/16 07:25:07.473, 11932, 12152
2026/08/16 07:25:12.474, 11932, 12152
2026/08/16 07:25:17.474, 11932, 12152
2026/08/16 07:25:22.475, 11932, 12152
2026/08/16 07:25:27.475, 11932, 12152
2026/08/16 07:25:32.476, 11932, 12152
2026/08/16 07:25:37.477, 11932, 12152
2026/08/16 07:25:42.477, 11932, 12152
2026/08/16 07:25:47.478, 11932, 12152
2026/08/16 07:25:52.478, 11932, 12152
2026/08/16 07:25:57.479, 11932, 12152
2026/08/16 07:26:02.479, 11932, 12152
2026/08/16 07:26:07.480, 11932, 12152
2026/08/16 07:26:12.480, 11932, 12152
2026/08/16 07:26:17.481, 11932, 12152
2026/08/16 07:26:22.482, 11932, 12152
2026/08/16 07:26:27.482, 11932, 12152
2026/08/16 07:26:32.483, 11932, 12152
2026/08/16 07:26:37.483, 11932, 12152
2026/08/16 07:26:42.484, 11932, 12152
2026/08/16 07:26:47.485, 11932, 12152
2026/08/16 07:26:52.485, 11932, 12152
2026/08/16 07:26:57.486, 11932, 12152
2026/08/16 07:27:02.486, 11932, 12152
2026/08/16 07:27:07.487, 11932, 12152
2026/08/16 07:27:12.487, 11932, 12152
2026/08/16 07:27:17.488, 11932, 12152
2026/08/16 07:27:22.488, 11932, 12152
2026/08/16 07:27:27.489, 11932, 12152
2026/08/16 07:27:32.490, 11932, 12152
2026/08/16 07:27:37.490, 11932, 12152
2026/08/16 07:27:42.490, 11932, 12152
2026/08/16 07:27:47.491, 11932, 12152
2026/08/16 07:27:52.491, 11932, 12152
2026/08/16 07:27:57.492, 11932, 12152
2026/08/16 07:28:02.492, 11932, 12152
2026/08/16 07:28:07.492, 11932, 12152
2026/08/16 07:28:12.493, 11932, 12152
2026/08/16 07:28:17.493, 11932, 12152
2026/08/16 07:28:22.494, 11932, 12152
2026/08/16 07:28:27.494, 11932, 12152
2026/08/16 07:28:32.494, 11932, 12152
2026/08/16 07:28:37.495, 11932, 12152
2026/08/16 07:28:42.495, 11932, 12152
2026/08/16 07:28:47.496, 11932, 12152
2026/08/16 07:28:52.496, 11932, 12152
2026/08/16 07:28:57.496, 11932, 12152
2026/08/16 07:29:02.497, 11932, 12152
2026/08/16 07:29:07.497, 11932, 12152
2026/08/16 07:29:12.498, 11932, 12152
2026/08/16 07:29:17.498, 11932, 12152
2026/08/16 07:29:22.498, 11932, 12152
2026/08/16 07:29:27.499, 11932, 12152
2026/08/16 07:29:32.499, 11932, 12152
2026/08/16 07:29:37.500, 11932, 12152
2026/08/16 07:29:42.500, 11932, 12152
2026/08/16 07:29:47.500, 11932, 12152
2026/08/16 07:29:52.501, 11932, 12152
2026/08/16 07:29:57.501, 11932, 12152
2026/08/16 07:30:02.502, 11932, 12152
2026/08/16 07:30:07.502, 11932, 12152
2026/08/16 07:30:12.503, 11932, 12152
2026/08/16 07:30:17.503, 11932, 12152
2026/08/16 07:30:22.503, 11932, 12152
2026/08/16 07:30:27.504, 11932, 12152
2026/08/16 07:30:32.504, 11932, 12152
2026/08/16 07:30:37.505, 11932, 12152
2026/08/16 07:30:42.505, 11932, 12152
2026/08/16 07:30:47.506, 11932, 12152
2026/08/16 07:30:52.506, 11932, 12152
2026/08/16 07:30:57.506, 11932, 12152
2026/08/16 07:31:02.507, 11932, 12152
2026/08/16 07:31:07.507, 11932, 12152
2026/08/16 07:31:12.508, 11932, 12152
2026/08/16 07:31:17.508, 11932, 12152
2026/08/16 07:31:22.509, 11932, 12152
2026/08/16 07:31:27.509, 11932, 12152
2026/08/16 07:31:32.509, 11932, 12152
2026/08/16 07:31:37.510, 11932, 12152
2026/08/16 07:31:42.510, 11932, 12152
2026/08/16 07:31:47.511, 11932, 12152
2026/08/16 07:31:52.511, 11932, 12152
2026/08/16 07:31:57.512, 11932, 12152
2026/08/16 07:32:02.512, 11932, 12152
2026/08/16 07:32:07.512, 11932, 12152
2026/08/16 07:32:12.513, 11932, 12152
2026/08/16 07:32:17.513, 11932, 12152
2026/08/16 07:32:22.514, 11932, 12152
2026/08/16 07:32:27.514, 11932, 12152
2026/08/16 07:32:32.515, 11932, 12152
2026/08/16 07:32:37.515, 11932, 12152
2026/08/16 07:32:42.516, 11932, 12152
2026/08/16 07:32:47.516, 11932, 12152
2026/08/16 07:32:52.517, 11932, 12152
2026/08/16 07:32:57.517, 11932, 12152
2026/08/16 07:33:02.517, 11932, 12152
2026/08/16 07:33:07.518, 11932, 12152
2026/08/16 07:33:12.518, 11932, 12152
2026/08/16 07:33:17.519, 11932, 12152
2026/08/16 07:33:22.519, 11932, 12152
2026/08/16 07:33:27.520, 11932, 12152
2026/08/16 07:33:32.520, 11932, 12152
2026/08/16 07:33:37.521, 11932, 12152
2026/08/16 07:33:42.521, 11932, 12152
2026/08/16 07:33:47.521, 11932, 12152
2026/08/16 07:33:52.522, 11932, 12152
2026/08/16 07:33:57.522, 11932, 12152
2026/08/16 07:34:02.523, 11932, 12152
2026/08/16 07:34:07.523, 11932, 12152
2026/08/16 07:34:12.524, 11932, 12152
2026/08/16 07:34:17.524, 11932, 12152
2026/08/16 07:34:22.525, 11932, 12152
2026/08/16 07:34:27.525, 11932, 12152
2026/08/16 07:34:32.526, 11932, 12152
2026/08/16 07:34:37.526, 11932, 12152
2026/08/16 07:34:42.527, 11932, 12152
2026/08/16 07:34:47.527, 11932, 12152
2026/08/16 07:34:52.528, 11932, 12152
2026/08/16 07:34:57.528, 11932, 12152
2026/08/16 07:35:02.528, 11932, 12152
2026/08/16 07:35:07.529, 11932, 12152
2026/08/16 07:35:12.529, 11932, 12152
2026/08/16 07:35:17.530, 11932, 12152
2026/08/16 07:35:22.530, 11932, 12152
2026/08/16 07:35:27.531, 11932, 12152
2026/08/16 07:35:32.531, 11932, 12152
2026/08/16 07:35:37.532, 11932, 12152
2026/08/16 07:35:42.532, 11932, 12152
2026/08/16 07:35:47.533, 11932, 12152
2026/08/16 07:35:52.533, 11932, 12152
2026/08/16 07:35:57.534, 11932, 12152
2026/08/16 07:36:02.534, 11932, 12152
2026/08/16 07:36:07.535, 11932, 12152
2026/08/16 07:36:12.535, 11932, 12152
2026/08/16 07:36:17.536, 11932, 12152
2026/08/16 07:36:22.536, 11932, 12152
2026/08/16 07:36:27.537, 11932, 12152
2026/08/16 07:36:32.537, 11932, 12152
2026/08/16 07:36:37.538, 11932, 12152
2026/08/16 07:36:42.538, 11932, 12152
2026/08/16 07:36:47.539, 11932, 12152
2026/08/16 07:36:52.539, 11932, 12152
2026/08/16 07:36:57.540, 11932, 12152
2026/08/16 07:37:02.540, 11932, 12152
2026/08/16 07:37:07.540, 11932, 12152
2026/08/16 07:37:12.541, 11932, 12152
2026/08/16 07:37:17.541, 11932, 12152
2026/08/16 07:37:22.542, 11932, 12152
2026/08/16 07:37:27.542, 11932, 12152
2026/08/16 07:37:32.543, 11932, 12152
2026/08/16 07:37:37.543, 11932, 12152
2026/08/16 07:37:42.544, 11932, 12152
2026/08/16 07:37:47.544, 11932, 12152
2026/08/16 07:37:52.545, 11932, 12152
2026/08/16 07:37:57.545, 11932, 12152
2026/08/16 07:38:02.546, 11932, 12152
2026/08/16 07:38:07.546, 11932, 12152
2026/08/16 07:38:12.547, 11932, 12152
2026/08/16 07:38:17.547, 11932, 12152
2026/08/16 07:38:22.548, 11932, 12152
2026/08/16 07:38:27.548, 11932, 12152
2026/08/16 07:38:32.549, 11932, 12152
2026/08/16 07:38:37.549, 11932, 12152
2026/08/16 07:38:42.550, 11932, 12152
2026/08/16 07:38:47.550, 11932, 12152
2026/08/16 07:38:52.551, 11932, 12152
2026/08/16 07:38:57.551, 11932, 12152
2026/08/16 07:39:02.552, 11932, 12152
2026/08/16 07:39:07.552, 11932, 12152
2026/08/16 07:39:12.552, 11932, 12152
2026/08/16 07:39:17.553, 11932, 12152
2026/08/16 07:39:22.553, 11932, 12152
2026/08/16 07:39:27.554, 11932, 12152
2026/08/16 07:39:32.554, 11932, 12152
2026/08/16 07:39:37.555, 11932, 12152
2026/08/16 07:39:42.555, 11932, 12152
2026/08/16 07:39:47.556, 11932, 12152
2026/08/16 07:39:52.556, 11932, 12152
2026/08/16 07:39:57.557, 11932, 12152
2026/08/16 07:40:02.557, 11932, 12152
2026/08/16 07:40:07.558, 11932, 12152
2026/08/16 07:40:12.558, 11932, 12152
2026/08/16 07:40:17.559, 11932, 12152
2026/08/16 07:40:22.559, 11932, 12152
2026/08/16 07:40:27.560, 11932, 12152
2026/08/16 07:40:32.560, 11932, 12152
2026/08/16 07:40:37.561, 11932, 12152
2026/08/16 07:40:42.561, 11932, 12152
2026/08/16 07:40:47.562, 11932, 12152
2026/08/16 07:40:52.562, 11932, 12152
2026/08/16 07:40:57.563, 11932, 12152
2026/08/16 07:41:02.563, 11932, 12152
2026/08/16 07:41:07.564, 11932, 12152
2026/08/16 07:41:12.564, 11932, 12152
2026/08/16 07:41:17.565, 11932, 12152
2026/08/16 07:41:22.565, 11932, 12152
2026/08/16 07:41:27.566, 11932, 12152
2026/08/16 07:41:32.566, 11932, 12152
2026/08/16 07:41:37.567, 11932, 12152
2026/08/16 07:41:42.567, 11932, 12152
2026/08/16 07:41:47.568, 11932, 12152
2026/08/16 07:41:52.568, 11932, 12152
2026/08/16 07:41:57.569, 11932, 12152
2026/08/16 07:42:02.569, 11932, 12152
2026/08/16 07:42:07.570, 11932, 12152
2026/08/16 07:42:12.570, 11932, 12152
2026/08/16 07:42:17.571, 11932, 12152
2026/08/16 07:42:22.571, 11932, 12152
2026/08/16 07:42:27.572, 11932, 12152
2026/08/16 07:42:32.572, 11932, 12152
2026/08/16 07:42:37.572, 11932, 12152
2026/08/16 07:42:42.573, 11932, 12152
2026/08/16 07:42:47.573, 11932, 12152
2026/08/16 07:42:52.574, 11932, 12152
2026/08/16 07:42:57.574, 11932, 12152
2026/08/16 07:43:02.574, 11932, 12152
2026/08/16 07:43:07.583, 11932, 12152
2026/08/16 07:43:12.584, 11932, 12152
2026/08/16 07:43:17.584, 11932, 12152
2026/08/16 07:43:22.584, 11932, 12152
2026/08/16 07:43:27.585, 11932, 12152
2026/08/16 07:43:32.585, 11932, 12152
2026/08/16 07:43:37.586, 11932, 12152
2026/08/16 07:43:42.586, 11932, 12152
2026/08/16 07:43:47.587, 11932, 12152
2026/08/16 07:43:52.587, 11932, 12152
2026/08/16 07:43:57.587, 11932, 12152
2026/08/16 07:44:02.588, 11932, 12152
2026/08/16 07:44:07.588, 11932, 12152
2026/08/16 07:44:12.589, 11932, 12152
2026/08/16 07:44:17.589, 11932, 12152
2026/08/16 07:44:22.589, 11932, 12152
2026/08/16 07:44:27.590, 11932, 12152
2026/08/16 07:44:32.590, 11932, 12152
2026/08/16 07:44:37.591, 11932, 12152
2026/08/16 07:44:42.591, 11932, 12152
2026/08/16 07:44:47.592, 11932, 12152
2026/08/16 07:44:52.592, 11932, 12152
2026/08/16 07:44:57.592, 11932, 12152
2026/08/16 07:45:02.593, 11932, 12152
2026/08/16 07:45:07.593, 11932, 12152
2026/08/16 07:45:12.594, 11932, 12152
2026/08/16 07:45:17.594, 11932, 12152
2026/08/16 07:45:22.595, 11932, 12152
2026/08/16 07:45:27.595, 11932, 12152
2026/08/16 07:45:32.596, 11932, 12152
2026/08/16 07:45:37.596, 11932, 12152
2026/08/16 07:45:42.596, 11932, 12152
2026/08/16 07:45:47.597, 11932, 12152
2026/08/16 07:45:52.597, 11932, 12152
2026/08/16 07:45:57.598, 11932, 12152
2026/08/16 07:46:02.598, 11932, 12152
2026/08/16 07:46:07.598, 11932, 12152
2026/08/16 07:46:12.599, 11932, 12152
2026/08/16 07:46:17.599, 11932, 12152
2026/08/16 07:46:22.600, 11932, 12152
2026/08/16 07:46:27.600, 11932, 12152
2026/08/16 07:46:32.601, 11932, 12152
2026/08/16 07:46:37.601, 11932, 12152
2026/08/16 07:46:42.602, 11932, 12152
2026/08/16 07:46:47.602, 11932, 12152
2026/08/16 07:46:52.602, 11932, 12152
2026/08/16 07:46:57.603, 11932, 12152
2026/08/16 07:47:02.603, 11932, 12152
2026/08/16 07:47:07.604, 11932, 12152
2026/08/16 07:47:12.604, 11932, 12152
2026/08/16 07:47:17.604, 11932, 12152
2026/08/16 07:47:22.605, 11932, 12152
2026/08/16 07:47:27.605, 11932, 12152
2026/08/16 07:47:32.606, 11932, 12152
2026/08/16 07:47:37.606, 11932, 12152
2026/08/16 07:47:42.606, 11932, 12152
2026/08/16 07:47:47.607, 11932, 12152
2026/08/16 07:47:52.607, 11932, 12152
2026/08/16 07:47:57.608, 11932, 12152
2026/08/16 07:48:02.608, 11932, 12152
2026/08/16 07:48:07.609, 11932, 12152
2026/08/16 07:48:12.609, 11932, 12152
2026/08/16 07:48:17.609, 11932, 12152
2026/08/16 07:48:22.610, 11932, 12152
2026/08/16 07:48:27.610, 11932, 12152
2026/08/16 07:48:32.611, 11932, 12152
2026/08/16 07:48:37.611, 11932, 12152
2026/08/16 07:48:42.611, 11932, 12152
2026/08/16 07:48:47.612, 11932, 12152
2026/08/16 07:48:52.612, 11932, 12152
2026/08/16 07:48:57.613, 11932, 12152
2026/08/16 07:49:02.613, 11932, 12152
2026/08/16 07:49:07.613, 11932, 12152
2026/08/16 07:49:12.614, 11932, 12152
2026/08/16 07:49:17.614, 11932, 12152
2026/08/16 07:49:22.615, 11932, 12152
2026/08/16 07:49:27.615, 11932, 12152
2026/08/16 07:49:32.616, 11932, 12152
2026/08/16 07:49:37.616, 11932, 12152
2026/08/16 07:49:42.616, 11932, 12152
2026/08/16 07:49:47.617, 11932, 12152
2026/08/16 07:49:52.617, 11932, 12152
2026/08/16 07:49:57.618, 11932, 12152
2026/08/16 07:50:02.618, 11932, 12152
2026/08/16 07:50:07.618, 11932, 12152
2026/08/16 07:50:12.619, 11932, 12152
2026/08/16 07:50:17.619, 11932, 12152
2026/08/16 07:50:22.620, 11932, 12152
2026/08/16 07:50:27.620, 11932, 12152
2026/08/16 07:50:32.621, 11932, 12152
2026/08/16 07:50:37.621, 11932, 12152
2026/08/16 07:50:42.621, 11932, 12152
2026/08/16 07:50:47.622, 11932, 12152
2026/08/16 07:50:52.622, 11932, 12152
2026/08/16 07:50:57.623, 11932, 12152
2026/08/16 07:51:02.623, 11932, 12152
2026/08/16 07:51:07.623, 11932, 12152
2026/08/16 07:51:12.624, 11932, 12152
2026/08/16 07:51:17.624, 11932, 12152
2026/08/16 07:51:22.625, 11932, 12152
2026/08/16 07:51:27.625, 11932, 12152
2026/08/16 07:51:32.625, 11932, 12152
2026/08/16 07:51:37.626, 11932, 12152
2026/08/16 07:51:42.626, 11932, 12152
2026/08/16 07:51:47.627, 11932, 12152
2026/08/16 07:51:52.627, 11932, 12152
2026/08/16 07:51:57.628, 11932, 12152
2026/08/16 07:52:02.628, 11932, 12152
2026/08/16 07:52:07.628, 11932, 12152
2026/08/16 07:52:12.629, 11932, 12152
2026/08/16 07:52:17.629, 11932, 12152
2026/08/16 07:52:22.630, 11932, 12152
2026/08/16 07:52:27.630, 11932, 12152
2026/08/16 07:52:32.631, 11932, 12152
2026/08/16 07:52:37.631, 11932, 12152
2026/08/16 07:52:42.631, 11932, 12152
2026/08/16 07:52:47.632, 11932, 12152
2026/08/16 07:52:52.632, 11932, 12152
2026/08/16 07:52:57.633, 11932, 12152
2026/08/16 07:53:02.633, 11932, 12152
2026/08/16 07:53:07.634, 11932, 12152
2026/08/16 07:53:12.634, 11932, 12152
2026/08/16 07:53:17.634, 11932, 12152
2026/08/16 07:53:22.635, 11932, 12152
2026/08/16 07:53:27.635, 11932, 12152
2026/08/16 07:53:32.636, 11932, 12152
2026/08/16 07:53:37.636, 11932, 12152
2026/08/16 07:53:42.637, 11932, 12152
2026/08/16 07:53:47.637, 11932, 12152
2026/08/16 07:53:52.638, 11932, 12152
2026/08/16 07:53:57.638, 11932, 12152
2026/08/16 07:54:02.638, 11932, 12152
2026/08/16 07:54:07.639, 11932, 12152
2026/08/16 07:54:12.639, 11932, 12152
2026/08/16 07:54:17.640, 11932, 12152
2026/08/16 07:54:22.640, 11932, 12152
2026/08/16 07:54:27.641, 11932, 12152
2026/08/16 07:54:32.641, 11932, 12152
2026/08/16 07:54:37.641, 11932, 12152
2026/08/16 07:54:42.642, 11932, 12152
2026/08/16 07:54:47.642, 11932, 12152
2026/08/16 07:54:52.643, 11932, 12152
2026/08/16 07:54:57.643, 11932, 12152
2026/08/16 07:55:02.643, 11932, 12152
2026/08/16 07:55:07.644, 11932, 12152
2026/08/16 07:55:12.644, 11932, 12152
2026/08/16 07:55:17.645, 11932, 12152
2026/08/16 07:55:22.645, 11932, 12152
2026/08/16 07:55:27.646, 11932, 12152
2026/08/16 07:55:32.646, 11932, 12152
2026/08/16 07:55:37.647, 11932, 12152
2026/08/16 07:55:42.647, 11932, 12152
2026/08/16 07:55:47.647, 11932, 12152
2026/08/16 07:55:52.648, 11932, 12152
2026/08/16 07:55:57.648, 11932, 12152
2026/08/16 07:56:02.649, 11932, 12152
2026/08/16 07:56:07.649, 11932, 12152
2026/08/16 07:56:12.649, 11932, 12152
2026/08/16 07:56:17.650, 11932, 12152
2026/08/16 07:56:22.650, 11932, 12152
2026/08/16 07:56:27.651, 11932, 12152
2026/08/16 07:56:32.651, 11932, 12152
2026/08/16 07:56:37.652, 11932, 12152
2026/08/16 07:56:42.652, 11932, 12152
2026/08/16 07:56:47.653, 11932, 12152
2026/08/16 07:56:52.653, 11932, 12152
2026/08/16 07:56:57.653, 11932, 12152
2026/08/16 07:57:02.654, 11932, 12152
2026/08/16 07:57:07.654, 11932, 12152
2026/08/16 07:57:12.655, 11932, 12152
2026/08/16 07:57:17.655, 11932, 12152
2026/08/16 07:57:22.656, 11932, 12152
2026/08/16 07:57:27.656, 11932, 12152
2026/08/16 07:57:32.656, 11932, 12152
2026/08/16 07:57:37.657, 11932, 12152
2026/08/16 07:57:42.657, 11932, 12152
2026/08/16 07:57:47.658, 11932, 12152
2026/08/16 07:57:52.658, 11932, 12152
2026/08/16 07:57:57.659, 11932, 12152
2026/08/16 07:58:02.659, 11932, 12152
2026/08/16 07:58:07.660, 11932, 12152
2026/08/16 07:58:12.660, 11932, 12152
2026/08/16 07:58:17.660, 11932, 12152
2026/08/16 07:58:22.661, 11932, 12152
2026/08/16 07:58:27.661, 11932, 12152
2026/08/16 07:58:32.662, 11932, 12152
2026/08/16 07:58:37.662, 11932, 12152
2026/08/16 07:58:42.662, 11932, 12152
2026/08/16 07:58:47.663, 11932, 12152
2026/08/16 07:58:52.663, 11932, 12152
2026/08/16 07:58:57.664, 11932, 12152
2026/08/16 07:59:02.664, 11932, 12152
2026/08/16 07:59:07.665, 11932, 12152
2026/08/16 07:59:12.665, 11932, 12152
2026/08/16 07:59:17.665, 11932, 12152
2026/08/16 07:59:22.666, 11932, 12152
2026/08/16 07:59:27.666, 11932, 12152
2026/08/16 07:59:32.667, 11932, 12152
2026/08/16 07:59:37.667, 11932, 12152
2026/08/16 07:59:42.667, 11932, 12152
2026/08/16 07:59:47.668, 11932, 12152
2026/08/16 07:59:52.668, 11932, 12152
2026/08/16 07:59:57.669, 11932, 12152
2026/08/16 08:00:02.669, 11932, 12152
2026/08/16 08:00:07.670, 11932, 12152
2026/08/16 08:00:12.670, 11932, 12152
2026/08/16 08:00:17.670, 11932, 12152
2026/08/16 08:00:22.671, 11932, 12152
2026/08/16 08:00:27.671, 11932, 12152
2026/08/16 08:00:32.672, 11932, 12152
2026/08/16 08:00:37.672, 11932, 12152
2026/08/16 08:00:42.672, 11932, 12152
2026/08/16 08:00:47.673, 11932, 12152
2026/08/16 08:00:52.673, 11932, 12152
2026/08/16 08:00:57.674, 11932, 12152
2026/08/16 08:01:02.674, 11932, 12152
2026/08/16 08:01:07.675, 11932, 12152
2026/08/16 08:01:12.675, 11932, 12152
2026/08/16 08:01:17.675, 11932, 12152
2026/08/16 08:01:22.676, 11932, 12152
2026/08/16 08:01:27.676, 11932, 12152
2026/08/16 08:01:32.677, 11932, 12152
2026/08/16 08:01:37.677, 11932, 12152
2026/08/16 08:01:42.677, 11932, 12152
2026/08/16 08:01:47.678, 11932, 12152
2026/08/16 08:01:52.678, 11932, 12152
2026/08/16 08:01:57.679, 11932, 12152
2026/08/16 08:02:02.679, 11932, 12152
2026/08/16 08:02:07.679, 11932, 12152
2026/08/16 08:02:12.680, 11932, 12152
2026/08/16 08:02:17.680, 11932, 12152
2026/08/16 08:02:22.681, 11932, 12152
2026/08/16 08:02:27.681, 11932, 12152
2026/08/16 08:02:32.681, 11932, 12152
2026/08/16 08:02:37.682, 11932, 12152
2026/08/16 08:02:42.682, 11932, 12152
2026/08/16 08:02:47.683, 11932, 12152
2026/08/16 08:02:52.683, 11932, 12152
2026/08/16 08:02:57.684, 11932, 12152
2026/08/16 08:03:02.684, 11932, 12152
2026/08/16 08:03:07.685, 11932, 12152
2026/08/16 08:03:12.685, 11932, 12152
2026/08/16 08:03:17.685, 11932, 12152
2026/08/16 08:03:22.686, 11932, 12152
2026/08/16 08:03:27.686, 11932, 12152
2026/08/16 08:03:32.687, 11932, 12152
2026/08/16 08:03:37.687, 11932, 12152
2026/08/16 08:03:42.687, 11932, 12152
2026/08/16 08:03:47.688, 11932, 12152
2026/08/16 08:03:52.688, 11932, 12152
2026/08/16 08:03:57.689, 11932, 12152
2026/08/16 08:04:02.689, 11932, 12152
2026/08/16 08:04:07.690, 11932, 12152
2026/08/16 08:04:12.690, 11932, 12152
2026/08/16 08:04:17.690, 11932, 12152
2026/08/16 08:04:22.691, 11932, 12152
2026/08/16 08:04:27.691, 11932, 12152
2026/08/16 08:04:32.692, 11932, 12152
2026/08/16 08:04:37.692, 11932, 12152
2026/08/16 08:04:42.693, 11932, 12152
2026/08/16 08:04:47.693, 11932, 12152
2026/08/16 08:04:52.694, 11932, 12152
2026/08/16 08:04:57.694, 11932, 12152
2026/08/16 08:05:02.695, 11932, 12152
2026/08/16 08:05:07.695, 11932, 12152
2026/08/16 08:05:12.695, 11932, 12152
2026/08/16 08:05:17.696, 11932, 12152
2026/08/16 08:05:22.696, 11932, 12152
2026/08/16 08:05:27.697, 11932, 12152
2026/08/16 08:05:32.697, 11932, 12152
2026/08/16 08:05:37.698, 11932, 12152
2026/08/16 08:05:42.698, 11932, 12152
2026/08/16 08:05:47.699, 11932, 12152
2026/08/16 08:05:52.700, 11932, 12152
2026/08/16 08:05:57.700, 11932, 12152
2026/08/16 08:06:02.701, 11932, 12152
2026/08/16 08:06:07.701, 11932, 12152
2026/08/16 08:06:12.701, 11932, 12152
2026/08/16 08:06:17.702, 11932, 12152
2026/08/16 08:06:22.702, 11932, 12152
2026/08/16 08:06:27.703, 11932, 12152
2026/08/16 08:06:32.703, 11932, 12152
2026/08/16 08:06:37.704, 11932, 12152
2026/08/16 08:06:42.704, 11932, 12152
2026/08/16 08:06:47.705, 11932, 12152
2026/08/16 08:06:52.705, 11932, 12152
2026/08/16 08:06:57.706, 11932, 12152
2026/08/16 08:07:02.706, 11932, 12152
2026/08/16 08:07:07.707, 11932, 12152
2026/08/16 08:07:12.707, 11932, 12152
2026/08/16 08:07:17.708, 11932, 12152
2026/08/16 08:07:22.708, 11932, 12152
2026/08/16 08:07:27.709, 11932, 12152
2026/08/16 08:07:32.709, 11932, 12152
2026/08/16 08:07:37.710, 11932, 12152
2026/08/16 08:07:42.710, 11932, 12152
2026/08/16 08:07:47.711, 11932, 12152
2026/08/16 08:07:52.711, 11932, 12152
2026/08/16 08:07:57.712, 11932, 12152
2026/08/16 08:08:02.712, 11932, 12152
2026/08/16 08:08:07.713, 11932, 12152
2026/08/16 08:08:12.713, 11932, 12152
2026/08/16 08:08:17.714, 11932, 12152
2026/08/16 08:08:22.714, 11932, 12152
2026/08/16 08:08:27.715, 11932, 12152
2026/08/16 08:08:32.715, 11932, 12152
2026/08/16 08:08:37.716, 11932, 12152
2026/08/16 08:08:42.716, 11932, 12152
2026/08/16 08:08:47.717, 11932, 12152
2026/08/16 08:08:52.717, 11932, 12152
2026/08/16 08:08:57.718, 11932, 12152
2026/08/16 08:09:02.718, 11932, 12152
2026/08/16 08:09:07.719, 11932, 12152
2026/08/16 08:09:12.719, 11932, 12152
2026/08/16 08:09:17.720, 11932, 12152
2026/08/16 08:09:22.720, 11932, 12152
2026/08/16 08:09:27.721, 11932, 12152
2026/08/16 08:09:32.721, 11932, 12152
2026/08/16 08:09:37.721, 11932, 12152
2026/08/16 08:09:42.722, 11932, 12152
2026/08/16 08:09:47.722, 11932, 12152
2026/08/16 08:09:52.723, 11932, 12152
2026/08/16 08:09:57.723, 11932, 12152
2026/08/16 08:10:02.723, 11932, 12152
2026/08/16 08:10:07.724, 11932, 12152
2026/08/16 08:10:12.724, 11932, 12152
2026/08/16 08:10:17.725, 11932, 12152
2026/08/16 08:10:22.725, 11932, 12152
2026/08/16 08:10:27.726, 11932, 12152
2026/08/16 08:10:32.726, 11932, 12152
2026/08/16 08:10:37.727, 11932, 12152
2026/08/16 08:10:42.727, 11932, 12152
2026/08/16 08:10:47.728, 11932, 12152
2026/08/16 08:10:52.728, 11932, 12152
2026/08/16 08:10:57.729, 11932, 12152
2026/08/16 08:11:02.729, 11932, 12152
2026/08/16 08:11:07.730, 11932, 12152
2026/08/16 08:11:12.730, 11932, 12152
2026/08/16 08:11:17.731, 11932, 12152
2026/08/16 08:11:22.732, 11932, 12152
2026/08/16 08:11:27.732, 11932, 12152
2026/08/16 08:11:32.733, 11932, 12152
2026/08/16 08:11:37.733, 11932, 12152
2026/08/16 08:11:42.734, 11932, 12152
2026/08/16 08:11:47.734, 11932, 12152
2026/08/16 08:11:52.735, 11932, 12152
2026/08/16 08:11:57.735, 11932, 12152
2026/08/16 08:12:02.736, 11932, 12152
2026/08/16 08:12:07.736, 11932, 12152
2026/08/16 08:12:12.737, 11932, 12152
2026/08/16 08:12:17.738, 11932, 12152
2026/08/16 08:12:22.738, 11932, 12152
2026/08/16 08:12:27.739, 11932, 12152
2026/08/16 08:12:32.739, 11932, 12152
2026/08/16 08:12:37.740, 11932, 12152
2026/08/16 08:12:42.740, 11932, 12152
2026/08/16 08:12:47.741, 11932, 12152
2026/08/16 08:12:52.741, 11932, 12152
2026/08/16 08:12:57.742, 11932, 12152
2026/08/16 08:13:02.742, 11932, 12152
2026/08/16 08:13:07.743, 11932, 12152
2026/08/16 08:13:12.743, 11932, 12152
2026/08/16 08:13:17.744, 11932, 12152
2026/08/16 08:13:22.744, 11932, 12152
2026/08/16 08:13:27.745, 11932, 12152
2026/08/16 08:13:32.745, 11932, 12152
2026/08/16 08:13:37.746, 11932, 12152
2026/08/16 08:13:42.746, 11932, 12152
2026/08/16 08:13:47.747, 11932, 12152
2026/08/16 08:13:52.747, 11932, 12152
2026/08/16 08:13:57.748, 11932, 12152
2026/08/16 08:14:02.749, 11932, 12152
2026/08/16 08:14:07.749, 11932, 12152
2026/08/16 08:14:12.750, 11932, 12152
2026/08/16 08:14:17.750, 11932, 12152
2026/08/16 08:14:22.751, 11932, 12152
2026/08/16 08:14:27.751, 11932, 12152
2026/08/16 08:14:32.752, 11932, 12152
2026/08/16 08:14:37.752, 11932, 12152
2026/08/16 08:14:42.753, 11932, 12152
2026/08/16 08:14:47.753, 11932, 12152
2026/08/16 08:14:52.753, 11932, 12152
2026/08/16 08:14:57.754, 11932, 12152
2026/08/16 08:15:02.754, 11932, 12152
2026/08/16 08:15:07.755, 11932, 12152
2026/08/16 08:15:12.755, 11932, 12152
2026/08/16 08:15:17.756, 11932, 12152
2026/08/16 08:15:22.756, 11932, 12152
2026/08/16 08:15:27.757, 11932, 12152
2026/08/16 08:15:32.757, 11932, 12152
2026/08/16 08:15:37.758, 11932, 12152
2026/08/16 08:15:42.758, 11932, 12152
2026/08/16 08:15:47.759, 11932, 12152
2026/08/16 08:15:52.759, 11932, 12152
2026/08/16 08:15:57.760, 11932, 12152
2026/08/16 08:16:02.761, 11932, 12152
2026/08/16 08:16:07.761, 11932, 12152
2026/08/16 08:16:12.762, 11932, 12152
2026/08/16 08:16:17.762, 11932, 12152
2026/08/16 08:16:22.763, 11932, 12152
2026/08/16 08:16:27.763, 11932, 12152
2026/08/16 08:16:32.764, 11932, 12152
2026/08/16 08:16:37.764, 11932, 12152
2026/08/16 08:16:42.765, 11932, 12152
2026/08/16 08:16:47.765, 11932, 12152
2026/08/16 08:16:52.766, 11932, 12152
2026/08/16 08:16:57.766, 11932, 12152
2026/08/16 08:17:02.767, 11932, 12152
2026/08/16 08:17:07.767, 11932, 12152
2026/08/16 08:17:12.768, 11932, 12152
2026/08/16 08:17:17.768, 11932, 12152
2026/08/16 08:17:22.769, 11932, 12152
2026/08/16 08:17:27.769, 11932, 12152
2026/08/16 08:17:32.770, 11932, 12152
2026/08/16 08:17:37.770, 11932, 12152
2026/08/16 08:17:42.771, 11932, 12152
2026/08/16 08:17:47.771, 11932, 12152
2026/08/16 08:17:52.772, 11932, 12152
2026/08/16 08:17:57.772, 11932, 12152
2026/08/16 08:18:02.773, 11932, 12152
2026/08/16 08:18:07.774, 11932, 12152
2026/08/16 08:18:12.774, 11932, 12152
2026/08/16 08:18:17.775, 11932, 12152
2026/08/16 08:18:22.775, 11932, 12152
2026/08/16 08:18:27.776, 11932, 12152
2026/08/16 08:18:32.776, 11932, 12152
2026/08/16 08:18:37.777, 11932, 12152
2026/08/16 08:18:42.777, 11932, 12152
2026/08/16 08:18:47.778, 11932, 12152
2026/08/16 08:18:52.778, 11932, 12152
2026/08/16 08:18:57.779, 11932, 12152
2026/08/16 08:19:02.780, 11932, 12152
2026/08/16 08:19:07.780, 11932, 12152
2026/08/16 08:19:12.781, 11932, 12152
2026/08/16 08:19:17.781, 11932, 12152
2026/08/16 08:19:22.782, 11932, 12152
2026/08/16 08:19:27.782, 11932, 12152
2026/08/16 08:19:32.783, 11932, 12152
2026/08/16 08:19:37.783, 11932, 12152
2026/08/16 08:19:42.784, 11932, 12152
2026/08/16 08:19:47.784, 11932, 12152
2026/08/16 08:19:52.785, 11932, 12152
2026/08/16 08:19:57.785, 11932, 12152
2026/08/16 08:20:02.786, 11932, 12152
2026/08/16 08:20:07.786, 11932, 12152
2026/08/16 08:20:12.787, 11932, 12152
2026/08/16 08:20:17.788, 11932, 12152
2026/08/16 08:20:22.788, 11932, 12152
2026/08/16 08:20:27.789, 11932, 12152
2026/08/16 08:20:32.789, 11932, 12152
2026/08/16 08:20:37.790, 11932, 12152
2026/08/16 08:20:42.790, 11932, 12152
2026/08/16 08:20:47.791, 11932, 12152
2026/08/16 08:20:52.791, 11932, 12152
2026/08/16 08:20:57.792, 11932, 12152
2026/08/16 08:21:02.792, 11932, 12152
2026/08/16 08:21:07.793, 11932, 12152
2026/08/16 08:21:12.794, 11932, 12152
2026/08/16 08:21:17.794, 11932, 12152
2026/08/16 08:21:22.795, 11932, 12152
2026/08/16 08:21:27.795, 11932, 12152
2026/08/16 08:21:32.796, 11932, 12152
2026/08/16 08:21:37.796, 11932, 12152
2026/08/16 08:21:42.797, 11932, 12152
2026/08/16 08:21:47.797, 11932, 12152
2026/08/16 08:21:52.798, 11932, 12152
2026/08/16 08:21:57.799, 11932, 12152
2026/08/16 08:22:02.799, 11932, 12152
2026/08/16 08:22:07.800, 11932, 12152
2026/08/16 08:22:12.800, 11932, 12152
2026/08/16 08:22:17.801, 11932, 12152
2026/08/16 08:22:22.801, 11932, 12152
2026/08/16 08:22:27.802, 11932, 12152
2026/08/16 08:22:32.802, 11932, 12152
2026/08/16 08:22:37.803, 11932, 12152
2026/08/16 08:22:42.803, 11932, 12152
2026/08/16 08:22:47.804, 11932, 12152
2026/08/16 08:22:52.804, 11932, 12152
2026/08/16 08:22:57.805, 11932, 12152
2026/08/16 08:23:02.806, 11932, 12152
2026/08/16 08:23:07.806, 11932, 12152
2026/08/16 08:23:12.807, 11932, 12152
2026/08/16 08:23:17.807, 11932, 12152
2026/08/16 08:23:22.808, 11932, 12152
2026/08/16 08:23:27.808, 11932, 12152
2026/08/16 08:23:32.809, 11932, 12152
2026/08/16 08:23:37.809, 11932, 12152
2026/08/16 08:23:42.810, 11932, 12152
2026/08/16 08:23:47.810, 11932, 12152
2026/08/16 08:23:52.811, 11932, 12152
2026/08/16 08:23:57.812, 11932, 12152
2026/08/16 08:24:02.812, 11932, 12152
2026/08/16 08:24:07.813, 11932, 12152
2026/08/16 08:24:12.813, 11932, 12152
2026/08/16 08:24:17.814, 11932, 12152
2026/08/16 08:24:22.814, 11932, 12152
2026/08/16 08:24:27.815, 11932, 12152
2026/08/16 08:24:32.815, 11932, 12152
2026/08/16 08:24:37.816, 11932, 12152
2026/08/16 08:24:42.816, 11932, 12152
2026/08/16 08:24:47.817, 11932, 12152
2026/08/16 08:24:52.817, 11932, 12152
2026/08/16 08:24:57.818, 11932, 12152
2026/08/16 08:25:02.818, 11932, 12152
2026/08/16 08:25:07.819, 11932, 12152
2026/08/16 08:25:12.820, 11932, 12152
2026/08/16 08:25:17.820, 11932, 12152
2026/08/16 08:25:22.821, 11932, 12152
2026/08/16 08:25:27.821, 11932, 12152
2026/08/16 08:25:32.822, 11932, 12152
2026/08/16 08:25:37.822, 11932, 12152
2026/08/16 08:25:42.823, 11932, 12152
2026/08/16 08:25:47.823, 11932, 12152
2026/08/16 08:25:52.824, 11932, 12152
2026/08/16 08:25:57.824, 11932, 12152
2026/08/16 08:26:02.825, 11932, 12152
2026/08/16 08:26:07.825, 11932, 12152
2026/08/16 08:26:12.826, 11932, 12152
2026/08/16 08:26:17.827, 11932, 12152
2026/08/16 08:26:22.827, 11932, 12152
2026/08/16 08:26:27.828, 11932, 12152
2026/08/16 08:26:32.828, 11932, 12152
2026/08/16 08:26:37.829, 11932, 12152
2026/08/16 08:26:42.829, 11932, 12152
2026/08/16 08:26:47.830, 11932, 12152
2026/08/16 08:26:52.830, 11932, 12152
2026/08/16 08:26:57.831, 11932, 12152
2026/08/16 08:27:02.832, 11932, 12152
2026/08/16 08:27:07.832, 11932, 12152
2026/08/16 08:27:12.833, 11932, 12152
2026/08/16 08:27:17.833, 11932, 12152
2026/08/16 08:27:22.834, 11932, 12152
2026/08/16 08:27:27.834, 11932, 12152
2026/08/16 08:27:32.835, 11932, 12152
2026/08/16 08:27:37.835, 11932, 12152
2026/08/16 08:27:42.836, 11932, 12152
2026/08/16 08:27:47.836, 11932, 12152
2026/08/16 08:27:52.837, 11932, 12152
2026/08/16 08:27:57.837, 11932, 12152
2026/08/16 08:28:02.838, 11932, 12152
2026/08/16 08:28:07.839, 11932, 12152
2026/08/16 08:28:12.839, 11932, 12152
2026/08/16 08:28:17.840, 11932, 12152
2026/08/16 08:28:22.840, 11932, 12152
2026/08/16 08:28:27.841, 11932, 12152
2026/08/16 08:28:32.841, 11932, 12152
2026/08/16 08:28:37.842, 11932, 12152
2026/08/16 08:28:42.842, 11932, 12152
2026/08/16 08:28:47.843, 11932, 12152
2026/08/16 08:28:52.843, 11932, 12152
2026/08/16 08:28:57.844, 11932, 12152
2026/08/16 08:29:02.844, 11932, 12152
2026/08/16 08:29:07.845, 11932, 12152
2026/08/16 08:29:12.846, 11932, 12152
2026/08/16 08:29:17.846, 11932, 12152
2026/08/16 08:29:22.847, 11932, 12152
2026/08/16 08:29:27.847, 11932, 12152
2026/08/16 08:29:32.848, 11932, 12152
2026/08/16 08:29:37.848, 11932, 12152
2026/08/16 08:29:42.849, 11932, 12152
2026/08/16 08:29:47.849, 11932, 12152
2026/08/16 08:29:52.850, 11932, 12152
2026/08/16 08:29:57.851, 11932, 12152
2026/08/16 08:30:02.851, 11932, 12152
2026/08/16 08:30:07.852, 11932, 12152
2026/08/16 08:30:12.852, 11932, 12152
2026/08/16 08:30:17.853, 11932, 12152
2026/08/16 08:30:22.853, 11932, 12152
2026/08/16 08:30:27.854, 11932, 12152
2026/08/16 08:30:32.854, 11932, 12152
2026/08/16 08:30:37.855, 11932, 12152
2026/08/16 08:30:42.856, 11932, 12152
2026/08/16 08:30:47.856, 11932, 12152
2026/08/16 08:30:52.857, 11932, 12152
2026/08/16 08:30:57.857, 11932, 12152
2026/08/16 08:31:02.858, 11932, 12152
2026/08/16 08:31:07.858, 11932, 12152
2026/08/16 08:31:12.859, 11932, 12152
2026/08/16 08:31:17.859, 11932, 12152
2026/08/16 08:31:22.860, 11932, 12152
2026/08/16 08:31:27.861, 11932, 12152
2026/08/16 08:31:32.861, 11932, 12152
2026/08/16 08:31:37.862, 11932, 12152
2026/08/16 08:31:42.862, 11932, 12152
2026/08/16 08:31:47.863, 11932, 12152
2026/08/16 08:31:52.863, 11932, 12152
2026/08/16 08:31:57.864, 11932, 12152
2026/08/16 08:32:02.864, 11932, 12152
2026/08/16 08:32:07.865, 11932, 12152
2026/08/16 08:32:12.865, 11932, 12152
2026/08/16 08:32:17.866, 11932, 12152
2026/08/16 08:32:22.866, 11932, 12152
2026/08/16 08:32:27.867, 11932, 12152
2026/08/16 08:32:32.867, 11932, 12152
2026/08/16 08:32:37.868, 11932, 12152
2026/08/16 08:32:42.868, 11932, 12152
2026/08/16 08:32:47.868, 11932, 12152
2026/08/16 08:32:52.869, 11932, 12152
2026/08/16 08:32:57.869, 11932, 12152
2026/08/16 08:33:02.870, 11932, 12152
2026/08/16 08:33:07.870, 11932, 12152
2026/08/16 08:33:12.871, 11932, 12152
2026/08/16 08:33:17.871, 11932, 12152
2026/08/16 08:33:22.872, 11932, 12152
2026/08/16 08:33:27.872, 11932, 12152
2026/08/16 08:33:32.873, 11932, 12152
2026/08/16 08:33:37.873, 11932, 12152
2026/08/16 08:33:42.874, 11932, 12152
2026/08/16 08:33:47.874, 11932, 12152
2026/08/16 08:33:52.874, 11932, 12152
2026/08/16 08:33:57.875, 11932, 12152
2026/08/16 08:34:02.875, 11932, 12152
2026/08/16 08:34:07.876, 11932, 12152
2026/08/16 08:34:12.876, 11932, 12152
2026/08/16 08:34:17.877, 11932, 12152
2026/08/16 08:34:22.877, 11932, 12152
2026/08/16 08:34:27.878, 11932, 12152
2026/08/16 08:34:32.878, 11932, 12152
2026/08/16 08:34:37.879, 11932, 12152
2026/08/16 08:34:42.879, 11932, 12152
2026/08/16 08:34:47.880, 11932, 12152
2026/08/16 08:34:52.880, 11932, 12152
2026/08/16 08:34:57.880, 11932, 12152
2026/08/16 08:35:02.881, 11932, 12152
2026/08/16 08:35:07.881, 11932, 12152
2026/08/16 08:35:12.882, 11932, 12152
2026/08/16 08:35:17.882, 11932, 12152
2026/08/16 08:35:22.883, 11932, 12152
2026/08/16 08:35:27.883, 11932, 12152
2026/08/16 08:35:32.884, 11932, 12152
2026/08/16 08:35:37.884, 11932, 12152
2026/08/16 08:35:42.885, 11932, 12152
2026/08/16 08:35:47.885, 11932, 12152
2026/08/16 08:35:52.886, 11932, 12152
2026/08/16 08:35:57.886, 11932, 12152
2026/08/16 08:36:02.887, 11932, 12152
2026/08/16 08:36:07.887, 11932, 12152
2026/08/16 08:36:12.887, 11932, 12152
2026/08/16 08:36:17.888, 11932, 12152
2026/08/16 08:36:22.888, 11932, 12152
2026/08/16 08:36:27.889, 11932, 12152
2026/08/16 08:36:32.889, 11932, 12152
2026/08/16 08:36:37.890, 11932, 12152
2026/08/16 08:36:42.890, 11932, 12152
2026/08/16 08:36:47.891, 11932, 12152
2026/08/16 08:36:52.891, 11932, 12152
2026/08/16 08:36:57.892, 11932, 12152
2026/08/16 08:37:02.892, 11932, 12152
2026/08/16 08:37:07.893, 11932, 12152
2026/08/16 08:37:12.893, 11932, 12152
2026/08/16 08:37:17.893, 11932, 12152
2026/08/16 08:37:22.894, 11932, 12152
2026/08/16 08:37:27.894, 11932, 12152
2026/08/16 08:37:32.895, 11932, 12152
2026/08/16 08:37:37.895, 11932, 12152
2026/08/16 08:37:42.896, 11932, 12152
2026/08/16 08:37:47.896, 11932, 12152
2026/08/16 08:37:52.897, 11932, 12152
2026/08/16 08:37:57.897, 11932, 12152
2026/08/16 08:38:02.898, 11932, 12152
2026/08/16 08:38:07.898, 11932, 12152
2026/08/16 08:38:12.898, 11932, 12152
2026/08/16 08:38:17.899, 11932, 12152
2026/08/16 08:38:22.899, 11932, 12152
2026/08/16 08:38:27.900, 11932, 12152
2026/08/16 08:38:32.900, 11932, 12152
2026/08/16 08:38:37.901, 11932, 12152
2026/08/16 08:38:42.901, 11932, 12152
2026/08/16 08:38:47.902, 11932, 12152
2026/08/16 08:38:52.902, 11932, 12152
2026/08/16 08:38:57.903, 11932, 12152
2026/08/16 08:39:02.903, 11932, 12152
2026/08/16 08:39:07.904, 11932, 12152
2026/08/16 08:39:12.904, 11932, 12152
2026/08/16 08:39:17.904, 11932, 12152
2026/08/16 08:39:22.905, 11932, 12152
2026/08/16 08:39:27.905, 11932, 12152
2026/08/16 08:39:32.906, 11932, 12152
2026/08/16 08:39:37.906, 11932, 12152
2026/08/16 08:39:42.907, 11932, 12152
2026/08/16 08:39:47.907, 11932, 12152
2026/08/16 08:39:52.908, 11932, 12152
2026/08/16 08:39:57.908, 11932, 12152
2026/08/16 08:40:02.909, 11932, 12152
2026/08/16 08:40:07.909, 11932, 12152
2026/08/16 08:40:12.909, 11932, 12152
2026/08/16 08:40:17.910, 11932, 12152
2026/08/16 08:40:22.910, 11932, 12152
2026/08/16 08:40:27.911, 11932, 12152
2026/08/16 08:40:32.911, 11932, 12152
2026/08/16 08:40:37.912, 11932, 12152
2026/08/16 08:40:42.912, 11932, 12152
2026/08/16 08:40:47.913, 11932, 12152
2026/08/16 08:40:52.913, 11932, 12152
2026/08/16 08:40:57.914, 11932, 12152
2026/08/16 08:41:02.914, 11932, 12152
2026/08/16 08:41:07.914, 11932, 12152
2026/08/16 08:41:12.915, 11932, 12152
2026/08/16 08:41:17.915, 11932, 12152
2026/08/16 08:41:22.916, 11932, 12152
2026/08/16 08:41:27.916, 11932, 12152
2026/08/16 08:41:32.917, 11932, 12152
2026/08/16 08:41:37.917, 11932, 12152
2026/08/16 08:41:42.918, 11932, 12152
2026/08/16 08:41:47.918, 11932, 12152
2026/08/16 08:41:52.919, 11932, 12152
2026/08/16 08:41:57.919, 11932, 12152
2026/08/16 08:42:02.920, 11932, 12152
2026/08/16 08:42:07.920, 11932, 12152
2026/08/16 08:42:12.920, 11932, 12152
2026/08/16 08:42:17.921, 11932, 12152
2026/08/16 08:42:22.921, 11932, 12152
2026/08/16 08:42:27.922, 11932, 12152
2026/08/16 08:42:32.922, 11932, 12152
2026/08/16 08:42:37.923, 11932, 12152
2026/08/16 08:42:42.923, 11932, 12152
2026/08/16 08:42:47.924, 11932, 12152
2026/08/16 08:42:52.924, 11932, 12152
2026/08/16 08:42:57.925, 11932, 12152
2026/08/16 08:43:02.925, 11932, 12152
2026/08/16 08:43:07.926, 11932, 12152
2026/08/16 08:43:12.926, 11932, 12152
2026/08/16 08:43:17.927, 11932, 12152
2026/08/16 08:43:22.927, 11932, 12152
2026/08/16 08:43:27.928, 11932, 12152
2026/08/16 08:43:32.928, 11932, 12152
2026/08/16 08:43:37.929, 11932, 12152
2026/08/16 08:43:42.929, 11932, 12152
2026/08/16 08:43:47.930, 11932, 12152
2026/08/16 08:43:52.930, 11932, 12152
2026/08/16 08:43:57.931, 11932, 12152
2026/08/16 08:44:02.931, 11932, 12152
2026/08/16 08:44:07.931, 11932, 12152
2026/08/16 08:44:12.932, 11932, 12152
2026/08/16 08:44:17.932, 11932, 12152
2026/08/16 08:44:22.933, 11932, 12152
2026/08/16 08:44:27.933, 11932, 12152
2026/08/16 08:44:32.934, 11932, 12152
2026/08/16 08:44:37.934, 11932, 12152
2026/08/16 08:44:42.935, 11932, 12152
2026/08/16 08:44:47.935, 11932, 12152
2026/08/16 08:44:52.936, 11932, 12152
2026/08/16 08:44:57.936, 11932, 12152
2026/08/16 08:45:02.936, 11932, 12152
2026/08/16 08:45:07.937, 11932, 12152
2026/08/16 08:45:12.937, 11932, 12152
2026/08/16 08:45:17.938, 11932, 12152
2026/08/16 08:45:22.938, 11932, 12152
2026/08/16 08:45:27.939, 11932, 12152
2026/08/16 08:45:32.939, 11932, 12152
2026/08/16 08:45:37.940, 11932, 12152
2026/08/16 08:45:42.940, 11932, 12152
2026/08/16 08:45:47.941, 11932, 12152
2026/08/16 08:45:52.941, 11932, 12152
2026/08/16 08:45:57.941, 11932, 12152
2026/08/16 08:46:02.942, 11932, 12152
2026/08/16 08:46:07.942, 11932, 12152
2026/08/16 08:46:12.943, 11932, 12152
2026/08/16 08:46:17.943, 11932, 12152
2026/08/16 08:46:22.944, 11932, 12152
2026/08/16 08:46:27.944, 11932, 12152
2026/08/16 08:46:32.945, 11932, 12152
2026/08/16 08:46:37.945, 11932, 12152
2026/08/16 08:46:42.946, 11932, 12152
2026/08/16 08:46:47.946, 11932, 12152
2026/08/16 08:46:52.947, 11932, 12152
2026/08/16 08:46:57.947, 11932, 12152
2026/08/16 08:47:02.947, 11932, 12152
2026/08/16 08:47:07.948, 11932, 12152
2026/08/16 08:47:12.948, 11932, 12152
2026/08/16 08:47:17.949, 11932, 12152
2026/08/16 08:47:22.949, 11932, 12152
2026/08/16 08:47:27.950, 11932, 12152
2026/08/16 08:47:32.950, 11932, 12152
2026/08/16 08:47:37.951, 11932, 12152
2026/08/16 08:47:42.951, 11932, 12152
2026/08/16 08:47:47.952, 11932, 12152
2026/08/16 08:47:52.952, 11932, 12152
2026/08/16 08:47:57.953, 11932, 12152
2026/08/16 08:48:02.953, 11932, 12152
2026/08/16 08:48:07.953, 11932, 12152
2026/08/16 08:48:12.954, 11932, 12152
2026/08/16 08:48:17.954, 11932, 12152
2026/08/16 08:48:22.955, 11932, 12152
2026/08/16 08:48:27.955, 11932, 12152
2026/08/16 08:48:32.956, 11932, 12152
2026/08/16 08:48:37.956, 11932, 12152
2026/08/16 08:48:42.957, 11932, 12152
2026/08/16 08:48:47.957, 11932, 12152
2026/08/16 08:48:52.958, 11932, 12152
2026/08/16 08:48:57.958, 11932, 12152
2026/08/16 08:49:02.958, 11932, 12152
2026/08/16 08:49:07.959, 11932, 12152
2026/08/16 08:49:12.959, 11932, 12152
2026/08/16 08:49:17.960, 11932, 12152
2026/08/16 08:49:22.960, 11932, 12152
2026/08/16 08:49:27.961, 11932, 12152
2026/08/16 08:49:32.961, 11932, 12152
2026/08/16 08:49:37.962, 11932, 12152
2026/08/16 08:49:42.962, 11932, 12152
2026/08/16 08:49:47.963, 11932, 12152
2026/08/16 08:49:52.963, 11932, 12152
2026/08/16 08:49:57.964, 11932, 12152
2026/08/16 08:50:02.964, 11932, 12152
2026/08/16 08:50:07.964, 11932, 12152
2026/08/16 08:50:12.965, 11932, 12152
2026/08/16 08:50:17.965, 11932, 12152
2026/08/16 08:50:22.966, 11932, 12152
2026/08/16 08:50:27.966, 11932, 12152
2026/08/16 08:50:32.967, 11932, 12152
2026/08/16 08:50:37.967, 11932, 12152
2026/08/16 08:50:42.968, 11932, 12152
2026/08/16 08:50:47.968, 11932, 12152
2026/08/16 08:50:52.969, 11932, 12152
2026/08/16 08:50:57.969, 11932, 12152
2026/08/16 08:51:02.970, 11932, 12152
2026/08/16 08:51:07.970, 11932, 12152
2026/08/16 08:51:12.970, 11932, 12152
2026/08/16 08:51:17.971, 11932, 12152
2026/08/16 08:51:22.971, 11932, 12152
2026/08/16 08:51:27.972, 11932, 12152
2026/08/16 08:51:32.972, 11932, 12152
2026/08/16 08:51:37.973, 11932, 12152
2026/08/16 08:51:42.973, 11932, 12152
2026/08/16 08:51:47.974, 11932, 12152
2026/08/16 08:51:52.974, 11932, 12152
2026/08/16 08:51:57.975, 11932, 12152
2026/08/16 08:52:02.975, 11932, 12152
2026/08/16 08:52:07.975, 11932, 12152
2026/08/16 08:52:12.976, 11932, 12152
2026/08/16 08:52:17.976, 11932, 12152
2026/08/16 08:52:22.977, 11932, 12152
2026/08/16 08:52:27.977, 11932, 12152
2026/08/16 08:52:32.978, 11932, 12152
2026/08/16 08:52:37.978, 11932, 12152
2026/08/16 08:52:42.979, 11932, 12152
2026/08/16 08:52:47.979, 11932, 12152
2026/08/16 08:52:52.980, 11932, 12152
2026/08/16 08:52:57.981, 11932, 12152
2026/08/16 08:53:02.983, 11932, 12152
2026/08/16 08:53:07.985, 11932, 12152
2026/08/16 08:53:12.988, 11932, 12152
2026/08/16 08:53:17.990, 11932, 12152
2026/08/16 08:53:22.992, 11932, 12152
2026/08/16 08:53:27.995, 11932, 12152
2026/08/16 08:53:32.997, 11932, 12152
2026/08/16 08:53:38.000, 11932, 12152
2026/08/16 08:53:43.002, 11932, 12152
2026/08/16 08:53:48.004, 11932, 12152
2026/08/16 08:53:53.006, 11932, 12152
2026/08/16 08:53:58.008, 11932, 12152
2026/08/16 08:54:03.010, 11932, 12152
2026/08/16 08:54:08.011, 11932, 12152
2026/08/16 08:54:13.014, 11932, 12152
2026/08/16 08:54:18.015, 11932, 12152
2026/08/16 08:54:23.017, 11932, 12152
2026/08/16 08:54:28.019, 11932, 12152
2026/08/16 08:54:33.021, 11932, 12152
2026/08/16 08:54:38.023, 11932, 12152
2026/08/16 08:54:43.026, 11932, 12152
2026/08/16 08:54:48.027, 11932, 12152
2026/08/16 08:54:53.029, 11932, 12152
2026/08/16 08:54:58.030, 11932, 12152
2026/08/16 08:55:03.032, 11932, 12152
2026/08/16 08:55:08.034, 11932, 12152
2026/08/16 08:55:13.036, 11932, 12152
2026/08/16 08:55:18.038, 11932, 12152
2026/08/16 08:55:23.040, 11932, 12152
2026/08/16 08:55:28.042, 11932, 12152
2026/08/16 08:55:33.043, 11932, 12152
2026/08/16 08:55:38.044, 11932, 12152
2026/08/16 08:55:43.045, 11932, 12152
2026/08/16 08:55:48.047, 11932, 12152
2026/08/16 08:55:53.048, 11932, 12152
2026/08/16 08:55:58.050, 11932, 12152
2026/08/16 08:56:03.051, 11932, 12152
2026/08/16 08:56:08.053, 11932, 12152
2026/08/16 08:56:13.055, 11932, 12152
2026/08/16 08:56:18.057, 11932, 12152
2026/08/16 08:56:23.058, 11932, 12152
2026/08/16 08:56:28.059, 11932, 12152
2026/08/16 08:56:33.060, 11932, 12152
2026/08/16 08:56:38.061, 11932, 12152
2026/08/16 08:56:43.062, 11932, 12152
2026/08/16 08:56:48.063, 11932, 12152
2026/08/16 08:56:53.064, 11932, 12152
2026/08/16 08:56:58.065, 11932, 12152
2026/08/16 08:57:03.066, 11932, 12152
2026/08/16 08:57:08.068, 11932, 12152
2026/08/16 08:57:13.069, 11932, 12152
2026/08/16 08:57:18.071, 11932, 12152
2026/08/16 08:57:23.072, 11932, 12152
2026/08/16 08:57:28.073, 11932, 12152
2026/08/16 08:57:33.074, 11932, 12152
2026/08/16 08:57:38.075, 11932, 12152
2026/08/16 08:57:43.076, 11932, 12152
2026/08/16 08:57:48.077, 11932, 12152
2026/08/16 08:57:53.078, 11932, 12152
2026/08/16 08:57:58.079, 11932, 12152
2026/08/16 08:58:03.080, 11932, 12152
2026/08/16 08:58:08.082, 11932, 12152
2026/08/16 08:58:13.084, 11932, 12152
2026/08/16 08:58:18.084, 11932, 12152
2026/08/16 08:58:23.086, 11932, 12152
2026/08/16 08:58:28.087, 11932, 12152
2026/08/16 08:58:33.088, 11932, 12152
2026/08/16 08:58:38.089, 11932, 12152
2026/08/16 08:58:43.090, 11932, 12152
2026/08/16 08:58:48.090, 11932, 12152
2026/08/16 08:58:53.091, 11932, 12152
2026/08/16 08:58:58.092, 11932, 12152
2026/08/16 08:59:03.093, 11932, 12152
2026/08/16 08:59:08.093, 11932, 12152
2026/08/16 08:59:13.094, 11932, 12152
2026/08/16 08:59:18.096, 11932, 12152
2026/08/16 08:59:23.096, 11932, 12152
2026/08/16 08:59:28.097, 11932, 12152
2026/08/16 08:59:33.098, 11932, 12152
2026/08/16 08:59:38.099, 11932, 12152
2026/08/16 08:59:43.100, 11932, 12152
2026/08/16 08:59:48.101, 11932, 12152
2026/08/16 08:59:53.101, 11932, 12152
2026/08/16 08:59:58.102, 11932, 12152
2026/08/16 09:00:03.103, 11932, 12152
2026/08/16 09:00:08.104, 11932, 12152
2026/08/16 09:00:13.104, 11932, 12152
2026/08/16 09:00:18.105, 11932, 12152
2026/08/16 09:00:23.107, 11932, 12152
2026/08/16 09:00:28.107, 11932, 12152
2026/08/16 09:00:33.108, 11932, 12152
2026/08/16 09:00:38.109, 11932, 12152
2026/08/16 09:00:43.110, 11932, 12152
2026/08/16 09:00:48.110, 11932, 12152
2026/08/16 09:00:53.111, 11932, 12152
2026/08/16 09:00:58.112, 11932, 12152
2026/08/16 09:01:03.113, 11932, 12152
2026/08/16 09:01:08.113, 11932, 12152
2026/08/16 09:01:13.114, 11932, 12152
2026/08/16 09:01:18.114, 11932, 12152
2026/08/16 09:01:23.115, 11932, 12152
2026/08/16 09:01:28.116, 11932, 12152
2026/08/16 09:01:33.116, 11932, 12152
2026/08/16 09:01:38.117, 11932, 12152
2026/08/16 09:01:43.118, 11932, 12152
2026/08/16 09:01:48.119, 11932, 12152
2026/08/16 09:01:53.119, 11932, 12152
2026/08/16 09:01:58.120, 11932, 12152
2026/08/16 09:02:03.121, 11932, 12152
2026/08/16 09:02:08.121, 11932, 12152
2026/08/16 09:02:13.122, 11932, 12152
2026/08/16 09:02:18.123, 11932, 12152
2026/08/16 09:02:23.123, 11932, 12152
2026/08/16 09:02:28.124, 11932, 12152
2026/08/16 09:02:33.124, 11932, 12152
2026/08/16 09:02:38.125, 11932, 12152
2026/08/16 09:02:43.126, 11932, 12152
2026/08/16 09:02:48.127, 11932, 12152
2026/08/16 09:02:53.127, 11932, 12152
2026/08/16 09:02:58.128, 11932, 12152
2026/08/16 09:03:03.128, 11932, 12152
2026/08/16 09:03:08.129, 11932, 12152
2026/08/16 09:03:13.130, 11932, 12152
2026/08/16 09:03:18.130, 11932, 12152
2026/08/16 09:03:23.131, 11932, 12152
2026/08/16 09:03:28.132, 11932, 12152
2026/08/16 09:03:33.132, 11932, 12152
2026/08/16 09:03:38.133, 11932, 12152
2026/08/16 09:03:43.134, 11932, 12152
2026/08/16 09:03:48.134, 11932, 12152
2026/08/16 09:03:53.135, 11932, 12152
2026/08/16 09:03:58.136, 11932, 12152
2026/08/16 09:04:03.136, 11932, 12152
2026/08/16 09:04:08.137, 11932, 12152
2026/08/16 09:04:13.138, 11932, 12152
2026/08/16 09:04:18.138, 11932, 12152
2026/08/16 09:04:23.139, 11932, 12152
2026/08/16 09:04:28.139, 11932, 12152
2026/08/16 09:04:33.140, 11932, 12152
2026/08/16 09:04:38.141, 11932, 12152
2026/08/16 09:04:43.141, 11932, 12152
2026/08/16 09:04:48.142, 11932, 12152
2026/08/16 09:04:53.143, 11932, 12152
2026/08/16 09:04:58.144, 11932, 12152
2026/08/16 09:05:03.144, 11932, 12152
2026/08/16 09:05:08.145, 11932, 12152
2026/08/16 09:05:13.146, 11932, 12152
2026/08/16 09:05:18.146, 11932, 12152
2026/08/16 09:05:23.147, 11932, 12152
2026/08/16 09:05:28.147, 11932, 12152
2026/08/16 09:05:33.148, 11932, 12152
2026/08/16 09:05:38.149, 11932, 12152
2026/08/16 09:05:43.149, 11932, 12152
2026/08/16 09:05:48.150, 11932, 12152
2026/08/16 09:05:53.151, 11932, 12152
2026/08/16 09:05:58.151, 11932, 12152
2026/08/16 09:06:03.152, 11932, 12152
2026/08/16 09:06:08.153, 11932, 12152
2026/08/16 09:06:13.153, 11932, 12152
2026/08/16 09:06:18.154, 11932, 12152
2026/08/16 09:06:23.155, 11932, 12152
2026/08/16 09:06:28.155, 11932, 12152
2026/08/16 09:06:33.156, 11932, 12152
2026/08/16 09:06:38.157, 11932, 12152
2026/08/16 09:06:43.157, 11932, 12152
2026/08/16 09:06:48.158, 11932, 12152
2026/08/16 09:06:53.159, 11932, 12152
2026/08/16 09:06:58.160, 11932, 12152
2026/08/16 09:07:03.160, 11932, 12152
2026/08/16 09:07:08.161, 11932, 12152
2026/08/16 09:07:13.162, 11932, 12152
2026/08/16 09:07:18.162, 11932, 12152
2026/08/16 09:07:23.163, 11932, 12152
2026/08/16 09:07:28.164, 11932, 12152
2026/08/16 09:07:33.165, 11932, 12152
2026/08/16 09:07:38.166, 11932, 12152
2026/08/16 09:07:43.166, 11932, 12152
2026/08/16 09:07:48.167, 11932, 12152
2026/08/16 09:07:53.168, 11932, 12152
2026/08/16 09:07:58.169, 11932, 12152
2026/08/16 09:08:03.169, 11932, 12152
2026/08/16 09:08:08.170, 11932, 12152
2026/08/16 09:08:13.171, 11932, 12152
2026/08/16 09:08:18.171, 11932, 12152
2026/08/16 09:08:23.172, 11932, 12152
2026/08/16 09:08:28.173, 11932, 12152
2026/08/16 09:08:33.174, 11932, 12152
2026/08/16 09:08:38.174, 11932, 12152
2026/08/16 09:08:43.175, 11932, 12152
2026/08/16 09:08:48.176, 11932, 12152
2026/08/16 09:08:53.177, 11932, 12152
2026/08/16 09:08:58.177, 11932, 12152
2026/08/16 09:09:03.178, 11932, 12152
2026/08/16 09:09:08.179, 11932, 12152
2026/08/16 09:09:13.180, 11932, 12152
2026/08/16 09:09:18.181, 11932, 12152
2026/08/16 09:09:23.181, 11932, 12152
2026/08/16 09:09:28.182, 11932, 12152
2026/08/16 09:09:33.183, 11932, 12152
2026/08/16 09:09:38.184, 11932, 12152
2026/08/16 09:09:43.184, 11932, 12152
2026/08/16 09:09:48.185, 11932, 12152
2026/08/16 09:09:53.186, 11932, 12152
2026/08/16 09:09:58.187, 11932, 12152
2026/08/16 09:10:03.187, 11932, 12152
2026/08/16 09:10:08.188, 11932, 12152
2026/08/16 09:10:13.188, 11932, 12152
2026/08/16 09:10:18.189, 11932, 12152
2026/08/16 09:10:23.189, 11932, 12152
2026/08/16 09:10:28.190, 11932, 12152
2026/08/16 09:10:33.190, 11932, 12152
2026/08/16 09:10:38.191, 11932, 12152
2026/08/16 09:10:43.191, 11932, 12152
2026/08/16 09:10:48.192, 11932, 12152
2026/08/16 09:10:53.192, 11932, 12152
2026/08/16 09:10:58.192, 11932, 12152
2026/08/16 09:11:03.193, 11932, 12152
2026/08/16 09:11:08.193, 11932, 12152
2026/08/16 09:11:13.194, 11932, 12152
2026/08/16 09:11:18.194, 11932, 12152
2026/08/16 09:11:23.195, 11932, 12152
2026/08/16 09:11:28.195, 11932, 12152
2026/08/16 09:11:33.196, 11932, 12152
2026/08/16 09:11:38.196, 11932, 12152
2026/08/16 09:11:43.197, 11932, 12152
2026/08/16 09:11:48.197, 11932, 12152
2026/08/16 09:11:53.197, 11932, 12152
2026/08/16 09:11:58.198, 11932, 12152
2026/08/16 09:12:03.198, 11932, 12152
2026/08/16 09:12:08.199, 11932, 12152
2026/08/16 09:12:13.199, 11932, 12152
2026/08/16 09:12:18.200, 11932, 12152
2026/08/16 09:12:23.200, 11932, 12152
2026/08/16 09:12:28.201, 11932, 12152
2026/08/16 09:12:33.201, 11932, 12152
2026/08/16 09:12:38.202, 11932, 12152
2026/08/16 09:12:43.202, 11932, 12152
2026/08/16 09:12:48.202, 11932, 12152
2026/08/16 09:12:53.203, 11932, 12152
2026/08/16 09:12:58.203, 11932, 12152
2026/08/16 09:13:03.204, 11932, 12152
2026/08/16 09:13:08.204, 11932, 12152
2026/08/16 09:13:13.205, 11932, 12152
2026/08/16 09:13:18.205, 11932, 12152
2026/08/16 09:13:23.206, 11932, 12152
2026/08/16 09:13:28.206, 11932, 12152
2026/08/16 09:13:33.207, 11932, 12152
2026/08/16 09:13:38.207, 11932, 12152
2026/08/16 09:13:43.207, 11932, 12152
2026/08/16 09:13:48.208, 11932, 12152
2026/08/16 09:13:53.208, 11932, 12152
2026/08/16 09:13:58.209, 11932, 12152
2026/08/16 09:14:03.209, 11932, 12152
2026/08/16 09:14:08.210, 11932, 12152
2026/08/16 09:14:13.210, 11932, 12152
2026/08/16 09:14:18.211, 11932, 12152
2026/08/16 09:14:23.211, 11932, 12152
2026/08/16 09:14:28.212, 11932, 12152
2026/08/16 09:14:33.212, 11932, 12152
2026/08/16 09:14:38.213, 11932, 12152
2026/08/16 09:14:43.213, 11932, 12152
2026/08/16 09:14:48.214, 11932, 12152
2026/08/16 09:14:53.214, 11932, 12152
2026/08/16 09:14:58.214, 11932, 12152
2026/08/16 09:15:03.215, 11932, 12152
2026/08/16 09:15:08.215, 11932, 12152
2026/08/16 09:15:13.216, 11932, 12152
2026/08/16 09:15:18.216, 11932, 12152
2026/08/16 09:15:23.217, 11932, 12152
2026/08/16 09:15:28.217, 11932, 12152
2026/08/16 09:15:33.218, 11932, 12152
2026/08/16 09:15:38.218, 11932, 12152
2026/08/16 09:15:43.219, 11932, 12152
2026/08/16 09:15:48.219, 11932, 12152
2026/08/16 09:15:53.220, 11932, 12152
2026/08/16 09:15:58.220, 11932, 12152
2026/08/16 09:16:03.220, 11932, 12152
2026/08/16 09:16:08.221, 11932, 12152
2026/08/16 09:16:13.221, 11932, 12152
2026/08/16 09:16:18.222, 11932, 12152
2026/08/16 09:16:23.222, 11932, 12152
2026/08/16 09:16:28.223, 11932, 12152
2026/08/16 09:16:33.223, 11932, 12152
2026/08/16 09:16:38.224, 11932, 12152
2026/08/16 09:16:43.224, 11932, 12152
2026/08/16 09:16:48.225, 11932, 12152
2026/08/16 09:16:53.225, 11932, 12152
2026/08/16 09:16:58.226, 11932, 12152
2026/08/16 09:17:03.226, 11932, 12152
2026/08/16 09:17:08.227, 11932, 12152
2026/08/16 09:17:13.227, 11932, 12152
2026/08/16 09:17:18.228, 11932, 12152
2026/08/16 09:17:23.228, 11932, 12152
2026/08/16 09:17:28.229, 11932, 12152
2026/08/16 09:17:33.229, 11932, 12152
2026/08/16 09:17:38.230, 11932, 12152
2026/08/16 09:17:43.230, 11932, 12152
2026/08/16 09:17:48.231, 11932, 12152
2026/08/16 09:17:53.231, 11932, 12152
2026/08/16 09:17:58.231, 11932, 12152
2026/08/16 09:18:03.232, 11932, 12152
2026/08/16 09:18:08.232, 11932, 12152
2026/08/16 09:18:13.233, 11932, 12152
2026/08/16 09:18:18.233, 11932, 12152
2026/08/16 09:18:23.234, 11932, 12152
2026/08/16 09:18:28.234, 11932, 12152
2026/08/16 09:18:33.235, 11932, 12152
2026/08/16 09:18:38.235, 11932, 12152
2026/08/16 09:18:43.236, 11932, 12152
2026/08/16 09:18:48.236, 11932, 12152
2026/08/16 09:18:53.237, 11932, 12152
2026/08/16 09:18:58.237, 11932, 12152
2026/08/16 09:19:03.238, 11932, 12152
2026/08/16 09:19:08.238, 11932, 12152
2026/08/16 09:19:13.239, 11932, 12152
2026/08/16 09:19:18.239, 11932, 12152
2026/08/16 09:19:23.240, 11932, 12152
2026/08/16 09:19:28.240, 11932, 12152
2026/08/16 09:19:33.241, 11932, 12152
2026/08/16 09:19:38.241, 11932, 12152
2026/08/16 09:19:43.242, 11932, 12152
2026/08/16 09:19:48.242, 11932, 12152
2026/08/16 09:19:53.243, 11932, 12152
2026/08/16 09:19:58.243, 11932, 12152
2026/08/16 09:20:03.243, 11932, 12152
2026/08/16 09:20:08.244, 11932, 12152
2026/08/16 09:20:13.244, 11932, 12152
2026/08/16 09:20:18.245, 11932, 12152
2026/08/16 09:20:23.245, 11932, 12152
2026/08/16 09:20:28.246, 11932, 12152
2026/08/16 09:20:33.246, 11932, 12152
2026/08/16 09:20:38.247, 11932, 12152
2026/08/16 09:20:43.247, 11932, 12152
2026/08/16 09:20:48.248, 11932, 12152
2026/08/16 09:20:53.248, 11932, 12152
2026/08/16 09:20:58.249, 11932, 12152
2026/08/16 09:21:03.249, 11932, 12152
2026/08/16 09:21:08.250, 11932, 12152
2026/08/16 09:21:13.250, 11932, 12152
2026/08/16 09:21:18.251, 11932, 12152
2026/08/16 09:21:23.251, 11932, 12152
2026/08/16 09:21:28.252, 11932, 12152
2026/08/16 09:21:33.252, 11932, 12152
2026/08/16 09:21:38.253, 11932, 12152
2026/08/16 09:21:43.253, 11932, 12152
2026/08/16 09:21:48.254, 11932, 12152
2026/08/16 09:21:53.254, 11932, 12152
2026/08/16 09:21:58.255, 11932, 12152
2026/08/16 09:22:03.255, 11932, 12152
2026/08/16 09:22:08.256, 11932, 12152
2026/08/16 09:22:13.256, 11932, 12152
2026/08/16 09:22:18.257, 11932, 12152
2026/08/16 09:22:23.257, 11932, 12152
2026/08/16 09:22:28.258, 11932, 12152
2026/08/16 09:22:33.258, 11932, 12152
2026/08/16 09:22:38.259, 11932, 12152
2026/08/16 09:22:43.259, 11932, 12152
2026/08/16 09:22:48.260, 11932, 12152
2026/08/16 09:22:53.260, 11932, 12152
2026/08/16 09:22:58.261, 11932, 12152
2026/08/16 09:23:03.261, 11932, 12152
2026/08/16 09:23:08.262, 11932, 12152
2026/08/16 09:23:13.262, 11932, 12152
2026/08/16 09:23:18.263, 11932, 12152
2026/08/16 09:23:23.263, 11932, 12152
2026/08/16 09:23:28.264, 11932, 12152
2026/08/16 09:23:33.264, 11932, 12152
2026/08/16 09:23:38.265, 11932, 12152
2026/08/16 09:23:43.265, 11932, 12152
2026/08/16 09:23:48.266, 11932, 12152
2026/08/16 09:23:53.266, 11932, 12152
2026/08/16 09:23:58.267, 11932, 12152
2026/08/16 09:24:03.267, 11932, 12152
2026/08/16 09:24:08.268, 11932, 12152
2026/08/16 09:24:13.268, 11932, 12152
2026/08/16 09:24:18.268, 11932, 12152
2026/08/16 09:24:23.269, 11932, 12152
2026/08/16 09:24:28.269, 11932, 12152
2026/08/16 09:24:33.270, 11932, 12152
2026/08/16 09:24:38.270, 11932, 12152
2026/08/16 09:24:43.271, 11932, 12152
2026/08/16 09:24:48.271, 11932, 12152
2026/08/16 09:24:53.272, 11932, 12152
2026/08/16 09:24:58.272, 11932, 12152
2026/08/16 09:25:03.273, 11932, 12152
2026/08/16 09:25:08.273, 11932, 12152
2026/08/16 09:25:13.274, 11932, 12152
2026/08/16 09:25:18.274, 11932, 12152
2026/08/16 09:25:23.275, 11932, 12152
2026/08/16 09:25:28.275, 11932, 12152
2026/08/16 09:25:33.276, 11932, 12152
2026/08/16 09:25:38.276, 11932, 12152
2026/08/16 09:25:43.277, 11932, 12152
2026/08/16 09:25:48.277, 11932, 12152
2026/08/16 09:25:53.278, 11932, 12152
2026/08/16 09:25:58.278, 11932, 12152
2026/08/16 09:26:03.279, 11932, 12152
2026/08/16 09:26:08.279, 11932, 12152
2026/08/16 09:26:13.280, 11932, 12152
2026/08/16 09:26:18.280, 11932, 12152
2026/08/16 09:26:23.281, 11932, 12152
2026/08/16 09:26:28.281, 11932, 12152
2026/08/16 09:26:33.282, 11932, 12152
2026/08/16 09:26:38.282, 11932, 12152
2026/08/16 09:26:43.283, 11932, 12152
2026/08/16 09:26:48.283, 11932, 12152
2026/08/16 09:26:53.284, 11932, 12152
2026/08/16 09:26:58.284, 11932, 12152
2026/08/16 09:27:03.285, 11932, 12152
2026/08/16 09:27:08.285, 11932, 12152
2026/08/16 09:27:13.286, 11932, 12152
2026/08/16 09:27:18.286, 11932, 12152
2026/08/16 09:27:23.287, 11932, 12152
2026/08/16 09:27:28.287, 11932, 12152
2026/08/16 09:27:33.288, 11932, 12152
2026/08/16 09:27:38.288, 11932, 12152
2026/08/16 09:27:43.289, 11932, 12152
2026/08/16 09:27:48.289, 11932, 12152
2026/08/16 09:27:53.290, 11932, 12152
2026/08/16 09:27:58.290, 11932, 12152
2026/08/16 09:28:03.291, 11932, 12152
2026/08/16 09:28:08.291, 11932, 12152
2026/08/16 09:28:13.292, 11932, 12152
2026/08/16 09:28:18.292, 11932, 12152
2026/08/16 09:28:23.293, 11932, 12152
2026/08/16 09:28:28.293, 11932, 12152
2026/08/16 09:28:33.294, 11932, 12152
2026/08/16 09:28:38.294, 11932, 12152
2026/08/16 09:28:43.295, 11932, 12152
2026/08/16 09:28:48.295, 11932, 12152
2026/08/16 09:28:53.296, 11932, 12152
2026/08/16 09:28:58.296, 11932, 12152
2026/08/16 09:29:03.297, 11932, 12152
2026/08/16 09:29:08.297, 11932, 12152
2026/08/16 09:29:13.298, 11932, 12152
2026/08/16 09:29:18.298, 11932, 12152
2026/08/16 09:29:23.299, 11932, 12152
2026/08/16 09:29:28.299, 11932, 12152
2026/08/16 09:29:33.300, 11932, 12152
2026/08/16 09:29:38.300, 11932, 12152
2026/08/16 09:29:43.301, 11932, 12152
2026/08/16 09:29:48.301, 11932, 12152
2026/08/16 09:29:53.302, 11932, 12152
2026/08/16 09:29:58.302, 11932, 12152
2026/08/16 09:30:03.303, 11932, 12152
2026/08/16 09:30:08.303, 11932, 12152
2026/08/16 09:30:13.304, 11932, 12152
2026/08/16 09:30:18.304, 11932, 12152
2026/08/16 09:30:23.305, 11932, 12152
2026/08/16 09:30:28.305, 11932, 12152
2026/08/16 09:30:33.306, 11932, 12152
2026/08/16 09:30:38.306, 11932, 12152
2026/08/16 09:30:43.307, 11932, 12152
2026/08/16 09:30:48.308, 11932, 12152
2026/08/16 09:30:53.308, 11932, 12152
2026/08/16 09:30:58.309, 11932, 12152
2026/08/16 09:31:03.310, 11932, 12152
2026/08/16 09:31:08.310, 11932, 12152
2026/08/16 09:31:13.311, 11932, 12152
2026/08/16 09:31:18.312, 11932, 12152
2026/08/16 09:31:23.312, 11932, 12152
2026/08/16 09:31:28.313, 11932, 12152
2026/08/16 09:31:33.313, 11932, 12152
2026/08/16 09:31:38.314, 11932, 12152
2026/08/16 09:31:43.315, 11932, 12152
2026/08/16 09:31:48.315, 11932, 12152
2026/08/16 09:31:53.316, 11932, 12152
2026/08/16 09:31:58.316, 11932, 12152
2026/08/16 09:32:03.317, 11932, 12152
2026/08/16 09:32:08.317, 11932, 12152
2026/08/16 09:32:13.318, 11932, 12152
2026/08/16 09:32:18.318, 11932, 12152
2026/08/16 09:32:23.319, 11932, 12152
2026/08/16 09:32:28.319, 11932, 12152
2026/08/16 09:32:33.320, 11932, 12152
2026/08/16 09:32:38.320, 11932, 12152
2026/08/16 09:32:43.321, 11932, 12152
2026/08/16 09:32:48.322, 11932, 12152
2026/08/16 09:32:53.322, 11932, 12152
2026/08/16 09:32:58.323, 11932, 12152
2026/08/16 09:33:03.324, 11932, 12152
2026/08/16 09:33:08.324, 11932, 12152
2026/08/16 09:33:13.325, 11932, 12152
2026/08/16 09:33:18.325, 11932, 12152
2026/08/16 09:33:23.326, 11932, 12152
2026/08/16 09:33:28.326, 11932, 12152
2026/08/16 09:33:33.327, 11932, 12152
2026/08/16 09:33:38.327, 11932, 12152
2026/08/16 09:33:43.328, 11932, 12152
2026/08/16 09:33:48.328, 11932, 12152
2026/08/16 09:33:53.329, 11932, 12152
2026/08/16 09:33:58.329, 11932, 12152
2026/08/16 09:34:03.330, 11932, 12152
2026/08/16 09:34:08.331, 11932, 12152
2026/08/16 09:34:13.331, 11932, 12152
2026/08/16 09:34:18.332, 11932, 12152
2026/08/16 09:34:23.333, 11932, 12152
2026/08/16 09:34:28.333, 11932, 12152
2026/08/16 09:34:33.334, 11932, 12152
2026/08/16 09:34:38.335, 11932, 12152
2026/08/16 09:34:43.335, 11932, 12152
2026/08/16 09:34:48.336, 11932, 12152
2026/08/16 09:34:53.337, 11932, 12152
2026/08/16 09:34:58.338, 11932, 12152
2026/08/16 09:35:03.338, 11932, 12152
2026/08/16 09:35:08.339, 11932, 12152
2026/08/16 09:35:13.340, 11932, 12152
2026/08/16 09:35:18.340, 11932, 12152
2026/08/16 09:35:23.341, 11932, 12152
2026/08/16 09:35:28.342, 11932, 12152
2026/08/16 09:35:33.342, 11932, 12152
2026/08/16 09:35:38.343, 11932, 12152
2026/08/16 09:35:43.343, 11932, 12152
2026/08/16 09:35:48.344, 11932, 12152
2026/08/16 09:35:53.344, 11932, 12152
2026/08/16 09:35:58.345, 11932, 12152
2026/08/16 09:36:03.345, 11932, 12152
2026/08/16 09:36:08.346, 11932, 12152
2026/08/16 09:36:13.346, 11932, 12152
2026/08/16 09:36:18.347, 11932, 12152
2026/08/16 09:36:23.347, 11932, 12152
2026/08/16 09:36:28.348, 11932, 12152
2026/08/16 09:36:33.348, 11932, 12152
2026/08/16 09:36:38.349, 11932, 12152
2026/08/16 09:36:43.349, 11932, 12152
2026/08/16 09:36:48.350, 11932, 12152
2026/08/16 09:36:53.350, 11932, 12152
2026/08/16 09:36:58.351, 11932, 12152
2026/08/16 09:37:03.351, 11932, 12152
2026/08/16 09:37:08.352, 11932, 12152
2026/08/16 09:37:13.352, 11932, 12152
2026/08/16 09:37:18.353, 11932, 12152
2026/08/16 09:37:23.354, 11932, 12152
2026/08/16 09:37:28.354, 11932, 12152
2026/08/16 09:37:33.354, 11932, 12152
2026/08/16 09:37:38.355, 11932, 12152
2026/08/16 09:37:43.356, 11932, 12152
2026/08/16 09:37:48.356, 11932, 12152
2026/08/16 09:37:53.356, 11932, 12152
2026/08/16 09:37:58.357, 11932, 12152
2026/08/16 09:38:03.358, 11932, 12152
2026/08/16 09:38:08.363, 11932, 12152
2026/08/16 09:38:13.363, 11932, 12152
2026/08/16 09:38:18.364, 11932, 12152
2026/08/16 09:38:23.365, 11932, 12152
2026/08/16 09:38:28.365, 11932, 12152
2026/08/16 09:38:33.365, 11932, 12152
2026/08/16 09:38:38.366, 11932, 12152
2026/08/16 09:38:43.367, 11932, 12152
2026/08/16 09:38:48.367, 11932, 12152
2026/08/16 09:38:53.367, 11932, 12152
2026/08/16 09:38:58.368, 11932, 12152
2026/08/16 09:39:03.369, 11932, 12152
2026/08/16 09:39:08.369, 11932, 12152
2026/08/16 09:39:13.370, 11932, 12152
2026/08/16 09:39:18.370, 11932, 12152
2026/08/16 09:39:23.371, 11932, 12152
2026/08/16 09:39:28.371, 11932, 12152
2026/08/16 09:39:33.372, 11932, 12152
2026/08/16 09:39:38.372, 11932, 12152
2026/08/16 09:39:43.373, 11932, 12152
2026/08/16 09:39:48.373, 11932, 12152
2026/08/16 09:39:53.374, 11932, 12152
2026/08/16 09:39:58.374, 11932, 12152
2026/08/16 09:40:03.375, 11932, 12152
2026/08/16 09:40:08.375, 11932, 12152
2026/08/16 09:40:13.376, 11932, 12152
2026/08/16 09:40:18.376, 11932, 12152
2026/08/16 09:40:23.377, 11932, 12152
2026/08/16 09:40:28.377, 11932, 12152
2026/08/16 09:40:33.378, 11932, 12152
2026/08/16 09:40:38.378, 11932, 12152
2026/08/16 09:40:43.379, 11932, 12152
2026/08/16 09:40:48.379, 11932, 12152
2026/08/16 09:40:53.380, 11932, 12152
2026/08/16 09:40:58.380, 11932, 12152
2026/08/16 09:41:03.381, 11932, 12152
2026/08/16 09:41:08.381, 11932, 12152
2026/08/16 09:41:13.382, 11932, 12152
2026/08/16 09:41:18.383, 11932, 12152
2026/08/16 09:41:23.383, 11932, 12152
2026/08/16 09:41:28.384, 11932, 12152
2026/08/16 09:41:33.385, 11932, 12152
2026/08/16 09:41:38.385, 11932, 12152
2026/08/16 09:41:43.386, 11932, 12152
2026/08/16 09:41:48.387, 11932, 12152
2026/08/16 09:41:53.387, 11932, 12152
2026/08/16 09:41:58.388, 11932, 12152
2026/08/16 09:42:03.389, 11932, 12152
2026/08/16 09:42:08.389, 11932, 12152
2026/08/16 09:42:13.390, 11932, 12152
2026/08/16 09:42:18.391, 11932, 12152
2026/08/16 09:42:23.392, 11932, 12152
2026/08/16 09:42:28.392, 11932, 12152
2026/08/16 09:42:33.393, 11932, 12152
2026/08/16 09:42:38.393, 11932, 12152
2026/08/16 09:42:43.394, 11932, 12152
2026/08/16 09:42:48.394, 11932, 12152
2026/08/16 09:42:53.395, 11932, 12152
2026/08/16 09:42:58.395, 11932, 12152
2026/08/16 09:43:03.396, 11932, 12152
2026/08/16 09:43:08.396, 11932, 12152
2026/08/16 09:43:13.397, 11932, 12152
2026/08/16 09:43:18.397, 11932, 12152
2026/08/16 09:43:23.398, 11932, 12152
2026/08/16 09:43:28.398, 11932, 12152
2026/08/16 09:43:33.399, 11932, 12152
2026/08/16 09:43:38.399, 11932, 12152
2026/08/16 09:43:43.400, 11932, 12152
2026/08/16 09:43:48.401, 11932, 12152
2026/08/16 09:43:53.401, 11932, 12152
2026/08/16 09:43:58.401, 11932, 12152
2026/08/16 09:44:03.402, 11932, 12152
2026/08/16 09:44:08.403, 11932, 12152
2026/08/16 09:44:13.403, 11932, 12152
2026/08/16 09:44:18.403, 11932, 12152
2026/08/16 09:44:23.404, 11932, 12152
2026/08/16 09:44:28.404, 11932, 12152
2026/08/16 09:44:33.404, 11932, 12152
2026/08/16 09:44:38.405, 11932, 12152
2026/08/16 09:44:43.405, 11932, 12152
2026/08/16 09:44:48.406, 11932, 12152
2026/08/16 09:44:53.406, 11932, 12152
2026/08/16 09:44:58.406, 11932, 12152
2026/08/16 09:45:03.407, 11932, 12152
2026/08/16 09:45:08.407, 11932, 12152
2026/08/16 09:45:13.408, 11932, 12152
2026/08/16 09:45:18.408, 11932, 12152
2026/08/16 09:45:23.408, 11932, 12152
2026/08/16 09:45:28.409, 11932, 12152
2026/08/16 09:45:33.409, 11932, 12152
2026/08/16 09:45:38.409, 11932, 12152
2026/08/16 09:45:43.410, 11932, 12152
2026/08/16 09:45:48.410, 11932, 12152
2026/08/16 09:45:53.411, 11932, 12152
2026/08/16 09:45:58.411, 11932, 12152
2026/08/16 09:46:03.411, 11932, 12152
2026/08/16 09:46:08.412, 11932, 12152
2026/08/16 09:46:13.412, 11932, 12152
2026/08/16 09:46:18.412, 11932, 12152
2026/08/16 09:46:23.413, 11932, 12152
2026/08/16 09:46:28.413, 11932, 12152
2026/08/16 09:46:33.413, 11932, 12152
2026/08/16 09:46:38.414, 11932, 12152
2026/08/16 09:46:43.414, 11932, 12152
2026/08/16 09:46:48.414, 11932, 12152
2026/08/16 09:46:53.415, 11932, 12152
2026/08/16 09:46:58.415, 11932, 12152
2026/08/16 09:47:03.416, 11932, 12152
2026/08/16 09:47:08.416, 11932, 12152
2026/08/16 09:47:13.416, 11932, 12152
2026/08/16 09:47:18.417, 11932, 12152
2026/08/16 09:47:23.417, 11932, 12152
2026/08/16 09:47:28.418, 11932, 12152
2026/08/16 09:47:33.418, 11932, 12152
2026/08/16 09:47:38.418, 11932, 12152
2026/08/16 09:47:43.419, 11932, 12152
2026/08/16 09:47:48.419, 11932, 12152
2026/08/16 09:47:53.420, 11932, 12152
2026/08/16 09:47:58.420, 11932, 12152
2026/08/16 09:48:03.420, 11932, 12152
2026/08/16 09:48:08.421, 11932, 12152
2026/08/16 09:48:13.421, 11932, 12152
2026/08/16 09:48:18.422, 11932, 12152
2026/08/16 09:48:23.422, 11932, 12152
2026/08/16 09:48:28.422, 11932, 12152
2026/08/16 09:48:33.423, 11932, 12152
2026/08/16 09:48:38.423, 11932, 12152
2026/08/16 09:48:43.424, 11932, 12152
2026/08/16 09:48:48.424, 11932, 12152
2026/08/16 09:48:53.425, 11932, 12152
2026/08/16 09:48:58.425, 11932, 12152
2026/08/16 09:49:03.426, 11932, 12152
2026/08/16 09:49:08.426, 11932, 12152
2026/08/16 09:49:13.426, 11932, 12152
2026/08/16 09:49:18.427, 11932, 12152
2026/08/16 09:49:23.427, 11932, 12152
2026/08/16 09:49:28.428, 11932, 12152
2026/08/16 09:49:33.428, 11932, 12152
2026/08/16 09:49:38.429, 11932, 12152
2026/08/16 09:49:43.429, 11932, 12152
2026/08/16 09:49:48.429, 11932, 12152
2026/08/16 09:49:53.430, 11932, 12152
2026/08/16 09:49:58.430, 11932, 12152
2026/08/16 09:50:03.431, 11932, 12152
2026/08/16 09:50:08.431, 11932, 12152
2026/08/16 09:50:13.432, 11932, 12152
2026/08/16 09:50:18.432, 11932, 12152
2026/08/16 09:50:23.433, 11932, 12152
2026/08/16 09:50:28.433, 11932, 12152
2026/08/16 09:50:33.433, 11932, 12152
2026/08/16 09:50:38.434, 11932, 12152
2026/08/16 09:50:43.434, 11932, 12152
2026/08/16 09:50:48.435, 11932, 12152
2026/08/16 09:50:53.435, 11932, 12152
2026/08/16 09:50:58.436, 11932, 12152
2026/08/16 09:51:03.436, 11932, 12152
2026/08/16 09:51:08.437, 11932, 12152
2026/08/16 09:51:13.437, 11932, 12152
2026/08/16 09:51:18.438, 11932, 12152
2026/08/16 09:51:23.438, 11932, 12152
2026/08/16 09:51:28.439, 11932, 12152
2026/08/16 09:51:33.439, 11932, 12152
2026/08/16 09:51:38.439, 11932, 12152
2026/08/16 09:51:43.440, 11932, 12152
2026/08/16 09:51:48.440, 11932, 12152
2026/08/16 09:51:53.441, 11932, 12152
2026/08/16 09:51:58.441, 11932, 12152
2026/08/16 09:52:03.442, 11932, 12152
2026/08/16 09:52:08.442, 11932, 12152
2026/08/16 09:52:13.443, 11932, 12152
2026/08/16 09:52:18.443, 11932, 12152
2026/08/16 09:52:23.444, 11932, 12152
2026/08/16 09:52:28.444, 11932, 12152
2026/08/16 09:52:33.445, 11932, 12152
2026/08/16 09:52:38.445, 11932, 12152
2026/08/16 09:52:43.446, 11932, 12152
2026/08/16 09:52:48.446, 11932, 12152
2026/08/16 09:52:53.447, 11932, 12152
2026/08/16 09:52:58.447, 11932, 12152
2026/08/16 09:53:03.448, 11932, 12152
2026/08/16 09:53:08.448, 11932, 12152
2026/08/16 09:53:13.449, 11932, 12152
2026/08/16 09:53:18.449, 11932, 12152
2026/08/16 09:53:23.450, 11932, 12152
2026/08/16 09:53:28.450, 11932, 12152
2026/08/16 09:53:33.451, 11932, 12152
2026/08/16 09:53:38.451, 11932, 12152
2026/08/16 09:53:43.452, 11932, 12152
2026/08/16 09:53:48.452, 11932, 12152
2026/08/16 09:53:53.453, 11932, 12152
2026/08/16 09:53:58.453, 11932, 12152
2026/08/16 09:54:03.454, 11932, 12152
2026/08/16 09:54:08.454, 11932, 12152
2026/08/16 09:54:13.455, 11932, 12152
2026/08/16 09:54:18.455, 11932, 12152
2026/08/16 09:54:23.456, 11932, 12152
2026/08/16 09:54:28.456, 11932, 12152
2026/08/16 09:54:33.457, 11932, 12152
2026/08/16 09:54:38.457, 11932, 12152
2026/08/16 09:54:43.458, 11932, 12152
2026/08/16 09:54:48.458, 11932, 12152
2026/08/16 09:54:53.459, 11932, 12152
2026/08/16 09:54:58.459, 11932, 12152
2026/08/16 09:55:03.460, 11932, 12152
2026/08/16 09:55:08.460, 11932, 12152
2026/08/16 09:55:13.461, 11932, 12152
2026/08/16 09:55:18.461, 11932, 12152
2026/08/16 09:55:23.462, 11932, 12152
2026/08/16 09:55:28.462, 11932, 12152
2026/08/16 09:55:33.463, 11932, 12152
2026/08/16 09:55:38.463, 11932, 12152
2026/08/16 09:55:43.464, 11932, 12152
2026/08/16 09:55:48.464, 11932, 12152
2026/08/16 09:55:53.465, 11932, 12152
2026/08/16 09:55:58.465, 11932, 12152
2026/08/16 09:56:03.466, 11932, 12152
2026/08/16 09:56:08.466, 11932, 12152
2026/08/16 09:56:13.467, 11932, 12152
2026/08/16 09:56:18.467, 11932, 12152
2026/08/16 09:56:23.468, 11932, 12152
2026/08/16 09:56:28.468, 11932, 12152
2026/08/16 09:56:33.469, 11932, 12152
2026/08/16 09:56:38.469, 11932, 12152
2026/08/16 09:56:43.470, 11932, 12152
2026/08/16 09:56:48.470, 11932, 12152
2026/08/16 09:56:53.471, 11932, 12152
2026/08/16 09:56:58.472, 11932, 12152
2026/08/16 09:57:03.472, 11932, 12152
2026/08/16 09:57:08.473, 11932, 12152
2026/08/16 09:57:13.473, 11932, 12152
2026/08/16 09:57:18.474, 11932, 12152
2026/08/16 09:57:23.474, 11932, 12152
2026/08/16 09:57:28.475, 11932, 12152
2026/08/16 09:57:33.475, 11932, 12152
2026/08/16 09:57:38.476, 11932, 12152
2026/08/16 09:57:43.476, 11932, 12152
2026/08/16 09:57:48.477, 11932, 12152
2026/08/16 09:57:53.478, 11932, 12152
2026/08/16 09:57:58.478, 11932, 12152
2026/08/16 09:58:03.479, 11932, 12152
2026/08/16 09:58:08.479, 11932, 12152
2026/08/16 09:58:13.480, 11932, 12152
2026/08/16 09:58:18.480, 11932, 12152
2026/08/16 09:58:23.481, 11932, 12152
2026/08/16 09:58:28.481, 11932, 12152
2026/08/16 09:58:33.482, 11932, 12152
2026/08/16 09:58:38.482, 11932, 12152
2026/08/16 09:58:43.483, 11932, 12152
2026/08/16 09:58:48.483, 11932, 12152
2026/08/16 09:58:53.484, 11932, 12152
2026/08/16 09:58:58.484, 11932, 12152
2026/08/16 09:59:03.485, 11932, 12152
2026/08/16 09:59:08.485, 11932, 12152
2026/08/16 09:59:13.486, 11932, 12152
2026/08/16 09:59:18.486, 11932, 12152
2026/08/16 09:59:23.487, 11932, 12152
2026/08/16 09:59:28.487, 11932, 12152
2026/08/16 09:59:33.487, 11932, 12152
2026/08/16 09:59:38.488, 11932, 12152
2026/08/16 09:59:43.488, 11932, 12152
2026/08/16 09:59:48.489, 11932, 12152
2026/08/16 09:59:53.489, 11932, 12152
2026/08/16 09:59:58.490, 11932, 12152
2026/08/16 10:00:03.490, 11932, 12152
2026/08/16 10:00:08.491, 11932, 12152
2026/08/16 10:00:13.491, 11932, 12152
2026/08/16 10:00:18.492, 11932, 12152
2026/08/16 10:00:23.492, 11932, 12152
2026/08/16 10:00:28.493, 11932, 12152
2026/08/16 10:00:33.493, 11932, 12152
2026/08/16 10:00:38.493, 11932, 12152
2026/08/16 10:00:43.494, 11932, 12152
2026/08/16 10:00:48.494, 11932, 12152
2026/08/16 10:00:53.495, 11932, 12152
2026/08/16 10:00:58.495, 11932, 12152
2026/08/16 10:01:03.496, 11932, 12152
2026/08/16 10:01:08.496, 11932, 12152
2026/08/16 10:01:13.497, 11932, 12152
2026/08/16 10:01:18.497, 11932, 12152
2026/08/16 10:01:23.498, 11932, 12152
2026/08/16 10:01:28.498, 11932, 12152
2026/08/16 10:01:33.499, 11932, 12152
2026/08/16 10:01:38.500, 11932, 12152
2026/08/16 10:01:43.500, 11932, 12152
2026/08/16 10:01:48.501, 11932, 12152
2026/08/16 10:01:53.501, 11932, 12152
2026/08/16 10:01:58.502, 11932, 12152
2026/08/16 10:02:03.502, 11932, 12152
2026/08/16 10:02:08.503, 11932, 12152
2026/08/16 10:02:13.503, 11932, 12152
2026/08/16 10:02:18.504, 11932, 12152
2026/08/16 10:02:23.504, 11932, 12152
2026/08/16 10:02:28.504, 11932, 12152
2026/08/16 10:02:33.505, 11932, 12152
2026/08/16 10:02:38.505, 11932, 12152
2026/08/16 10:02:43.506, 11932, 12152
2026/08/16 10:02:48.506, 11932, 12152
2026/08/16 10:02:53.507, 11932, 12152
2026/08/16 10:02:58.507, 11932, 12152
2026/08/16 10:03:03.508, 11932, 12152
2026/08/16 10:03:08.508, 11932, 12152
2026/08/16 10:03:13.509, 11932, 12152
2026/08/16 10:03:18.509, 11932, 12152
2026/08/16 10:03:23.510, 11932, 12152
2026/08/16 10:03:28.510, 11932, 12152
2026/08/16 10:03:33.511, 11932, 12152
2026/08/16 10:03:38.511, 11932, 12152
2026/08/16 10:03:43.512, 11932, 12152
2026/08/16 10:03:48.512, 11932, 12152
2026/08/16 10:03:53.512, 11932, 12152
2026/08/16 10:03:58.513, 11932, 12152
2026/08/16 10:04:03.513, 11932, 12152
2026/08/16 10:04:08.514, 11932, 12152
2026/08/16 10:04:13.514, 11932, 12152
2026/08/16 10:04:18.515, 11932, 12152
2026/08/16 10:04:23.515, 11932, 12152
2026/08/16 10:04:28.516, 11932, 12152
2026/08/16 10:04:33.516, 11932, 12152
2026/08/16 10:04:38.517, 11932, 12152
2026/08/16 10:04:43.517, 11932, 12152
2026/08/16 10:04:48.518, 11932, 12152
2026/08/16 10:04:53.518, 11932, 12152
2026/08/16 10:04:58.519, 11932, 12152
2026/08/16 10:05:03.519, 11932, 12152
2026/08/16 10:05:08.520, 11932, 12152
2026/08/16 10:05:13.520, 11932, 12152
2026/08/16 10:05:18.520, 11932, 12152
2026/08/16 10:05:23.521, 11932, 12152
2026/08/16 10:05:28.521, 11932, 12152
2026/08/16 10:05:33.522, 11932, 12152
2026/08/16 10:05:38.522, 11932, 12152
2026/08/16 10:05:43.523, 11932, 12152
2026/08/16 10:05:48.523, 11932, 12152
2026/08/16 10:05:53.524, 11932, 12152
2026/08/16 10:05:58.524, 11932, 12152
2026/08/16 10:06:03.525, 11932, 12152
2026/08/16 10:06:08.525, 11932, 12152
2026/08/16 10:06:13.526, 11932, 12152
2026/08/16 10:06:18.526, 11932, 12152
2026/08/16 10:06:23.527, 11932, 12152
2026/08/16 10:06:28.527, 11932, 12152
2026/08/16 10:06:33.528, 11932, 12152
2026/08/16 10:06:38.528, 11932, 12152
2026/08/16 10:06:43.529, 11932, 12152
2026/08/16 10:06:48.529, 11932, 12152
2026/08/16 10:06:53.529, 11932, 12152
2026/08/16 10:06:58.530, 11932, 12152
2026/08/16 10:07:03.530, 11932, 12152
2026/08/16 10:07:08.531, 11932, 12152
2026/08/16 10:07:13.531, 11932, 12152
2026/08/16 10:07:18.532, 11932, 12152
2026/08/16 10:07:23.532, 11932, 12152
2026/08/16 10:07:28.533, 11932, 12152
2026/08/16 10:07:33.534, 11932, 12152
2026/08/16 10:07:38.534, 11932, 12152
2026/08/16 10:07:43.535, 11932, 12152
2026/08/16 10:07:48.535, 11932, 12152
2026/08/16 10:07:53.536, 11932, 12152
2026/08/16 10:07:58.536, 11932, 12152
2026/08/16 10:08:03.537, 11932, 12152
2026/08/16 10:08:08.538, 11932, 12152
2026/08/16 10:08:13.538, 11932, 12152
2026/08/16 10:08:18.539, 11932, 12152
2026/08/16 10:08:23.539, 11932, 12152
2026/08/16 10:08:28.540, 11932, 12152
2026/08/16 10:08:33.541, 11932, 12152
2026/08/16 10:08:38.541, 11932, 12152
2026/08/16 10:08:43.542, 11932, 12152
2026/08/16 10:08:48.542, 11932, 12152
2026/08/16 10:08:53.543, 11932, 12152
2026/08/16 10:08:58.544, 11932, 12152
2026/08/16 10:09:03.544, 11932, 12152
2026/08/16 10:09:08.545, 11932, 12152
2026/08/16 10:09:13.545, 11932, 12152
2026/08/16 10:09:18.546, 11932, 12152
2026/08/16 10:09:23.547, 11932, 12152
2026/08/16 10:09:28.547, 11932, 12152
2026/08/16 10:09:33.548, 11932, 12152
2026/08/16 10:09:38.548, 11932, 12152
2026/08/16 10:09:43.549, 11932, 12152
2026/08/16 10:09:48.550, 11932, 12152
2026/08/16 10:09:53.550, 11932, 12152
2026/08/16 10:09:58.551, 11932, 12152
2026/08/16 10:10:03.551, 11932, 12152
2026/08/16 10:10:08.552, 11932, 12152
2026/08/16 10:10:13.553, 11932, 12152
2026/08/16 10:10:18.553, 11932, 12152
2026/08/16 10:10:23.554, 11932, 12152
2026/08/16 10:10:28.554, 11932, 12152
2026/08/16 10:10:33.555, 11932, 12152
2026/08/16 10:10:38.556, 11932, 12152
2026/08/16 10:10:43.556, 11932, 12152
2026/08/16 10:10:48.557, 11932, 12152
2026/08/16 10:10:53.557, 11932, 12152
2026/08/16 10:10:58.558, 11932, 12152
2026/08/16 10:11:03.559, 11932, 12152
2026/08/16 10:11:08.559, 11932, 12152
2026/08/16 10:11:13.560, 11932, 12152
2026/08/16 10:11:18.561, 11932, 12152
2026/08/16 10:11:23.561, 11932, 12152
2026/08/16 10:11:28.562, 11932, 12152
2026/08/16 10:11:33.562, 11932, 12152
2026/08/16 10:11:38.563, 11932, 12152
2026/08/16 10:11:43.564, 11932, 12152
2026/08/16 10:11:48.564, 11932, 12152
2026/08/16 10:11:53.565, 11932, 12152
2026/08/16 10:11:58.565, 11932, 12152
2026/08/16 10:12:03.566, 11932, 12152
2026/08/16 10:12:08.567, 11932, 12152
2026/08/16 10:12:13.567, 11932, 12152
2026/08/16 10:12:18.568, 11932, 12152
2026/08/16 10:12:23.568, 11932, 12152
2026/08/16 10:12:28.569, 11932, 12152
2026/08/16 10:12:33.570, 11932, 12152
2026/08/16 10:12:38.570, 11932, 12152
2026/08/16 10:12:43.571, 11932, 12152
2026/08/16 10:12:48.571, 11932, 12152
2026/08/16 10:12:53.572, 11932, 12152
2026/08/16 10:12:58.573, 11932, 12152
2026/08/16 10:13:03.573, 11932, 12152
2026/08/16 10:13:08.574, 11932, 12152
2026/08/16 10:13:13.574, 11932, 12152
2026/08/16 10:13:18.575, 11932, 12152
2026/08/16 10:13:23.576, 11932, 12152
2026/08/16 10:13:28.576, 11932, 12152
2026/08/16 10:13:33.577, 11932, 12152
2026/08/16 10:13:38.578, 11932, 12152
2026/08/16 10:13:43.578, 11932, 12152
2026/08/16 10:13:48.579, 11932, 12152
2026/08/16 10:13:53.579, 11932, 12152
2026/08/16 10:13:58.580, 11932, 12152
2026/08/16 10:14:03.581, 11932, 12152
2026/08/16 10:14:08.581, 11932, 12152
2026/08/16 10:14:13.582, 11932, 12152
2026/08/16 10:14:18.582, 11932, 12152
2026/08/16 10:14:23.583, 11932, 12152
2026/08/16 10:14:28.584, 11932, 12152
2026/08/16 10:14:33.584, 11932, 12152
2026/08/16 10:14:38.585, 11932, 12152
2026/08/16 10:14:43.585, 11932, 12152
2026/08/16 10:14:48.586, 11932, 12152
2026/08/16 10:14:53.587, 11932, 12152
2026/08/16 10:14:58.587, 11932, 12152
2026/08/16 10:15:03.588, 11932, 12152
2026/08/16 10:15:08.588, 11932, 12152
2026/08/16 10:15:13.589, 11932, 12152
2026/08/16 10:15:18.590, 11932, 12152
2026/08/16 10:15:23.590, 11932, 12152
2026/08/16 10:15:28.591, 11932, 12152
2026/08/16 10:15:33.592, 11932, 12152
2026/08/16 10:15:38.592, 11932, 12152
2026/08/16 10:15:43.593, 11932, 12152
2026/08/16 10:15:48.593, 11932, 12152
2026/08/16 10:15:53.594, 11932, 12152
2026/08/16 10:15:58.595, 11932, 12152
2026/08/16 10:16:03.595, 11932, 12152
2026/08/16 10:16:08.596, 11932, 12152
2026/08/16 10:16:13.596, 11932, 12152
2026/08/16 10:16:18.597, 11932, 12152
2026/08/16 10:16:23.598, 11932, 12152
2026/08/16 10:16:28.598, 11932, 12152
2026/08/16 10:16:33.599, 11932, 12152
2026/08/16 10:16:38.599, 11932, 12152
2026/08/16 10:16:43.600, 11932, 12152
2026/08/16 10:16:48.601, 11932, 12152
2026/08/16 10:16:53.601, 11932, 12152
2026/08/16 10:16:58.602, 11932, 12152
2026/08/16 10:17:03.603, 11932, 12152
2026/08/16 10:17:08.603, 11932, 12152
2026/08/16 10:17:13.604, 11932, 12152
2026/08/16 10:17:18.604, 11932, 12152
2026/08/16 10:17:23.605, 11932, 12152
2026/08/16 10:17:28.606, 11932, 12152
2026/08/16 10:17:33.606, 11932, 12152
2026/08/16 10:17:38.607, 11932, 12152
2026/08/16 10:17:43.608, 11932, 12152
2026/08/16 10:17:48.608, 11932, 12152
2026/08/16 10:17:53.609, 11932, 12152
2026/08/16 10:17:58.609, 11932, 12152
2026/08/16 10:18:03.610, 11932, 12152
2026/08/16 10:18:08.611, 11932, 12152
2026/08/16 10:18:13.611, 11932, 12152
2026/08/16 10:18:18.612, 11932, 12152
2026/08/16 10:18:23.612, 11932, 12152
2026/08/16 10:18:28.613, 11932, 12152
2026/08/16 10:18:33.613, 11932, 12152
2026/08/16 10:18:38.613, 11932, 12152
2026/08/16 10:18:43.614, 11932, 12152
2026/08/16 10:18:48.614, 11932, 12152
2026/08/16 10:18:53.615, 11932, 12152
2026/08/16 10:18:58.615, 11932, 12152
2026/08/16 10:19:03.616, 11932, 12152
2026/08/16 10:19:08.616, 11932, 12152
2026/08/16 10:19:13.617, 11932, 12152
2026/08/16 10:19:18.617, 11932, 12152
2026/08/16 10:19:23.618, 11932, 12152
2026/08/16 10:19:28.618, 11932, 12152
2026/08/16 10:19:33.618, 11932, 12152
2026/08/16 10:19:38.619, 11932, 12152
2026/08/16 10:19:43.619, 11932, 12152
2026/08/16 10:19:48.620, 11932, 12152
2026/08/16 10:19:53.620, 11932, 12152
2026/08/16 10:19:58.621, 11932, 12152
2026/08/16 10:20:03.621, 11932, 12152
2026/08/16 10:20:08.622, 11932, 12152
2026/08/16 10:20:13.622, 11932, 12152
2026/08/16 10:20:18.623, 11932, 12152
2026/08/16 10:20:23.623, 11932, 12152
2026/08/16 10:20:28.624, 11932, 12152
2026/08/16 10:20:33.624, 11932, 12152
2026/08/16 10:20:38.624, 11932, 12152
2026/08/16 10:20:43.625, 11932, 12152
2026/08/16 10:20:48.625, 11932, 12152
2026/08/16 10:20:53.626, 11932, 12152
2026/08/16 10:20:58.626, 11932, 12152
2026/08/16 10:21:03.627, 11932, 12152
2026/08/16 10:21:08.627, 11932, 12152
2026/08/16 10:21:13.628, 11932, 12152
2026/08/16 10:21:18.628, 11932, 12152
2026/08/16 10:21:23.629, 11932, 12152
2026/08/16 10:21:28.629, 11932, 12152
2026/08/16 10:21:33.630, 11932, 12152
2026/08/16 10:21:38.630, 11932, 12152
2026/08/16 10:21:43.631, 11932, 12152
2026/08/16 10:21:48.631, 11932, 12152
2026/08/16 10:21:53.632, 11932, 12152
2026/08/16 10:21:58.632, 11932, 12152
2026/08/16 10:22:03.633, 11932, 12152
2026/08/16 10:22:08.633, 11932, 12152
2026/08/16 10:22:13.634, 11932, 12152
2026/08/16 10:22:18.634, 11932, 12152
2026/08/16 10:22:23.635, 11932, 12152
2026/08/16 10:22:28.635, 11932, 12152
2026/08/16 10:22:33.636, 11932, 12152
2026/08/16 10:22:38.636, 11932, 12152
2026/08/16 10:22:43.637, 11932, 12152
2026/08/16 10:22:48.637, 11932, 12152
2026/08/16 10:22:53.638, 11932, 12152
2026/08/16 10:22:58.638, 11932, 12152
2026/08/16 10:23:03.639, 11932, 12152
2026/08/16 10:23:08.639, 11932, 12152
2026/08/16 10:23:13.640, 11932, 12152
2026/08/16 10:23:18.640, 11932, 12152
2026/08/16 10:23:23.641, 11932, 12152
2026/08/16 10:23:28.641, 11932, 12152
2026/08/16 10:23:33.642, 11932, 12152
2026/08/16 10:23:38.642, 11932, 12152
2026/08/16 10:23:43.643, 11932, 12152
2026/08/16 10:23:48.643, 11932, 12152
2026/08/16 10:23:53.644, 11932, 12152
2026/08/16 10:23:58.644, 11932, 12152
2026/08/16 10:24:03.645, 11932, 12152
2026/08/16 10:24:08.645, 11932, 12152
2026/08/16 10:24:13.646, 11932, 12152
2026/08/16 10:24:18.646, 11932, 12152
2026/08/16 10:24:23.647, 11932, 12152
2026/08/16 10:24:28.647, 11932, 12152
2026/08/16 10:24:33.648, 11932, 12152
2026/08/16 10:24:38.648, 11932, 12152
2026/08/16 10:24:43.649, 11932, 12152
2026/08/16 10:24:48.650, 11932, 12152
2026/08/16 10:24:53.650, 11932, 12152
2026/08/16 10:24:58.651, 11932, 12152
2026/08/16 10:25:03.651, 11932, 12152
2026/08/16 10:25:08.652, 11932, 12152
2026/08/16 10:25:13.652, 11932, 12152
2026/08/16 10:25:18.653, 11932, 12152
2026/08/16 10:25:23.653, 11932, 12152
2026/08/16 10:25:28.654, 11932, 12152
2026/08/16 10:25:33.654, 11932, 12152
2026/08/16 10:25:38.655, 11932, 12152
2026/08/16 10:25:43.655, 11932, 12152
2026/08/16 10:25:48.656, 11932, 12152
2026/08/16 10:25:53.656, 11932, 12152
2026/08/16 10:25:58.657, 11932, 12152
2026/08/16 10:26:03.658, 11932, 12152
2026/08/16 10:26:08.658, 11932, 12152
2026/08/16 10:26:13.659, 11932, 12152
2026/08/16 10:26:18.659, 11932, 12152
2026/08/16 10:26:23.660, 11932, 12152
2026/08/16 10:26:28.660, 11932, 12152
2026/08/16 10:26:33.661, 11932, 12152
2026/08/16 10:26:38.661, 11932, 12152
2026/08/16 10:26:43.662, 11932, 12152
2026/08/16 10:26:48.662, 11932, 12152
2026/08/16 10:26:53.663, 11932, 12152
2026/08/16 10:26:58.663, 11932, 12152
2026/08/16 10:27:03.664, 11932, 12152
2026/08/16 10:27:08.665, 11932, 12152
2026/08/16 10:27:13.665, 11932, 12152
2026/08/16 10:27:18.666, 11932, 12152
2026/08/16 10:27:23.666, 11932, 12152
2026/08/16 10:27:28.667, 11932, 12152
2026/08/16 10:27:33.667, 11932, 12152
2026/08/16 10:27:38.668, 11932, 12152
2026/08/16 10:27:43.668, 11932, 12152
2026/08/16 10:27:48.669, 11932, 12152
2026/08/16 10:27:53.669, 11932, 12152
2026/08/16 10:27:58.670, 11932, 12152
2026/08/16 10:28:03.671, 11932, 12152
2026/08/16 10:28:08.671, 11932, 12152
2026/08/16 10:28:13.672, 11932, 12152
2026/08/16 10:28:18.672, 11932, 12152
2026/08/16 10:28:23.673, 11932, 12152
2026/08/16 10:28:28.673, 11932, 12152
2026/08/16 10:28:33.674, 11932, 12152
2026/08/16 10:28:38.674, 11932, 12152
2026/08/16 10:28:43.675, 11932, 12152
2026/08/16 10:28:48.676, 11932, 12152
2026/08/16 10:28:53.676, 11932, 12152
2026/08/16 10:28:58.677, 11932, 12152
2026/08/16 10:29:03.677, 11932, 12152
2026/08/16 10:29:08.678, 11932, 12152
2026/08/16 10:29:13.678, 11932, 12152
2026/08/16 10:29:18.679, 11932, 12152
2026/08/16 10:29:23.679, 11932, 12152
2026/08/16 10:29:28.680, 11932, 12152
2026/08/16 10:29:33.681, 11932, 12152
2026/08/16 10:29:38.681, 11932, 12152
2026/08/16 10:29:43.682, 11932, 12152
2026/08/16 10:29:48.682, 11932, 12152
2026/08/16 10:29:53.683, 11932, 12152
2026/08/16 10:29:58.683, 11932, 12152
2026/08/16 10:30:03.684, 11932, 12152
2026/08/16 10:30:08.685, 11932, 12152
2026/08/16 10:30:13.685, 11932, 12152
2026/08/16 10:30:18.686, 11932, 12152
2026/08/16 10:30:23.686, 11932, 12152
2026/08/16 10:30:28.687, 11932, 12152
2026/08/16 10:30:33.687, 11932, 12152
2026/08/16 10:30:38.688, 11932, 12152
2026/08/16 10:30:43.688, 11932, 12152
2026/08/16 10:30:48.689, 11932, 12152
2026/08/16 10:30:53.690, 11932, 12152
2026/08/16 10:30:58.690, 11932, 12152
2026/08/16 10:31:03.691, 11932, 12152
2026/08/16 10:31:08.691, 11932, 12152
2026/08/16 10:31:13.692, 11932, 12152
2026/08/16 10:31:18.692, 11932, 12152
2026/08/16 10:31:23.693, 11932, 12152
2026/08/16 10:31:28.694, 11932, 12152
2026/08/16 10:31:33.694, 11932, 12152
2026/08/16 10:31:38.695, 11932, 12152
2026/08/16 10:31:43.695, 11932, 12152
2026/08/16 10:31:48.696, 11932, 12152
2026/08/16 10:31:53.696, 11932, 12152
2026/08/16 10:31:58.697, 11932, 12152
2026/08/16 10:32:03.698, 11932, 12152
2026/08/16 10:32:08.698, 11932, 12152
2026/08/16 10:32:13.699, 11932, 12152
2026/08/16 10:32:18.699, 11932, 12152
2026/08/16 10:32:23.700, 11932, 12152
2026/08/16 10:32:28.700, 11932, 12152
2026/08/16 10:32:33.701, 11932, 12152
2026/08/16 10:32:38.702, 11932, 12152
2026/08/16 10:32:43.702, 11932, 12152
2026/08/16 10:32:48.703, 11932, 12152
2026/08/16 10:32:53.703, 11932, 12152
2026/08/16 10:32:58.704, 11932, 12152
2026/08/16 10:33:03.704, 11932, 12152
2026/08/16 10:33:08.705, 11932, 12152
2026/08/16 10:33:13.706, 11932, 12152
2026/08/16 10:33:18.706, 11932, 12152
2026/08/16 10:33:23.707, 11932, 12152
2026/08/16 10:33:28.707, 11932, 12152
2026/08/16 10:33:33.708, 11932, 12152
2026/08/16 10:33:38.709, 11932, 12152
2026/08/16 10:33:43.709, 11932, 12152
2026/08/16 10:33:48.710, 11932, 12152
2026/08/16 10:33:53.710, 11932, 12152
2026/08/16 10:33:58.711, 11932, 12152
2026/08/16 10:34:03.711, 11932, 12152
2026/08/16 10:34:08.712, 11932, 12152
2026/08/16 10:34:13.713, 11932, 12152
2026/08/16 10:34:18.713, 11932, 12152
2026/08/16 10:34:23.714, 11932, 12152
2026/08/16 10:34:28.714, 11932, 12152
2026/08/16 10:34:33.715, 11932, 12152
2026/08/16 10:34:38.716, 11932, 12152
2026/08/16 10:34:43.716, 11932, 12152
2026/08/16 10:34:48.717, 11932, 12152
2026/08/16 10:34:53.717, 11932, 12152
2026/08/16 10:34:58.718, 11932, 12152
2026/08/16 10:35:03.718, 11932, 12152
2026/08/16 10:35:08.719, 11932, 12152
2026/08/16 10:35:13.720, 11932, 12152
2026/08/16 10:35:18.720, 11932, 12152
2026/08/16 10:35:23.721, 11932, 12152
2026/08/16 10:35:28.721, 11932, 12152
2026/08/16 10:35:33.722, 11932, 12152
2026/08/16 10:35:38.723, 11932, 12152
2026/08/16 10:35:43.723, 11932, 12152
2026/08/16 10:35:48.724, 11932, 12152
2026/08/16 10:35:53.724, 11932, 12152
2026/08/16 10:35:58.725, 11932, 12152
2026/08/16 10:36:03.725, 11932, 12152
2026/08/16 10:36:08.726, 11932, 12152
2026/08/16 10:36:13.727, 11932, 12152
2026/08/16 10:36:18.727, 11932, 12152
2026/08/16 10:36:23.728, 11932, 12152
2026/08/16 10:36:28.728, 11932, 12152
2026/08/16 10:36:33.729, 11932, 12152
2026/08/16 10:36:38.730, 11932, 12152
2026/08/16 10:36:43.730, 11932, 12152
2026/08/16 10:36:48.731, 11932, 12152
2026/08/16 10:36:53.731, 11932, 12152
2026/08/16 10:36:58.732, 11932, 12152
2026/08/16 10:37:03.732, 11932, 12152
2026/08/16 10:37:08.733, 11932, 12152
2026/08/16 10:37:13.734, 11932, 12152
2026/08/16 10:37:18.734, 11932, 12152
2026/08/16 10:37:23.735, 11932, 12152
2026/08/16 10:37:28.735, 11932, 12152
2026/08/16 10:37:33.736, 11932, 12152
2026/08/16 10:37:38.737, 11932, 12152
2026/08/16 10:37:43.737, 11932, 12152
2026/08/16 10:37:48.738, 11932, 12152
2026/08/16 10:37:53.738, 11932, 12152
2026/08/16 10:37:58.739, 11932, 12152
2026/08/16 10:38:03.740, 11932, 12152
2026/08/16 10:38:08.740, 11932, 12152
2026/08/16 10:38:13.741, 11932, 12152
2026/08/16 10:38:18.741, 11932, 12152
2026/08/16 10:38:23.742, 11932, 12152
2026/08/16 10:38:28.743, 11932, 12152
2026/08/16 10:38:33.743, 11932, 12152
2026/08/16 10:38:38.744, 11932, 12152
2026/08/16 10:38:43.744, 11932, 12152
2026/08/16 10:38:48.745, 11932, 12152
2026/08/16 10:38:53.746, 11932, 12152
2026/08/16 10:38:58.746, 11932, 12152
2026/08/16 10:39:03.747, 11932, 12152
2026/08/16 10:39:08.747, 11932, 12152
2026/08/16 10:39:13.748, 11932, 12152
2026/08/16 10:39:18.749, 11932, 12152
2026/08/16 10:39:23.749, 11932, 12152
2026/08/16 10:39:28.750, 11932, 12152
2026/08/16 10:39:33.750, 11932, 12152
2026/08/16 10:39:38.751, 11932, 12152
2026/08/16 10:39:43.752, 11932, 12152
2026/08/16 10:39:48.752, 11932, 12152
2026/08/16 10:39:53.753, 11932, 12152
2026/08/16 10:39:58.753, 11932, 12152
2026/08/16 10:40:03.754, 11932, 12152
2026/08/16 10:40:08.755, 11932, 12152
2026/08/16 10:40:13.755, 11932, 12152
2026/08/16 10:40:18.756, 11932, 12152
2026/08/16 10:40:23.756, 11932, 12152
2026/08/16 10:40:28.757, 11932, 12152
2026/08/16 10:40:33.758, 11932, 12152
2026/08/16 10:40:38.758, 11932, 12152
2026/08/16 10:40:43.759, 11932, 12152
2026/08/16 10:40:48.759, 11932, 12152
2026/08/16 10:40:53.760, 11932, 12152
2026/08/16 10:40:58.761, 11932, 12152
2026/08/16 10:41:03.761, 11932, 12152
2026/08/16 10:41:08.762, 11932, 12152
2026/08/16 10:41:13.762, 11932, 12152
2026/08/16 10:41:18.763, 11932, 12152
2026/08/16 10:41:23.764, 11932, 12152
2026/08/16 10:41:28.764, 11932, 12152
2026/08/16 10:41:33.765, 11932, 12152
2026/08/16 10:41:38.765, 11932, 12152
2026/08/16 10:41:43.766, 11932, 12152
2026/08/16 10:41:48.766, 11932, 12152
2026/08/16 10:41:53.767, 11932, 12152
2026/08/16 10:41:58.768, 11932, 12152
2026/08/16 10:42:03.768, 11932, 12152
2026/08/16 10:42:08.769, 11932, 12152
2026/08/16 10:42:13.769, 11932, 12152
2026/08/16 10:42:18.770, 11932, 12152
2026/08/16 10:42:23.771, 11932, 12152
2026/08/16 10:42:28.771, 11932, 12152
2026/08/16 10:42:33.772, 11932, 12152
2026/08/16 10:42:38.772, 11932, 12152
2026/08/16 10:42:43.773, 11932, 12152
2026/08/16 10:42:48.774, 11932, 12152
2026/08/16 10:42:53.774, 11932, 12152
2026/08/16 10:42:58.775, 11932, 12152
2026/08/16 10:43:03.775, 11932, 12152
2026/08/16 10:43:08.776, 11932, 12152
2026/08/16 10:43:13.777, 11932, 12152
2026/08/16 10:43:18.777, 11932, 12152
2026/08/16 10:43:23.778, 11932, 12152
2026/08/16 10:43:28.778, 11932, 12152
2026/08/16 10:43:33.779, 11932, 12152
2026/08/16 10:43:38.780, 11932, 12152
2026/08/16 10:43:43.780, 11932, 12152
2026/08/16 10:43:48.781, 11932, 12152
2026/08/16 10:43:53.781, 11932, 12152
2026/08/16 10:43:58.782, 11932, 12152
2026/08/16 10:44:03.783, 11932, 12152
2026/08/16 10:44:08.783, 11932, 12152
2026/08/16 10:44:13.784, 11932, 12152
2026/08/16 10:44:18.784, 11932, 12152
2026/08/16 10:44:23.785, 11932, 12152
2026/08/16 10:44:28.786, 11932, 12152
2026/08/16 10:44:33.786, 11932, 12152
2026/08/16 10:44:38.787, 11932, 12152
2026/08/16 10:44:43.787, 11932, 12152
2026/08/16 10:44:48.788, 11932, 12152
2026/08/16 10:44:53.789, 11932, 12152
2026/08/16 10:44:58.789, 11932, 12152
2026/08/16 10:45:03.790, 11932, 12152
2026/08/16 10:45:08.790, 11932, 12152
2026/08/16 10:45:13.791, 11932, 12152
2026/08/16 10:45:18.792, 11932, 12152
2026/08/16 10:45:23.792, 11932, 12152
2026/08/16 10:45:28.793, 11932, 12152
2026/08/16 10:45:33.793, 11932, 12152
2026/08/16 10:45:38.799, 11932, 12152
2026/08/16 10:45:43.800, 11932, 12152
2026/08/16 10:45:48.800, 11932, 12152
2026/08/16 10:45:53.801, 11932, 12152
2026/08/16 10:45:58.802, 11932, 12152
2026/08/16 10:46:03.802, 11932, 12152
2026/08/16 10:46:08.803, 11932, 12152
2026/08/16 10:46:13.803, 11932, 12152
2026/08/16 10:46:18.804, 11932, 12152
2026/08/16 10:46:23.805, 11932, 12152
2026/08/16 10:46:28.805, 11932, 12152
2026/08/16 10:46:33.806, 11932, 12152
2026/08/16 10:46:38.806, 11932, 12152
2026/08/16 10:46:43.807, 11932, 12152
2026/08/16 10:46:48.808, 11932, 12152
2026/08/16 10:46:53.808, 11932, 12152
2026/08/16 10:46:58.809, 11932, 12152
2026/08/16 10:47:03.809, 11932, 12152
2026/08/16 10:47:08.810, 11932, 12152
2026/08/16 10:47:13.811, 11932, 12152
2026/08/16 10:47:18.811, 11932, 12152
2026/08/16 10:47:23.812, 11932, 12152
2026/08/16 10:47:28.813, 11932, 12152
2026/08/16 10:47:33.813, 11932, 12152
2026/08/16 10:47:38.814, 11932, 12152
2026/08/16 10:47:43.814, 11932, 12152
2026/08/16 10:47:48.815, 11932, 12152
2026/08/16 10:47:53.816, 11932, 12152
2026/08/16 10:47:58.816, 11932, 12152
2026/08/16 10:48:03.817, 11932, 12152
2026/08/16 10:48:08.817, 11932, 12152
2026/08/16 10:48:13.818, 11932, 12152
2026/08/16 10:48:18.819, 11932, 12152
2026/08/16 10:48:23.819, 11932, 12152
2026/08/16 10:48:28.820, 11932, 12152
2026/08/16 10:48:33.820, 11932, 12152
2026/08/16 10:48:38.821, 11932, 12152
2026/08/16 10:48:43.822, 11932, 12152
2026/08/16 10:48:48.822, 11932, 12152
2026/08/16 10:48:53.823, 11932, 12152
2026/08/16 10:48:58.823, 11932, 12152
2026/08/16 10:49:03.824, 11932, 12152
2026/08/16 10:49:08.825, 11932, 12152
2026/08/16 10:49:13.825, 11932, 12152
2026/08/16 10:49:18.826, 11932, 12152
2026/08/16 10:49:23.826, 11932, 12152
2026/08/16 10:49:28.827, 11932, 12152
2026/08/16 10:49:33.828, 11932, 12152
2026/08/16 10:49:38.828, 11932, 12152
2026/08/16 10:49:43.829, 11932, 12152
2026/08/16 10:49:48.830, 11932, 12152
2026/08/16 10:49:53.830, 11932, 12152
2026/08/16 10:49:58.831, 11932, 12152
2026/08/16 10:50:03.831, 11932, 12152
2026/08/16 10:50:08.832, 11932, 12152
2026/08/16 10:50:13.833, 11932, 12152
2026/08/16 10:50:18.833, 11932, 12152
2026/08/16 10:50:23.834, 11932, 12152
2026/08/16 10:50:28.834, 11932, 12152
2026/08/16 10:50:33.835, 11932, 12152
2026/08/16 10:50:38.836, 11932, 12152
2026/08/16 10:50:43.836, 11932, 12152
2026/08/16 10:50:48.837, 11932, 12152
2026/08/16 10:50:53.837, 11932, 12152
2026/08/16 10:50:58.838, 11932, 12152
2026/08/16 10:51:03.839, 11932, 12152
2026/08/16 10:51:08.839, 11932, 12152
2026/08/16 10:51:13.840, 11932, 12152
2026/08/16 10:51:18.841, 11932, 12152
2026/08/16 10:51:23.841, 11932, 12152
2026/08/16 10:51:28.842, 11932, 12152
2026/08/16 10:51:33.842, 11932, 12152
2026/08/16 10:51:38.843, 11932, 12152
2026/08/16 10:51:43.844, 11932, 12152
2026/08/16 10:51:48.844, 11932, 12152
2026/08/16 10:51:53.845, 11932, 12152
2026/08/16 10:51:58.845, 11932, 12152
2026/08/16 10:52:03.846, 11932, 12152
2026/08/16 10:52:08.847, 11932, 12152
2026/08/16 10:52:13.847, 11932, 12152
2026/08/16 10:52:18.848, 11932, 12152
2026/08/16 10:52:23.848, 11932, 12152
2026/08/16 10:52:28.849, 11932, 12152
2026/08/16 10:52:33.849, 11932, 12152
2026/08/16 10:52:38.850, 11932, 12152
2026/08/16 10:52:43.851, 11932, 12152
2026/08/16 10:52:48.851, 11932, 12152
2026/08/16 10:52:53.852, 11932, 12152
2026/08/16 10:52:58.852, 11932, 12152
2026/08/16 10:53:03.853, 11932, 12152
2026/08/16 10:53:08.853, 11932, 12152
2026/08/16 10:53:13.854, 11932, 12152
2026/08/16 10:53:18.854, 11932, 12152
2026/08/16 10:53:23.855, 11932, 12152
2026/08/16 10:53:28.855, 11932, 12152
2026/08/16 10:53:33.856, 11932, 12152
2026/08/16 10:53:38.856, 11932, 12152
2026/08/16 10:53:43.857, 11932, 12152
2026/08/16 10:53:48.857, 11932, 12152
2026/08/16 10:53:53.858, 11932, 12152
2026/08/16 10:53:58.858, 11932, 12152
2026/08/16 10:54:03.859, 11932, 12152
2026/08/16 10:54:08.859, 11932, 12152
2026/08/16 10:54:13.860, 11932, 12152
2026/08/16 10:54:18.861, 11932, 12152
2026/08/16 10:54:23.861, 11932, 12152
2026/08/16 10:54:28.862, 11932, 12152
2026/08/16 10:54:33.862, 11932, 12152
2026/08/16 10:54:38.863, 11932, 12152
2026/08/16 10:54:43.863, 11932, 12152
2026/08/16 10:54:48.864, 11932, 12152
2026/08/16 10:54:53.864, 11932, 12152
2026/08/16 10:54:58.865, 11932, 12152
2026/08/16 10:55:03.865, 11932, 12152
2026/08/16 10:55:08.866, 11932, 12152
2026/08/16 10:55:13.866, 11932, 12152
2026/08/16 10:55:18.867, 11932, 12152
2026/08/16 10:55:23.868, 11932, 12152
2026/08/16 10:55:28.868, 11932, 12152
2026/08/16 10:55:33.869, 11932, 12152
2026/08/16 10:55:38.869, 11932, 12152
2026/08/16 10:55:43.870, 11932, 12152
2026/08/16 10:55:48.870, 11932, 12152
2026/08/16 10:55:53.871, 11932, 12152
2026/08/16 10:55:58.871, 11932, 12152
2026/08/16 10:56:03.872, 11932, 12152
2026/08/16 10:56:08.872, 11932, 12152
2026/08/16 10:56:13.873, 11932, 12152
2026/08/16 10:56:18.874, 11932, 12152
2026/08/16 10:56:23.874, 11932, 12152
2026/08/16 10:56:28.875, 11932, 12152
2026/08/16 10:56:33.875, 11932, 12152
2026/08/16 10:56:38.876, 11932, 12152
2026/08/16 10:56:43.876, 11932, 12152
2026/08/16 10:56:48.877, 11932, 12152
2026/08/16 10:56:53.877, 11932, 12152
2026/08/16 10:56:58.878, 11932, 12152
2026/08/16 10:57:03.879, 11932, 12152
2026/08/16 10:57:08.879, 11932, 12152
2026/08/16 10:57:13.880, 11932, 12152
2026/08/16 10:57:18.880, 11932, 12152
2026/08/16 10:57:23.881, 11932, 12152
2026/08/16 10:57:28.881, 11932, 12152
2026/08/16 10:57:33.882, 11932, 12152
2026/08/16 10:57:38.882, 11932, 12152
2026/08/16 10:57:43.883, 11932, 12152
2026/08/16 10:57:48.884, 11932, 12152
2026/08/16 10:57:53.884, 11932, 12152
2026/08/16 10:57:58.885, 11932, 12152
2026/08/16 10:58:03.885, 11932, 12152
2026/08/16 10:58:08.886, 11932, 12152
2026/08/16 10:58:13.886, 11932, 12152
2026/08/16 10:58:18.887, 11932, 12152
2026/08/16 10:58:23.887, 11932, 12152
2026/08/16 10:58:28.888, 11932, 12152
2026/08/16 10:58:33.889, 11932, 12152
2026/08/16 10:58:38.889, 11932, 12152
2026/08/16 10:58:43.890, 11932, 12152
2026/08/16 10:58:48.890, 11932, 12152
2026/08/16 10:58:53.891, 11932, 12152
2026/08/16 10:58:58.891, 11932, 12152
2026/08/16 10:59:03.892, 11932, 12152
2026/08/16 10:59:08.893, 11932, 12152
2026/08/16 10:59:13.893, 11932, 12152
2026/08/16 10:59:18.894, 11932, 12152
2026/08/16 10:59:23.894, 11932, 12152
2026/08/16 10:59:28.895, 11932, 12152
2026/08/16 10:59:33.895, 11932, 12152
2026/08/16 10:59:38.896, 11932, 12152
2026/08/16 10:59:43.897, 11932, 12152
2026/08/16 10:59:48.897, 11932, 12152
2026/08/16 10:59:53.898, 11932, 12152
2026/08/16 10:59:58.898, 11932, 12152
2026/08/16 11:00:03.899, 11932, 12152
2026/08/16 11:00:08.899, 11932, 12152
2026/08/16 11:00:13.900, 11932, 12152
2026/08/16 11:00:18.901, 11932, 12152
2026/08/16 11:00:23.901, 11932, 12152
2026/08/16 11:00:28.902, 11932, 12152
2026/08/16 11:00:33.902, 11932, 12152
2026/08/16 11:00:38.903, 11932, 12152
2026/08/16 11:00:43.903, 11932, 12152
2026/08/16 11:00:48.904, 11932, 12152
2026/08/16 11:00:53.905, 11932, 12152
2026/08/16 11:00:58.905, 11932, 12152
2026/08/16 11:01:03.906, 11932, 12152
2026/08/16 11:01:08.906, 11932, 12152
2026/08/16 11:01:13.907, 11932, 12152
2026/08/16 11:01:18.907, 11932, 12152
2026/08/16 11:01:23.908, 11932, 12152
2026/08/16 11:01:28.909, 11932, 12152
2026/08/16 11:01:33.909, 11932, 12152
2026/08/16 11:01:38.910, 11932, 12152
2026/08/16 11:01:43.910, 11932, 12152
2026/08/16 11:01:48.911, 11932, 12152
2026/08/16 11:01:53.912, 11932, 12152
2026/08/16 11:01:58.912, 11932, 12152
2026/08/16 11:02:03.913, 11932, 12152
2026/08/16 11:02:08.913, 11932, 12152
2026/08/16 11:02:13.914, 11932, 12152
2026/08/16 11:02:18.914, 11932, 12152
2026/08/16 11:02:23.915, 11932, 12152
2026/08/16 11:02:28.916, 11932, 12152
2026/08/16 11:02:33.916, 11932, 12152
2026/08/16 11:02:38.917, 11932, 12152
2026/08/16 11:02:43.917, 11932, 12152
2026/08/16 11:02:48.918, 11932, 12152
2026/08/16 11:02:53.918, 11932, 12152
2026/08/16 11:02:58.919, 11932, 12152
2026/08/16 11:03:03.920, 11932, 12152
2026/08/16 11:03:08.920, 11932, 12152
2026/08/16 11:03:13.921, 11932, 12152
2026/08/16 11:03:18.921, 11932, 12152
2026/08/16 11:03:23.922, 11932, 12152
2026/08/16 11:03:28.923, 11932, 12152
2026/08/16 11:03:33.923, 11932, 12152
2026/08/16 11:03:38.924, 11932, 12152
2026/08/16 11:03:43.924, 11932, 12152
2026/08/16 11:03:48.925, 11932, 12152
2026/08/16 11:03:53.925, 11932, 12152
2026/08/16 11:03:58.926, 11932, 12152
2026/08/16 11:04:03.927, 11932, 12152
2026/08/16 11:04:08.927, 11932, 12152
2026/08/16 11:04:13.928, 11932, 12152
2026/08/16 11:04:18.928, 11932, 12152
2026/08/16 11:04:23.929, 11932, 12152
2026/08/16 11:04:28.930, 11932, 12152
2026/08/16 11:04:33.930, 11932, 12152
2026/08/16 11:04:38.931, 11932, 12152
2026/08/16 11:04:43.931, 11932, 12152
2026/08/16 11:04:48.932, 11932, 12152
2026/08/16 11:04:53.933, 11932, 12152
2026/08/16 11:04:58.933, 11932, 12152
2026/08/16 11:05:03.934, 11932, 12152
2026/08/16 11:05:08.934, 11932, 12152
2026/08/16 11:05:13.935, 11932, 12152
2026/08/16 11:05:18.935, 11932, 12152
2026/08/16 11:05:23.936, 11932, 12152
2026/08/16 11:05:28.937, 11932, 12152
2026/08/16 11:05:33.937, 11932, 12152
2026/08/16 11:05:38.938, 11932, 12152
2026/08/16 11:05:43.938, 11932, 12152
2026/08/16 11:05:48.939, 11932, 12152
2026/08/16 11:05:53.940, 11932, 12152
2026/08/16 11:05:58.940, 11932, 12152
2026/08/16 11:06:03.941, 11932, 12152
2026/08/16 11:06:08.941, 11932, 12152
2026/08/16 11:06:13.942, 11932, 12152
2026/08/16 11:06:18.943, 11932, 12152
2026/08/16 11:06:23.943, 11932, 12152
2026/08/16 11:06:28.944, 11932, 12152
2026/08/16 11:06:33.944, 11932, 12152
2026/08/16 11:06:38.945, 11932, 12152
2026/08/16 11:06:43.946, 11932, 12152
2026/08/16 11:06:48.946, 11932, 12152
2026/08/16 11:06:53.947, 11932, 12152
2026/08/16 11:06:58.947, 11932, 12152
2026/08/16 11:07:03.948, 11932, 12152
2026/08/16 11:07:08.949, 11932, 12152
2026/08/16 11:07:13.949, 11932, 12152
2026/08/16 11:07:18.950, 11932, 12152
2026/08/16 11:07:23.950, 11932, 12152
2026/08/16 11:07:28.951, 11932, 12152
2026/08/16 11:07:33.952, 11932, 12152
2026/08/16 11:07:38.952, 11932, 12152
2026/08/16 11:07:43.953, 11932, 12152
2026/08/16 11:07:48.953, 11932, 12152
2026/08/16 11:07:53.954, 11932, 12152
2026/08/16 11:07:58.954, 11932, 12152
2026/08/16 11:08:03.955, 11932, 12152
2026/08/16 11:08:08.956, 11932, 12152
2026/08/16 11:08:13.956, 11932, 12152
2026/08/16 11:08:18.957, 11932, 12152
2026/08/16 11:08:23.958, 11932, 12152
2026/08/16 11:08:28.958, 11932, 12152
2026/08/16 11:08:33.959, 11932, 12152
2026/08/16 11:08:38.959, 11932, 12152
2026/08/16 11:08:43.960, 11932, 12152
2026/08/16 11:08:48.960, 11932, 12152
2026/08/16 11:08:53.961, 11932, 12152
2026/08/16 11:08:58.962, 11932, 12152
2026/08/16 11:09:03.962, 11932, 12152
2026/08/16 11:09:08.963, 11932, 12152
2026/08/16 11:09:13.963, 11932, 12152
2026/08/16 11:09:18.964, 11932, 12152
2026/08/16 11:09:23.965, 11932, 12152
2026/08/16 11:09:28.965, 11932, 12152
2026/08/16 11:09:33.966, 11932, 12152
2026/08/16 11:09:38.966, 11932, 12152
2026/08/16 11:09:43.967, 11932, 12152
2026/08/16 11:09:48.968, 11932, 12152
2026/08/16 11:09:53.968, 11932, 12152
2026/08/16 11:09:58.969, 11932, 12152
2026/08/16 11:10:03.969, 11932, 12152
2026/08/16 11:10:08.970, 11932, 12152
2026/08/16 11:10:13.971, 11932, 12152
2026/08/16 11:10:18.971, 11932, 12152
2026/08/16 11:10:23.972, 11932, 12152
2026/08/16 11:10:28.972, 11932, 12152
2026/08/16 11:10:33.973, 11932, 12152
2026/08/16 11:10:38.974, 11932, 12152
2026/08/16 11:10:43.974, 11932, 12152
2026/08/16 11:10:48.975, 11932, 12152
2026/08/16 11:10:53.975, 11932, 12152
2026/08/16 11:10:58.976, 11932, 12152
2026/08/16 11:11:03.977, 11932, 12152
2026/08/16 11:11:08.977, 11932, 12152
2026/08/16 11:11:13.978, 11932, 12152
2026/08/16 11:11:18.979, 11932, 12152
2026/08/16 11:11:23.979, 11932, 12152
2026/08/16 11:11:28.980, 11932, 12152
2026/08/16 11:11:33.980, 11932, 12152
2026/08/16 11:11:38.981, 11932, 12152
2026/08/16 11:11:43.982, 11932, 12152
2026/08/16 11:11:48.982, 11932, 12152
2026/08/16 11:11:53.983, 11932, 12152
2026/08/16 11:11:58.984, 11932, 12152
2026/08/16 11:12:03.984, 11932, 12152
2026/08/16 11:12:08.985, 11932, 12152
2026/08/16 11:12:13.985, 11932, 12152
2026/08/16 11:12:18.986, 11932, 12152
2026/08/16 11:12:23.986, 11932, 12152
2026/08/16 11:12:28.987, 11932, 12152
2026/08/16 11:12:33.987, 11932, 12152
2026/08/16 11:12:38.988, 11932, 12152
2026/08/16 11:12:43.988, 11932, 12152
2026/08/16 11:12:48.989, 11932, 12152
2026/08/16 11:12:53.989, 11932, 12152
2026/08/16 11:12:58.990, 11932, 12152
2026/08/16 11:13:03.990, 11932, 12152
2026/08/16 11:13:08.991, 11932, 12152
2026/08/16 11:13:13.991, 11932, 12152
2026/08/16 11:13:18.992, 11932, 12152
2026/08/16 11:13:23.992, 11932, 12152
2026/08/16 11:13:28.993, 11932, 12152
2026/08/16 11:13:33.993, 11932, 12152
2026/08/16 11:13:38.994, 11932, 12152
2026/08/16 11:13:43.994, 11932, 12152
2026/08/16 11:13:48.995, 11932, 12152
2026/08/16 11:13:53.995, 11932, 12152
2026/08/16 11:13:58.996, 11932, 12152
2026/08/16 11:14:03.997, 11932, 12152
2026/08/16 11:14:08.997, 11932, 12152
2026/08/16 11:14:13.998, 11932, 12152
2026/08/16 11:14:18.998, 11932, 12152
2026/08/16 11:14:23.999, 11932, 12152
2026/08/16 11:14:29.000, 11932, 12152
2026/08/16 11:14:34.000, 11932, 12152
2026/08/16 11:14:39.001, 11932, 12152
2026/08/16 11:14:44.001, 11932, 12152
2026/08/16 11:14:49.002, 11932, 12152
2026/08/16 11:14:54.003, 11932, 12152
2026/08/16 11:14:59.003, 11932, 12152
2026/08/16 11:15:04.004, 11932, 12152
2026/08/16 11:15:09.004, 11932, 12152
2026/08/16 11:15:14.005, 11932, 12152
2026/08/16 11:15:19.006, 11932, 12152
2026/08/16 11:15:24.006, 11932, 12152
2026/08/16 11:15:29.007, 11932, 12152
2026/08/16 11:15:34.008, 11932, 12152
2026/08/16 11:15:39.008, 11932, 12152
2026/08/16 11:15:44.009, 11932, 12152
2026/08/16 11:15:49.009, 11932, 12152
2026/08/16 11:15:54.010, 11932, 12152
2026/08/16 11:15:59.011, 11932, 12152
2026/08/16 11:16:04.011, 11932, 12152
2026/08/16 11:16:09.012, 11932, 12152
2026/08/16 11:16:14.012, 11932, 12152
2026/08/16 11:16:19.013, 11932, 12152
2026/08/16 11:16:24.014, 11932, 12152
2026/08/16 11:16:29.014, 11932, 12152
2026/08/16 11:16:34.015, 11932, 12152
2026/08/16 11:16:39.015, 11932, 12152
2026/08/16 11:16:44.016, 11932, 12152
2026/08/16 11:16:49.017, 11932, 12152
2026/08/16 11:16:54.017, 11932, 12152
2026/08/16 11:16:59.018, 11932, 12152
2026/08/16 11:17:04.018, 11932, 12152
2026/08/16 11:17:09.019, 11932, 12152
2026/08/16 11:17:14.020, 11932, 12152
2026/08/16 11:17:19.020, 11932, 12152
2026/08/16 11:17:24.021, 11932, 12152
2026/08/16 11:17:29.022, 11932, 12152
2026/08/16 11:17:34.022, 11932, 12152
2026/08/16 11:17:39.023, 11932, 12152
2026/08/16 11:17:44.023, 11932, 12152
2026/08/16 11:17:49.024, 11932, 12152
2026/08/16 11:17:54.025, 11932, 12152
2026/08/16 11:17:59.025, 11932, 12152
2026/08/16 11:18:04.026, 11932, 12152
2026/08/16 11:18:09.026, 11932, 12152
2026/08/16 11:18:14.027, 11932, 12152
2026/08/16 11:18:19.027, 11932, 12152
2026/08/16 11:18:24.028, 11932, 12152
2026/08/16 11:18:29.028, 11932, 12152
2026/08/16 11:18:34.029, 11932, 12152
2026/08/16 11:18:39.029, 11932, 12152
2026/08/16 11:18:44.030, 11932, 12152
2026/08/16 11:18:49.039, 11932, 12152
2026/08/16 11:18:54.039, 11932, 12152
2026/08/16 11:18:59.040, 11932, 12152
2026/08/16 11:19:04.040, 11932, 12152
2026/08/16 11:19:09.041, 11932, 12152
2026/08/16 11:19:14.041, 11932, 12152
2026/08/16 11:19:19.042, 11932, 12152
2026/08/16 11:19:24.042, 11932, 12152
2026/08/16 11:19:29.043, 11932, 12152
2026/08/16 11:19:34.043, 11932, 12152
2026/08/16 11:19:39.044, 11932, 12152
2026/08/16 11:19:44.044, 11932, 12152
2026/08/16 11:19:49.045, 11932, 12152
2026/08/16 11:19:54.045, 11932, 12152
2026/08/16 11:19:59.046, 11932, 12152
2026/08/16 11:20:04.046, 11932, 12152
2026/08/16 11:20:09.047, 11932, 12152
2026/08/16 11:20:14.048, 11932, 12152
2026/08/16 11:20:19.048, 11932, 12152
2026/08/16 11:20:24.049, 11932, 12152
2026/08/16 11:20:29.049, 11932, 12152
2026/08/16 11:20:34.050, 11932, 12152
2026/08/16 11:20:39.051, 11932, 12152
2026/08/16 11:20:44.051, 11932, 12152
2026/08/16 11:20:49.052, 11932, 12152
2026/08/16 11:20:54.052, 11932, 12152
2026/08/16 11:20:59.053, 11932, 12152
2026/08/16 11:21:04.054, 11932, 12152
2026/08/16 11:21:09.054, 11932, 12152
2026/08/16 11:21:14.055, 11932, 12152
2026/08/16 11:21:19.056, 11932, 12152
2026/08/16 11:21:24.056, 11932, 12152
2026/08/16 11:21:29.057, 11932, 12152
2026/08/16 11:21:34.057, 11932, 12152
2026/08/16 11:21:39.058, 11932, 12152
2026/08/16 11:21:44.059, 11932, 12152
2026/08/16 11:21:49.059, 11932, 12152
2026/08/16 11:21:54.060, 11932, 12152
2026/08/16 11:21:59.061, 11932, 12152
2026/08/16 11:22:04.061, 11932, 12152
2026/08/16 11:22:09.062, 11932, 12152
2026/08/16 11:22:14.062, 11932, 12152
2026/08/16 11:22:19.063, 11932, 12152
2026/08/16 11:22:24.064, 11932, 12152
2026/08/16 11:22:29.064, 11932, 12152
2026/08/16 11:22:34.065, 11932, 12152
2026/08/16 11:22:39.065, 11932, 12152
2026/08/16 11:22:44.066, 11932, 12152
2026/08/16 11:22:49.067, 11932, 12152
2026/08/16 11:22:54.067, 11932, 12152
2026/08/16 11:22:59.068, 11932, 12152
2026/08/16 11:23:04.069, 11932, 12152
2026/08/16 11:23:09.069, 11932, 12152
2026/08/16 11:23:14.070, 11932, 12152
2026/08/16 11:23:19.070, 11932, 12152
2026/08/16 11:23:24.071, 11932, 12152
2026/08/16 11:23:29.072, 11932, 12152
2026/08/16 11:23:34.072, 11932, 12152
2026/08/16 11:23:39.073, 11932, 12152
2026/08/16 11:23:44.073, 11932, 12152
2026/08/16 11:23:49.074, 11932, 12152
2026/08/16 11:23:54.075, 11932, 12152
2026/08/16 11:23:59.075, 11932, 12152
2026/08/16 11:24:04.076, 11932, 12152
2026/08/16 11:24:09.076, 11932, 12152
2026/08/16 11:24:14.077, 11932, 12152
2026/08/16 11:24:19.077, 11932, 12152
2026/08/16 11:24:24.078, 11932, 12152
2026/08/16 11:24:29.079, 11932, 12152
2026/08/16 11:24:34.079, 11932, 12152
2026/08/16 11:24:39.080, 11932, 12152
2026/08/16 11:24:44.080, 11932, 12152
2026/08/16 11:24:49.081, 11932, 12152
2026/08/16 11:24:54.082, 11932, 12152
2026/08/16 11:24:59.082, 11932, 12152
2026/08/16 11:25:04.083, 11932, 12152
2026/08/16 11:25:09.083, 11932, 12152
2026/08/16 11:25:14.084, 11932, 12152
2026/08/16 11:25:19.085, 11932, 12152
2026/08/16 11:25:24.085, 11932, 12152
2026/08/16 11:25:29.086, 11932, 12152
2026/08/16 11:25:34.087, 11932, 12152
2026/08/16 11:25:39.087, 11932, 12152
2026/08/16 11:25:44.088, 11932, 12152
2026/08/16 11:25:49.088, 11932, 12152
2026/08/16 11:25:54.089, 11932, 12152
2026/08/16 11:25:59.090, 11932, 12152
2026/08/16 11:26:04.090, 11932, 12152
2026/08/16 11:26:09.091, 11932, 12152
2026/08/16 11:26:14.091, 11932, 12152
2026/08/16 11:26:19.092, 11932, 12152
2026/08/16 11:26:24.093, 11932, 12152
2026/08/16 11:26:29.093, 11932, 12152
2026/08/16 11:26:34.094, 11932, 12152
2026/08/16 11:26:39.094, 11932, 12152
2026/08/16 11:26:44.095, 11932, 12152
2026/08/16 11:26:49.096, 11932, 12152
2026/08/16 11:26:54.096, 11932, 12152
2026/08/16 11:26:59.097, 11932, 12152
2026/08/16 11:27:04.097, 11932, 12152
2026/08/16 11:27:09.098, 11932, 12152
2026/08/16 11:27:14.098, 11932, 12152
2026/08/16 11:27:19.099, 11932, 12152
2026/08/16 11:27:24.100, 11932, 12152
2026/08/16 11:27:29.100, 11932, 12152
2026/08/16 11:27:34.101, 11932, 12152
2026/08/16 11:27:39.101, 11932, 12152
2026/08/16 11:27:44.102, 11932, 12152
2026/08/16 11:27:49.102, 11932, 12152
2026/08/16 11:27:54.103, 11932, 12152
2026/08/16 11:27:59.104, 11932, 12152
2026/08/16 11:28:04.104, 11932, 12152
2026/08/16 11:28:09.105, 11932, 12152
2026/08/16 11:28:14.105, 11932, 12152
2026/08/16 11:28:19.106, 11932, 12152
2026/08/16 11:28:24.106, 11932, 12152
2026/08/16 11:28:29.107, 11932, 12152
2026/08/16 11:28:34.108, 11932, 12152
2026/08/16 11:28:39.108, 11932, 12152
2026/08/16 11:28:44.109, 11932, 12152
2026/08/16 11:28:49.109, 11932, 12152
2026/08/16 11:28:54.110, 11932, 12152
2026/08/16 11:28:59.110, 11932, 12152
2026/08/16 11:29:04.111, 11932, 12152
2026/08/16 11:29:09.112, 11932, 12152
2026/08/16 11:29:14.112, 11932, 12152
2026/08/16 11:29:19.113, 11932, 12152
2026/08/16 11:29:24.113, 11932, 12152
2026/08/16 11:29:29.114, 11932, 12152
2026/08/16 11:29:34.114, 11932, 12152
2026/08/16 11:29:39.115, 11932, 12152
2026/08/16 11:29:44.116, 11932, 12152
2026/08/16 11:29:49.116, 11932, 12152
2026/08/16 11:29:54.117, 11932, 12152
2026/08/16 11:29:59.117, 11932, 12152
2026/08/16 11:30:04.118, 11932, 12152
2026/08/16 11:30:09.119, 11932, 12152
2026/08/16 11:30:14.119, 11932, 12152
2026/08/16 11:30:19.120, 11932, 12152
2026/08/16 11:30:24.120, 11932, 12152
2026/08/16 11:30:29.121, 11932, 12152
2026/08/16 11:30:34.121, 11932, 12152
2026/08/16 11:30:39.122, 11932, 12152
2026/08/16 11:30:44.123, 11932, 12152
2026/08/16 11:30:49.123, 11932, 12152
2026/08/16 11:30:54.124, 11932, 12152
2026/08/16 11:30:59.124, 11932, 12152
2026/08/16 11:31:04.125, 11932, 12152
2026/08/16 11:31:09.125, 11932, 12152
2026/08/16 11:31:14.126, 11932, 12152
2026/08/16 11:31:19.127, 11932, 12152
2026/08/16 11:31:24.127, 11932, 12152
2026/08/16 11:31:29.128, 11932, 12152
2026/08/16 11:31:34.128, 11932, 12152
2026/08/16 11:31:39.129, 11932, 12152
2026/08/16 11:31:44.130, 11932, 12152
2026/08/16 11:31:49.130, 11932, 12152
2026/08/16 11:31:54.131, 11932, 12152
2026/08/16 11:31:59.131, 11932, 12152
2026/08/16 11:32:04.132, 11932, 12152
2026/08/16 11:32:09.133, 11932, 12152
2026/08/16 11:32:14.133, 11932, 12152
2026/08/16 11:32:19.134, 11932, 12152
2026/08/16 11:32:24.134, 11932, 12152
2026/08/16 11:32:29.135, 11932, 12152
2026/08/16 11:32:34.135, 11932, 12152
2026/08/16 11:32:39.136, 11932, 12152
2026/08/16 11:32:44.137, 11932, 12152
2026/08/16 11:32:49.137, 11932, 12152
2026/08/16 11:32:54.138, 11932, 12152
2026/08/16 11:32:59.138, 11932, 12152
2026/08/16 11:33:04.139, 11932, 12152
2026/08/16 11:33:09.140, 11932, 12152
2026/08/16 11:33:14.140, 11932, 12152
2026/08/16 11:33:19.141, 11932, 12152
2026/08/16 11:33:24.141, 11932, 12152
2026/08/16 11:33:29.142, 11932, 12152
2026/08/16 11:33:34.143, 11932, 12152
2026/08/16 11:33:39.143, 11932, 12152
2026/08/16 11:33:44.144, 11932, 12152
2026/08/16 11:33:49.144, 11932, 12152
2026/08/16 11:33:54.145, 11932, 12152
2026/08/16 11:33:59.146, 11932, 12152
2026/08/16 11:34:04.146, 11932, 12152
2026/08/16 11:34:09.147, 11932, 12152
2026/08/16 11:34:14.147, 11932, 12152
2026/08/16 11:34:19.148, 11932, 12152
2026/08/16 11:34:24.148, 11932, 12152
2026/08/16 11:34:29.149, 11932, 12152
2026/08/16 11:34:34.150, 11932, 12152
2026/08/16 11:34:39.150, 11932, 12152
2026/08/16 11:34:44.151, 11932, 12152
2026/08/16 11:34:49.151, 11932, 12152
2026/08/16 11:34:54.152, 11932, 12152
2026/08/16 11:34:59.153, 11932, 12152
2026/08/16 11:35:04.153, 11932, 12152
2026/08/16 11:35:09.154, 11932, 12152
2026/08/16 11:35:14.154, 11932, 12152
2026/08/16 11:35:19.155, 11932, 12152
2026/08/16 11:35:24.156, 11932, 12152
2026/08/16 11:35:29.156, 11932, 12152
2026/08/16 11:35:34.157, 11932, 12152
2026/08/16 11:35:39.157, 11932, 12152
2026/08/16 11:35:44.158, 11932, 12152
2026/08/16 11:35:49.159, 11932, 12152
2026/08/16 11:35:54.159, 11932, 12152
2026/08/16 11:35:59.160, 11932, 12152
2026/08/16 11:36:04.160, 11932, 12152
2026/08/16 11:36:09.161, 11932, 12152
2026/08/16 11:36:14.162, 11932, 12152
2026/08/16 11:36:19.162, 11932, 12152
2026/08/16 11:36:24.163, 11932, 12152
2026/08/16 11:36:29.163, 11932, 12152
2026/08/16 11:36:34.164, 11932, 12152
2026/08/16 11:36:39.165, 11932, 12152
2026/08/16 11:36:44.165, 11932, 12152
2026/08/16 11:36:49.166, 11932, 12152
2026/08/16 11:36:54.166, 11932, 12152
2026/08/16 11:36:59.167, 11932, 12152
2026/08/16 11:37:04.168, 11932, 12152
2026/08/16 11:37:09.168, 11932, 12152
2026/08/16 11:37:14.169, 11932, 12152
2026/08/16 11:37:19.169, 11932, 12152
2026/08/16 11:37:24.170, 11932, 12152
2026/08/16 11:37:29.171, 11932, 12152
2026/08/16 11:37:34.171, 11932, 12152
2026/08/16 11:37:39.172, 11932, 12152
2026/08/16 11:37:44.172, 11932, 12152
2026/08/16 11:37:49.173, 11932, 12152
2026/08/16 11:37:54.174, 11932, 12152
2026/08/16 11:37:59.174, 11932, 12152
2026/08/16 11:38:04.175, 11932, 12152
2026/08/16 11:38:09.175, 11932, 12152
2026/08/16 11:38:14.176, 11932, 12152
2026/08/16 11:38:19.177, 11932, 12152
2026/08/16 11:38:24.177, 11932, 12152
2026/08/16 11:38:29.178, 11932, 12152
2026/08/16 11:38:34.178, 11932, 12152
2026/08/16 11:38:39.179, 11932, 12152
2026/08/16 11:38:44.180, 11932, 12152
2026/08/16 11:38:49.180, 11932, 12152
2026/08/16 11:38:54.181, 11932, 12152
2026/08/16 11:38:59.181, 11932, 12152
2026/08/16 11:39:04.182, 11932, 12152
2026/08/16 11:39:09.183, 11932, 12152
2026/08/16 11:39:14.183, 11932, 12152
2026/08/16 11:39:19.184, 11932, 12152
2026/08/16 11:39:24.184, 11932, 12152
2026/08/16 11:39:29.185, 11932, 12152
2026/08/16 11:39:34.186, 11932, 12152
2026/08/16 11:39:39.186, 11932, 12152
2026/08/16 11:39:44.187, 11932, 12152
2026/08/16 11:39:49.188, 11932, 12152
2026/08/16 11:39:54.188, 11932, 12152
2026/08/16 11:39:59.189, 11932, 12152
2026/08/16 11:40:04.189, 11932, 12152
2026/08/16 11:40:09.190, 11932, 12152
2026/08/16 11:40:14.191, 11932, 12152
2026/08/16 11:40:19.191, 11932, 12152
2026/08/16 11:40:24.192, 11932, 12152
2026/08/16 11:40:29.192, 11932, 12152
2026/08/16 11:40:34.193, 11932, 12152
2026/08/16 11:40:39.194, 11932, 12152
2026/08/16 11:40:44.194, 11932, 12152
2026/08/16 11:40:49.195, 11932, 12152
2026/08/16 11:40:54.195, 11932, 12152
2026/08/16 11:40:59.196, 11932, 12152
2026/08/16 11:41:04.197, 11932, 12152
2026/08/16 11:41:09.197, 11932, 12152
2026/08/16 11:41:14.198, 11932, 12152
2026/08/16 11:41:19.198, 11932, 12152
2026/08/16 11:41:24.199, 11932, 12152
2026/08/16 11:41:29.200, 11932, 12152
2026/08/16 11:41:34.200, 11932, 12152
2026/08/16 11:41:39.201, 11932, 12152
2026/08/16 11:41:44.201, 11932, 12152
2026/08/16 11:41:49.202, 11932, 12152
2026/08/16 11:41:54.203, 11932, 12152
2026/08/16 11:41:59.203, 11932, 12152
2026/08/16 11:42:04.204, 11932, 12152
2026/08/16 11:42:09.204, 11932, 12152
2026/08/16 11:42:14.205, 11932, 12152
2026/08/16 11:42:19.206, 11932, 12152
2026/08/16 11:42:24.206, 11932, 12152
2026/08/16 11:42:29.207, 11932, 12152
2026/08/16 11:42:34.207, 11932, 12152
2026/08/16 11:42:39.208, 11932, 12152
2026/08/16 11:42:44.209, 11932, 12152
2026/08/16 11:42:49.209, 11932, 12152
2026/08/16 11:42:54.210, 11932, 12152
2026/08/16 11:42:59.211, 11932, 12152
2026/08/16 11:43:04.211, 11932, 12152
2026/08/16 11:43:09.212, 11932, 12152
2026/08/16 11:43:14.212, 11932, 12152
2026/08/16 11:43:19.213, 11932, 12152
2026/08/16 11:43:24.214, 11932, 12152
2026/08/16 11:43:29.214, 11932, 12152
2026/08/16 11:43:34.215, 11932, 12152
2026/08/16 11:43:39.215, 11932, 12152
2026/08/16 11:43:44.216, 11932, 12152
2026/08/16 11:43:49.217, 11932, 12152
2026/08/16 11:43:54.217, 11932, 12152
2026/08/16 11:43:59.218, 11932, 12152
2026/08/16 11:44:04.218, 11932, 12152
2026/08/16 11:44:09.219, 11932, 12152
2026/08/16 11:44:14.220, 11932, 12152
2026/08/16 11:44:19.220, 11932, 12152
2026/08/16 11:44:24.221, 11932, 12152
2026/08/16 11:44:29.222, 11932, 12152
2026/08/16 11:44:34.222, 11932, 12152
2026/08/16 11:44:39.223, 11932, 12152
2026/08/16 11:44:44.223, 11932, 12152
2026/08/16 11:44:49.224, 11932, 12152
2026/08/16 11:44:54.225, 11932, 12152
2026/08/16 11:44:59.225, 11932, 12152
2026/08/16 11:45:04.226, 11932, 12152
2026/08/16 11:45:09.226, 11932, 12152
2026/08/16 11:45:14.227, 11932, 12152
2026/08/16 11:45:19.228, 11932, 12152
2026/08/16 11:45:24.228, 11932, 12152
2026/08/16 11:45:29.229, 11932, 12152
2026/08/16 11:45:34.230, 11932, 12152
2026/08/16 11:45:39.230, 11932, 12152
2026/08/16 11:45:44.231, 11932, 12152
2026/08/16 11:45:49.231, 11932, 12152
2026/08/16 11:45:54.232, 11932, 12152
2026/08/16 11:45:59.233, 11932, 12152
2026/08/16 11:46:04.233, 11932, 12152
2026/08/16 11:46:09.234, 11932, 12152
2026/08/16 11:46:14.234, 11932, 12152
2026/08/16 11:46:19.235, 11932, 12152
2026/08/16 11:46:24.236, 11932, 12152
2026/08/16 11:46:29.236, 11932, 12152
2026/08/16 11:46:34.237, 11932, 12152
2026/08/16 11:46:39.237, 11932, 12152
2026/08/16 11:46:44.238, 11932, 12152
2026/08/16 11:46:49.239, 11932, 12152
2026/08/16 11:46:54.239, 11932, 12152
2026/08/16 11:46:59.240, 11932, 12152
2026/08/16 11:47:04.241, 11932, 12152
2026/08/16 11:47:09.241, 11932, 12152
2026/08/16 11:47:14.242, 11932, 12152
2026/08/16 11:47:19.242, 11932, 12152
2026/08/16 11:47:24.243, 11932, 12152
2026/08/16 11:47:29.244, 11932, 12152
2026/08/16 11:47:34.244, 11932, 12152
2026/08/16 11:47:39.245, 11932, 12152
2026/08/16 11:47:44.245, 11932, 12152
2026/08/16 11:47:49.246, 11932, 12152
2026/08/16 11:47:54.247, 11932, 12152
2026/08/16 11:47:59.247, 11932, 12152
2026/08/16 11:48:04.248, 11932, 12152
2026/08/16 11:48:09.249, 11932, 12152
2026/08/16 11:48:14.249, 11932, 12152
2026/08/16 11:48:19.250, 11932, 12152
2026/08/16 11:48:24.250, 11932, 12152
2026/08/16 11:48:29.251, 11932, 12152
2026/08/16 11:48:34.252, 11932, 12152
2026/08/16 11:48:39.252, 11932, 12152
2026/08/16 11:48:44.253, 11932, 12152
2026/08/16 11:48:49.253, 11932, 12152
2026/08/16 11:48:54.254, 11932, 12152
2026/08/16 11:48:59.255, 11932, 12152
2026/08/16 11:49:04.255, 11932, 12152
2026/08/16 11:49:09.256, 11932, 12152
2026/08/16 11:49:14.257, 11932, 12152
2026/08/16 11:49:19.257, 11932, 12152
2026/08/16 11:49:24.258, 11932, 12152
2026/08/16 11:49:29.258, 11932, 12152
2026/08/16 11:49:34.259, 11932, 12152
2026/08/16 11:49:39.260, 11932, 12152
2026/08/16 11:49:44.260, 11932, 12152
2026/08/16 11:49:49.261, 11932, 12152
2026/08/16 11:49:54.262, 11932, 12152
2026/08/16 11:49:59.262, 11932, 12152
2026/08/16 11:50:04.263, 11932, 12152
2026/08/16 11:50:09.263, 11932, 12152
2026/08/16 11:50:14.264, 11932, 12152
2026/08/16 11:50:19.265, 11932, 12152
2026/08/16 11:50:24.265, 11932, 12152
2026/08/16 11:50:29.266, 11932, 12152
2026/08/16 11:50:34.266, 11932, 12152
2026/08/16 11:50:39.267, 11932, 12152
2026/08/16 11:50:44.268, 11932, 12152
2026/08/16 11:50:49.268, 11932, 12152
2026/08/16 11:50:54.269, 11932, 12152
2026/08/16 11:50:59.269, 11932, 12152
2026/08/16 11:51:04.270, 11932, 12152
2026/08/16 11:51:09.271, 11932, 12152
2026/08/16 11:51:14.271, 11932, 12152
2026/08/16 11:51:19.272, 11932, 12152
2026/08/16 11:51:24.273, 11932, 12152
2026/08/16 11:51:29.273, 11932, 12152
2026/08/16 11:51:34.274, 11932, 12152
2026/08/16 11:51:39.274, 11932, 12152
2026/08/16 11:51:44.275, 11932, 12152
2026/08/16 11:51:49.276, 11932, 12152
2026/08/16 11:51:54.276, 11932, 12152
2026/08/16 11:51:59.277, 11932, 12152
2026/08/16 11:52:04.277, 11932, 12152
2026/08/16 11:52:09.278, 11932, 12152
2026/08/16 11:52:14.279, 11932, 12152
2026/08/16 11:52:19.279, 11932, 12152
2026/08/16 11:52:24.280, 11932, 12152
2026/08/16 11:52:29.280, 11932, 12152
2026/08/16 11:52:34.281, 11932, 12152
2026/08/16 11:52:39.282, 11932, 12152
2026/08/16 11:52:44.282, 11932, 12152
2026/08/16 11:52:49.283, 11932, 12152
2026/08/16 11:52:54.284, 11932, 12152
2026/08/16 11:52:59.284, 11932, 12152
2026/08/16 11:53:04.285, 11932, 12152
2026/08/16 11:53:09.285, 11932, 12152
2026/08/16 11:53:14.286, 11932, 12152
2026/08/16 11:53:19.287, 11932, 12152
2026/08/16 11:53:24.287, 11932, 12152
2026/08/16 11:53:29.288, 11932, 12152
2026/08/16 11:53:34.288, 11932, 12152
2026/08/16 11:53:39.289, 11932, 12152
2026/08/16 11:53:44.290, 11932, 12152
2026/08/16 11:53:49.290, 11932, 12152
2026/08/16 11:53:54.291, 11932, 12152
2026/08/16 11:53:59.291, 11932, 12152
2026/08/16 11:54:04.292, 11932, 12152
2026/08/16 11:54:09.293, 11932, 12152
2026/08/16 11:54:14.293, 11932, 12152
2026/08/16 11:54:19.294, 11932, 12152
2026/08/16 11:54:24.294, 11932, 12152
2026/08/16 11:54:29.295, 11932, 12152
2026/08/16 11:54:34.296, 11932, 12152
2026/08/16 11:54:39.296, 11932, 12152
2026/08/16 11:54:44.297, 11932, 12152
2026/08/16 11:54:49.297, 11932, 12152
2026/08/16 11:54:54.298, 11932, 12152
2026/08/16 11:54:59.299, 11932, 12152
2026/08/16 11:55:04.299, 11932, 12152
2026/08/16 11:55:09.300, 11932, 12152
2026/08/16 11:55:14.300, 11932, 12152
2026/08/16 11:55:19.301, 11932, 12152
2026/08/16 11:55:24.302, 11932, 12152
2026/08/16 11:55:29.302, 11932, 12152
2026/08/16 11:55:34.303, 11932, 12152
2026/08/16 11:55:39.303, 11932, 12152
2026/08/16 11:55:44.304, 11932, 12152
2026/08/16 11:55:49.305, 11932, 12152
2026/08/16 11:55:54.305, 11932, 12152
2026/08/16 11:55:59.306, 11932, 12152
2026/08/16 11:56:04.306, 11932, 12152
2026/08/16 11:56:09.307, 11932, 12152
2026/08/16 11:56:14.308, 11932, 12152
2026/08/16 11:56:19.308, 11932, 12152
2026/08/16 11:56:24.309, 11932, 12152
2026/08/16 11:56:29.310, 11932, 12152
2026/08/16 11:56:34.310, 11932, 12152
2026/08/16 11:56:39.311, 11932, 12152
2026/08/16 11:56:44.311, 11932, 12152
2026/08/16 11:56:49.312, 11932, 12152
2026/08/16 11:56:54.313, 11932, 12152
2026/08/16 11:56:59.313, 11932, 12152
2026/08/16 11:57:04.314, 11932, 12152
2026/08/16 11:57:09.314, 11932, 12152
2026/08/16 11:57:14.315, 11932, 12152
2026/08/16 11:57:19.316, 11932, 12152
2026/08/16 11:57:24.316, 11932, 12152
2026/08/16 11:57:29.317, 11932, 12152
2026/08/16 11:57:34.317, 11932, 12152
2026/08/16 11:57:39.318, 11932, 12152
2026/08/16 11:57:44.319, 11932, 12152
2026/08/16 11:57:49.319, 11932, 12152
2026/08/16 11:57:54.320, 11932, 12152
2026/08/16 11:57:59.321, 11932, 12152
2026/08/16 11:58:04.321, 11932, 12152
2026/08/16 11:58:09.322, 11932, 12152
2026/08/16 11:58:14.322, 11932, 12152
2026/08/16 11:58:19.323, 11932, 12152
2026/08/16 11:58:24.324, 11932, 12152
2026/08/16 11:58:29.324, 11932, 12152
2026/08/16 11:58:34.325, 11932, 12152
2026/08/16 11:58:39.325, 11932, 12152
2026/08/16 11:58:44.326, 11932, 12152
2026/08/16 11:58:49.327, 11932, 12152
2026/08/16 11:58:54.327, 11932, 12152
2026/08/16 11:58:59.328, 11932, 12152
2026/08/16 11:59:04.328, 11932, 12152
2026/08/16 11:59:09.329, 11932, 12152
2026/08/16 11:59:14.330, 11932, 12152
2026/08/16 11:59:19.330, 11932, 12152
2026/08/16 11:59:24.331, 11932, 12152
2026/08/16 11:59:29.331, 11932, 12152
2026/08/16 11:59:34.332, 11932, 12152
2026/08/16 11:59:39.333, 11932, 12152
2026/08/16 11:59:44.333, 11932, 12152
2026/08/16 11:59:49.334, 11932, 12152
2026/08/16 11:59:54.335, 11932, 12152
2026/08/16 11:59:59.335, 11932, 12152
2026/08/16 12:00:04.336, 11932, 12152
2026/08/16 12:00:09.336, 11932, 12152
2026/08/16 12:00:14.337, 11932, 12152
2026/08/16 12:00:19.338, 11932, 12152
2026/08/16 12:00:24.338, 11932, 12152
2026/08/16 12:00:29.339, 11932, 12152
2026/08/16 12:00:34.339, 11932, 12152
2026/08/16 12:00:39.340, 11932, 12152
2026/08/16 12:00:44.341, 11932, 12152
2026/08/16 12:00:49.341, 11932, 12152
2026/08/16 12:00:54.341, 11932, 12152
2026/08/16 12:00:59.342, 11932, 12152
2026/08/16 12:01:04.342, 11932, 12152
2026/08/16 12:01:09.342, 11932, 12152
2026/08/16 12:01:14.343, 11932, 12152
2026/08/16 12:01:19.343, 11932, 12152
2026/08/16 12:01:24.344, 11932, 12152
2026/08/16 12:01:29.344, 11932, 12152
2026/08/16 12:01:34.344, 11932, 12152
2026/08/16 12:01:39.345, 11932, 12152
2026/08/16 12:01:44.345, 11932, 12152
2026/08/16 12:01:49.346, 11932, 12152
2026/08/16 12:01:54.346, 11932, 12152
2026/08/16 12:01:59.346, 11932, 12152
2026/08/16 12:02:04.347, 11932, 12152
2026/08/16 12:02:09.347, 11932, 12152
2026/08/16 12:02:14.348, 11932, 12152
2026/08/16 12:02:19.348, 11932, 12152
2026/08/16 12:02:24.348, 11932, 12152
2026/08/16 12:02:29.349, 11932, 12152
2026/08/16 12:02:34.349, 11932, 12152
2026/08/16 12:02:39.350, 11932, 12152
2026/08/16 12:02:44.350, 11932, 12152
2026/08/16 12:02:49.351, 11932, 12152
2026/08/16 12:02:54.351, 11932, 12152
2026/08/16 12:02:59.351, 11932, 12152
2026/08/16 12:03:04.352, 11932, 12152
2026/08/16 12:03:09.352, 11932, 12152
2026/08/16 12:03:14.353, 11932, 12152
2026/08/16 12:03:19.353, 11932, 12152
2026/08/16 12:03:24.354, 11932, 12152
2026/08/16 12:03:29.354, 11932, 12152
2026/08/16 12:03:34.354, 11932, 12152
2026/08/16 12:03:39.355, 11932, 12152
2026/08/16 12:03:44.355, 11932, 12152
2026/08/16 12:03:49.356, 11932, 12152
2026/08/16 12:03:54.356, 11932, 12152
2026/08/16 12:03:59.357, 11932, 12152
2026/08/16 12:04:04.357, 11932, 12152
2026/08/16 12:04:09.357, 11932, 12152
2026/08/16 12:04:14.358, 11932, 12152
2026/08/16 12:04:19.358, 11932, 12152
2026/08/16 12:04:24.359, 11932, 12152
2026/08/16 12:04:29.359, 11932, 12152
2026/08/16 12:04:34.360, 11932, 12152
2026/08/16 12:04:39.360, 11932, 12152
2026/08/16 12:04:44.361, 11932, 12152
2026/08/16 12:04:49.361, 11932, 12152
2026/08/16 12:04:54.362, 11932, 12152
2026/08/16 12:04:59.362, 11932, 12152
2026/08/16 12:05:04.362, 11932, 12152
2026/08/16 12:05:09.363, 11932, 12152
2026/08/16 12:05:14.363, 11932, 12152
2026/08/16 12:05:19.364, 11932, 12152
2026/08/16 12:05:24.364, 11932, 12152
2026/08/16 12:05:29.365, 11932, 12152
2026/08/16 12:05:34.365, 11932, 12152
2026/08/16 12:05:39.366, 11932, 12152
2026/08/16 12:05:44.366, 11932, 12152
2026/08/16 12:05:49.367, 11932, 12152
2026/08/16 12:05:54.367, 11932, 12152
2026/08/16 12:05:59.368, 11932, 12152
2026/08/16 12:06:04.368, 11932, 12152
2026/08/16 12:06:09.369, 11932, 12152
2026/08/16 12:06:14.369, 11932, 12152
2026/08/16 12:06:19.369, 11932, 12152
2026/08/16 12:06:24.370, 11932, 12152
2026/08/16 12:06:29.370, 11932, 12152
2026/08/16 12:06:34.371, 11932, 12152
2026/08/16 12:06:39.371, 11932, 12152
2026/08/16 12:06:44.372, 11932, 12152
2026/08/16 12:06:49.372, 11932, 12152
2026/08/16 12:06:54.372, 11932, 12152
2026/08/16 12:06:59.373, 11932, 12152
2026/08/16 12:07:04.373, 11932, 12152
2026/08/16 12:07:09.374, 11932, 12152
2026/08/16 12:07:14.374, 11932, 12152
2026/08/16 12:07:19.375, 11932, 12152
2026/08/16 12:07:24.375, 11932, 12152
2026/08/16 12:07:29.376, 11932, 12152
2026/08/16 12:07:34.376, 11932, 12152
2026/08/16 12:07:39.377, 11932, 12152
2026/08/16 12:07:44.377, 11932, 12152
2026/08/16 12:07:49.377, 11932, 12152
2026/08/16 12:07:54.378, 11932, 12152
2026/08/16 12:07:59.378, 11932, 12152
2026/08/16 12:08:04.379, 11932, 12152
2026/08/16 12:08:09.379, 11932, 12152
2026/08/16 12:08:14.380, 11932, 12152
2026/08/16 12:08:19.380, 11932, 12152
2026/08/16 12:08:24.381, 11932, 12152
2026/08/16 12:08:29.381, 11932, 12152
2026/08/16 12:08:34.382, 11932, 12152
2026/08/16 12:08:39.382, 11932, 12152
2026/08/16 12:08:44.383, 11932, 12152
2026/08/16 12:08:49.383, 11932, 12152
2026/08/16 12:08:54.384, 11932, 12152
2026/08/16 12:08:59.384, 11932, 12152
2026/08/16 12:09:04.385, 11932, 12152
2026/08/16 12:09:09.385, 11932, 12152
2026/08/16 12:09:14.386, 11932, 12152
2026/08/16 12:09:19.386, 11932, 12152
2026/08/16 12:09:24.387, 11932, 12152
2026/08/16 12:09:29.387, 11932, 12152
2026/08/16 12:09:34.388, 11932, 12152
2026/08/16 12:09:39.388, 11932, 12152
2026/08/16 12:09:44.389, 11932, 12152
2026/08/16 12:09:49.390, 11932, 12152
2026/08/16 12:09:54.390, 11932, 12152
2026/08/16 12:09:59.391, 11932, 12152
2026/08/16 12:10:04.391, 11932, 12152
2026/08/16 12:10:09.392, 11932, 12152
2026/08/16 12:10:14.392, 11932, 12152
2026/08/16 12:10:19.393, 11932, 12152
2026/08/16 12:10:24.393, 11932, 12152
2026/08/16 12:10:29.394, 11932, 12152
2026/08/16 12:10:34.394, 11932, 12152
2026/08/16 12:10:39.395, 11932, 12152
2026/08/16 12:10:44.395, 11932, 12152
2026/08/16 12:10:49.396, 11932, 12152
2026/08/16 12:10:54.396, 11932, 12152
2026/08/16 12:10:59.397, 11932, 12152
2026/08/16 12:11:04.397, 11932, 12152
2026/08/16 12:11:09.398, 11932, 12152
2026/08/16 12:11:14.398, 11932, 12152
2026/08/16 12:11:19.399, 11932, 12152
2026/08/16 12:11:24.399, 11932, 12152
2026/08/16 12:11:29.400, 11932, 12152
2026/08/16 12:11:34.400, 11932, 12152
2026/08/16 12:11:39.401, 11932, 12152
2026/08/16 12:11:44.402, 11932, 12152
2026/08/16 12:11:49.402, 11932, 12152
2026/08/16 12:11:54.403, 11932, 12152
2026/08/16 12:11:59.403, 11932, 12152
2026/08/16 12:12:04.404, 11932, 12152
2026/08/16 12:12:09.404, 11932, 12152
2026/08/16 12:12:14.405, 11932, 12152
2026/08/16 12:12:19.405, 11932, 12152
2026/08/16 12:12:24.406, 11932, 12152
2026/08/16 12:12:29.406, 11932, 12152
2026/08/16 12:12:34.407, 11932, 12152
2026/08/16 12:12:39.407, 11932, 12152
2026/08/16 12:12:44.408, 11932, 12152
2026/08/16 12:12:49.408, 11932, 12152
2026/08/16 12:12:54.409, 11932, 12152
2026/08/16 12:12:59.410, 11932, 12152
2026/08/16 12:13:04.410, 11932, 12152
2026/08/16 12:13:09.411, 11932, 12152
2026/08/16 12:13:14.411, 11932, 12152
2026/08/16 12:13:19.412, 11932, 12152
2026/08/16 12:13:24.412, 11932, 12152
2026/08/16 12:13:29.413, 11932, 12152
2026/08/16 12:13:34.413, 11932, 12152
2026/08/16 12:13:39.414, 11932, 12152
2026/08/16 12:13:44.414, 11932, 12152
2026/08/16 12:13:49.415, 11932, 12152
2026/08/16 12:13:54.415, 11932, 12152
2026/08/16 12:13:59.416, 11932, 12152
2026/08/16 12:14:04.417, 11932, 12152
2026/08/16 12:14:09.417, 11932, 12152
2026/08/16 12:14:14.418, 11932, 12152
2026/08/16 12:14:19.418, 11932, 12152
2026/08/16 12:14:24.419, 11932, 12152
2026/08/16 12:14:29.419, 11932, 12152
2026/08/16 12:14:34.420, 11932, 12152
2026/08/16 12:14:39.420, 11932, 12152
2026/08/16 12:14:44.421, 11932, 12152
2026/08/16 12:14:49.421, 11932, 12152
2026/08/16 12:14:54.422, 11932, 12152
2026/08/16 12:14:59.423, 11932, 12152
2026/08/16 12:15:04.423, 11932, 12152
2026/08/16 12:15:09.424, 11932, 12152
2026/08/16 12:15:14.424, 11932, 12152
2026/08/16 12:15:19.425, 11932, 12152
2026/08/16 12:15:24.425, 11932, 12152
2026/08/16 12:15:29.426, 11932, 12152
2026/08/16 12:15:34.426, 11932, 12152
2026/08/16 12:15:39.427, 11932, 12152
2026/08/16 12:15:44.427, 11932, 12152
2026/08/16 12:15:49.428, 11932, 12152
2026/08/16 12:15:54.428, 11932, 12152
2026/08/16 12:15:59.429, 11932, 12152
2026/08/16 12:16:04.429, 11932, 12152
2026/08/16 12:16:09.430, 11932, 12152
2026/08/16 12:16:14.431, 11932, 12152
2026/08/16 12:16:19.431, 11932, 12152
2026/08/16 12:16:24.432, 11932, 12152
2026/08/16 12:16:29.432, 11932, 12152
2026/08/16 12:16:34.433, 11932, 12152
2026/08/16 12:16:39.433, 11932, 12152
2026/08/16 12:16:44.434, 11932, 12152
2026/08/16 12:16:49.434, 11932, 12152
2026/08/16 12:16:54.435, 11932, 12152
2026/08/16 12:16:59.435, 11932, 12152
2026/08/16 12:17:04.436, 11932, 12152
2026/08/16 12:17:09.436, 11932, 12152
2026/08/16 12:17:14.437, 11932, 12152
2026/08/16 12:17:19.437, 11932, 12152
2026/08/16 12:17:24.438, 11932, 12152
2026/08/16 12:17:29.438, 11932, 12152
2026/08/16 12:17:34.439, 11932, 12152
2026/08/16 12:17:39.439, 11932, 12152
2026/08/16 12:17:44.440, 11932, 12152
2026/08/16 12:17:49.440, 11932, 12152
2026/08/16 12:17:54.441, 11932, 12152
2026/08/16 12:17:59.441, 11932, 12152
2026/08/16 12:18:04.442, 11932, 12152
2026/08/16 12:18:09.442, 11932, 12152
2026/08/16 12:18:14.443, 11932, 12152
2026/08/16 12:18:19.443, 11932, 12152
2026/08/16 12:18:24.444, 11932, 12152
2026/08/16 12:18:29.444, 11932, 12152
2026/08/16 12:18:34.445, 11932, 12152
2026/08/16 12:18:39.445, 11932, 12152
2026/08/16 12:18:44.446, 11932, 12152
2026/08/16 12:18:49.446, 11932, 12152
2026/08/16 12:18:54.447, 11932, 12152
2026/08/16 12:18:59.447, 11932, 12152
2026/08/16 12:19:04.448, 11932, 12152
2026/08/16 12:19:09.448, 11932, 12152
2026/08/16 12:19:14.449, 11932, 12152
2026/08/16 12:19:19.449, 11932, 12152
2026/08/16 12:19:24.450, 11932, 12152
2026/08/16 12:19:29.450, 11932, 12152
2026/08/16 12:19:34.451, 11932, 12152
2026/08/16 12:19:39.451, 11932, 12152
2026/08/16 12:19:44.451, 11932, 12152
2026/08/16 12:19:49.452, 11932, 12152
2026/08/16 12:19:54.453, 11932, 12152
2026/08/16 12:19:59.453, 11932, 12152
2026/08/16 12:20:04.453, 11932, 12152
2026/08/16 12:20:09.454, 11932, 12152
2026/08/16 12:20:14.454, 11932, 12152
2026/08/16 12:20:19.455, 11932, 12152
2026/08/16 12:20:24.456, 11932, 12152
2026/08/16 12:20:29.456, 11932, 12152
2026/08/16 12:20:34.457, 11932, 12152
2026/08/16 12:20:39.457, 11932, 12152
2026/08/16 12:20:44.458, 11932, 12152
2026/08/16 12:20:49.458, 11932, 12152
2026/08/16 12:20:54.459, 11932, 12152
2026/08/16 12:20:59.459, 11932, 12152
2026/08/16 12:21:04.460, 11932, 12152
2026/08/16 12:21:09.460, 11932, 12152
2026/08/16 12:21:14.461, 11932, 12152
2026/08/16 12:21:19.461, 11932, 12152
2026/08/16 12:21:24.462, 11932, 12152
2026/08/16 12:21:29.462, 11932, 12152
2026/08/16 12:21:34.463, 11932, 12152
2026/08/16 12:21:39.464, 11932, 12152
2026/08/16 12:21:44.464, 11932, 12152
2026/08/16 12:21:49.465, 11932, 12152
2026/08/16 12:21:54.465, 11932, 12152
2026/08/16 12:21:59.466, 11932, 12152
2026/08/16 12:22:04.466, 11932, 12152
2026/08/16 12:22:09.467, 11932, 12152
2026/08/16 12:22:14.467, 11932, 12152
2026/08/16 12:22:19.468, 11932, 12152
2026/08/16 12:22:24.468, 11932, 12152
2026/08/16 12:22:29.469, 11932, 12152
2026/08/16 12:22:34.469, 11932, 12152
2026/08/16 12:22:39.470, 11932, 12152
2026/08/16 12:22:44.471, 11932, 12152
2026/08/16 12:22:49.471, 11932, 12152
2026/08/16 12:22:54.472, 11932, 12152
2026/08/16 12:22:59.472, 11932, 12152
2026/08/16 12:23:04.473, 11932, 12152
2026/08/16 12:23:09.473, 11932, 12152
2026/08/16 12:23:14.474, 11932, 12152
2026/08/16 12:23:19.474, 11932, 12152
2026/08/16 12:23:24.475, 11932, 12152
2026/08/16 12:23:29.475, 11932, 12152
2026/08/16 12:23:34.476, 11932, 12152
2026/08/16 12:23:39.476, 11932, 12152
2026/08/16 12:23:44.477, 11932, 12152
2026/08/16 12:23:49.478, 11932, 12152
2026/08/16 12:23:54.478, 11932, 12152
2026/08/16 12:23:59.479, 11932, 12152
2026/08/16 12:24:04.479, 11932, 12152
2026/08/16 12:24:09.480, 11932, 12152
2026/08/16 12:24:14.480, 11932, 12152
2026/08/16 12:24:19.481, 11932, 12152
2026/08/16 12:24:24.481, 11932, 12152
2026/08/16 12:24:29.482, 11932, 12152
2026/08/16 12:24:34.482, 11932, 12152
2026/08/16 12:24:39.483, 11932, 12152
2026/08/16 12:24:44.483, 11932, 12152
2026/08/16 12:24:49.484, 11932, 12152
2026/08/16 12:24:54.485, 11932, 12152
2026/08/16 12:24:59.485, 11932, 12152
2026/08/16 12:25:04.486, 11932, 12152
2026/08/16 12:25:09.486, 11932, 12152
2026/08/16 12:25:14.487, 11932, 12152
2026/08/16 12:25:19.487, 11932, 12152
2026/08/16 12:25:24.488, 11932, 12152
2026/08/16 12:25:29.488, 11932, 12152
2026/08/16 12:25:34.489, 11932, 12152
2026/08/16 12:25:39.489, 11932, 12152
2026/08/16 12:25:44.490, 11932, 12152
2026/08/16 12:25:49.491, 11932, 12152
2026/08/16 12:25:54.491, 11932, 12152
2026/08/16 12:25:59.492, 11932, 12152
2026/08/16 12:26:04.492, 11932, 12152
2026/08/16 12:26:09.493, 11932, 12152
2026/08/16 12:26:14.493, 11932, 12152
2026/08/16 12:26:19.494, 11932, 12152
2026/08/16 12:26:24.494, 11932, 12152
2026/08/16 12:26:29.495, 11932, 12152
2026/08/16 12:26:34.495, 11932, 12152
2026/08/16 12:26:39.496, 11932, 12152
2026/08/16 12:26:44.496, 11932, 12152
2026/08/16 12:26:49.497, 11932, 12152
2026/08/16 12:26:54.498, 11932, 12152
2026/08/16 12:26:59.498, 11932, 12152
2026/08/16 12:27:04.499, 11932, 12152
2026/08/16 12:27:09.499, 11932, 12152
2026/08/16 12:27:14.500, 11932, 12152
2026/08/16 12:27:19.500, 11932, 12152
2026/08/16 12:27:24.501, 11932, 12152
2026/08/16 12:27:29.501, 11932, 12152
2026/08/16 12:27:34.502, 11932, 12152
2026/08/16 12:27:39.502, 11932, 12152
2026/08/16 12:27:44.503, 11932, 12152
2026/08/16 12:27:49.504, 11932, 12152
2026/08/16 12:27:54.504, 11932, 12152
2026/08/16 12:27:59.505, 11932, 12152
2026/08/16 12:28:04.505, 11932, 12152
2026/08/16 12:28:09.506, 11932, 12152
2026/08/16 12:28:14.506, 11932, 12152
2026/08/16 12:28:19.507, 11932, 12152
2026/08/16 12:28:24.507, 11932, 12152
2026/08/16 12:28:29.508, 11932, 12152
2026/08/16 12:28:34.508, 11932, 12152
2026/08/16 12:28:39.509, 11932, 12152
2026/08/16 12:28:44.510, 11932, 12152
2026/08/16 12:28:49.510, 11932, 12152
2026/08/16 12:28:54.511, 11932, 12152
2026/08/16 12:28:59.511, 11932, 12152
2026/08/16 12:29:04.512, 11932, 12152
2026/08/16 12:29:09.512, 11932, 12152
2026/08/16 12:29:14.513, 11932, 12152
2026/08/16 12:29:19.513, 11932, 12152
2026/08/16 12:29:24.514, 11932, 12152
2026/08/16 12:29:29.514, 11932, 12152
2026/08/16 12:29:34.515, 11932, 12152
2026/08/16 12:29:39.516, 11932, 12152
2026/08/16 12:29:44.516, 11932, 12152
2026/08/16 12:29:49.517, 11932, 12152
2026/08/16 12:29:54.517, 11932, 12152
2026/08/16 12:29:59.518, 11932, 12152
2026/08/16 12:30:04.518, 11932, 12152
2026/08/16 12:30:09.519, 11932, 12152
2026/08/16 12:30:14.519, 11932, 12152
2026/08/16 12:30:19.520, 11932, 12152
2026/08/16 12:30:24.520, 11932, 12152
2026/08/16 12:30:29.521, 11932, 12152
2026/08/16 12:30:34.522, 11932, 12152
2026/08/16 12:30:39.522, 11932, 12152
2026/08/16 12:30:44.523, 11932, 12152
2026/08/16 12:30:49.523, 11932, 12152
2026/08/16 12:30:54.524, 11932, 12152
2026/08/16 12:30:59.524, 11932, 12152
2026/08/16 12:31:04.525, 11932, 12152
2026/08/16 12:31:09.525, 11932, 12152
2026/08/16 12:31:14.526, 11932, 12152
2026/08/16 12:31:19.527, 11932, 12152
2026/08/16 12:31:24.527, 11932, 12152
2026/08/16 12:31:29.528, 11932, 12152
2026/08/16 12:31:34.528, 11932, 12152
2026/08/16 12:31:39.529, 11932, 12152
2026/08/16 12:31:44.529, 11932, 12152
2026/08/16 12:31:49.530, 11932, 12152
2026/08/16 12:31:54.530, 11932, 12152
2026/08/16 12:31:59.531, 11932, 12152
2026/08/16 12:32:04.531, 11932, 12152
2026/08/16 12:32:09.532, 11932, 12152
2026/08/16 12:32:14.532, 11932, 12152
2026/08/16 12:32:19.533, 11932, 12152
2026/08/16 12:32:24.533, 11932, 12152
2026/08/16 12:32:29.534, 11932, 12152
2026/08/16 12:32:34.534, 11932, 12152
2026/08/16 12:32:39.535, 11932, 12152
2026/08/16 12:32:44.535, 11932, 12152
2026/08/16 12:32:49.536, 11932, 12152
2026/08/16 12:32:54.536, 11932, 12152
2026/08/16 12:32:59.537, 11932, 12152
2026/08/16 12:33:04.537, 11932, 12152
2026/08/16 12:33:09.538, 11932, 12152
2026/08/16 12:33:14.538, 11932, 12152
2026/08/16 12:33:19.539, 11932, 12152
2026/08/16 12:33:24.539, 11932, 12152
2026/08/16 12:33:29.540, 11932, 12152
2026/08/16 12:33:34.540, 11932, 12152
2026/08/16 12:33:39.541, 11932, 12152
2026/08/16 12:33:44.541, 11932, 12152
2026/08/16 12:33:49.542, 11932, 12152
2026/08/16 12:33:54.542, 11932, 12152
2026/08/16 12:33:59.543, 11932, 12152
2026/08/16 12:34:04.543, 11932, 12152
2026/08/16 12:34:09.544, 11932, 12152
2026/08/16 12:34:14.544, 11932, 12152
2026/08/16 12:34:19.545, 11932, 12152
2026/08/16 12:34:24.545, 11932, 12152
2026/08/16 12:34:29.546, 11932, 12152
2026/08/16 12:34:34.546, 11932, 12152
2026/08/16 12:34:39.547, 11932, 12152
2026/08/16 12:34:44.547, 11932, 12152
2026/08/16 12:34:49.548, 11932, 12152
2026/08/16 12:34:54.549, 11932, 12152
2026/08/16 12:34:59.550, 11932, 12152
2026/08/16 12:35:04.551, 11932, 12152
2026/08/16 12:35:09.551, 11932, 12152
2026/08/16 12:35:14.552, 11932, 12152
2026/08/16 12:35:19.553, 11932, 12152
2026/08/16 12:35:24.554, 11932, 12152
2026/08/16 12:35:29.555, 11932, 12152
2026/08/16 12:35:34.556, 11932, 12152
2026/08/16 12:35:39.556, 11932, 12152
2026/08/16 12:35:44.557, 11932, 12152
2026/08/16 12:35:49.558, 11932, 12152
2026/08/16 12:35:54.559, 11932, 12152
2026/08/16 12:35:59.559, 11932, 12152
2026/08/16 12:36:04.560, 11932, 12152
2026/08/16 12:36:09.561, 11932, 12152
2026/08/16 12:36:14.562, 11932, 12152
2026/08/16 12:36:19.563, 11932, 12152
2026/08/16 12:36:24.564, 11932, 12152
2026/08/16 12:36:29.564, 11932, 12152
2026/08/16 12:36:34.565, 11932, 12152
2026/08/16 12:36:39.566, 11932, 12152
2026/08/16 12:36:44.567, 11932, 12152
2026/08/16 12:36:49.568, 11932, 12152
2026/08/16 12:36:54.568, 11932, 12152
2026/08/16 12:36:59.569, 11932, 12152
2026/08/16 12:37:04.570, 11932, 12152
2026/08/16 12:37:09.571, 11932, 12152
2026/08/16 12:37:14.571, 11932, 12152
2026/08/16 12:37:19.572, 11932, 12152
2026/08/16 12:37:24.573, 11932, 12152
2026/08/16 12:37:29.574, 11932, 12152
2026/08/16 12:37:34.574, 11932, 12152
2026/08/16 12:37:39.575, 11932, 12152
2026/08/16 12:37:44.576, 11932, 12152
2026/08/16 12:37:49.577, 11932, 12152
2026/08/16 12:37:54.578, 11932, 12152
2026/08/16 12:37:59.578, 11932, 12152
2026/08/16 12:38:04.579, 11932, 12152
2026/08/16 12:38:09.580, 11932, 12152
2026/08/16 12:38:14.580, 11932, 12152
2026/08/16 12:38:19.581, 11932, 12152
2026/08/16 12:38:24.582, 11932, 12152
2026/08/16 12:38:29.583, 11932, 12152
2026/08/16 12:38:34.583, 11932, 12152
2026/08/16 12:38:39.584, 11932, 12152
2026/08/16 12:38:44.585, 11932, 12152
2026/08/16 12:38:49.586, 11932, 12152
2026/08/16 12:38:54.586, 11932, 12152
2026/08/16 12:38:59.587, 11932, 12152
2026/08/16 12:39:04.588, 11932, 12152
2026/08/16 12:39:09.589, 11932, 12152
2026/08/16 12:39:14.589, 11932, 12152
2026/08/16 12:39:19.590, 11932, 12152
2026/08/16 12:39:24.591, 11932, 12152
2026/08/16 12:39:29.592, 11932, 12152
2026/08/16 12:39:34.592, 11932, 12152
2026/08/16 12:39:39.593, 11932, 12152
2026/08/16 12:39:44.594, 11932, 12152
2026/08/16 12:39:49.595, 11932, 12152
2026/08/16 12:39:54.595, 11932, 12152
2026/08/16 12:39:59.596, 11932, 12152
2026/08/16 12:40:04.597, 11932, 12152
2026/08/16 12:40:09.597, 11932, 12152
2026/08/16 12:40:14.598, 11932, 12152
2026/08/16 12:40:19.599, 11932, 12152
2026/08/16 12:40:24.600, 11932, 12152
2026/08/16 12:40:29.600, 11932, 12152
2026/08/16 12:40:34.601, 11932, 12152
2026/08/16 12:40:39.602, 11932, 12152
2026/08/16 12:40:44.602, 11932, 12152
2026/08/16 12:40:49.603, 11932, 12152
2026/08/16 12:40:54.604, 11932, 12152
2026/08/16 12:40:59.605, 11932, 12152
2026/08/16 12:41:04.605, 11932, 12152
2026/08/16 12:41:09.606, 11932, 12152
2026/08/16 12:41:14.607, 11932, 12152
2026/08/16 12:41:19.607, 11932, 12152
2026/08/16 12:41:24.608, 11932, 12152
2026/08/16 12:41:29.609, 11932, 12152
2026/08/16 12:41:34.610, 11932, 12152
2026/08/16 12:41:39.610, 11932, 12152
2026/08/16 12:41:44.611, 11932, 12152
2026/08/16 12:41:49.612, 11932, 12152
2026/08/16 12:41:54.612, 11932, 12152
2026/08/16 12:41:59.613, 11932, 12152
2026/08/16 12:42:04.614, 11932, 12152
2026/08/16 12:42:09.614, 11932, 12152
2026/08/16 12:42:14.615, 11932, 12152
2026/08/16 12:42:19.616, 11932, 12152
2026/08/16 12:42:24.617, 11932, 12152
2026/08/16 12:42:29.617, 11932, 12152
2026/08/16 12:42:34.618, 11932, 12152
2026/08/16 12:42:39.619, 11932, 12152
2026/08/16 12:42:44.619, 11932, 12152
2026/08/16 12:42:49.620, 11932, 12152
2026/08/16 12:42:54.621, 11932, 12152
2026/08/16 12:42:59.621, 11932, 12152
2026/08/16 12:43:04.622, 11932, 12152
2026/08/16 12:43:09.623, 11932, 12152
2026/08/16 12:43:14.623, 11932, 12152
2026/08/16 12:43:19.624, 11932, 12152
2026/08/16 12:43:24.625, 11932, 12152
2026/08/16 12:43:29.626, 11932, 12152
2026/08/16 12:43:34.626, 11932, 12152
2026/08/16 12:43:39.627, 11932, 12152
2026/08/16 12:43:44.628, 11932, 12152
2026/08/16 12:43:49.628, 11932, 12152
2026/08/16 12:43:54.629, 11932, 12152
2026/08/16 12:43:59.630, 11932, 12152
2026/08/16 12:44:04.630, 11932, 12152
2026/08/16 12:44:09.631, 11932, 12152
2026/08/16 12:44:14.632, 11932, 12152
2026/08/16 12:44:19.632, 11932, 12152
2026/08/16 12:44:24.633, 11932, 12152
2026/08/16 12:44:29.634, 11932, 12152
2026/08/16 12:44:34.634, 11932, 12152
2026/08/16 12:44:39.635, 11932, 12152
2026/08/16 12:44:44.636, 11932, 12152
2026/08/16 12:44:49.636, 11932, 12152
2026/08/16 12:44:54.637, 11932, 12152
2026/08/16 12:44:59.638, 11932, 12152
2026/08/16 12:45:04.638, 11932, 12152
2026/08/16 12:45:09.639, 11932, 12152
2026/08/16 12:45:14.640, 11932, 12152
2026/08/16 12:45:19.640, 11932, 12152
2026/08/16 12:45:24.641, 11932, 12152
2026/08/16 12:45:29.642, 11932, 12152
2026/08/16 12:45:34.642, 11932, 12152
2026/08/16 12:45:39.643, 11932, 12152
2026/08/16 12:45:44.644, 11932, 12152
2026/08/16 12:45:49.644, 11932, 12152
2026/08/16 12:45:54.645, 11932, 12152
2026/08/16 12:45:59.646, 11932, 12152
2026/08/16 12:46:04.646, 11932, 12152
2026/08/16 12:46:09.647, 11932, 12152
2026/08/16 12:46:14.648, 11932, 12152
2026/08/16 12:46:19.648, 11932, 12152
2026/08/16 12:46:24.649, 11932, 12152
2026/08/16 12:46:29.650, 11932, 12152
2026/08/16 12:46:34.650, 11932, 12152
2026/08/16 12:46:39.651, 11932, 12152
2026/08/16 12:46:44.652, 11932, 12152
2026/08/16 12:46:49.652, 11932, 12152
2026/08/16 12:46:54.653, 11932, 12152
2026/08/16 12:46:59.654, 11932, 12152
2026/08/16 12:47:04.654, 11932, 12152
2026/08/16 12:47:09.655, 11932, 12152
2026/08/16 12:47:14.656, 11932, 12152
2026/08/16 12:47:19.656, 11932, 12152
2026/08/16 12:47:24.657, 11932, 12152
2026/08/16 12:47:29.657, 11932, 12152
2026/08/16 12:47:34.658, 11932, 12152
2026/08/16 12:47:39.659, 11932, 12152
2026/08/16 12:47:44.659, 11932, 12152
2026/08/16 12:47:49.660, 11932, 12152
2026/08/16 12:47:54.661, 11932, 12152
2026/08/16 12:47:59.661, 11932, 12152
2026/08/16 12:48:04.662, 11932, 12152
2026/08/16 12:48:09.663, 11932, 12152
2026/08/16 12:48:14.663, 11932, 12152
2026/08/16 12:48:19.664, 11932, 12152
2026/08/16 12:48:24.665, 11932, 12152
2026/08/16 12:48:29.665, 11932, 12152
2026/08/16 12:48:34.666, 11932, 12152
2026/08/16 12:48:39.667, 11932, 12152
2026/08/16 12:48:44.667, 11932, 12152
2026/08/16 12:48:49.668, 11932, 12152
2026/08/16 12:48:54.668, 11932, 12152
2026/08/16 12:48:59.669, 11932, 12152
2026/08/16 12:49:04.670, 11932, 12152
2026/08/16 12:49:09.670, 11932, 12152
2026/08/16 12:49:14.671, 11932, 12152
2026/08/16 12:49:19.672, 11932, 12152
2026/08/16 12:49:24.672, 11932, 12152
2026/08/16 12:49:29.673, 11932, 12152
2026/08/16 12:49:34.674, 11932, 12152
2026/08/16 12:49:39.674, 11932, 12152
2026/08/16 12:49:44.675, 11932, 12152
2026/08/16 12:49:49.676, 11932, 12152
2026/08/16 12:49:54.676, 11932, 12152
2026/08/16 12:49:59.677, 11932, 12152
2026/08/16 12:50:04.677, 11932, 12152
2026/08/16 12:50:09.678, 11932, 12152
2026/08/16 12:50:14.679, 11932, 12152
2026/08/16 12:50:19.679, 11932, 12152
2026/08/16 12:50:24.680, 11932, 12152
2026/08/16 12:50:29.681, 11932, 12152
2026/08/16 12:50:34.681, 11932, 12152
2026/08/16 12:50:39.682, 11932, 12152
2026/08/16 12:50:44.683, 11932, 12152
2026/08/16 12:50:49.683, 11932, 12152
2026/08/16 12:50:54.684, 11932, 12152
2026/08/16 12:50:59.684, 11932, 12152
2026/08/16 12:51:04.685, 11932, 12152
2026/08/16 12:51:09.686, 11932, 12152
2026/08/16 12:51:14.686, 11932, 12152
2026/08/16 12:51:19.687, 11932, 12152
2026/08/16 12:51:24.688, 11932, 12152
2026/08/16 12:51:29.688, 11932, 12152
2026/08/16 12:51:34.689, 11932, 12152
2026/08/16 12:51:39.690, 11932, 12152
2026/08/16 12:51:44.690, 11932, 12152
2026/08/16 12:51:49.691, 11932, 12152
2026/08/16 12:51:54.691, 11932, 12152
2026/08/16 12:51:59.692, 11932, 12152
2026/08/16 12:52:04.693, 11932, 12152
2026/08/16 12:52:09.693, 11932, 12152
2026/08/16 12:52:14.694, 11932, 12152
2026/08/16 12:52:19.695, 11932, 12152
2026/08/16 12:52:24.695, 11932, 12152
2026/08/16 12:52:29.696, 11932, 12152
2026/08/16 12:52:34.697, 11932, 12152
2026/08/16 12:52:39.697, 11932, 12152
2026/08/16 12:52:44.698, 11932, 12152
2026/08/16 12:52:49.698, 11932, 12152
2026/08/16 12:52:54.699, 11932, 12152
2026/08/16 12:52:59.700, 11932, 12152
2026/08/16 12:53:04.700, 11932, 12152
2026/08/16 12:53:09.701, 11932, 12152
2026/08/16 12:53:14.702, 11932, 12152
2026/08/16 12:53:19.702, 11932, 12152
2026/08/16 12:53:24.703, 11932, 12152
2026/08/16 12:53:29.703, 11932, 12152
2026/08/16 12:53:34.704, 11932, 12152
2026/08/16 12:53:39.705, 11932, 12152
2026/08/16 12:53:44.705, 11932, 12152
2026/08/16 12:53:49.712, 11932, 12152
2026/08/16 12:53:54.713, 11932, 12152
2026/08/16 12:53:59.714, 11932, 12152
2026/08/16 12:54:04.714, 11932, 12152
2026/08/16 12:54:09.715, 11932, 12152
2026/08/16 12:54:14.715, 11932, 12152
2026/08/16 12:54:19.716, 11932, 12152
2026/08/16 12:54:24.717, 11932, 12152
2026/08/16 12:54:29.717, 11932, 12152
2026/08/16 12:54:34.718, 11932, 12152
2026/08/16 12:54:39.718, 11932, 12152
2026/08/16 12:54:44.719, 11932, 12152
2026/08/16 12:54:49.720, 11932, 12152
2026/08/16 12:54:54.720, 11932, 12152
2026/08/16 12:54:59.721, 11932, 12152
2026/08/16 12:55:04.722, 11932, 12152
2026/08/16 12:55:09.722, 11932, 12152
2026/08/16 12:55:14.723, 11932, 12152
2026/08/16 12:55:19.724, 11932, 12152
2026/08/16 12:55:24.724, 11932, 12152
2026/08/16 12:55:29.725, 11932, 12152
2026/08/16 12:55:34.725, 11932, 12152
2026/08/16 12:55:39.726, 11932, 12152
2026/08/16 12:55:44.727, 11932, 12152
2026/08/16 12:55:49.727, 11932, 12152
2026/08/16 12:55:54.728, 11932, 12152
2026/08/16 12:55:59.728, 11932, 12152
2026/08/16 12:56:04.729, 11932, 12152
2026/08/16 12:56:09.730, 11932, 12152
2026/08/16 12:56:14.730, 11932, 12152
2026/08/16 12:56:19.731, 11932, 12152
2026/08/16 12:56:24.732, 11932, 12152
2026/08/16 12:56:29.732, 11932, 12152
2026/08/16 12:56:34.733, 11932, 12152
2026/08/16 12:56:39.733, 11932, 12152
2026/08/16 12:56:44.734, 11932, 12152
2026/08/16 12:56:49.735, 11932, 12152
2026/08/16 12:56:54.735, 11932, 12152
2026/08/16 12:56:59.736, 11932, 12152
2026/08/16 12:57:04.737, 11932, 12152
2026/08/16 12:57:09.737, 11932, 12152
2026/08/16 12:57:14.738, 11932, 12152
2026/08/16 12:57:19.738, 11932, 12152
2026/08/16 12:57:24.739, 11932, 12152
2026/08/16 12:57:29.740, 11932, 12152
2026/08/16 12:57:34.740, 11932, 12152
2026/08/16 12:57:39.741, 11932, 12152
2026/08/16 12:57:44.742, 11932, 12152
2026/08/16 12:57:49.742, 11932, 12152
2026/08/16 12:57:54.743, 11932, 12152
2026/08/16 12:57:59.743, 11932, 12152
2026/08/16 12:58:04.744, 11932, 12152
2026/08/16 12:58:09.745, 11932, 12152
2026/08/16 12:58:14.745, 11932, 12152
2026/08/16 12:58:19.746, 11932, 12152
2026/08/16 12:58:24.747, 11932, 12152
2026/08/16 12:58:29.747, 11932, 12152
2026/08/16 12:58:34.748, 11932, 12152
2026/08/16 12:58:39.748, 11932, 12152
2026/08/16 12:58:44.749, 11932, 12152
2026/08/16 12:58:49.750, 11932, 12152
2026/08/16 12:58:54.750, 11932, 12152
2026/08/16 12:58:59.751, 11932, 12152
2026/08/16 12:59:04.751, 11932, 12152
2026/08/16 12:59:09.752, 11932, 12152
2026/08/16 12:59:14.753, 11932, 12152
2026/08/16 12:59:19.753, 11932, 12152
2026/08/16 12:59:24.754, 11932, 12152
2026/08/16 12:59:29.755, 11932, 12152
2026/08/16 12:59:34.755, 11932, 12152
2026/08/16 12:59:39.756, 11932, 12152
2026/08/16 12:59:44.756, 11932, 12152
2026/08/16 12:59:49.757, 11932, 12152
2026/08/16 12:59:54.758, 11932, 12152
2026/08/16 12:59:59.758, 11932, 12152
2026/08/16 13:00:04.759, 11932, 12152
2026/08/16 13:00:09.759, 11932, 12152
2026/08/16 13:00:14.760, 11932, 12152
2026/08/16 13:00:19.761, 11932, 12152
2026/08/16 13:00:24.761, 11932, 12152
2026/08/16 13:00:29.762, 11932, 12152
2026/08/16 13:00:34.763, 11932, 12152
2026/08/16 13:00:39.763, 11932, 12152
2026/08/16 13:00:44.764, 11932, 12152
2026/08/16 13:00:49.764, 11932, 12152
2026/08/16 13:00:54.765, 11932, 12152
2026/08/16 13:00:59.766, 11932, 12152
2026/08/16 13:01:04.766, 11932, 12152
2026/08/16 13:01:09.767, 11932, 12152
2026/08/16 13:01:14.767, 11932, 12152
2026/08/16 13:01:19.768, 11932, 12152
2026/08/16 13:01:24.769, 11932, 12152
2026/08/16 13:01:29.769, 11932, 12152
2026/08/16 13:01:34.770, 11932, 12152
2026/08/16 13:01:39.770, 11932, 12152
2026/08/16 13:01:44.771, 11932, 12152
2026/08/16 13:01:49.772, 11932, 12152
2026/08/16 13:01:54.772, 11932, 12152
2026/08/16 13:01:59.773, 11932, 12152
2026/08/16 13:02:04.774, 11932, 12152
2026/08/16 13:02:09.774, 11932, 12152
2026/08/16 13:02:14.775, 11932, 12152
2026/08/16 13:02:19.775, 11932, 12152
2026/08/16 13:02:24.776, 11932, 12152
2026/08/16 13:02:29.777, 11932, 12152
2026/08/16 13:02:34.777, 11932, 12152
2026/08/16 13:02:39.778, 11932, 12152
2026/08/16 13:02:44.778, 11932, 12152
2026/08/16 13:02:49.779, 11932, 12152
2026/08/16 13:02:54.780, 11932, 12152
2026/08/16 13:02:59.780, 11932, 12152
2026/08/16 13:03:04.781, 11932, 12152
2026/08/16 13:03:09.781, 11932, 12152
2026/08/16 13:03:14.782, 11932, 12152
2026/08/16 13:03:19.783, 11932, 12152
2026/08/16 13:03:24.783, 11932, 12152
2026/08/16 13:03:29.784, 11932, 12152
2026/08/16 13:03:34.784, 11932, 12152
2026/08/16 13:03:39.785, 11932, 12152
2026/08/16 13:03:44.786, 11932, 12152
2026/08/16 13:03:49.786, 11932, 12152
2026/08/16 13:03:54.787, 11932, 12152
2026/08/16 13:03:59.787, 11932, 12152
2026/08/16 13:04:04.788, 11932, 12152
2026/08/16 13:04:09.789, 11932, 12152
2026/08/16 13:04:14.789, 11932, 12152
2026/08/16 13:04:19.790, 11932, 12152
2026/08/16 13:04:24.791, 11932, 12152
2026/08/16 13:04:29.791, 11932, 12152
2026/08/16 13:04:34.792, 11932, 12152
2026/08/16 13:04:39.792, 11932, 12152
2026/08/16 13:04:44.793, 11932, 12152
2026/08/16 13:04:49.794, 11932, 12152
2026/08/16 13:04:54.794, 11932, 12152
2026/08/16 13:04:59.795, 11932, 12152
2026/08/16 13:05:04.795, 11932, 12152
2026/08/16 13:05:09.796, 11932, 12152
2026/08/16 13:05:14.797, 11932, 12152
2026/08/16 13:05:19.797, 11932, 12152
2026/08/16 13:05:24.798, 11932, 12152
2026/08/16 13:05:29.798, 11932, 12152
2026/08/16 13:05:34.799, 11932, 12152
2026/08/16 13:05:39.800, 11932, 12152
2026/08/16 13:05:44.800, 11932, 12152
2026/08/16 13:05:49.801, 11932, 12152
2026/08/16 13:05:54.801, 11932, 12152
2026/08/16 13:05:59.802, 11932, 12152
2026/08/16 13:06:04.803, 11932, 12152
2026/08/16 13:06:09.803, 11932, 12152
2026/08/16 13:06:14.804, 11932, 12152
2026/08/16 13:06:19.804, 11932, 12152
2026/08/16 13:06:24.805, 11932, 12152
2026/08/16 13:06:29.805, 11932, 12152
2026/08/16 13:06:34.806, 11932, 12152
2026/08/16 13:06:39.806, 11932, 12152
2026/08/16 13:06:44.807, 11932, 12152
2026/08/16 13:06:49.807, 11932, 12152
2026/08/16 13:06:54.808, 11932, 12152
2026/08/16 13:06:59.808, 11932, 12152
2026/08/16 13:07:04.809, 11932, 12152
2026/08/16 13:07:09.809, 11932, 12152
2026/08/16 13:07:14.810, 11932, 12152
2026/08/16 13:07:19.810, 11932, 12152
2026/08/16 13:07:24.811, 11932, 12152
2026/08/16 13:07:29.811, 11932, 12152
2026/08/16 13:07:34.812, 11932, 12152
2026/08/16 13:07:39.812, 11932, 12152
2026/08/16 13:07:44.813, 11932, 12152
2026/08/16 13:07:49.813, 11932, 12152
2026/08/16 13:07:54.814, 11932, 12152
2026/08/16 13:07:59.814, 11932, 12152
2026/08/16 13:08:04.815, 11932, 12152
2026/08/16 13:08:09.815, 11932, 12152
2026/08/16 13:08:14.816, 11932, 12152
2026/08/16 13:08:19.817, 11932, 12152
2026/08/16 13:08:24.817, 11932, 12152
2026/08/16 13:08:29.818, 11932, 12152
2026/08/16 13:08:34.819, 11932, 12152
2026/08/16 13:08:39.819, 11932, 12152
2026/08/16 13:08:44.820, 11932, 12152
2026/08/16 13:08:49.820, 11932, 12152
2026/08/16 13:08:54.821, 11932, 12152
2026/08/16 13:08:59.821, 11932, 12152
2026/08/16 13:09:04.822, 11932, 12152
2026/08/16 13:09:09.822, 11932, 12152
2026/08/16 13:09:14.823, 11932, 12152
2026/08/16 13:09:19.823, 11932, 12152
2026/08/16 13:09:24.823, 11932, 12152
2026/08/16 13:09:29.824, 11932, 12152
2026/08/16 13:09:34.824, 11932, 12152
2026/08/16 13:09:39.824, 11932, 12152
2026/08/16 13:09:44.825, 11932, 12152
2026/08/16 13:09:49.825, 11932, 12152
2026/08/16 13:09:54.825, 11932, 12152
2026/08/16 13:09:59.826, 11932, 12152
2026/08/16 13:10:04.826, 11932, 12152
2026/08/16 13:10:09.827, 11932, 12152
2026/08/16 13:10:14.827, 11932, 12152
2026/08/16 13:10:19.827, 11932, 12152
2026/08/16 13:10:24.828, 11932, 12152
2026/08/16 13:10:29.828, 11932, 12152
2026/08/16 13:10:34.829, 11932, 12152
2026/08/16 13:10:39.829, 11932, 12152
2026/08/16 13:10:44.829, 11932, 12152
2026/08/16 13:10:49.830, 11932, 12152
2026/08/16 13:10:54.830, 11932, 12152
2026/08/16 13:10:59.831, 11932, 12152
2026/08/16 13:11:04.831, 11932, 12152
2026/08/16 13:11:09.831, 11932, 12152
2026/08/16 13:11:14.832, 11932, 12152
2026/08/16 13:11:19.832, 11932, 12152
2026/08/16 13:11:24.833, 11932, 12152
2026/08/16 13:11:29.833, 11932, 12152
2026/08/16 13:11:34.834, 11932, 12152
2026/08/16 13:11:39.834, 11932, 12152
2026/08/16 13:11:44.834, 11932, 12152
2026/08/16 13:11:49.835, 11932, 12152
2026/08/16 13:11:54.835, 11932, 12152
2026/08/16 13:11:59.836, 11932, 12152
2026/08/16 13:12:04.836, 11932, 12152
2026/08/16 13:12:09.836, 11932, 12152
2026/08/16 13:12:14.837, 11932, 12152
2026/08/16 13:12:19.837, 11932, 12152
2026/08/16 13:12:24.838, 11932, 12152
2026/08/16 13:12:29.838, 11932, 12152
2026/08/16 13:12:34.839, 11932, 12152
2026/08/16 13:12:39.839, 11932, 12152
2026/08/16 13:12:44.839, 11932, 12152
2026/08/16 13:12:49.840, 11932, 12152
2026/08/16 13:12:54.840, 11932, 12152
2026/08/16 13:12:59.841, 11932, 12152
2026/08/16 13:13:04.841, 11932, 12152
2026/08/16 13:13:09.842, 11932, 12152
2026/08/16 13:13:14.842, 11932, 12152
2026/08/16 13:13:19.842, 11932, 12152
2026/08/16 13:13:24.843, 11932, 12152
2026/08/16 13:13:29.843, 11932, 12152
2026/08/16 13:13:34.844, 11932, 12152
2026/08/16 13:13:39.844, 11932, 12152
2026/08/16 13:13:44.845, 11932, 12152
2026/08/16 13:13:49.845, 11932, 12152
2026/08/16 13:13:54.846, 11932, 12152
2026/08/16 13:13:59.846, 11932, 12152
2026/08/16 13:14:04.846, 11932, 12152
2026/08/16 13:14:09.847, 11932, 12152
2026/08/16 13:14:14.847, 11932, 12152
2026/08/16 13:14:19.848, 11932, 12152
2026/08/16 13:14:24.848, 11932, 12152
2026/08/16 13:14:29.849, 11932, 12152
2026/08/16 13:14:34.849, 11932, 12152
2026/08/16 13:14:39.850, 11932, 12152
2026/08/16 13:14:44.850, 11932, 12152
2026/08/16 13:14:49.850, 11932, 12152
2026/08/16 13:14:54.851, 11932, 12152
2026/08/16 13:14:59.851, 11932, 12152
2026/08/16 13:15:04.852, 11932, 12152
2026/08/16 13:15:09.852, 11932, 12152
2026/08/16 13:15:14.853, 11932, 12152
2026/08/16 13:15:19.853, 11932, 12152
2026/08/16 13:15:24.853, 11932, 12152
2026/08/16 13:15:29.854, 11932, 12152
2026/08/16 13:15:34.854, 11932, 12152
2026/08/16 13:15:39.855, 11932, 12152
2026/08/16 13:15:44.855, 11932, 12152
2026/08/16 13:15:49.856, 11932, 12152
2026/08/16 13:15:54.856, 11932, 12152
2026/08/16 13:15:59.857, 11932, 12152
2026/08/16 13:16:04.857, 11932, 12152
2026/08/16 13:16:09.857, 11932, 12152
2026/08/16 13:16:14.858, 11932, 12152
2026/08/16 13:16:19.858, 11932, 12152
2026/08/16 13:16:24.859, 11932, 12152
2026/08/16 13:16:29.859, 11932, 12152
2026/08/16 13:16:34.860, 11932, 12152
2026/08/16 13:16:39.860, 11932, 12152
2026/08/16 13:16:44.861, 11932, 12152
2026/08/16 13:16:49.861, 11932, 12152
2026/08/16 13:16:54.862, 11932, 12152
2026/08/16 13:16:59.862, 11932, 12152
2026/08/16 13:17:04.863, 11932, 12152
2026/08/16 13:17:09.863, 11932, 12152
2026/08/16 13:17:14.864, 11932, 12152
2026/08/16 13:17:19.864, 11932, 12152
2026/08/16 13:17:24.865, 11932, 12152
2026/08/16 13:17:29.865, 11932, 12152
2026/08/16 13:17:34.866, 11932, 12152
2026/08/16 13:17:39.866, 11932, 12152
2026/08/16 13:17:44.867, 11932, 12152
2026/08/16 13:17:49.867, 11932, 12152
2026/08/16 13:17:54.868, 11932, 12152
2026/08/16 13:17:59.868, 11932, 12152
2026/08/16 13:18:04.869, 11932, 12152
2026/08/16 13:18:09.869, 11932, 12152
2026/08/16 13:18:14.870, 11932, 12152
2026/08/16 13:18:19.870, 11932, 12152
2026/08/16 13:18:24.871, 11932, 12152
2026/08/16 13:18:29.871, 11932, 12152
2026/08/16 13:18:34.872, 11932, 12152
2026/08/16 13:18:39.872, 11932, 12152
2026/08/16 13:18:44.873, 11932, 12152
2026/08/16 13:18:49.873, 11932, 12152
2026/08/16 13:18:54.874, 11932, 12152
2026/08/16 13:18:59.874, 11932, 12152
2026/08/16 13:19:04.875, 11932, 12152
2026/08/16 13:19:09.875, 11932, 12152
2026/08/16 13:19:14.876, 11932, 12152
2026/08/16 13:19:19.876, 11932, 12152
2026/08/16 13:19:24.877, 11932, 12152
2026/08/16 13:19:29.877, 11932, 12152
2026/08/16 13:19:34.878, 11932, 12152
2026/08/16 13:19:39.878, 11932, 12152
2026/08/16 13:19:44.879, 11932, 12152
2026/08/16 13:19:49.879, 11932, 12152
2026/08/16 13:19:54.880, 11932, 12152
2026/08/16 13:19:59.880, 11932, 12152
2026/08/16 13:20:04.881, 11932, 12152
2026/08/16 13:20:09.881, 11932, 12152
2026/08/16 13:20:14.882, 11932, 12152
2026/08/16 13:20:19.883, 11932, 12152
2026/08/16 13:20:24.883, 11932, 12152
2026/08/16 13:20:29.884, 11932, 12152
2026/08/16 13:20:34.884, 11932, 12152
2026/08/16 13:20:39.885, 11932, 12152
2026/08/16 13:20:44.885, 11932, 12152
2026/08/16 13:20:49.886, 11932, 12152
2026/08/16 13:20:54.886, 11932, 12152
2026/08/16 13:20:59.887, 11932, 12152
2026/08/16 13:21:04.887, 11932, 12152
2026/08/16 13:21:09.888, 11932, 12152
2026/08/16 13:21:14.888, 11932, 12152
2026/08/16 13:21:19.889, 11932, 12152
2026/08/16 13:21:24.889, 11932, 12152
2026/08/16 13:21:29.890, 11932, 12152
2026/08/16 13:21:34.890, 11932, 12152
2026/08/16 13:21:39.891, 11932, 12152
2026/08/16 13:21:44.891, 11932, 12152
2026/08/16 13:21:49.892, 11932, 12152
2026/08/16 13:21:54.892, 11932, 12152
2026/08/16 13:21:59.893, 11932, 12152
2026/08/16 13:22:04.894, 11932, 12152
2026/08/16 13:22:09.894, 11932, 12152
2026/08/16 13:22:14.895, 11932, 12152
2026/08/16 13:22:19.895, 11932, 12152
2026/08/16 13:22:24.896, 11932, 12152
2026/08/16 13:22:29.896, 11932, 12152
2026/08/16 13:22:34.897, 11932, 12152
2026/08/16 13:22:39.897, 11932, 12152
2026/08/16 13:22:44.898, 11932, 12152
2026/08/16 13:22:49.898, 11932, 12152
2026/08/16 13:22:54.899, 11932, 12152
2026/08/16 13:22:59.899, 11932, 12152
2026/08/16 13:23:04.900, 11932, 12152
2026/08/16 13:23:09.900, 11932, 12152
2026/08/16 13:23:14.901, 11932, 12152
2026/08/16 13:23:19.902, 11932, 12152
2026/08/16 13:23:24.902, 11932, 12152
2026/08/16 13:23:29.903, 11932, 12152
2026/08/16 13:23:34.903, 11932, 12152
2026/08/16 13:23:39.904, 11932, 12152
2026/08/16 13:23:44.904, 11932, 12152
2026/08/16 13:23:49.905, 11932, 12152
2026/08/16 13:23:54.905, 11932, 12152
2026/08/16 13:23:59.906, 11932, 12152
2026/08/16 13:24:04.906, 11932, 12152
2026/08/16 13:24:09.907, 11932, 12152
2026/08/16 13:24:14.907, 11932, 12152
2026/08/16 13:24:19.908, 11932, 12152
2026/08/16 13:24:24.908, 11932, 12152
2026/08/16 13:24:29.909, 11932, 12152
2026/08/16 13:24:34.909, 11932, 12152
2026/08/16 13:24:39.910, 11932, 12152
2026/08/16 13:24:44.910, 11932, 12152
2026/08/16 13:24:49.911, 11932, 12152
2026/08/16 13:24:54.911, 11932, 12152
2026/08/16 13:24:59.912, 11932, 12152
2026/08/16 13:25:04.912, 11932, 12152
2026/08/16 13:25:09.913, 11932, 12152
2026/08/16 13:25:14.913, 11932, 12152
2026/08/16 13:25:19.914, 11932, 12152
2026/08/16 13:25:24.914, 11932, 12152
2026/08/16 13:25:29.914, 11932, 12152
2026/08/16 13:25:34.915, 11932, 12152
2026/08/16 13:25:39.916, 11932, 12152
2026/08/16 13:25:44.916, 11932, 12152
2026/08/16 13:25:49.916, 11932, 12152
2026/08/16 13:25:54.917, 11932, 12152
2026/08/16 13:25:59.917, 11932, 12152
2026/08/16 13:26:04.918, 11932, 12152
2026/08/16 13:26:09.918, 11932, 12152
2026/08/16 13:26:14.919, 11932, 12152
2026/08/16 13:26:19.920, 11932, 12152
2026/08/16 13:26:24.920, 11932, 12152
2026/08/16 13:26:29.921, 11932, 12152
2026/08/16 13:26:34.921, 11932, 12152
2026/08/16 13:26:39.922, 11932, 12152
2026/08/16 13:26:44.922, 11932, 12152
2026/08/16 13:26:49.923, 11932, 12152
2026/08/16 13:26:54.923, 11932, 12152
2026/08/16 13:26:59.924, 11932, 12152
2026/08/16 13:27:04.925, 11932, 12152
2026/08/16 13:27:09.925, 11932, 12152
2026/08/16 13:27:14.926, 11932, 12152
2026/08/16 13:27:19.926, 11932, 12152
2026/08/16 13:27:24.927, 11932, 12152
2026/08/16 13:27:29.927, 11932, 12152
2026/08/16 13:27:34.928, 11932, 12152
2026/08/16 13:27:39.928, 11932, 12152
2026/08/16 13:27:44.929, 11932, 12152
2026/08/16 13:27:49.930, 11932, 12152
2026/08/16 13:27:54.930, 11932, 12152
2026/08/16 13:27:59.931, 11932, 12152
2026/08/16 13:28:04.931, 11932, 12152
2026/08/16 13:28:09.932, 11932, 12152
2026/08/16 13:28:14.932, 11932, 12152
2026/08/16 13:28:19.933, 11932, 12152
2026/08/16 13:28:24.933, 11932, 12152
2026/08/16 13:28:29.934, 11932, 12152
2026/08/16 13:28:34.935, 11932, 12152
2026/08/16 13:28:39.935, 11932, 12152
2026/08/16 13:28:44.936, 11932, 12152
2026/08/16 13:28:49.936, 11932, 12152
2026/08/16 13:28:54.937, 11932, 12152
2026/08/16 13:28:59.937, 11932, 12152
2026/08/16 13:29:04.938, 11932, 12152
2026/08/16 13:29:09.938, 11932, 12152
2026/08/16 13:29:14.939, 11932, 12152
2026/08/16 13:29:19.939, 11932, 12152
2026/08/16 13:29:24.940, 11932, 12152
2026/08/16 13:29:29.941, 11932, 12152
2026/08/16 13:29:34.941, 11932, 12152
2026/08/16 13:29:39.942, 11932, 12152
2026/08/16 13:29:44.942, 11932, 12152
2026/08/16 13:29:49.942, 11932, 12152
2026/08/16 13:29:54.943, 11932, 12152
2026/08/16 13:29:59.943, 11932, 12152
2026/08/16 13:30:04.944, 11932, 12152
2026/08/16 13:30:09.944, 11932, 12152
2026/08/16 13:30:14.945, 11932, 12152
2026/08/16 13:30:19.945, 11932, 12152
2026/08/16 13:30:24.946, 11932, 12152
2026/08/16 13:30:29.946, 11932, 12152
2026/08/16 13:30:34.947, 11932, 12152
2026/08/16 13:30:39.947, 11932, 12152
2026/08/16 13:30:44.948, 11932, 12152
2026/08/16 13:30:49.948, 11932, 12152
2026/08/16 13:30:54.949, 11932, 12152
2026/08/16 13:30:59.949, 11932, 12152
2026/08/16 13:31:04.950, 11932, 12152
2026/08/16 13:31:09.950, 11932, 12152
2026/08/16 13:31:14.951, 11932, 12152
2026/08/16 13:31:19.951, 11932, 12152
2026/08/16 13:31:24.952, 11932, 12152
2026/08/16 13:31:29.952, 11932, 12152
2026/08/16 13:31:34.953, 11932, 12152
2026/08/16 13:31:39.953, 11932, 12152
2026/08/16 13:31:44.954, 11932, 12152
2026/08/16 13:31:49.954, 11932, 12152
2026/08/16 13:31:54.954, 11932, 12152
2026/08/16 13:31:59.955, 11932, 12152
2026/08/16 13:32:04.955, 11932, 12152
2026/08/16 13:32:09.956, 11932, 12152
2026/08/16 13:32:14.957, 11932, 12152
2026/08/16 13:32:19.957, 11932, 12152
2026/08/16 13:32:24.958, 11932, 12152
2026/08/16 13:32:29.958, 11932, 12152
2026/08/16 13:32:34.959, 11932, 12152
2026/08/16 13:32:39.959, 11932, 12152
2026/08/16 13:32:44.960, 11932, 12152
2026/08/16 13:32:49.960, 11932, 12152
2026/08/16 13:32:54.961, 11932, 12152
2026/08/16 13:32:59.961, 11932, 12152
2026/08/16 13:33:04.962, 11932, 12152
2026/08/16 13:33:09.963, 11932, 12152
2026/08/16 13:33:14.963, 11932, 12152
2026/08/16 13:33:19.964, 11932, 12152
2026/08/16 13:33:24.964, 11932, 12152
2026/08/16 13:33:29.965, 11932, 12152
2026/08/16 13:33:34.965, 11932, 12152
2026/08/16 13:33:39.966, 11932, 12152
2026/08/16 13:33:44.967, 11932, 12152
2026/08/16 13:33:49.967, 11932, 12152
2026/08/16 13:33:54.968, 11932, 12152
2026/08/16 13:33:59.968, 11932, 12152
2026/08/16 13:34:04.969, 11932, 12152
2026/08/16 13:34:09.969, 11932, 12152
2026/08/16 13:34:14.970, 11932, 12152
2026/08/16 13:34:19.971, 11932, 12152
2026/08/16 13:34:24.971, 11932, 12152
2026/08/16 13:34:29.972, 11932, 12152
2026/08/16 13:34:34.972, 11932, 12152
2026/08/16 13:34:39.973, 11932, 12152
2026/08/16 13:34:44.973, 11932, 12152
2026/08/16 13:34:49.974, 11932, 12152
2026/08/16 13:34:54.975, 11932, 12152
2026/08/16 13:34:59.975, 11932, 12152
2026/08/16 13:35:04.976, 11932, 12152
2026/08/16 13:35:09.976, 11932, 12152
2026/08/16 13:35:14.977, 11932, 12152
2026/08/16 13:35:19.977, 11932, 12152
2026/08/16 13:35:24.978, 11932, 12152
2026/08/16 13:35:29.979, 11932, 12152
2026/08/16 13:35:34.979, 11932, 12152
2026/08/16 13:35:39.980, 11932, 12152
2026/08/16 13:35:44.980, 11932, 12152
2026/08/16 13:35:49.981, 11932, 12152
2026/08/16 13:35:54.981, 11932, 12152
2026/08/16 13:35:59.982, 11932, 12152
2026/08/16 13:36:04.983, 11932, 12152
2026/08/16 13:36:09.983, 11932, 12152
2026/08/16 13:36:14.984, 11932, 12152
2026/08/16 13:36:19.984, 11932, 12152
2026/08/16 13:36:24.985, 11932, 12152
2026/08/16 13:36:29.985, 11932, 12152
2026/08/16 13:36:34.986, 11932, 12152
2026/08/16 13:36:39.986, 11932, 12152
2026/08/16 13:36:44.987, 11932, 12152
2026/08/16 13:36:49.987, 11932, 12152
2026/08/16 13:36:54.988, 11932, 12152
2026/08/16 13:36:59.989, 11932, 12152
2026/08/16 13:37:04.989, 11932, 12152
2026/08/16 13:37:09.990, 11932, 12152
2026/08/16 13:37:14.990, 11932, 12152
2026/08/16 13:37:19.991, 11932, 12152
2026/08/16 13:37:24.991, 11932, 12152
2026/08/16 13:37:29.992, 11932, 12152
2026/08/16 13:37:34.993, 11932, 12152
2026/08/16 13:37:39.993, 11932, 12152
2026/08/16 13:37:44.994, 11932, 12152
2026/08/16 13:37:49.994, 11932, 12152
2026/08/16 13:37:54.995, 11932, 12152
2026/08/16 13:37:59.995, 11932, 12152
2026/08/16 13:38:04.996, 11932, 12152
2026/08/16 13:38:09.997, 11932, 12152
2026/08/16 13:38:14.997, 11932, 12152
2026/08/16 13:38:19.998, 11932, 12152
2026/08/16 13:38:24.998, 11932, 12152
2026/08/16 13:38:29.999, 11932, 12152
2026/08/16 13:38:35.000, 11932, 12152
2026/08/16 13:38:40.000, 11932, 12152
2026/08/16 13:38:45.001, 11932, 12152
2026/08/16 13:38:50.001, 11932, 12152
2026/08/16 13:38:55.002, 11932, 12152
2026/08/16 13:39:00.002, 11932, 12152
2026/08/16 13:39:05.003, 11932, 12152
2026/08/16 13:39:10.004, 11932, 12152
2026/08/16 13:39:15.004, 11932, 12152
2026/08/16 13:39:20.005, 11932, 12152
2026/08/16 13:39:25.005, 11932, 12152
2026/08/16 13:39:30.006, 11932, 12152
2026/08/16 13:39:35.006, 11932, 12152
2026/08/16 13:39:40.007, 11932, 12152
2026/08/16 13:39:45.007, 11932, 12152
2026/08/16 13:39:50.008, 11932, 12152
2026/08/16 13:39:55.008, 11932, 12152
2026/08/16 13:40:00.009, 11932, 12152
2026/08/16 13:40:05.010, 11932, 12152
2026/08/16 13:40:10.010, 11932, 12152
2026/08/16 13:40:15.011, 11932, 12152
2026/08/16 13:40:20.011, 11932, 12152
2026/08/16 13:40:25.012, 11932, 12152
2026/08/16 13:40:30.012, 11932, 12152
2026/08/16 13:40:35.013, 11932, 12152
2026/08/16 13:40:40.013, 11932, 12152
2026/08/16 13:40:45.014, 11932, 12152
2026/08/16 13:40:50.014, 11932, 12152
2026/08/16 13:40:55.015, 11932, 12152
2026/08/16 13:41:00.016, 11932, 12152
2026/08/16 13:41:05.016, 11932, 12152
2026/08/16 13:41:10.017, 11932, 12152
2026/08/16 13:41:15.017, 11932, 12152
2026/08/16 13:41:20.018, 11932, 12152
2026/08/16 13:41:25.019, 11932, 12152
2026/08/16 13:41:30.019, 11932, 12152
2026/08/16 13:41:35.020, 11932, 12152
2026/08/16 13:41:40.020, 11932, 12152
2026/08/16 13:41:45.021, 11932, 12152
2026/08/16 13:41:50.021, 11932, 12152
2026/08/16 13:41:55.022, 11932, 12152
2026/08/16 13:42:00.023, 11932, 12152
2026/08/16 13:42:05.023, 11932, 12152
2026/08/16 13:42:10.024, 11932, 12152
2026/08/16 13:42:15.024, 11932, 12152
2026/08/16 13:42:20.025, 11932, 12152
2026/08/16 13:42:25.025, 11932, 12152
2026/08/16 13:42:30.034, 11932, 12152
2026/08/16 13:42:35.035, 11932, 12152
2026/08/16 13:42:40.035, 11932, 12152
2026/08/16 13:42:45.036, 11932, 12152
2026/08/16 13:42:50.036, 11932, 12152
2026/08/16 13:42:55.037, 11932, 12152
2026/08/16 13:43:00.038, 11932, 12152
2026/08/16 13:43:05.038, 11932, 12152
2026/08/16 13:43:10.039, 11932, 12152
2026/08/16 13:43:15.040, 11932, 12152
2026/08/16 13:43:20.041, 11932, 12152
2026/08/16 13:43:25.042, 11932, 12152
2026/08/16 13:43:30.042, 11932, 12152
2026/08/16 13:43:35.043, 11932, 12152
2026/08/16 13:43:40.044, 11932, 12152
2026/08/16 13:43:45.045, 11932, 12152
2026/08/16 13:43:50.046, 11932, 12152
2026/08/16 13:43:55.047, 11932, 12152
2026/08/16 13:44:00.048, 11932, 12152
2026/08/16 13:44:05.049, 11932, 12152
2026/08/16 13:44:10.050, 11932, 12152
2026/08/16 13:44:15.050, 11932, 12152
2026/08/16 13:44:20.051, 11932, 12152
2026/08/16 13:44:25.052, 11932, 12152
2026/08/16 13:44:30.053, 11932, 12152
2026/08/16 13:44:35.054, 11932, 12152
2026/08/16 13:44:40.055, 11932, 12152
2026/08/16 13:44:45.056, 11932, 12152
2026/08/16 13:44:50.056, 11932, 12152
2026/08/16 13:44:55.057, 11932, 12152
2026/08/16 13:45:00.058, 11932, 12152
2026/08/16 13:45:05.059, 11932, 12152
2026/08/16 13:45:10.060, 11932, 12152
2026/08/16 13:45:15.061, 11932, 12152
2026/08/16 13:45:20.061, 11932, 12152
2026/08/16 13:45:25.062, 11932, 12152
2026/08/16 13:45:30.063, 11932, 12152
2026/08/16 13:45:35.064, 11932, 12152
2026/08/16 13:45:40.065, 11932, 12152
2026/08/16 13:45:45.065, 11932, 12152
2026/08/16 13:45:50.066, 11932, 12152
2026/08/16 13:45:55.067, 11932, 12152
2026/08/16 13:46:00.068, 11932, 12152
2026/08/16 13:46:05.068, 11932, 12152
2026/08/16 13:46:10.069, 11932, 12152
2026/08/16 13:46:15.070, 11932, 12152
2026/08/16 13:46:20.071, 11932, 12152
2026/08/16 13:46:25.072, 11932, 12152
2026/08/16 13:46:30.072, 11932, 12152
2026/08/16 13:46:35.073, 11932, 12152
2026/08/16 13:46:40.074, 11932, 12152
2026/08/16 13:46:45.075, 11932, 12152
2026/08/16 13:46:50.076, 11932, 12152
2026/08/16 13:46:55.077, 11932, 12152
2026/08/16 13:47:00.077, 11932, 12152
2026/08/16 13:47:05.078, 11932, 12152
2026/08/16 13:47:10.079, 11932, 12152
2026/08/16 13:47:15.080, 11932, 12152
2026/08/16 13:47:20.080, 11932, 12152
2026/08/16 13:47:25.081, 11932, 12152
2026/08/16 13:47:30.082, 11932, 12152
2026/08/16 13:47:35.083, 11932, 12152
2026/08/16 13:47:40.084, 11932, 12152
2026/08/16 13:47:45.085, 11932, 12152
2026/08/16 13:47:50.085, 11932, 12152
2026/08/16 13:47:55.086, 11932, 12152
2026/08/16 13:48:00.087, 11932, 12152
2026/08/16 13:48:05.088, 11932, 12152
2026/08/16 13:48:10.088, 11932, 12152
2026/08/16 13:48:15.089, 11932, 12152
2026/08/16 13:48:20.090, 11932, 12152
2026/08/16 13:48:25.091, 11932, 12152
2026/08/16 13:48:30.092, 11932, 12152
2026/08/16 13:48:35.092, 11932, 12152
2026/08/16 13:48:40.093, 11932, 12152
2026/08/16 13:48:45.094, 11932, 12152
2026/08/16 13:48:50.095, 11932, 12152
2026/08/16 13:48:55.095, 11932, 12152
2026/08/16 13:49:00.096, 11932, 12152
2026/08/16 13:49:05.097, 11932, 12152
2026/08/16 13:49:10.098, 11932, 12152
2026/08/16 13:49:15.098, 11932, 12152
2026/08/16 13:49:20.099, 11932, 12152
2026/08/16 13:49:25.100, 11932, 12152
2026/08/16 13:49:30.101, 11932, 12152
2026/08/16 13:49:35.101, 11932, 12152
2026/08/16 13:49:40.102, 11932, 12152
2026/08/16 13:49:45.103, 11932, 12152
2026/08/16 13:49:50.104, 11932, 12152
2026/08/16 13:49:55.105, 11932, 12152
2026/08/16 13:50:00.105, 11932, 12152
2026/08/16 13:50:05.106, 11932, 12152
2026/08/16 13:50:10.107, 11932, 12152
2026/08/16 13:50:15.108, 11932, 12152
2026/08/16 13:50:20.108, 11932, 12152
2026/08/16 13:50:25.109, 11932, 12152
2026/08/16 13:50:30.110, 11932, 12152
2026/08/16 13:50:35.111, 11932, 12152
2026/08/16 13:50:40.111, 11932, 12152
2026/08/16 13:50:45.112, 11932, 12152
2026/08/16 13:50:50.113, 11932, 12152
2026/08/16 13:50:55.113, 11932, 12152
2026/08/16 13:51:00.114, 11932, 12152
2026/08/16 13:51:05.115, 11932, 12152
2026/08/16 13:51:10.116, 11932, 12152
2026/08/16 13:51:15.116, 11932, 12152
2026/08/16 13:51:20.117, 11932, 12152
2026/08/16 13:51:25.118, 11932, 12152
2026/08/16 13:51:30.119, 11932, 12152
2026/08/16 13:51:35.119, 11932, 12152
2026/08/16 13:51:40.120, 11932, 12152
2026/08/16 13:51:45.121, 11932, 12152
2026/08/16 13:51:50.122, 11932, 12152
2026/08/16 13:51:55.122, 11932, 12152
2026/08/16 13:52:00.123, 11932, 12152
2026/08/16 13:52:05.124, 11932, 12152
2026/08/16 13:52:10.124, 11932, 12152
2026/08/16 13:52:15.125, 11932, 12152
2026/08/16 13:52:20.126, 11932, 12152
2026/08/16 13:52:25.127, 11932, 12152
2026/08/16 13:52:30.127, 11932, 12152
2026/08/16 13:52:35.128, 11932, 12152
2026/08/16 13:52:40.129, 11932, 12152
2026/08/16 13:52:45.130, 11932, 12152
2026/08/16 13:52:50.130, 11932, 12152
2026/08/16 13:52:55.131, 11932, 12152
2026/08/16 13:53:00.132, 11932, 12152
2026/08/16 13:53:05.132, 11932, 12152
2026/08/16 13:53:10.133, 11932, 12152
2026/08/16 13:53:15.134, 11932, 12152
2026/08/16 13:53:20.135, 11932, 12152
2026/08/16 13:53:25.135, 11932, 12152
2026/08/16 13:53:30.136, 11932, 12152
2026/08/16 13:53:35.137, 11932, 12152
2026/08/16 13:53:40.137, 11932, 12152
2026/08/16 13:53:45.138, 11932, 12152
2026/08/16 13:53:50.139, 11932, 12152
2026/08/16 13:53:55.140, 11932, 12152
2026/08/16 13:54:00.140, 11932, 12152
2026/08/16 13:54:05.141, 11932, 12152
2026/08/16 13:54:10.142, 11932, 12152
2026/08/16 13:54:15.142, 11932, 12152
2026/08/16 13:54:20.143, 11932, 12152
2026/08/16 13:54:25.144, 11932, 12152
2026/08/16 13:54:30.145, 11932, 12152
2026/08/16 13:54:35.145, 11932, 12152
2026/08/16 13:54:40.146, 11932, 12152
2026/08/16 13:54:45.147, 11932, 12152
2026/08/16 13:54:50.147, 11932, 12152
2026/08/16 13:54:55.148, 11932, 12152
2026/08/16 13:55:00.149, 11932, 12152
2026/08/16 13:55:05.150, 11932, 12152
2026/08/16 13:55:10.150, 11932, 12152
2026/08/16 13:55:15.151, 11932, 12152
2026/08/16 13:55:20.152, 11932, 12152
2026/08/16 13:55:25.152, 11932, 12152
2026/08/16 13:55:30.153, 11932, 12152
2026/08/16 13:55:35.154, 11932, 12152
2026/08/16 13:55:40.155, 11932, 12152
2026/08/16 13:55:45.155, 11932, 12152
2026/08/16 13:55:50.156, 11932, 12152
2026/08/16 13:55:55.157, 11932, 12152
2026/08/16 13:56:00.157, 11932, 12152
2026/08/16 13:56:05.158, 11932, 12152
2026/08/16 13:56:10.159, 11932, 12152
2026/08/16 13:56:15.159, 11932, 12152
2026/08/16 13:56:20.160, 11932, 12152
2026/08/16 13:56:25.161, 11932, 12152
2026/08/16 13:56:30.162, 11932, 12152
2026/08/16 13:56:35.162, 11932, 12152
2026/08/16 13:56:40.163, 11932, 12152
2026/08/16 13:56:45.164, 11932, 12152
2026/08/16 13:56:50.164, 11932, 12152
2026/08/16 13:56:55.165, 11932, 12152
2026/08/16 13:57:00.166, 11932, 12152
2026/08/16 13:57:05.166, 11932, 12152
2026/08/16 13:57:10.167, 11932, 12152
2026/08/16 13:57:15.168, 11932, 12152
2026/08/16 13:57:20.169, 11932, 12152
2026/08/16 13:57:25.169, 11932, 12152
2026/08/16 13:57:30.170, 11932, 12152
2026/08/16 13:57:35.171, 11932, 12152
2026/08/16 13:57:40.171, 11932, 12152
2026/08/16 13:57:45.172, 11932, 12152
2026/08/16 13:57:50.173, 11932, 12152
2026/08/16 13:57:55.173, 11932, 12152
2026/08/16 13:58:00.174, 11932, 12152
2026/08/16 13:58:05.175, 11932, 12152
2026/08/16 13:58:10.176, 11932, 12152
2026/08/16 13:58:15.176, 11932, 12152
2026/08/16 13:58:20.177, 11932, 12152
2026/08/16 13:58:25.177, 11932, 12152
2026/08/16 13:58:30.178, 11932, 12152
2026/08/16 13:58:35.178, 11932, 12152
2026/08/16 13:58:40.179, 11932, 12152
2026/08/16 13:58:45.179, 11932, 12152
2026/08/16 13:58:50.180, 11932, 12152
2026/08/16 13:58:55.181, 11932, 12152
2026/08/16 13:59:00.181, 11932, 12152
2026/08/16 13:59:05.181, 11932, 12152
2026/08/16 13:59:10.182, 11932, 12152
2026/08/16 13:59:15.183, 11932, 12152
2026/08/16 13:59:20.183, 11932, 12152
2026/08/16 13:59:25.184, 11932, 12152
2026/08/16 13:59:30.184, 11932, 12152
2026/08/16 13:59:35.185, 11932, 12152
2026/08/16 13:59:40.185, 11932, 12152
2026/08/16 13:59:45.186, 11932, 12152
2026/08/16 13:59:50.187, 11932, 12152
2026/08/16 13:59:55.187, 11932, 12152
2026/08/16 14:00:00.188, 11932, 12152
2026/08/16 14:00:05.188, 11932, 12152
2026/08/16 14:00:10.188, 11932, 12152
2026/08/16 14:00:15.189, 11932, 12152
2026/08/16 14:00:20.190, 11932, 12152
2026/08/16 14:00:25.190, 11932, 12152
2026/08/16 14:00:30.191, 11932, 12152
2026/08/16 14:00:35.192, 11932, 12152
2026/08/16 14:00:40.192, 11932, 12152
2026/08/16 14:00:45.193, 11932, 12152
2026/08/16 14:00:50.194, 11932, 12152
2026/08/16 14:00:55.195, 11932, 12152
2026/08/16 14:01:00.195, 11932, 12152
2026/08/16 14:01:05.196, 11932, 12152
2026/08/16 14:01:10.197, 11932, 12152
2026/08/16 14:01:15.197, 11932, 12152
2026/08/16 14:01:20.198, 11932, 12152
2026/08/16 14:01:25.199, 11932, 12152
2026/08/16 14:01:30.199, 11932, 12152
2026/08/16 14:01:35.200, 11932, 12152
2026/08/16 14:01:40.201, 11932, 12152
2026/08/16 14:01:45.201, 11932, 12152
2026/08/16 14:01:50.202, 11932, 12152
2026/08/16 14:01:55.211, 11932, 12152
2026/08/16 14:02:00.219, 11932, 12152
2026/08/16 14:02:05.220, 11932, 12152
2026/08/16 14:02:10.221, 11932, 12152
2026/08/16 14:02:15.221, 11932, 12152
2026/08/16 14:02:20.222, 11932, 12152
2026/08/16 14:02:25.222, 11932, 12152
2026/08/16 14:02:30.223, 11932, 12152
2026/08/16 14:02:35.223, 11932, 12152
2026/08/16 14:02:40.224, 11932, 12152
2026/08/16 14:02:45.224, 11932, 12152
2026/08/16 14:02:50.225, 11932, 12152
2026/08/16 14:02:55.225, 11932, 12152
2026/08/16 14:03:00.226, 11932, 12152
2026/08/16 14:03:05.226, 11932, 12152
2026/08/16 14:03:10.227, 11932, 12152
2026/08/16 14:03:15.227, 11932, 12152
2026/08/16 14:03:20.228, 11932, 12152
2026/08/16 14:03:25.228, 11932, 12152
2026/08/16 14:03:30.229, 11932, 12152
2026/08/16 14:03:35.230, 11932, 12152
2026/08/16 14:03:40.230, 11932, 12152
2026/08/16 14:03:45.230, 11932, 12152
2026/08/16 14:03:50.231, 11932, 12152
2026/08/16 14:03:55.232, 11932, 12152
2026/08/16 14:04:00.232, 11932, 12152
2026/08/16 14:04:05.233, 11932, 12152
2026/08/16 14:04:10.233, 11932, 12152
2026/08/16 14:04:15.234, 11932, 12152
2026/08/16 14:04:20.234, 11932, 12152
2026/08/16 14:04:25.235, 11932, 12152
2026/08/16 14:04:30.235, 11932, 12152
2026/08/16 14:04:35.236, 11932, 12152
2026/08/16 14:04:40.236, 11932, 12152
2026/08/16 14:04:45.237, 11932, 12152
2026/08/16 14:04:50.237, 11932, 12152
2026/08/16 14:04:55.238, 11932, 12152
2026/08/16 14:05:00.238, 11932, 12152
2026/08/16 14:05:05.239, 11932, 12152
2026/08/16 14:05:10.240, 11932, 12152
2026/08/16 14:05:15.240, 11932, 12152
2026/08/16 14:05:20.240, 11932, 12152
2026/08/16 14:05:25.241, 11932, 12152
2026/08/16 14:05:30.241, 11932, 12152
2026/08/16 14:05:35.242, 11932, 12152
2026/08/16 14:05:40.243, 11932, 12152
2026/08/16 14:05:45.243, 11932, 12152
2026/08/16 14:05:50.244, 11932, 12152
2026/08/16 14:05:55.244, 11932, 12152
2026/08/16 14:06:00.245, 11932, 12152
2026/08/16 14:06:05.245, 11932, 12152
2026/08/16 14:06:10.246, 11932, 12152
2026/08/16 14:06:15.247, 11932, 12152
2026/08/16 14:06:20.247, 11932, 12152
2026/08/16 14:06:25.248, 11932, 12152
2026/08/16 14:06:30.249, 11932, 12152
2026/08/16 14:06:35.249, 11932, 12152
2026/08/16 14:06:40.250, 11932, 12152
2026/08/16 14:06:45.251, 11932, 12152
2026/08/16 14:06:50.251, 11932, 12152
2026/08/16 14:06:55.252, 11932, 12152
2026/08/16 14:07:00.252, 11932, 12152
2026/08/16 14:07:05.253, 11932, 12152
2026/08/16 14:07:10.254, 11932, 12152
2026/08/16 14:07:15.255, 11932, 12152
2026/08/16 14:07:20.255, 11932, 12152
2026/08/16 14:07:25.256, 11932, 12152
2026/08/16 14:07:30.256, 11932, 12152
2026/08/16 14:07:35.257, 11932, 12152
2026/08/16 14:07:40.258, 11932, 12152
2026/08/16 14:07:45.258, 11932, 12152
2026/08/16 14:07:50.259, 11932, 12152
2026/08/16 14:07:55.260, 11932, 12152
2026/08/16 14:08:00.260, 11932, 12152
2026/08/16 14:08:05.261, 11932, 12152
2026/08/16 14:08:10.262, 11932, 12152
2026/08/16 14:08:15.262, 11932, 12152
2026/08/16 14:08:20.263, 11932, 12152
2026/08/16 14:08:25.263, 11932, 12152
2026/08/16 14:08:30.264, 11932, 12152
2026/08/16 14:08:35.264, 11932, 12152
2026/08/16 14:08:40.265, 11932, 12152
2026/08/16 14:08:45.265, 11932, 12152
2026/08/16 14:08:50.266, 11932, 12152
2026/08/16 14:08:55.266, 11932, 12152
2026/08/16 14:09:00.267, 11932, 12152
2026/08/16 14:09:05.267, 11932, 12152
2026/08/16 14:09:10.268, 11932, 12152
2026/08/16 14:09:15.269, 11932, 12152
2026/08/16 14:09:20.269, 11932, 12152
2026/08/16 14:09:25.270, 11932, 12152
2026/08/16 14:09:30.270, 11932, 12152
2026/08/16 14:09:35.271, 11932, 12152
2026/08/16 14:09:40.271, 11932, 12152
2026/08/16 14:09:45.272, 11932, 12152
2026/08/16 14:09:50.272, 11932, 12152
2026/08/16 14:09:55.273, 11932, 12152
2026/08/16 14:10:00.273, 11932, 12152
2026/08/16 14:10:05.274, 11932, 12152
2026/08/16 14:10:10.274, 11932, 12152
2026/08/16 14:10:15.275, 11932, 12152
2026/08/16 14:10:20.276, 11932, 12152
2026/08/16 14:10:25.276, 11932, 12152
2026/08/16 14:10:30.277, 11932, 12152
2026/08/16 14:10:35.278, 11932, 12152
2026/08/16 14:10:40.278, 11932, 12152
2026/08/16 14:10:45.279, 11932, 12152
2026/08/16 14:10:50.279, 11932, 12152
2026/08/16 14:10:55.280, 11932, 12152
2026/08/16 14:11:00.281, 11932, 12152
2026/08/16 14:11:05.281, 11932, 12152
2026/08/16 14:11:10.282, 11932, 12152
2026/08/16 14:11:15.283, 11932, 12152
2026/08/16 14:11:20.283, 11932, 12152
2026/08/16 14:11:25.284, 11932, 12152
2026/08/16 14:11:30.285, 11932, 12152
2026/08/16 14:11:35.285, 11932, 12152
2026/08/16 14:11:40.286, 11932, 12152
2026/08/16 14:11:45.286, 11932, 12152
2026/08/16 14:11:50.287, 11932, 12152
2026/08/16 14:11:55.288, 11932, 12152
2026/08/16 14:12:00.288, 11932, 12152
2026/08/16 14:12:05.289, 11932, 12152
2026/08/16 14:12:10.290, 11932, 12152
2026/08/16 14:12:15.290, 11932, 12152
2026/08/16 14:12:20.291, 11932, 12152
2026/08/16 14:12:25.292, 11932, 12152
2026/08/16 14:12:30.292, 11932, 12152
2026/08/16 14:12:35.293, 11932, 12152
2026/08/16 14:12:40.294, 11932, 12152
2026/08/16 14:12:45.294, 11932, 12152
2026/08/16 14:12:50.295, 11932, 12152
2026/08/16 14:12:55.296, 11932, 12152
2026/08/16 14:13:00.296, 11932, 12152
2026/08/16 14:13:05.297, 11932, 12152
2026/08/16 14:13:10.298, 11932, 12152
2026/08/16 14:13:15.298, 11932, 12152
2026/08/16 14:13:20.299, 11932, 12152
2026/08/16 14:13:25.299, 11932, 12152
2026/08/16 14:13:30.300, 11932, 12152
2026/08/16 14:13:35.301, 11932, 12152
2026/08/16 14:13:40.301, 11932, 12152
2026/08/16 14:13:45.302, 11932, 12152
2026/08/16 14:13:50.303, 11932, 12152
2026/08/16 14:13:55.303, 11932, 12152
2026/08/16 14:14:00.304, 11932, 12152
2026/08/16 14:14:05.305, 11932, 12152
2026/08/16 14:14:10.305, 11932, 12152
2026/08/16 14:14:15.306, 11932, 12152
2026/08/16 14:14:20.307, 11932, 12152
2026/08/16 14:14:25.307, 11932, 12152
2026/08/16 14:14:30.308, 11932, 12152
2026/08/16 14:14:35.308, 11932, 12152
2026/08/16 14:14:40.309, 11932, 12152
2026/08/16 14:14:45.310, 11932, 12152
2026/08/16 14:14:50.310, 11932, 12152
2026/08/16 14:14:55.311, 11932, 12152
2026/08/16 14:15:00.312, 11932, 12152
2026/08/16 14:15:05.312, 11932, 12152
2026/08/16 14:15:10.313, 11932, 12152
2026/08/16 14:15:15.314, 11932, 12152
2026/08/16 14:15:20.314, 11932, 12152
2026/08/16 14:15:25.315, 11932, 12152
2026/08/16 14:15:30.316, 11932, 12152
2026/08/16 14:15:35.316, 11932, 12152
2026/08/16 14:15:40.317, 11932, 12152
2026/08/16 14:15:45.318, 11932, 12152
2026/08/16 14:15:50.318, 11932, 12152
2026/08/16 14:15:55.319, 11932, 12152
2026/08/16 14:16:00.319, 11932, 12152
2026/08/16 14:16:05.320, 11932, 12152
2026/08/16 14:16:10.321, 11932, 12152
2026/08/16 14:16:15.321, 11932, 12152
2026/08/16 14:16:20.322, 11932, 12152
2026/08/16 14:16:25.322, 11932, 12152
2026/08/16 14:16:30.323, 11932, 12152
2026/08/16 14:16:35.323, 11932, 12152
2026/08/16 14:16:40.324, 11932, 12152
2026/08/16 14:16:45.324, 11932, 12152
2026/08/16 14:16:50.325, 11932, 12152
2026/08/16 14:16:55.326, 11932, 12152
2026/08/16 14:17:00.326, 11932, 12152
2026/08/16 14:17:05.327, 11932, 12152
2026/08/16 14:17:10.327, 11932, 12152
2026/08/16 14:17:15.327, 11932, 12152
2026/08/16 14:17:20.328, 11932, 12152
2026/08/16 14:17:25.328, 11932, 12152
2026/08/16 14:17:30.328, 11932, 12152
2026/08/16 14:17:35.329, 11932, 12152
2026/08/16 14:17:40.329, 11932, 12152
2026/08/16 14:17:45.330, 11932, 12152
2026/08/16 14:17:50.330, 11932, 12152
2026/08/16 14:17:55.330, 11932, 12152
2026/08/16 14:18:00.331, 11932, 12152
2026/08/16 14:18:05.331, 11932, 12152
2026/08/16 14:18:10.331, 11932, 12152
2026/08/16 14:18:15.332, 11932, 12152
2026/08/16 14:18:20.332, 11932, 12152
2026/08/16 14:18:25.332, 11932, 12152
2026/08/16 14:18:30.333, 11932, 12152
2026/08/16 14:18:35.333, 11932, 12152
2026/08/16 14:18:40.333, 11932, 12152
2026/08/16 14:18:45.334, 11932, 12152
2026/08/16 14:18:50.334, 11932, 12152
2026/08/16 14:18:55.334, 11932, 12152
2026/08/16 14:19:00.335, 11932, 12152
2026/08/16 14:19:05.335, 11932, 12152
2026/08/16 14:19:10.335, 11932, 12152
2026/08/16 14:19:15.336, 11932, 12152
2026/08/16 14:19:20.336, 11932, 12152
2026/08/16 14:19:25.336, 11932, 12152
2026/08/16 14:19:30.337, 11932, 12152
2026/08/16 14:19:35.337, 11932, 12152
2026/08/16 14:19:40.337, 11932, 12152
2026/08/16 14:19:45.338, 11932, 12152
2026/08/16 14:19:50.338, 11932, 12152
2026/08/16 14:19:55.338, 11932, 12152
2026/08/16 14:20:00.339, 11932, 12152
2026/08/16 14:20:05.339, 11932, 12152
2026/08/16 14:20:10.340, 11932, 12152
2026/08/16 14:20:15.340, 11932, 12152
2026/08/16 14:20:20.340, 11932, 12152
2026/08/16 14:20:25.341, 11932, 12152
2026/08/16 14:20:30.341, 11932, 12152
2026/08/16 14:20:35.342, 11932, 12152
2026/08/16 14:20:40.342, 11932, 12152
2026/08/16 14:20:45.342, 11932, 12152
2026/08/16 14:20:50.343, 11932, 12152
2026/08/16 14:20:55.343, 11932, 12152
2026/08/16 14:21:00.344, 11932, 12152
2026/08/16 14:21:05.344, 11932, 12152
2026/08/16 14:21:10.344, 11932, 12152
2026/08/16 14:21:15.345, 11932, 12152
2026/08/16 14:21:20.345, 11932, 12152
2026/08/16 14:21:25.346, 11932, 12152
2026/08/16 14:21:30.346, 11932, 12152
2026/08/16 14:21:35.346, 11932, 12152
2026/08/16 14:21:40.347, 11932, 12152
2026/08/16 14:21:45.347, 11932, 12152
2026/08/16 14:21:50.348, 11932, 12152
2026/08/16 14:21:55.348, 11932, 12152
2026/08/16 14:22:00.349, 11932, 12152
2026/08/16 14:22:05.349, 11932, 12152
2026/08/16 14:22:10.349, 11932, 12152
2026/08/16 14:22:15.350, 11932, 12152
2026/08/16 14:22:20.350, 11932, 12152
2026/08/16 14:22:25.351, 11932, 12152
2026/08/16 14:22:30.351, 11932, 12152
2026/08/16 14:22:35.351, 11932, 12152
2026/08/16 14:22:40.352, 11932, 12152
2026/08/16 14:22:45.352, 11932, 12152
2026/08/16 14:22:50.353, 11932, 12152
2026/08/16 14:22:55.353, 11932, 12152
2026/08/16 14:23:00.354, 11932, 12152
2026/08/16 14:23:05.354, 11932, 12152
2026/08/16 14:23:10.354, 11932, 12152
2026/08/16 14:23:15.355, 11932, 12152
2026/08/16 14:23:20.355, 11932, 12152
2026/08/16 14:23:25.356, 11932, 12152
2026/08/16 14:23:30.356, 11932, 12152
2026/08/16 14:23:35.357, 11932, 12152
2026/08/16 14:23:40.357, 11932, 12152
2026/08/16 14:23:45.358, 11932, 12152
2026/08/16 14:23:50.358, 11932, 12152
2026/08/16 14:23:55.358, 11932, 12152
2026/08/16 14:24:00.359, 11932, 12152
2026/08/16 14:24:05.359, 11932, 12152
2026/08/16 14:24:10.360, 11932, 12152
2026/08/16 14:24:15.360, 11932, 12152
2026/08/16 14:24:20.361, 11932, 12152
2026/08/16 14:24:25.361, 11932, 12152
2026/08/16 14:24:30.362, 11932, 12152
2026/08/16 14:24:35.362, 11932, 12152
2026/08/16 14:24:40.363, 11932, 12152
2026/08/16 14:24:45.363, 11932, 12152
2026/08/16 14:24:50.363, 11932, 12152
2026/08/16 14:24:55.364, 11932, 12152
2026/08/16 14:25:00.364, 11932, 12152
2026/08/16 14:25:05.365, 11932, 12152
2026/08/16 14:25:10.365, 11932, 12152
2026/08/16 14:25:15.366, 11932, 12152
2026/08/16 14:25:20.366, 11932, 12152
2026/08/16 14:25:25.367, 11932, 12152
2026/08/16 14:25:30.367, 11932, 12152
2026/08/16 14:25:35.368, 11932, 12152
2026/08/16 14:25:40.368, 11932, 12152
2026/08/16 14:25:45.369, 11932, 12152
2026/08/16 14:25:50.369, 11932, 12152
2026/08/16 14:25:55.370, 11932, 12152
2026/08/16 14:26:00.370, 11932, 12152
2026/08/16 14:26:05.371, 11932, 12152
2026/08/16 14:26:10.371, 11932, 12152
2026/08/16 14:26:15.372, 11932, 12152
2026/08/16 14:26:20.372, 11932, 12152
2026/08/16 14:26:25.373, 11932, 12152
2026/08/16 14:26:30.373, 11932, 12152
2026/08/16 14:26:35.373, 11932, 12152
2026/08/16 14:26:40.374, 11932, 12152
2026/08/16 14:26:45.374, 11932, 12152
2026/08/16 14:26:50.375, 11932, 12152
2026/08/16 14:26:55.375, 11932, 12152
2026/08/16 14:27:00.376, 11932, 12152
2026/08/16 14:27:05.376, 11932, 12152
2026/08/16 14:27:10.377, 11932, 12152
2026/08/16 14:27:15.377, 11932, 12152
2026/08/16 14:27:20.378, 11932, 12152
2026/08/16 14:27:25.378, 11932, 12152
2026/08/16 14:27:30.379, 11932, 12152
2026/08/16 14:27:35.379, 11932, 12152
2026/08/16 14:27:40.380, 11932, 12152
2026/08/16 14:27:45.381, 11932, 12152
2026/08/16 14:27:50.381, 11932, 12152
2026/08/16 14:27:55.382, 11932, 12152
2026/08/16 14:28:00.382, 11932, 12152
2026/08/16 14:28:05.383, 11932, 12152
2026/08/16 14:28:10.383, 11932, 12152
2026/08/16 14:28:15.384, 11932, 12152
2026/08/16 14:28:20.384, 11932, 12152
2026/08/16 14:28:25.385, 11932, 12152
2026/08/16 14:28:30.385, 11932, 12152
2026/08/16 14:28:35.386, 11932, 12152
2026/08/16 14:28:40.386, 11932, 12152
2026/08/16 14:28:45.387, 11932, 12152
2026/08/16 14:28:50.387, 11932, 12152
2026/08/16 14:28:55.388, 11932, 12152
2026/08/16 14:29:00.388, 11932, 12152
2026/08/16 14:29:05.389, 11932, 12152
2026/08/16 14:29:10.389, 11932, 12152
2026/08/16 14:29:15.390, 11932, 12152
2026/08/16 14:29:20.390, 11932, 12152
2026/08/16 14:29:25.391, 11932, 12152
2026/08/16 14:29:30.391, 11932, 12152
2026/08/16 14:29:35.392, 11932, 12152
2026/08/16 14:29:40.392, 11932, 12152
2026/08/16 14:29:45.393, 11932, 12152
2026/08/16 14:29:50.393, 11932, 12152
2026/08/16 14:29:55.394, 11932, 12152
2026/08/16 14:30:00.394, 11932, 12152
2026/08/16 14:30:05.395, 11932, 12152
2026/08/16 14:30:10.396, 11932, 12152
2026/08/16 14:30:15.396, 11932, 12152
2026/08/16 14:30:20.397, 11932, 12152
2026/08/16 14:30:25.397, 11932, 12152
2026/08/16 14:30:30.398, 11932, 12152
2026/08/16 14:30:35.398, 11932, 12152
2026/08/16 14:30:40.399, 11932, 12152
2026/08/16 14:30:45.399, 11932, 12152
2026/08/16 14:30:50.400, 11932, 12152
2026/08/16 14:30:55.400, 11932, 12152
2026/08/16 14:31:00.401, 11932, 12152
2026/08/16 14:31:05.401, 11932, 12152
2026/08/16 14:31:10.402, 11932, 12152
2026/08/16 14:31:15.402, 11932, 12152
2026/08/16 14:31:20.403, 11932, 12152
2026/08/16 14:31:25.404, 11932, 12152
2026/08/16 14:31:30.404, 11932, 12152
2026/08/16 14:31:35.405, 11932, 12152
2026/08/16 14:31:40.405, 11932, 12152
2026/08/16 14:31:45.406, 11932, 12152
2026/08/16 14:31:50.406, 11932, 12152
2026/08/16 14:31:55.407, 11932, 12152
2026/08/16 14:32:00.407, 11932, 12152
2026/08/16 14:32:05.408, 11932, 12152
2026/08/16 14:32:10.408, 11932, 12152
2026/08/16 14:32:15.409, 11932, 12152
2026/08/16 14:32:20.410, 11932, 12152
2026/08/16 14:32:25.410, 11932, 12152
2026/08/16 14:32:30.410, 11932, 12152
2026/08/16 14:32:35.411, 11932, 12152
2026/08/16 14:32:40.411, 11932, 12152
2026/08/16 14:32:45.412, 11932, 12152
2026/08/16 14:32:50.412, 11932, 12152
2026/08/16 14:32:55.413, 11932, 12152
2026/08/16 14:33:00.413, 11932, 12152
2026/08/16 14:33:05.414, 11932, 12152
2026/08/16 14:33:10.414, 11932, 12152
2026/08/16 14:33:15.415, 11932, 12152
2026/08/16 14:33:20.415, 11932, 12152
2026/08/16 14:33:25.416, 11932, 12152
2026/08/16 14:33:30.416, 11932, 12152
2026/08/16 14:33:35.417, 11932, 12152
2026/08/16 14:33:40.417, 11932, 12152
2026/08/16 14:33:45.418, 11932, 12152
2026/08/16 14:33:50.418, 11932, 12152
2026/08/16 14:33:55.418, 11932, 12152
2026/08/16 14:34:00.419, 11932, 12152
2026/08/16 14:34:05.419, 11932, 12152
2026/08/16 14:34:10.420, 11932, 12152
2026/08/16 14:34:15.421, 11932, 12152
2026/08/16 14:34:20.421, 11932, 12152
2026/08/16 14:34:25.422, 11932, 12152
2026/08/16 14:34:30.422, 11932, 12152
2026/08/16 14:34:35.423, 11932, 12152
2026/08/16 14:34:40.423, 11932, 12152
2026/08/16 14:34:45.424, 11932, 12152
2026/08/16 14:34:50.424, 11932, 12152
2026/08/16 14:34:55.425, 11932, 12152
2026/08/16 14:35:00.426, 11932, 12152
2026/08/16 14:35:05.426, 11932, 12152
2026/08/16 14:35:10.427, 11932, 12152
2026/08/16 14:35:15.427, 11932, 12152
2026/08/16 14:35:20.428, 11932, 12152
2026/08/16 14:35:25.428, 11932, 12152
2026/08/16 14:35:30.429, 11932, 12152
2026/08/16 14:35:35.429, 11932, 12152
2026/08/16 14:35:40.430, 11932, 12152
2026/08/16 14:35:45.430, 11932, 12152
2026/08/16 14:35:50.431, 11932, 12152
2026/08/16 14:35:55.431, 11932, 12152
2026/08/16 14:36:00.432, 11932, 12152
2026/08/16 14:36:05.432, 11932, 12152
2026/08/16 14:36:10.433, 11932, 12152
2026/08/16 14:36:15.433, 11932, 12152
2026/08/16 14:36:20.434, 11932, 12152
2026/08/16 14:36:25.435, 11932, 12152
2026/08/16 14:36:30.435, 11932, 12152
2026/08/16 14:36:35.436, 11932, 12152
2026/08/16 14:36:40.436, 11932, 12152
2026/08/16 14:36:45.437, 11932, 12152
2026/08/16 14:36:50.437, 11932, 12152
2026/08/16 14:36:55.438, 11932, 12152
2026/08/16 14:37:00.438, 11932, 12152
2026/08/16 14:37:05.439, 11932, 12152
2026/08/16 14:37:10.439, 11932, 12152
2026/08/16 14:37:15.440, 11932, 12152
2026/08/16 14:37:20.440, 11932, 12152
2026/08/16 14:37:25.441, 11932, 12152
2026/08/16 14:37:30.441, 11932, 12152
2026/08/16 14:37:35.442, 11932, 12152
2026/08/16 14:37:40.443, 11932, 12152
2026/08/16 14:37:45.443, 11932, 12152
2026/08/16 14:37:50.444, 11932, 12152
2026/08/16 14:37:55.444, 11932, 12152
2026/08/16 14:38:00.445, 11932, 12152
2026/08/16 14:38:05.445, 11932, 12152
2026/08/16 14:38:10.446, 11932, 12152
2026/08/16 14:38:15.446, 11932, 12152
2026/08/16 14:38:20.447, 11932, 12152
2026/08/16 14:38:25.447, 11932, 12152
2026/08/16 14:38:30.448, 11932, 12152
2026/08/16 14:38:35.448, 11932, 12152
2026/08/16 14:38:40.449, 11932, 12152
2026/08/16 14:38:45.449, 11932, 12152
2026/08/16 14:38:50.450, 11932, 12152
2026/08/16 14:38:55.450, 11932, 12152
2026/08/16 14:39:00.451, 11932, 12152
2026/08/16 14:39:05.451, 11932, 12152
2026/08/16 14:39:10.451, 11932, 12152
2026/08/16 14:39:15.452, 11932, 12152
2026/08/16 14:39:20.453, 11932, 12152
2026/08/16 14:39:25.453, 11932, 12152
2026/08/16 14:39:30.453, 11932, 12152
2026/08/16 14:39:35.454, 11932, 12152
2026/08/16 14:39:40.454, 11932, 12152
2026/08/16 14:39:45.455, 11932, 12152
2026/08/16 14:39:50.455, 11932, 12152
2026/08/16 14:39:55.456, 11932, 12152
2026/08/16 14:40:00.456, 11932, 12152
2026/08/16 14:40:05.457, 11932, 12152
2026/08/16 14:40:10.457, 11932, 12152
2026/08/16 14:40:15.458, 11932, 12152
2026/08/16 14:40:20.458, 11932, 12152
2026/08/16 14:40:25.459, 11932, 12152
2026/08/16 14:40:30.459, 11932, 12152
2026/08/16 14:40:35.460, 11932, 12152
2026/08/16 14:40:40.460, 11932, 12152
2026/08/16 14:40:45.460, 11932, 12152
2026/08/16 14:40:50.461, 11932, 12152
2026/08/16 14:40:55.461, 11932, 12152
2026/08/16 14:41:00.462, 11932, 12152
2026/08/16 14:41:05.462, 11932, 12152
2026/08/16 14:41:10.463, 11932, 12152
2026/08/16 14:41:15.463, 11932, 12152
2026/08/16 14:41:20.464, 11932, 12152
2026/08/16 14:41:25.464, 11932, 12152
2026/08/16 14:41:30.465, 11932, 12152
2026/08/16 14:41:35.465, 11932, 12152
2026/08/16 14:41:40.466, 11932, 12152
2026/08/16 14:41:45.466, 11932, 12152
2026/08/16 14:41:50.467, 11932, 12152
2026/08/16 14:41:55.467, 11932, 12152
2026/08/16 14:42:00.468, 11932, 12152
2026/08/16 14:42:05.468, 11932, 12152
2026/08/16 14:42:10.469, 11932, 12152
2026/08/16 14:42:15.469, 11932, 12152
2026/08/16 14:42:20.470, 11932, 12152
2026/08/16 14:42:25.470, 11932, 12152
2026/08/16 14:42:30.471, 11932, 12152
2026/08/16 14:42:35.471, 11932, 12152
2026/08/16 14:42:40.472, 11932, 12152
2026/08/16 14:42:45.472, 11932, 12152
2026/08/16 14:42:50.473, 11932, 12152
2026/08/16 14:42:55.474, 11932, 12152
2026/08/16 14:43:00.474, 11932, 12152
2026/08/16 14:43:05.475, 11932, 12152
2026/08/16 14:43:10.475, 11932, 12152
2026/08/16 14:43:15.476, 11932, 12152
2026/08/16 14:43:20.476, 11932, 12152
2026/08/16 14:43:25.477, 11932, 12152
2026/08/16 14:43:30.477, 11932, 12152
2026/08/16 14:43:35.478, 11932, 12152
2026/08/16 14:43:40.478, 11932, 12152
2026/08/16 14:43:45.479, 11932, 12152
2026/08/16 14:43:50.480, 11932, 12152
2026/08/16 14:43:55.480, 11932, 12152
2026/08/16 14:44:00.481, 11932, 12152
2026/08/16 14:44:05.481, 11932, 12152
2026/08/16 14:44:10.482, 11932, 12152
2026/08/16 14:44:15.482, 11932, 12152
2026/08/16 14:44:20.483, 11932, 12152
2026/08/16 14:44:25.483, 11932, 12152
2026/08/16 14:44:30.484, 11932, 12152
2026/08/16 14:44:35.485, 11932, 12152
2026/08/16 14:44:40.485, 11932, 12152
2026/08/16 14:44:45.486, 11932, 12152
2026/08/16 14:44:50.486, 11932, 12152
2026/08/16 14:44:55.487, 11932, 12152
2026/08/16 14:45:00.487, 11932, 12152
2026/08/16 14:45:05.488, 11932, 12152
2026/08/16 14:45:10.488, 11932, 12152
2026/08/16 14:45:15.489, 11932, 12152
2026/08/16 14:45:20.489, 11932, 12152
2026/08/16 14:45:25.490, 11932, 12152
2026/08/16 14:45:30.491, 11932, 12152
2026/08/16 14:45:35.491, 11932, 12152
2026/08/16 14:45:40.492, 11932, 12152
2026/08/16 14:45:45.492, 11932, 12152
2026/08/16 14:45:50.493, 11932, 12152
2026/08/16 14:45:55.493, 11932, 12152
2026/08/16 14:46:00.494, 11932, 12152
2026/08/16 14:46:05.495, 11932, 12152
2026/08/16 14:46:10.495, 11932, 12152
2026/08/16 14:46:15.496, 11932, 12152
2026/08/16 14:46:20.496, 11932, 12152
2026/08/16 14:46:25.497, 11932, 12152
2026/08/16 14:46:30.497, 11932, 12152
2026/08/16 14:46:35.498, 11932, 12152
2026/08/16 14:46:40.498, 11932, 12152
2026/08/16 14:46:45.499, 11932, 12152
2026/08/16 14:46:50.499, 11932, 12152
2026/08/16 14:46:55.500, 11932, 12152
2026/08/16 14:47:00.501, 11932, 12152
2026/08/16 14:47:05.501, 11932, 12152
2026/08/16 14:47:10.502, 11932, 12152
2026/08/16 14:47:15.502, 11932, 12152
2026/08/16 14:47:20.503, 11932, 12152
2026/08/16 14:47:25.503, 11932, 12152
2026/08/16 14:47:30.504, 11932, 12152
2026/08/16 14:47:35.505, 11932, 12152
2026/08/16 14:47:40.505, 11932, 12152
2026/08/16 14:47:45.506, 11932, 12152
2026/08/16 14:47:50.506, 11932, 12152
2026/08/16 14:47:55.507, 11932, 12152
2026/08/16 14:48:00.507, 11932, 12152
2026/08/16 14:48:05.508, 11932, 12152
2026/08/16 14:48:10.508, 11932, 12152
2026/08/16 14:48:15.509, 11932, 12152
2026/08/16 14:48:20.510, 11932, 12152
2026/08/16 14:48:25.510, 11932, 12152
2026/08/16 14:48:30.511, 11932, 12152
2026/08/16 14:48:35.511, 11932, 12152
2026/08/16 14:48:40.512, 11932, 12152
2026/08/16 14:48:45.512, 11932, 12152
2026/08/16 14:48:50.513, 11932, 12152
2026/08/16 14:48:55.513, 11932, 12152
2026/08/16 14:49:00.514, 11932, 12152
2026/08/16 14:49:05.515, 11932, 12152
2026/08/16 14:49:10.515, 11932, 12152
2026/08/16 14:49:15.516, 11932, 12152
2026/08/16 14:49:20.516, 11932, 12152
2026/08/16 14:49:25.517, 11932, 12152
2026/08/16 14:49:30.517, 11932, 12152
2026/08/16 14:49:35.518, 11932, 12152
2026/08/16 14:49:40.518, 11932, 12152
2026/08/16 14:49:45.519, 11932, 12152
2026/08/16 14:49:50.520, 11932, 12152
2026/08/16 14:49:55.520, 11932, 12152
2026/08/16 14:50:00.521, 11932, 12152
2026/08/16 14:50:05.521, 11932, 12152
2026/08/16 14:50:10.522, 11932, 12152
2026/08/16 14:50:15.522, 11932, 12152
2026/08/16 14:50:20.523, 11932, 12152
2026/08/16 14:50:25.524, 11932, 12152
2026/08/16 14:50:30.524, 11932, 12152
2026/08/16 14:50:35.525, 11932, 12152
2026/08/16 14:50:40.525, 11932, 12152
2026/08/16 14:50:45.526, 11932, 12152
2026/08/16 14:50:50.526, 11932, 12152
2026/08/16 14:50:55.527, 11932, 12152
2026/08/16 14:51:00.527, 11932, 12152
2026/08/16 14:51:05.528, 11932, 12152
2026/08/16 14:51:10.529, 11932, 12152
2026/08/16 14:51:15.529, 11932, 12152
2026/08/16 14:51:20.530, 11932, 12152
2026/08/16 14:51:25.530, 11932, 12152
2026/08/16 14:51:30.531, 11932, 12152
2026/08/16 14:51:35.532, 11932, 12152
2026/08/16 14:51:40.533, 11932, 12152
2026/08/16 14:51:45.534, 11932, 12152
2026/08/16 14:51:50.534, 11932, 12152
2026/08/16 14:51:55.535, 11932, 12152
2026/08/16 14:52:00.536, 11932, 12152
2026/08/16 14:52:05.537, 11932, 12152
2026/08/16 14:52:10.537, 11932, 12152
2026/08/16 14:52:15.538, 11932, 12152
2026/08/16 14:52:20.539, 11932, 12152
2026/08/16 14:52:25.540, 11932, 12152
2026/08/16 14:52:30.541, 11932, 12152
2026/08/16 14:52:35.541, 11932, 12152
2026/08/16 14:52:40.542, 11932, 12152
2026/08/16 14:52:45.543, 11932, 12152
2026/08/16 14:52:50.544, 11932, 12152
2026/08/16 14:52:55.544, 11932, 12152
2026/08/16 14:53:00.545, 11932, 12152
2026/08/16 14:53:05.546, 11932, 12152
2026/08/16 14:53:10.547, 11932, 12152
2026/08/16 14:53:15.547, 11932, 12152
2026/08/16 14:53:20.548, 11932, 12152
2026/08/16 14:53:25.549, 11932, 12152
2026/08/16 14:53:30.550, 11932, 12152
2026/08/16 14:53:35.550, 11932, 12152
2026/08/16 14:53:40.551, 11932, 12152
2026/08/16 14:53:45.552, 11932, 12152
2026/08/16 14:53:50.553, 11932, 12152
2026/08/16 14:53:55.553, 11932, 12152
2026/08/16 14:54:00.554, 11932, 12152
2026/08/16 14:54:05.555, 11932, 12152
2026/08/16 14:54:10.556, 11932, 12152
2026/08/16 14:54:15.556, 11932, 12152
2026/08/16 14:54:20.557, 11932, 12152
2026/08/16 14:54:25.557, 11932, 12152
2026/08/16 14:54:30.558, 11932, 12152
2026/08/16 14:54:35.558, 11932, 12152
2026/08/16 14:54:40.559, 11932, 12152
2026/08/16 14:54:45.560, 11932, 12152
2026/08/16 14:54:50.560, 11932, 12152
2026/08/16 14:54:55.561, 11932, 12152
2026/08/16 14:55:00.561, 11932, 12152
2026/08/16 14:55:05.562, 11932, 12152
2026/08/16 14:55:10.563, 11932, 12152
2026/08/16 14:55:15.563, 11932, 12152
2026/08/16 14:55:20.564, 11932, 12152
2026/08/16 14:55:25.564, 11932, 12152
2026/08/16 14:55:30.565, 11932, 12152
2026/08/16 14:55:35.565, 11932, 12152
2026/08/16 14:55:40.566, 11932, 12152
2026/08/16 14:55:45.566, 11932, 12152
2026/08/16 14:55:50.567, 11932, 12152
2026/08/16 14:55:55.567, 11932, 12152
2026/08/16 14:56:00.568, 11932, 12152
2026/08/16 14:56:05.569, 11932, 12152
2026/08/16 14:56:10.569, 11932, 12152
2026/08/16 14:56:15.570, 11932, 12152
2026/08/16 14:56:20.571, 11932, 12152
2026/08/16 14:56:25.572, 11932, 12152
2026/08/16 14:56:30.572, 11932, 12152
2026/08/16 14:56:35.573, 11932, 12152
2026/08/16 14:56:40.574, 11932, 12152
2026/08/16 14:56:45.574, 11932, 12152
2026/08/16 14:56:50.575, 11932, 12152
2026/08/16 14:56:55.576, 11932, 12152
2026/08/16 14:57:00.576, 11932, 12152
2026/08/16 14:57:05.577, 11932, 12152
2026/08/16 14:57:10.578, 11932, 12152
2026/08/16 14:57:15.579, 11932, 12152
2026/08/16 14:57:20.579, 11932, 12152
2026/08/16 14:57:25.580, 11932, 12152
2026/08/16 14:57:30.581, 11932, 12152
2026/08/16 14:57:35.581, 11932, 12152
2026/08/16 14:57:40.582, 11932, 12152
2026/08/16 14:57:45.583, 11932, 12152
2026/08/16 14:57:50.583, 11932, 12152
2026/08/16 14:57:55.584, 11932, 12152
2026/08/16 14:58:00.585, 11932, 12152
2026/08/16 14:58:05.586, 11932, 12152
2026/08/16 14:58:10.586, 11932, 12152
2026/08/16 14:58:15.587, 11932, 12152
2026/08/16 14:58:20.587, 11932, 12152
2026/08/16 14:58:25.588, 11932, 12152
2026/08/16 14:58:30.589, 11932, 12152
2026/08/16 14:58:35.590, 11932, 12152
2026/08/16 14:58:40.590, 11932, 12152
2026/08/16 14:58:45.591, 11932, 12152
2026/08/16 14:58:50.592, 11932, 12152
2026/08/16 14:58:55.592, 11932, 12152
2026/08/16 14:59:00.593, 11932, 12152
2026/08/16 14:59:05.594, 11932, 12152
2026/08/16 14:59:10.594, 11932, 12152
2026/08/16 14:59:15.595, 11932, 12152
2026/08/16 14:59:20.596, 11932, 12152
2026/08/16 14:59:25.596, 11932, 12152
2026/08/16 14:59:30.597, 11932, 12152
2026/08/16 14:59:35.598, 11932, 12152
2026/08/16 14:59:40.598, 11932, 12152
2026/08/16 14:59:45.599, 11932, 12152
2026/08/16 14:59:50.600, 11932, 12152
2026/08/16 14:59:55.600, 11932, 12152
2026/08/16 15:00:00.601, 11932, 12152
2026/08/16 15:00:05.602, 11932, 12152
2026/08/16 15:00:10.602, 11932, 12152
2026/08/16 15:00:15.603, 11932, 12152
2026/08/16 15:00:20.604, 11932, 12152
2026/08/16 15:00:25.604, 11932, 12152
2026/08/16 15:00:30.605, 11932, 12152
2026/08/16 15:00:35.606, 11932, 12152
2026/08/16 15:00:40.606, 11932, 12152
2026/08/16 15:00:45.607, 11932, 12152
2026/08/16 15:00:50.608, 11932, 12152
2026/08/16 15:00:55.608, 11932, 12152
2026/08/16 15:01:00.609, 11932, 12152
2026/08/16 15:01:05.610, 11932, 12152
2026/08/16 15:01:10.610, 11932, 12152
2026/08/16 15:01:15.611, 11932, 12152
2026/08/16 15:01:20.612, 11932, 12152
2026/08/16 15:01:25.612, 11932, 12152
2026/08/16 15:01:30.613, 11932, 12152
2026/08/16 15:01:35.614, 11932, 12152
2026/08/16 15:01:40.614, 11932, 12152
2026/08/16 15:01:45.615, 11932, 12152
2026/08/16 15:01:50.616, 11932, 12152
2026/08/16 15:01:55.616, 11932, 12152
2026/08/16 15:02:00.617, 11932, 12152
2026/08/16 15:02:05.618, 11932, 12152
2026/08/16 15:02:10.618, 11932, 12152
2026/08/16 15:02:15.619, 11932, 12152
2026/08/16 15:02:20.619, 11932, 12152
2026/08/16 15:02:25.620, 11932, 12152
2026/08/16 15:02:30.621, 11932, 12152
2026/08/16 15:02:35.621, 11932, 12152
2026/08/16 15:02:40.622, 11932, 12152
2026/08/16 15:02:45.623, 11932, 12152
2026/08/16 15:02:50.623, 11932, 12152
2026/08/16 15:02:55.624, 11932, 12152
2026/08/16 15:03:00.624, 11932, 12152
2026/08/16 15:03:05.625, 11932, 12152
2026/08/16 15:03:10.626, 11932, 12152
2026/08/16 15:03:15.626, 11932, 12152
2026/08/16 15:03:20.627, 11932, 12152
2026/08/16 15:03:25.628, 11932, 12152
2026/08/16 15:03:30.628, 11932, 12152
2026/08/16 15:03:35.629, 11932, 12152
2026/08/16 15:03:40.630, 11932, 12152
2026/08/16 15:03:45.630, 11932, 12152
2026/08/16 15:03:50.631, 11932, 12152
2026/08/16 15:03:55.632, 11932, 12152
2026/08/16 15:04:00.632, 11932, 12152
2026/08/16 15:04:05.633, 11932, 12152
2026/08/16 15:04:10.634, 11932, 12152
2026/08/16 15:04:15.634, 11932, 12152
2026/08/16 15:04:20.635, 11932, 12152
2026/08/16 15:04:25.635, 11932, 12152
2026/08/16 15:04:30.636, 11932, 12152
2026/08/16 15:04:35.637, 11932, 12152
2026/08/16 15:04:40.637, 11932, 12152
2026/08/16 15:04:45.638, 11932, 12152
2026/08/16 15:04:50.639, 11932, 12152
2026/08/16 15:04:55.639, 11932, 12152
2026/08/16 15:05:00.640, 11932, 12152
2026/08/16 15:05:05.641, 11932, 12152
2026/08/16 15:05:10.641, 11932, 12152
2026/08/16 15:05:15.642, 11932, 12152
2026/08/16 15:05:20.642, 11932, 12152
2026/08/16 15:05:25.643, 11932, 12152
2026/08/16 15:05:30.644, 11932, 12152
2026/08/16 15:05:35.644, 11932, 12152
2026/08/16 15:05:40.645, 11932, 12152
2026/08/16 15:05:45.646, 11932, 12152
2026/08/16 15:05:50.646, 11932, 12152
2026/08/16 15:05:55.647, 11932, 12152
2026/08/16 15:06:00.648, 11932, 12152
2026/08/16 15:06:05.648, 11932, 12152
2026/08/16 15:06:10.649, 11932, 12152
2026/08/16 15:06:15.650, 11932, 12152
2026/08/16 15:06:20.650, 11932, 12152
2026/08/16 15:06:25.651, 11932, 12152
2026/08/16 15:06:30.651, 11932, 12152
2026/08/16 15:06:35.652, 11932, 12152
2026/08/16 15:06:40.653, 11932, 12152
2026/08/16 15:06:45.653, 11932, 12152
2026/08/16 15:06:50.654, 11932, 12152
2026/08/16 15:06:55.655, 11932, 12152
2026/08/16 15:07:00.655, 11932, 12152
2026/08/16 15:07:05.656, 11932, 12152
2026/08/16 15:07:10.657, 11932, 12152
2026/08/16 15:07:15.657, 11932, 12152
2026/08/16 15:07:20.658, 11932, 12152
2026/08/16 15:07:25.658, 11932, 12152
2026/08/16 15:07:30.659, 11932, 12152
2026/08/16 15:07:35.660, 11932, 12152
2026/08/16 15:07:40.660, 11932, 12152
2026/08/16 15:07:45.661, 11932, 12152
2026/08/16 15:07:50.662, 11932, 12152
2026/08/16 15:07:55.662, 11932, 12152
2026/08/16 15:08:00.663, 11932, 12152
2026/08/16 15:08:05.664, 11932, 12152
2026/08/16 15:08:10.664, 11932, 12152
2026/08/16 15:08:15.665, 11932, 12152
2026/08/16 15:08:20.665, 11932, 12152
2026/08/16 15:08:25.666, 11932, 12152
2026/08/16 15:08:30.667, 11932, 12152
2026/08/16 15:08:35.667, 11932, 12152
2026/08/16 15:08:40.668, 11932, 12152
2026/08/16 15:08:45.669, 11932, 12152
2026/08/16 15:08:50.669, 11932, 12152
2026/08/16 15:08:55.670, 11932, 12152
2026/08/16 15:09:00.670, 11932, 12152
2026/08/16 15:09:05.671, 11932, 12152
2026/08/16 15:09:10.672, 11932, 12152
2026/08/16 15:09:15.672, 11932, 12152
2026/08/16 15:09:20.673, 11932, 12152
2026/08/16 15:09:25.674, 11932, 12152
2026/08/16 15:09:30.674, 11932, 12152
2026/08/16 15:09:35.675, 11932, 12152
2026/08/16 15:09:40.675, 11932, 12152
2026/08/16 15:09:45.676, 11932, 12152
2026/08/16 15:09:50.677, 11932, 12152
2026/08/16 15:09:55.677, 11932, 12152
2026/08/16 15:10:00.678, 11932, 12152
2026/08/16 15:10:05.679, 11932, 12152
2026/08/16 15:10:10.679, 11932, 12152
2026/08/16 15:10:15.680, 11932, 12152
2026/08/16 15:10:20.680, 11932, 12152
2026/08/16 15:10:25.681, 11932, 12152
2026/08/16 15:10:30.682, 11932, 12152
2026/08/16 15:10:35.682, 11932, 12152
2026/08/16 15:10:40.683, 11932, 12152
2026/08/16 15:10:45.684, 11932, 12152
2026/08/16 15:10:50.684, 11932, 12152
2026/08/16 15:10:55.685, 11932, 12152
2026/08/16 15:11:00.685, 11932, 12152
2026/08/16 15:11:05.686, 11932, 12152
2026/08/16 15:11:10.687, 11932, 12152
2026/08/16 15:11:15.687, 11932, 12152
2026/08/16 15:11:20.688, 11932, 12152
2026/08/16 15:11:25.689, 11932, 12152
2026/08/16 15:11:30.689, 11932, 12152
2026/08/16 15:11:35.690, 11932, 12152
2026/08/16 15:11:40.690, 11932, 12152
2026/08/16 15:11:45.691, 11932, 12152
2026/08/16 15:11:50.692, 11932, 12152
2026/08/16 15:11:55.692, 11932, 12152
2026/08/16 15:12:00.693, 11932, 12152
2026/08/16 15:12:05.694, 11932, 12152
2026/08/16 15:12:10.694, 11932, 12152
2026/08/16 15:12:15.695, 11932, 12152
2026/08/16 15:12:20.695, 11932, 12152
2026/08/16 15:12:25.696, 11932, 12152
2026/08/16 15:12:30.697, 11932, 12152
2026/08/16 15:12:35.697, 11932, 12152
2026/08/16 15:12:40.698, 11932, 12152
2026/08/16 15:12:45.699, 11932, 12152
2026/08/16 15:12:50.699, 11932, 12152
2026/08/16 15:12:55.700, 11932, 12152
2026/08/16 15:13:00.700, 11932, 12152
2026/08/16 15:13:05.701, 11932, 12152
2026/08/16 15:13:10.702, 11932, 12152
2026/08/16 15:13:15.702, 11932, 12152
2026/08/16 15:13:20.703, 11932, 12152
2026/08/16 15:13:25.704, 11932, 12152
2026/08/16 15:13:30.704, 11932, 12152
2026/08/16 15:13:35.705, 11932, 12152
2026/08/16 15:13:40.705, 11932, 12152
2026/08/16 15:13:45.706, 11932, 12152
2026/08/16 15:13:50.707, 11932, 12152
2026/08/16 15:13:55.707, 11932, 12152
2026/08/16 15:14:00.708, 11932, 12152
2026/08/16 15:14:05.709, 11932, 12152
2026/08/16 15:14:10.709, 11932, 12152
2026/08/16 15:14:15.710, 11932, 12152
2026/08/16 15:14:20.710, 11932, 12152
2026/08/16 15:14:25.711, 11932, 12152
2026/08/16 15:14:30.712, 11932, 12152
2026/08/16 15:14:35.712, 11932, 12152
2026/08/16 15:14:40.713, 11932, 12152
2026/08/16 15:14:45.714, 11932, 12152
2026/08/16 15:14:50.714, 11932, 12152
2026/08/16 15:14:55.715, 11932, 12152
2026/08/16 15:15:00.715, 11932, 12152
2026/08/16 15:15:05.716, 11932, 12152
2026/08/16 15:15:10.717, 11932, 12152
2026/08/16 15:15:15.717, 11932, 12152
2026/08/16 15:15:20.718, 11932, 12152
2026/08/16 15:15:25.718, 11932, 12152
2026/08/16 15:15:30.719, 11932, 12152
2026/08/16 15:15:35.720, 11932, 12152
2026/08/16 15:15:40.720, 11932, 12152
2026/08/16 15:15:45.721, 11932, 12152
2026/08/16 15:15:50.722, 11932, 12152
2026/08/16 15:15:55.722, 11932, 12152
2026/08/16 15:16:00.723, 11932, 12152
2026/08/16 15:16:05.723, 11932, 12152
2026/08/16 15:16:10.724, 11932, 12152
2026/08/16 15:16:15.725, 11932, 12152
2026/08/16 15:16:20.725, 11932, 12152
2026/08/16 15:16:25.726, 11932, 12152
2026/08/16 15:16:30.727, 11932, 12152
2026/08/16 15:16:35.727, 11932, 12152
2026/08/16 15:16:40.728, 11932, 12152
2026/08/16 15:16:45.728, 11932, 12152
2026/08/16 15:16:50.729, 11932, 12152
2026/08/16 15:16:55.730, 11932, 12152
2026/08/16 15:17:00.730, 11932, 12152
2026/08/16 15:17:05.731, 11932, 12152
2026/08/16 15:17:10.732, 11932, 12152
2026/08/16 15:17:15.732, 11932, 12152
2026/08/16 15:17:20.733, 11932, 12152
2026/08/16 15:17:25.733, 11932, 12152
2026/08/16 15:17:30.734, 11932, 12152
2026/08/16 15:17:35.735, 11932, 12152
2026/08/16 15:17:40.735, 11932, 12152
2026/08/16 15:17:45.736, 11932, 12152
2026/08/16 15:17:50.737, 11932, 12152
2026/08/16 15:17:55.737, 11932, 12152
2026/08/16 15:18:00.738, 11932, 12152
2026/08/16 15:18:05.738, 11932, 12152
2026/08/16 15:18:10.739, 11932, 12152
2026/08/16 15:18:15.740, 11932, 12152
2026/08/16 15:18:20.740, 11932, 12152
2026/08/16 15:18:25.741, 11932, 12152
2026/08/16 15:18:30.741, 11932, 12152
2026/08/16 15:18:35.742, 11932, 12152
2026/08/16 15:18:40.743, 11932, 12152
2026/08/16 15:18:45.743, 11932, 12152
2026/08/16 15:18:50.744, 11932, 12152
2026/08/16 15:18:55.745, 11932, 12152
2026/08/16 15:19:00.745, 11932, 12152
2026/08/16 15:19:05.746, 11932, 12152
2026/08/16 15:19:10.746, 11932, 12152
2026/08/16 15:19:15.747, 11932, 12152
2026/08/16 15:19:20.748, 11932, 12152
2026/08/16 15:19:25.748, 11932, 12152
2026/08/16 15:19:30.749, 11932, 12152
2026/08/16 15:19:35.750, 11932, 12152
2026/08/16 15:19:40.750, 11932, 12152
2026/08/16 15:19:45.751, 11932, 12152
2026/08/16 15:19:50.751, 11932, 12152
2026/08/16 15:19:55.752, 11932, 12152
2026/08/16 15:20:00.753, 11932, 12152
2026/08/16 15:20:05.753, 11932, 12152
2026/08/16 15:20:10.754, 11932, 12152
2026/08/16 15:20:15.754, 11932, 12152
2026/08/16 15:20:20.755, 11932, 12152
2026/08/16 15:20:25.756, 11932, 12152
2026/08/16 15:20:30.756, 11932, 12152
2026/08/16 15:20:35.757, 11932, 12152
2026/08/16 15:20:40.758, 11932, 12152
2026/08/16 15:20:45.758, 11932, 12152
2026/08/16 15:20:50.759, 11932, 12152
2026/08/16 15:20:55.759, 11932, 12152
2026/08/16 15:21:00.760, 11932, 12152
2026/08/16 15:21:05.761, 11932, 12152
2026/08/16 15:21:10.761, 11932, 12152
2026/08/16 15:21:15.762, 11932, 12152
2026/08/16 15:21:20.762, 11932, 12152
2026/08/16 15:21:25.763, 11932, 12152
2026/08/16 15:21:30.764, 11932, 12152
2026/08/16 15:21:35.764, 11932, 12152
2026/08/16 15:21:40.765, 11932, 12152
2026/08/16 15:21:45.765, 11932, 12152
2026/08/16 15:21:50.766, 11932, 12152
2026/08/16 15:21:55.767, 11932, 12152
2026/08/16 15:22:00.767, 11932, 12152
2026/08/16 15:22:05.768, 11932, 12152
2026/08/16 15:22:10.769, 11932, 12152
2026/08/16 15:22:15.769, 11932, 12152
2026/08/16 15:22:20.770, 11932, 12152
2026/08/16 15:22:25.770, 11932, 12152
2026/08/16 15:22:30.771, 11932, 12152
2026/08/16 15:22:35.772, 11932, 12152
2026/08/16 15:22:40.772, 11932, 12152
2026/08/16 15:22:45.773, 11932, 12152
2026/08/16 15:22:50.773, 11932, 12152
2026/08/16 15:22:55.774, 11932, 12152
2026/08/16 15:23:00.775, 11932, 12152
2026/08/16 15:23:05.775, 11932, 12152
2026/08/16 15:23:10.776, 11932, 12152
2026/08/16 15:23:15.776, 11932, 12152
2026/08/16 15:23:20.777, 11932, 12152
2026/08/16 15:23:25.778, 11932, 12152
2026/08/16 15:23:30.778, 11932, 12152
2026/08/16 15:23:35.779, 11932, 12152
2026/08/16 15:23:40.780, 11932, 12152
2026/08/16 15:23:45.780, 11932, 12152
2026/08/16 15:23:50.781, 11932, 12152
2026/08/16 15:23:55.781, 11932, 12152
2026/08/16 15:24:00.782, 11932, 12152
2026/08/16 15:24:05.783, 11932, 12152
2026/08/16 15:24:10.783, 11932, 12152
2026/08/16 15:24:15.784, 11932, 12152
2026/08/16 15:24:20.784, 11932, 12152
2026/08/16 15:24:25.785, 11932, 12152
2026/08/16 15:24:30.786, 11932, 12152
2026/08/16 15:24:35.786, 11932, 12152
2026/08/16 15:24:40.787, 11932, 12152
2026/08/16 15:24:45.787, 11932, 12152
2026/08/16 15:24:50.788, 11932, 12152
2026/08/16 15:24:55.789, 11932, 12152
2026/08/16 15:25:00.789, 11932, 12152
2026/08/16 15:25:05.790, 11932, 12152
2026/08/16 15:25:10.791, 11932, 12152
2026/08/16 15:25:15.791, 11932, 12152
2026/08/16 15:25:20.792, 11932, 12152
2026/08/16 15:25:25.792, 11932, 12152
2026/08/16 15:25:30.793, 11932, 12152
2026/08/16 15:25:35.793, 11932, 12152
2026/08/16 15:25:40.794, 11932, 12152
2026/08/16 15:25:45.795, 11932, 12152
2026/08/16 15:25:50.795, 11932, 12152
2026/08/16 15:25:55.796, 11932, 12152
2026/08/16 15:26:00.796, 11932, 12152
2026/08/16 15:26:05.797, 11932, 12152
2026/08/16 15:26:10.797, 11932, 12152
2026/08/16 15:26:15.798, 11932, 12152
2026/08/16 15:26:20.798, 11932, 12152
2026/08/16 15:26:25.799, 11932, 12152
2026/08/16 15:26:30.799, 11932, 12152
2026/08/16 15:26:35.800, 11932, 12152
2026/08/16 15:26:40.800, 11932, 12152
2026/08/16 15:26:45.801, 11932, 12152
2026/08/16 15:26:50.801, 11932, 12152
2026/08/16 15:26:55.802, 11932, 12152
2026/08/16 15:27:00.803, 11932, 12152
2026/08/16 15:27:05.803, 11932, 12152
2026/08/16 15:27:10.804, 11932, 12152
2026/08/16 15:27:15.804, 11932, 12152
2026/08/16 15:27:20.805, 11932, 12152
2026/08/16 15:27:25.805, 11932, 12152
2026/08/16 15:27:30.806, 11932, 12152
2026/08/16 15:27:35.806, 11932, 12152
2026/08/16 15:27:40.807, 11932, 12152
2026/08/16 15:27:45.807, 11932, 12152
2026/08/16 15:27:50.808, 11932, 12152
2026/08/16 15:27:55.808, 11932, 12152
2026/08/16 15:28:00.809, 11932, 12152
2026/08/16 15:28:05.810, 11932, 12152
2026/08/16 15:28:10.810, 11932, 12152
2026/08/16 15:28:15.811, 11932, 12152
2026/08/16 15:28:20.811, 11932, 12152
2026/08/16 15:28:25.812, 11932, 12152
2026/08/16 15:28:30.812, 11932, 12152
2026/08/16 15:28:35.813, 11932, 12152
2026/08/16 15:28:40.813, 11932, 12152
2026/08/16 15:28:45.814, 11932, 12152
2026/08/16 15:28:50.815, 11932, 12152
2026/08/16 15:28:55.815, 11932, 12152
2026/08/16 15:29:00.816, 11932, 12152
2026/08/16 15:29:05.816, 11932, 12152
2026/08/16 15:29:10.817, 11932, 12152
2026/08/16 15:29:15.817, 11932, 12152
2026/08/16 15:29:20.818, 11932, 12152
2026/08/16 15:29:25.818, 11932, 12152
2026/08/16 15:29:30.819, 11932, 12152
2026/08/16 15:29:35.819, 11932, 12152
2026/08/16 15:29:40.820, 11932, 12152
2026/08/16 15:29:45.821, 11932, 12152
2026/08/16 15:29:50.821, 11932, 12152
2026/08/16 15:29:55.822, 11932, 12152
2026/08/16 15:30:00.822, 11932, 12152
2026/08/16 15:30:05.823, 11932, 12152
2026/08/16 15:30:10.823, 11932, 12152
2026/08/16 15:30:15.824, 11932, 12152
2026/08/16 15:30:20.824, 11932, 12152
2026/08/16 15:30:25.825, 11932, 12152
2026/08/16 15:30:30.825, 11932, 12152
2026/08/16 15:30:35.826, 11932, 12152
2026/08/16 15:30:40.826, 11932, 12152
2026/08/16 15:30:45.827, 11932, 12152
2026/08/16 15:30:50.827, 11932, 12152
2026/08/16 15:30:55.828, 11932, 12152
2026/08/16 15:31:00.828, 11932, 12152
2026/08/16 15:31:05.829, 11932, 12152
2026/08/16 15:31:10.829, 11932, 12152
2026/08/16 15:31:15.830, 11932, 12152
2026/08/16 15:31:20.831, 11932, 12152
2026/08/16 15:31:25.831, 11932, 12152
2026/08/16 15:31:30.832, 11932, 12152
2026/08/16 15:31:35.832, 11932, 12152
2026/08/16 15:31:40.833, 11932, 12152
2026/08/16 15:31:45.833, 11932, 12152
2026/08/16 15:31:50.834, 11932, 12152
2026/08/16 15:31:55.835, 11932, 12152
2026/08/16 15:32:00.835, 11932, 12152
2026/08/16 15:32:05.836, 11932, 12152
2026/08/16 15:32:10.836, 11932, 12152
2026/08/16 15:32:15.837, 11932, 12152
2026/08/16 15:32:20.837, 11932, 12152
2026/08/16 15:32:25.838, 11932, 12152
2026/08/16 15:32:30.838, 11932, 12152
2026/08/16 15:32:35.839, 11932, 12152
2026/08/16 15:32:40.839, 11932, 12152
2026/08/16 15:32:45.840, 11932, 12152
2026/08/16 15:32:50.840, 11932, 12152
2026/08/16 15:32:55.841, 11932, 12152
2026/08/16 15:33:00.841, 11932, 12152
2026/08/16 15:33:05.842, 11932, 12152
2026/08/16 15:33:10.842, 11932, 12152
2026/08/16 15:33:15.843, 11932, 12152
2026/08/16 15:33:20.843, 11932, 12152
2026/08/16 15:33:25.844, 11932, 12152
2026/08/16 15:33:30.844, 11932, 12152
2026/08/16 15:33:35.845, 11932, 12152
2026/08/16 15:33:40.845, 11932, 12152
2026/08/16 15:33:45.846, 11932, 12152
2026/08/16 15:33:50.846, 11932, 12152
2026/08/16 15:33:55.846, 11932, 12152
2026/08/16 15:34:00.847, 11932, 12152
2026/08/16 15:34:05.847, 11932, 12152
2026/08/16 15:34:10.848, 11932, 12152
2026/08/16 15:34:15.849, 11932, 12152
2026/08/16 15:34:20.849, 11932, 12152
2026/08/16 15:34:25.850, 11932, 12152
2026/08/16 15:34:30.850, 11932, 12152
2026/08/16 15:34:35.851, 11932, 12152
2026/08/16 15:34:40.852, 11932, 12152
2026/08/16 15:34:45.852, 11932, 12152
2026/08/16 15:34:50.853, 11932, 12152
2026/08/16 15:34:55.853, 11932, 12152
2026/08/16 15:35:00.854, 11932, 12152
2026/08/16 15:35:05.854, 11932, 12152
2026/08/16 15:35:10.855, 11932, 12152
2026/08/16 15:35:15.856, 11932, 12152
2026/08/16 15:35:20.856, 11932, 12152
2026/08/16 15:35:25.857, 11932, 12152
2026/08/16 15:35:30.857, 11932, 12152
2026/08/16 15:35:35.858, 11932, 12152
2026/08/16 15:35:40.858, 11932, 12152
2026/08/16 15:35:45.859, 11932, 12152
2026/08/16 15:35:50.860, 11932, 12152
2026/08/16 15:35:55.860, 11932, 12152
2026/08/16 15:36:00.861, 11932, 12152
2026/08/16 15:36:05.861, 11932, 12152
2026/08/16 15:36:10.862, 11932, 12152
2026/08/16 15:36:15.863, 11932, 12152
2026/08/16 15:36:20.863, 11932, 12152
2026/08/16 15:36:25.864, 11932, 12152
2026/08/16 15:36:30.864, 11932, 12152
2026/08/16 15:36:35.865, 11932, 12152
2026/08/16 15:36:40.865, 11932, 12152
2026/08/16 15:36:45.866, 11932, 12152
2026/08/16 15:36:50.867, 11932, 12152
2026/08/16 15:36:55.867, 11932, 12152
2026/08/16 15:37:00.868, 11932, 12152
2026/08/16 15:37:05.868, 11932, 12152
2026/08/16 15:37:10.869, 11932, 12152
2026/08/16 15:37:15.870, 11932, 12152
2026/08/16 15:37:20.870, 11932, 12152
2026/08/16 15:37:25.871, 11932, 12152
2026/08/16 15:37:30.871, 11932, 12152
2026/08/16 15:37:35.872, 11932, 12152
2026/08/16 15:37:40.873, 11932, 12152
2026/08/16 15:37:45.873, 11932, 12152
2026/08/16 15:37:50.874, 11932, 12152
2026/08/16 15:37:55.874, 11932, 12152
2026/08/16 15:38:00.875, 11932, 12152
2026/08/16 15:38:05.875, 11932, 12152
2026/08/16 15:38:10.876, 11932, 12152
2026/08/16 15:38:15.877, 11932, 12152
2026/08/16 15:38:20.877, 11932, 12152
2026/08/16 15:38:25.878, 11932, 12152
2026/08/16 15:38:30.878, 11932, 12152
2026/08/16 15:38:35.879, 11932, 12152
2026/08/16 15:38:40.880, 11932, 12152
2026/08/16 15:38:45.880, 11932, 12152
2026/08/16 15:38:50.881, 11932, 12152
2026/08/16 15:38:55.881, 11932, 12152
2026/08/16 15:39:00.882, 11932, 12152
2026/08/16 15:39:05.883, 11932, 12152
2026/08/16 15:39:10.883, 11932, 12152
2026/08/16 15:39:15.884, 11932, 12152
2026/08/16 15:39:20.884, 11932, 12152
2026/08/16 15:39:25.885, 11932, 12152
2026/08/16 15:39:30.886, 11932, 12152
2026/08/16 15:39:35.886, 11932, 12152
2026/08/16 15:39:40.887, 11932, 12152
2026/08/16 15:39:45.887, 11932, 12152
2026/08/16 15:39:50.888, 11932, 12152
2026/08/16 15:39:55.888, 11932, 12152
2026/08/16 15:40:00.889, 11932, 12152
2026/08/16 15:40:05.890, 11932, 12152
2026/08/16 15:40:10.890, 11932, 12152
2026/08/16 15:40:15.891, 11932, 12152
2026/08/16 15:40:20.891, 11932, 12152
2026/08/16 15:40:25.892, 11932, 12152
2026/08/16 15:40:30.893, 11932, 12152
2026/08/16 15:40:35.893, 11932, 12152
2026/08/16 15:40:40.894, 11932, 12152
2026/08/16 15:40:45.894, 11932, 12152
2026/08/16 15:40:50.895, 11932, 12152
2026/08/16 15:40:55.896, 11932, 12152
2026/08/16 15:41:00.896, 11932, 12152
2026/08/16 15:41:05.897, 11932, 12152
2026/08/16 15:41:10.897, 11932, 12152
2026/08/16 15:41:15.898, 11932, 12152
2026/08/16 15:41:20.899, 11932, 12152
2026/08/16 15:41:25.899, 11932, 12152
2026/08/16 15:41:30.900, 11932, 12152
2026/08/16 15:41:35.900, 11932, 12152
2026/08/16 15:41:40.901, 11932, 12152
2026/08/16 15:41:45.902, 11932, 12152
2026/08/16 15:41:50.902, 11932, 12152
2026/08/16 15:41:55.903, 11932, 12152
2026/08/16 15:42:00.903, 11932, 12152
2026/08/16 15:42:05.904, 11932, 12152
2026/08/16 15:42:10.905, 11932, 12152
2026/08/16 15:42:15.905, 11932, 12152
2026/08/16 15:42:20.906, 11932, 12152
2026/08/16 15:42:25.906, 11932, 12152
2026/08/16 15:42:30.907, 11932, 12152
2026/08/16 15:42:35.907, 11932, 12152
2026/08/16 15:42:40.908, 11932, 12152
2026/08/16 15:42:45.908, 11932, 12152
2026/08/16 15:42:50.909, 11932, 12152
2026/08/16 15:42:55.909, 11932, 12152
2026/08/16 15:43:00.910, 11932, 12152
2026/08/16 15:43:05.910, 11932, 12152
2026/08/16 15:43:10.911, 11932, 12152
2026/08/16 15:43:15.911, 11932, 12152
2026/08/16 15:43:20.912, 11932, 12152
2026/08/16 15:43:25.912, 11932, 12152
2026/08/16 15:43:30.913, 11932, 12152
2026/08/16 15:43:35.913, 11932, 12152
2026/08/16 15:43:40.914, 11932, 12152
2026/08/16 15:43:45.914, 11932, 12152
2026/08/16 15:43:50.915, 11932, 12152
2026/08/16 15:43:55.915, 11932, 12152
2026/08/16 15:44:00.916, 11932, 12152
2026/08/16 15:44:05.916, 11932, 12152
2026/08/16 15:44:10.917, 11932, 12152
2026/08/16 15:44:15.917, 11932, 12152
2026/08/16 15:44:20.918, 11932, 12152
2026/08/16 15:44:25.918, 11932, 12152
2026/08/16 15:44:30.919, 11932, 12152
2026/08/16 15:44:35.919, 11932, 12152
2026/08/16 15:44:40.920, 11932, 12152
2026/08/16 15:44:45.920, 11932, 12152
2026/08/16 15:44:50.921, 11932, 12152
2026/08/16 15:44:55.921, 11932, 12152
2026/08/16 15:45:00.922, 11932, 12152
2026/08/16 15:45:05.922, 11932, 12152
2026/08/16 15:45:10.923, 11932, 12152
2026/08/16 15:45:15.923, 11932, 12152
2026/08/16 15:45:20.924, 11932, 12152
2026/08/16 15:45:25.924, 11932, 12152
2026/08/16 15:45:30.925, 11932, 12152
2026/08/16 15:45:35.925, 11932, 12152
2026/08/16 15:45:40.926, 11932, 12152
2026/08/16 15:45:45.926, 11932, 12152
2026/08/16 15:45:50.927, 11932, 12152
2026/08/16 15:45:55.927, 11932, 12152
2026/08/16 15:46:00.928, 11932, 12152
2026/08/16 15:46:05.928, 11932, 12152
2026/08/16 15:46:10.929, 11932, 12152
2026/08/16 15:46:15.929, 11932, 12152
2026/08/16 15:46:20.930, 11932, 12152
2026/08/16 15:46:25.931, 11932, 12152
2026/08/16 15:46:30.931, 11932, 12152
2026/08/16 15:46:35.932, 11932, 12152
2026/08/16 15:46:40.932, 11932, 12152
2026/08/16 15:46:45.933, 11932, 12152
2026/08/16 15:46:50.933, 11932, 12152
2026/08/16 15:46:55.934, 11932, 12152
2026/08/16 15:47:00.935, 11932, 12152
2026/08/16 15:47:05.935, 11932, 12152
2026/08/16 15:47:10.936, 11932, 12152
2026/08/16 15:47:15.937, 11932, 12152
2026/08/16 15:47:20.937, 11932, 12152
2026/08/16 15:47:25.938, 11932, 12152
2026/08/16 15:47:30.938, 11932, 12152
2026/08/16 15:47:35.939, 11932, 12152
2026/08/16 15:47:40.940, 11932, 12152
2026/08/16 15:47:45.940, 11932, 12152
2026/08/16 15:47:50.941, 11932, 12152
2026/08/16 15:47:55.941, 11932, 12152
2026/08/16 15:48:00.942, 11932, 12152
2026/08/16 15:48:05.943, 11932, 12152
2026/08/16 15:48:10.943, 11932, 12152
2026/08/16 15:48:15.944, 11932, 12152
2026/08/16 15:48:20.944, 11932, 12152
2026/08/16 15:48:25.945, 11932, 12152
2026/08/16 15:48:30.946, 11932, 12152
2026/08/16 15:48:35.946, 11932, 12152
2026/08/16 15:48:40.947, 11932, 12152
2026/08/16 15:48:45.947, 11932, 12152
2026/08/16 15:48:50.948, 11932, 12152
2026/08/16 15:48:55.949, 11932, 12152
2026/08/16 15:49:00.949, 11932, 12152
2026/08/16 15:49:05.950, 11932, 12152
2026/08/16 15:49:10.950, 11932, 12152
2026/08/16 15:49:15.951, 11932, 12152
2026/08/16 15:49:20.952, 11932, 12152
2026/08/16 15:49:25.952, 11932, 12152
2026/08/16 15:49:30.953, 11932, 12152
2026/08/16 15:49:35.953, 11932, 12152
2026/08/16 15:49:40.954, 11932, 12152
2026/08/16 15:49:45.955, 11932, 12152
2026/08/16 15:49:50.955, 11932, 12152
2026/08/16 15:49:55.956, 11932, 12152
2026/08/16 15:50:00.956, 11932, 12152
2026/08/16 15:50:05.957, 11932, 12152
2026/08/16 15:50:10.958, 11932, 12152
2026/08/16 15:50:15.958, 11932, 12152
2026/08/16 15:50:20.959, 11932, 12152
2026/08/16 15:50:25.959, 11932, 12152
2026/08/16 15:50:30.960, 11932, 12152
2026/08/16 15:50:35.961, 11932, 12152
2026/08/16 15:50:40.961, 11932, 12152
2026/08/16 15:50:45.962, 11932, 12152
2026/08/16 15:50:50.963, 11932, 12152
2026/08/16 15:50:55.963, 11932, 12152
2026/08/16 15:51:00.964, 11932, 12152
2026/08/16 15:51:05.964, 11932, 12152
2026/08/16 15:51:10.965, 11932, 12152
2026/08/16 15:51:15.966, 11932, 12152
2026/08/16 15:51:20.966, 11932, 12152
2026/08/16 15:51:25.967, 11932, 12152
2026/08/16 15:51:30.967, 11932, 12152
2026/08/16 15:51:35.968, 11932, 12152
2026/08/16 15:51:40.969, 11932, 12152
2026/08/16 15:51:45.969, 11932, 12152
2026/08/16 15:51:50.970, 11932, 12152
2026/08/16 15:51:55.970, 11932, 12152
2026/08/16 15:52:00.971, 11932, 12152
2026/08/16 15:52:05.972, 11932, 12152
2026/08/16 15:52:10.972, 11932, 12152
2026/08/16 15:52:15.973, 11932, 12152
2026/08/16 15:52:20.973, 11932, 12152
2026/08/16 15:52:25.974, 11932, 12152
2026/08/16 15:52:30.974, 11932, 12152
2026/08/16 15:52:35.975, 11932, 12152
2026/08/16 15:52:40.975, 11932, 12152
2026/08/16 15:52:45.976, 11932, 12152
2026/08/16 15:52:50.977, 11932, 12152
2026/08/16 15:52:55.977, 11932, 12152
2026/08/16 15:53:00.977, 11932, 12152
2026/08/16 15:53:05.978, 11932, 12152
2026/08/16 15:53:10.978, 11932, 12152
2026/08/16 15:53:15.979, 11932, 12152
2026/08/16 15:53:20.980, 11932, 12152
2026/08/16 15:53:25.980, 11932, 12152
2026/08/16 15:53:30.981, 11932, 12152
2026/08/16 15:53:35.981, 11932, 12152
2026/08/16 15:53:40.981, 11932, 12152
2026/08/16 15:53:45.982, 11932, 12152
2026/08/16 15:53:50.983, 11932, 12152
2026/08/16 15:53:55.983, 11932, 12152
2026/08/16 15:54:00.984, 11932, 12152
2026/08/16 15:54:05.984, 11932, 12152
2026/08/16 15:54:10.984, 11932, 12152
2026/08/16 15:54:15.985, 11932, 12152
2026/08/16 15:54:20.985, 11932, 12152
2026/08/16 15:54:25.986, 11932, 12152
2026/08/16 15:54:30.986, 11932, 12152
2026/08/16 15:54:35.987, 11932, 12152
2026/08/16 15:54:40.987, 11932, 12152
2026/08/16 15:54:45.988, 11932, 12152
2026/08/16 15:54:50.988, 11932, 12152
2026/08/16 15:54:55.989, 11932, 12152
2026/08/16 15:55:00.989, 11932, 12152
2026/08/16 15:55:05.990, 11932, 12152
2026/08/16 15:55:10.991, 11932, 12152
2026/08/16 15:55:15.991, 11932, 12152
2026/08/16 15:55:20.991, 11932, 12152
2026/08/16 15:55:25.992, 11932, 12152
2026/08/16 15:55:30.992, 11932, 12152
2026/08/16 15:55:35.993, 11932, 12152
2026/08/16 15:55:40.994, 11932, 12152
2026/08/16 15:55:45.994, 11932, 12152
2026/08/16 15:55:50.995, 11932, 12152
2026/08/16 15:55:55.995, 11932, 12152
2026/08/16 15:56:00.995, 11932, 12152
2026/08/16 15:56:05.996, 11932, 12152
2026/08/16 15:56:10.997, 11932, 12152
2026/08/16 15:56:15.997, 11932, 12152
2026/08/16 15:56:20.998, 11932, 12152
2026/08/16 15:56:25.998, 11932, 12152
2026/08/16 15:56:30.999, 11932, 12152
2026/08/16 15:56:36.000, 11932, 12152
2026/08/16 15:56:41.000, 11932, 12152
2026/08/16 15:56:46.001, 11932, 12152
2026/08/16 15:56:51.002, 11932, 12152
2026/08/16 15:56:56.002, 11932, 12152
2026/08/16 15:57:01.003, 11932, 12152
2026/08/16 15:57:06.003, 11932, 12152
2026/08/16 15:57:11.004, 11932, 12152
2026/08/16 15:57:16.005, 11932, 12152
2026/08/16 15:57:21.005, 11932, 12152
2026/08/16 15:57:26.006, 11932, 12152
2026/08/16 15:57:31.006, 11932, 12152
2026/08/16 15:57:36.007, 11932, 12152
2026/08/16 15:57:41.008, 11932, 12152
2026/08/16 15:57:46.008, 11932, 12152
2026/08/16 15:57:51.009, 11932, 12152
2026/08/16 15:57:56.010, 11932, 12152
2026/08/16 15:58:01.010, 11932, 12152
2026/08/16 15:58:06.011, 11932, 12152
2026/08/16 15:58:11.011, 11932, 12152
2026/08/16 15:58:16.012, 11932, 12152
2026/08/16 15:58:21.013, 11932, 12152
2026/08/16 15:58:26.013, 11932, 12152
2026/08/16 15:58:31.014, 11932, 12152
2026/08/16 15:58:36.014, 11932, 12152
2026/08/16 15:58:41.015, 11932, 12152
2026/08/16 15:58:46.016, 11932, 12152
2026/08/16 15:58:51.016, 11932, 12152
2026/08/16 15:58:56.017, 11932, 12152
2026/08/16 15:59:01.017, 11932, 12152
2026/08/16 15:59:06.018, 11932, 12152
2026/08/16 15:59:11.019, 11932, 12152
2026/08/16 15:59:16.019, 11932, 12152
2026/08/16 15:59:21.020, 11932, 12152
2026/08/16 15:59:26.021, 11932, 12152
2026/08/16 15:59:31.021, 11932, 12152
2026/08/16 15:59:36.022, 11932, 12152
2026/08/16 15:59:41.022, 11932, 12152
2026/08/16 15:59:46.023, 11932, 12152
2026/08/16 15:59:51.023, 11932, 12152
2026/08/16 15:59:56.024, 11932, 12152
2026/08/16 16:00:01.025, 11932, 12152
2026/08/16 16:00:06.025, 11932, 12152
2026/08/16 16:00:11.026, 11932, 12152
2026/08/16 16:00:16.026, 11932, 12152
2026/08/16 16:00:21.027, 11932, 12152
2026/08/16 16:00:26.027, 11932, 12152
2026/08/16 16:00:31.028, 11932, 12152
2026/08/16 16:00:36.029, 11932, 12152
2026/08/16 16:00:41.029, 11932, 12152
2026/08/16 16:00:46.030, 11932, 12152
2026/08/16 16:00:51.030, 11932, 12152
2026/08/16 16:00:56.031, 11932, 12152
2026/08/16 16:01:01.031, 11932, 12152
2026/08/16 16:01:06.032, 11932, 12152
2026/08/16 16:01:11.033, 11932, 12152
2026/08/16 16:01:16.033, 11932, 12152
2026/08/16 16:01:21.034, 11932, 12152
2026/08/16 16:01:26.034, 11932, 12152
2026/08/16 16:01:31.035, 11932, 12152
2026/08/16 16:01:36.035, 11932, 12152
2026/08/16 16:01:41.036, 11932, 12152
2026/08/16 16:01:46.036, 11932, 12152
2026/08/16 16:01:51.037, 11932, 12152
2026/08/16 16:01:56.038, 11932, 12152
2026/08/16 16:02:01.038, 11932, 12152
2026/08/16 16:02:06.039, 11932, 12152
2026/08/16 16:02:11.039, 11932, 12152
2026/08/16 16:02:16.040, 11932, 12152
2026/08/16 16:02:21.040, 11932, 12152
2026/08/16 16:02:26.041, 11932, 12152
2026/08/16 16:02:31.042, 11932, 12152
2026/08/16 16:02:36.042, 11932, 12152
2026/08/16 16:02:41.043, 11932, 12152
2026/08/16 16:02:46.043, 11932, 12152
2026/08/16 16:02:51.044, 11932, 12152
2026/08/16 16:02:56.045, 11932, 12152
2026/08/16 16:03:01.045, 11932, 12152
2026/08/16 16:03:06.046, 11932, 12152
2026/08/16 16:03:11.046, 11932, 12152
2026/08/16 16:03:16.047, 11932, 12152
2026/08/16 16:03:21.047, 11932, 12152
2026/08/16 16:03:26.048, 11932, 12152
2026/08/16 16:03:31.049, 11932, 12152
2026/08/16 16:03:36.049, 11932, 12152
2026/08/16 16:03:41.050, 11932, 12152
2026/08/16 16:03:46.050, 11932, 12152
2026/08/16 16:03:51.051, 11932, 12152
2026/08/16 16:03:56.051, 11932, 12152
2026/08/16 16:04:01.052, 11932, 12152
2026/08/16 16:04:06.053, 11932, 12152
2026/08/16 16:04:11.053, 11932, 12152
2026/08/16 16:04:16.054, 11932, 12152
2026/08/16 16:04:21.054, 11932, 12152
2026/08/16 16:04:26.055, 11932, 12152
2026/08/16 16:04:31.056, 11932, 12152
2026/08/16 16:04:36.056, 11932, 12152
2026/08/16 16:04:41.057, 11932, 12152
2026/08/16 16:04:46.057, 11932, 12152
2026/08/16 16:04:51.058, 11932, 12152
2026/08/16 16:04:56.058, 11932, 12152
2026/08/16 16:05:01.059, 11932, 12152
2026/08/16 16:05:06.060, 11932, 12152
2026/08/16 16:05:11.060, 11932, 12152
2026/08/16 16:05:16.061, 11932, 12152
2026/08/16 16:05:21.061, 11932, 12152
2026/08/16 16:05:26.062, 11932, 12152
2026/08/16 16:05:31.062, 11932, 12152
2026/08/16 16:05:36.063, 11932, 12152
2026/08/16 16:05:41.064, 11932, 12152
2026/08/16 16:05:46.064, 11932, 12152
2026/08/16 16:05:51.065, 11932, 12152
2026/08/16 16:05:56.065, 11932, 12152
2026/08/16 16:06:01.066, 11932, 12152
2026/08/16 16:06:06.067, 11932, 12152
2026/08/16 16:06:11.067, 11932, 12152
2026/08/16 16:06:16.068, 11932, 12152
2026/08/16 16:06:21.068, 11932, 12152
2026/08/16 16:06:26.069, 11932, 12152
2026/08/16 16:06:31.069, 11932, 12152
2026/08/16 16:06:36.070, 11932, 12152
2026/08/16 16:06:41.070, 11932, 12152
2026/08/16 16:06:46.071, 11932, 12152
2026/08/16 16:06:51.071, 11932, 12152
2026/08/16 16:06:56.072, 11932, 12152
2026/08/16 16:07:01.072, 11932, 12152
2026/08/16 16:07:06.073, 11932, 12152
2026/08/16 16:07:11.073, 11932, 12152
2026/08/16 16:07:16.074, 11932, 12152
2026/08/16 16:07:21.074, 11932, 12152
2026/08/16 16:07:26.075, 11932, 12152
2026/08/16 16:07:31.075, 11932, 12152
2026/08/16 16:07:36.076, 11932, 12152
2026/08/16 16:07:41.076, 11932, 12152
2026/08/16 16:07:46.077, 11932, 12152
2026/08/16 16:07:51.077, 11932, 12152
2026/08/16 16:07:56.078, 11932, 12152
2026/08/16 16:08:01.078, 11932, 12152
2026/08/16 16:08:06.079, 11932, 12152
2026/08/16 16:08:11.079, 11932, 12152
2026/08/16 16:08:16.080, 11932, 12152
2026/08/16 16:08:21.080, 11932, 12152
2026/08/16 16:08:26.081, 11932, 12152
2026/08/16 16:08:31.081, 11932, 12152
2026/08/16 16:08:36.082, 11932, 12152
2026/08/16 16:08:41.083, 11932, 12152
2026/08/16 16:08:46.083, 11932, 12152
2026/08/16 16:08:51.084, 11932, 12152
2026/08/16 16:08:56.084, 11932, 12152
2026/08/16 16:09:01.085, 11932, 12152
2026/08/16 16:09:06.086, 11932, 12152
2026/08/16 16:09:11.086, 11932, 12152
2026/08/16 16:09:16.087, 11932, 12152
2026/08/16 16:09:21.087, 11932, 12152
2026/08/16 16:09:26.088, 11932, 12152
2026/08/16 16:09:31.088, 11932, 12152
2026/08/16 16:09:36.089, 11932, 12152
2026/08/16 16:09:41.090, 11932, 12152
2026/08/16 16:09:46.090, 11932, 12152
2026/08/16 16:09:51.091, 11932, 12152
2026/08/16 16:09:56.091, 11932, 12152
2026/08/16 16:10:01.092, 11932, 12152
2026/08/16 16:10:06.092, 11932, 12152
2026/08/16 16:10:11.093, 11932, 12152
2026/08/16 16:10:16.094, 11932, 12152
2026/08/16 16:10:21.094, 11932, 12152
2026/08/16 16:10:26.095, 11932, 12152
2026/08/16 16:10:31.095, 11932, 12152
2026/08/16 16:10:36.096, 11932, 12152
2026/08/16 16:10:41.096, 11932, 12152
2026/08/16 16:10:46.097, 11932, 12152
2026/08/16 16:10:51.098, 11932, 12152
2026/08/16 16:10:56.098, 11932, 12152
2026/08/16 16:11:01.099, 11932, 12152
2026/08/16 16:11:06.099, 11932, 12152
2026/08/16 16:11:11.100, 11932, 12152
2026/08/16 16:11:16.101, 11932, 12152
2026/08/16 16:11:21.101, 11932, 12152
2026/08/16 16:11:26.102, 11932, 12152
2026/08/16 16:11:31.102, 11932, 12152
2026/08/16 16:11:36.103, 11932, 12152
2026/08/16 16:11:41.104, 11932, 12152
2026/08/16 16:11:46.104, 11932, 12152
2026/08/16 16:11:51.105, 11932, 12152
2026/08/16 16:11:56.105, 11932, 12152
2026/08/16 16:12:01.106, 11932, 12152
2026/08/16 16:12:06.107, 11932, 12152
2026/08/16 16:12:11.107, 11932, 12152
2026/08/16 16:12:16.108, 11932, 12152
2026/08/16 16:12:21.108, 11932, 12152
2026/08/16 16:12:26.109, 11932, 12152
2026/08/16 16:12:31.109, 11932, 12152
2026/08/16 16:12:36.110, 11932, 12152
2026/08/16 16:12:41.111, 11932, 12152
2026/08/16 16:12:46.111, 11932, 12152
2026/08/16 16:12:51.112, 11932, 12152
2026/08/16 16:12:56.112, 11932, 12152
2026/08/16 16:13:01.113, 11932, 12152
2026/08/16 16:13:06.114, 11932, 12152
2026/08/16 16:13:11.114, 11932, 12152
2026/08/16 16:13:16.115, 11932, 12152
2026/08/16 16:13:21.115, 11932, 12152
2026/08/16 16:13:26.116, 11932, 12152
2026/08/16 16:13:31.117, 11932, 12152
2026/08/16 16:13:36.117, 11932, 12152
2026/08/16 16:13:41.118, 11932, 12152
2026/08/16 16:13:46.118, 11932, 12152
2026/08/16 16:13:51.119, 11932, 12152
2026/08/16 16:13:56.119, 11932, 12152
2026/08/16 16:14:01.120, 11932, 12152
2026/08/16 16:14:06.121, 11932, 12152
2026/08/16 16:14:11.121, 11932, 12152
2026/08/16 16:14:16.122, 11932, 12152
2026/08/16 16:14:21.122, 11932, 12152
2026/08/16 16:14:26.123, 11932, 12152
2026/08/16 16:14:31.124, 11932, 12152
2026/08/16 16:14:36.124, 11932, 12152
2026/08/16 16:14:41.125, 11932, 12152
2026/08/16 16:14:46.125, 11932, 12152
2026/08/16 16:14:51.126, 11932, 12152
2026/08/16 16:14:56.127, 11932, 12152
2026/08/16 16:15:01.127, 11932, 12152
2026/08/16 16:15:06.128, 11932, 12152
2026/08/16 16:15:11.128, 11932, 12152
2026/08/16 16:15:16.129, 11932, 12152
2026/08/16 16:15:21.130, 11932, 12152
2026/08/16 16:15:26.130, 11932, 12152
2026/08/16 16:15:31.131, 11932, 12152
2026/08/16 16:15:36.131, 11932, 12152
2026/08/16 16:15:41.132, 11932, 12152
2026/08/16 16:15:46.133, 11932, 12152
2026/08/16 16:15:51.133, 11932, 12152
2026/08/16 16:15:56.134, 11932, 12152
2026/08/16 16:16:01.134, 11932, 12152
2026/08/16 16:16:06.135, 11932, 12152
2026/08/16 16:16:11.135, 11932, 12152
2026/08/16 16:16:16.136, 11932, 12152
2026/08/16 16:16:21.137, 11932, 12152
2026/08/16 16:16:26.137, 11932, 12152
2026/08/16 16:16:31.138, 11932, 12152
2026/08/16 16:16:36.138, 11932, 12152
2026/08/16 16:16:41.139, 11932, 12152
2026/08/16 16:16:46.140, 11932, 12152
2026/08/16 16:16:51.140, 11932, 12152
2026/08/16 16:16:56.141, 11932, 12152
2026/08/16 16:17:01.141, 11932, 12152
2026/08/16 16:17:06.142, 11932, 12152
2026/08/16 16:17:11.142, 11932, 12152
2026/08/16 16:17:16.143, 11932, 12152
2026/08/16 16:17:21.144, 11932, 12152
2026/08/16 16:17:26.144, 11932, 12152
2026/08/16 16:17:31.145, 11932, 12152
2026/08/16 16:17:36.145, 11932, 12152
2026/08/16 16:17:41.146, 11932, 12152
2026/08/16 16:17:46.147, 11932, 12152
2026/08/16 16:17:51.147, 11932, 12152
2026/08/16 16:17:56.148, 11932, 12152
2026/08/16 16:18:01.148, 11932, 12152
2026/08/16 16:18:06.149, 11932, 12152
2026/08/16 16:18:11.150, 11932, 12152
2026/08/16 16:18:16.150, 11932, 12152
2026/08/16 16:18:21.151, 11932, 12152
2026/08/16 16:18:26.151, 11932, 12152
2026/08/16 16:18:31.152, 11932, 12152
2026/08/16 16:18:36.153, 11932, 12152
2026/08/16 16:18:41.153, 11932, 12152
2026/08/16 16:18:46.154, 11932, 12152
2026/08/16 16:18:51.154, 11932, 12152
2026/08/16 16:18:56.155, 11932, 12152
2026/08/16 16:19:01.156, 11932, 12152
2026/08/16 16:19:06.156, 11932, 12152
2026/08/16 16:19:11.157, 11932, 12152
2026/08/16 16:19:16.157, 11932, 12152
2026/08/16 16:19:21.158, 11932, 12152
2026/08/16 16:19:26.159, 11932, 12152
2026/08/16 16:19:31.159, 11932, 12152
2026/08/16 16:19:36.160, 11932, 12152
2026/08/16 16:19:41.160, 11932, 12152
2026/08/16 16:19:46.161, 11932, 12152
2026/08/16 16:19:51.162, 11932, 12152
2026/08/16 16:19:56.162, 11932, 12152
2026/08/16 16:20:01.163, 11932, 12152
2026/08/16 16:20:06.163, 11932, 12152
2026/08/16 16:20:11.164, 11932, 12152
2026/08/16 16:20:16.165, 11932, 12152
2026/08/16 16:20:21.165, 11932, 12152
2026/08/16 16:20:26.166, 11932, 12152
2026/08/16 16:20:31.166, 11932, 12152
2026/08/16 16:20:36.167, 11932, 12152
2026/08/16 16:20:41.167, 11932, 12152
2026/08/16 16:20:46.168, 11932, 12152
2026/08/16 16:20:51.168, 11932, 12152
2026/08/16 16:20:56.169, 11932, 12152
2026/08/16 16:21:01.169, 11932, 12152
2026/08/16 16:21:06.170, 11932, 12152
2026/08/16 16:21:11.170, 11932, 12152
2026/08/16 16:21:16.171, 11932, 12152
2026/08/16 16:21:21.171, 11932, 12152
2026/08/16 16:21:26.172, 11932, 12152
2026/08/16 16:21:31.172, 11932, 12152
2026/08/16 16:21:36.173, 11932, 12152
2026/08/16 16:21:41.173, 11932, 12152
2026/08/16 16:21:46.174, 11932, 12152
2026/08/16 16:21:51.174, 11932, 12152
2026/08/16 16:21:56.175, 11932, 12152
2026/08/16 16:22:01.175, 11932, 12152
2026/08/16 16:22:06.176, 11932, 12152
2026/08/16 16:22:11.176, 11932, 12152
2026/08/16 16:22:16.177, 11932, 12152
2026/08/16 16:22:21.177, 11932, 12152
2026/08/16 16:22:26.178, 11932, 12152
2026/08/16 16:22:31.178, 11932, 12152
2026/08/16 16:22:36.179, 11932, 12152
2026/08/16 16:22:41.179, 11932, 12152
2026/08/16 16:22:46.180, 11932, 12152
2026/08/16 16:22:51.180, 11932, 12152
2026/08/16 16:22:56.181, 11932, 12152
2026/08/16 16:23:01.181, 11932, 12152
2026/08/16 16:23:06.182, 11932, 12152
2026/08/16 16:23:11.182, 11932, 12152
2026/08/16 16:23:16.183, 11932, 12152
2026/08/16 16:23:21.183, 11932, 12152
2026/08/16 16:23:26.184, 11932, 12152
2026/08/16 16:23:31.184, 11932, 12152
2026/08/16 16:23:36.185, 11932, 12152
2026/08/16 16:23:41.185, 11932, 12152
2026/08/16 16:23:46.186, 11932, 12152
2026/08/16 16:23:51.186, 11932, 12152
2026/08/16 16:23:56.187, 11932, 12152
2026/08/16 16:24:01.187, 11932, 12152
2026/08/16 16:24:06.188, 11932, 12152
2026/08/16 16:24:11.188, 11932, 12152
2026/08/16 16:24:16.189, 11932, 12152
2026/08/16 16:24:21.189, 11932, 12152
2026/08/16 16:24:26.190, 11932, 12152
2026/08/16 16:24:31.190, 11932, 12152
2026/08/16 16:24:36.191, 11932, 12152
2026/08/16 16:24:41.191, 11932, 12152
2026/08/16 16:24:46.192, 11932, 12152
2026/08/16 16:24:51.192, 11932, 12152
2026/08/16 16:24:56.193, 11932, 12152
2026/08/16 16:25:01.193, 11932, 12152
2026/08/16 16:25:06.194, 11932, 12152
2026/08/16 16:25:11.194, 11932, 12152
2026/08/16 16:25:16.195, 11932, 12152
2026/08/16 16:25:21.195, 11932, 12152
2026/08/16 16:25:26.196, 11932, 12152
2026/08/16 16:25:31.196, 11932, 12152
2026/08/16 16:25:36.197, 11932, 12152
2026/08/16 16:25:41.198, 11932, 12152
2026/08/16 16:25:46.198, 11932, 12152
2026/08/16 16:25:51.198, 11932, 12152
2026/08/16 16:25:56.199, 11932, 12152
2026/08/16 16:26:01.199, 11932, 12152
2026/08/16 16:26:06.200, 11932, 12152
2026/08/16 16:26:11.201, 11932, 12152
2026/08/16 16:26:16.201, 11932, 12152
2026/08/16 16:26:21.202, 11932, 12152
2026/08/16 16:26:26.202, 11932, 12152
2026/08/16 16:26:31.203, 11932, 12152
2026/08/16 16:26:36.203, 11932, 12152
2026/08/16 16:26:41.204, 11932, 12152
2026/08/16 16:26:46.204, 11932, 12152
2026/08/16 16:26:51.205, 11932, 12152
2026/08/16 16:26:56.205, 11932, 12152
2026/08/16 16:27:01.206, 11932, 12152
2026/08/16 16:27:06.206, 11932, 12152
2026/08/16 16:27:11.207, 11932, 12152
2026/08/16 16:27:16.207, 11932, 12152
2026/08/16 16:27:21.208, 11932, 12152
2026/08/16 16:27:26.208, 11932, 12152
2026/08/16 16:27:31.209, 11932, 12152
2026/08/16 16:27:36.209, 11932, 12152
2026/08/16 16:27:41.210, 11932, 12152
2026/08/16 16:27:46.210, 11932, 12152
2026/08/16 16:27:51.211, 11932, 12152
2026/08/16 16:27:56.211, 11932, 12152
2026/08/16 16:28:01.212, 11932, 12152
2026/08/16 16:28:06.212, 11932, 12152
2026/08/16 16:28:11.213, 11932, 12152
2026/08/16 16:28:16.213, 11932, 12152
2026/08/16 16:28:21.214, 11932, 12152
2026/08/16 16:28:26.215, 11932, 12152
2026/08/16 16:28:31.215, 11932, 12152
2026/08/16 16:28:36.216, 11932, 12152
2026/08/16 16:28:41.216, 11932, 12152
2026/08/16 16:28:46.217, 11932, 12152
2026/08/16 16:28:51.218, 11932, 12152
2026/08/16 16:28:56.218, 11932, 12152
2026/08/16 16:29:01.219, 11932, 12152
2026/08/16 16:29:06.220, 11932, 12152
2026/08/16 16:29:11.220, 11932, 12152
2026/08/16 16:29:16.221, 11932, 12152
2026/08/16 16:29:21.221, 11932, 12152
2026/08/16 16:29:26.222, 11932, 12152
2026/08/16 16:29:31.223, 11932, 12152
2026/08/16 16:29:36.223, 11932, 12152
2026/08/16 16:29:41.224, 11932, 12152
2026/08/16 16:29:46.225, 11932, 12152
2026/08/16 16:29:51.225, 11932, 12152
2026/08/16 16:29:56.226, 11932, 12152
2026/08/16 16:30:01.226, 11932, 12152
2026/08/16 16:30:06.227, 11932, 12152
2026/08/16 16:30:11.228, 11932, 12152
2026/08/16 16:30:16.228, 11932, 12152
2026/08/16 16:30:21.229, 11932, 12152
2026/08/16 16:30:26.229, 11932, 12152
2026/08/16 16:30:31.230, 11932, 12152
2026/08/16 16:30:36.231, 11932, 12152
2026/08/16 16:30:41.231, 11932, 12152
2026/08/16 16:30:46.232, 11932, 12152
2026/08/16 16:30:51.233, 11932, 12152
2026/08/16 16:30:56.233, 11932, 12152
2026/08/16 16:31:01.234, 11932, 12152
2026/08/16 16:31:06.234, 11932, 12152
2026/08/16 16:31:11.235, 11932, 12152
2026/08/16 16:31:16.236, 11932, 12152
2026/08/16 16:31:21.236, 11932, 12152
2026/08/16 16:31:26.237, 11932, 12152
2026/08/16 16:31:31.238, 11932, 12152
2026/08/16 16:31:36.238, 11932, 12152
2026/08/16 16:31:41.239, 11932, 12152
2026/08/16 16:31:46.239, 11932, 12152
2026/08/16 16:31:51.240, 11932, 12152
2026/08/16 16:31:56.241, 11932, 12152
2026/08/16 16:32:01.241, 11932, 12152
2026/08/16 16:32:06.242, 11932, 12152
2026/08/16 16:32:11.242, 11932, 12152
2026/08/16 16:32:16.243, 11932, 12152
2026/08/16 16:32:21.243, 11932, 12152
2026/08/16 16:32:26.244, 11932, 12152
2026/08/16 16:32:31.244, 11932, 12152
2026/08/16 16:32:36.245, 11932, 12152
2026/08/16 16:32:41.245, 11932, 12152
2026/08/16 16:32:46.246, 11932, 12152
2026/08/16 16:32:51.246, 11932, 12152
2026/08/16 16:32:56.247, 11932, 12152
2026/08/16 16:33:01.247, 11932, 12152
2026/08/16 16:33:06.248, 11932, 12152
2026/08/16 16:33:11.249, 11932, 12152
2026/08/16 16:33:16.249, 11932, 12152
2026/08/16 16:33:21.250, 11932, 12152
2026/08/16 16:33:26.250, 11932, 12152
2026/08/16 16:33:31.250, 11932, 12152
2026/08/16 16:33:36.251, 11932, 12152
2026/08/16 16:33:41.252, 11932, 12152
2026/08/16 16:33:46.252, 11932, 12152
2026/08/16 16:33:51.253, 11932, 12152
2026/08/16 16:33:56.253, 11932, 12152
2026/08/16 16:34:01.254, 11932, 12152
2026/08/16 16:34:06.254, 11932, 12152
2026/08/16 16:34:11.255, 11932, 12152
2026/08/16 16:34:16.255, 11932, 12152
2026/08/16 16:34:21.256, 11932, 12152
2026/08/16 16:34:26.257, 11932, 12152
2026/08/16 16:34:31.257, 11932, 12152
2026/08/16 16:34:36.258, 11932, 12152
2026/08/16 16:34:41.258, 11932, 12152
2026/08/16 16:34:46.259, 11932, 12152
2026/08/16 16:34:51.260, 11932, 12152
2026/08/16 16:34:56.260, 11932, 12152
2026/08/16 16:35:01.261, 11932, 12152
2026/08/16 16:35:06.261, 11932, 12152
2026/08/16 16:35:11.262, 11932, 12152
2026/08/16 16:35:16.263, 11932, 12152
2026/08/16 16:35:21.263, 11932, 12152
2026/08/16 16:35:26.264, 11932, 12152
2026/08/16 16:35:31.265, 11932, 12152
2026/08/16 16:35:36.265, 11932, 12152
2026/08/16 16:35:41.266, 11932, 12152
2026/08/16 16:35:46.266, 11932, 12152
2026/08/16 16:35:51.267, 11932, 12152
2026/08/16 16:35:56.268, 11932, 12152
2026/08/16 16:36:01.268, 11932, 12152
2026/08/16 16:36:06.269, 11932, 12152
2026/08/16 16:36:11.269, 11932, 12152
2026/08/16 16:36:16.270, 11932, 12152
2026/08/16 16:36:21.271, 11932, 12152
2026/08/16 16:36:26.271, 11932, 12152
2026/08/16 16:36:31.272, 11932, 12152
2026/08/16 16:36:36.272, 11932, 12152
2026/08/16 16:36:41.273, 11932, 12152
2026/08/16 16:36:46.274, 11932, 12152
2026/08/16 16:36:51.274, 11932, 12152
2026/08/16 16:36:56.275, 11932, 12152
2026/08/16 16:37:01.276, 11932, 12152
2026/08/16 16:37:06.276, 11932, 12152
2026/08/16 16:37:11.277, 11932, 12152
2026/08/16 16:37:16.277, 11932, 12152
2026/08/16 16:37:21.278, 11932, 12152
2026/08/16 16:37:26.278, 11932, 12152
2026/08/16 16:37:31.279, 11932, 12152
2026/08/16 16:37:36.279, 11932, 12152
2026/08/16 16:37:41.280, 11932, 12152
2026/08/16 16:37:46.280, 11932, 12152
2026/08/16 16:37:51.281, 11932, 12152
2026/08/16 16:37:56.281, 11932, 12152
2026/08/16 16:38:01.282, 11932, 12152
2026/08/16 16:38:06.283, 11932, 12152
2026/08/16 16:38:11.283, 11932, 12152
2026/08/16 16:38:16.284, 11932, 12152
2026/08/16 16:38:21.284, 11932, 12152
2026/08/16 16:38:26.285, 11932, 12152
2026/08/16 16:38:31.286, 11932, 12152
2026/08/16 16:38:36.286, 11932, 12152
2026/08/16 16:38:41.287, 11932, 12152
2026/08/16 16:38:46.287, 11932, 12152
2026/08/16 16:38:51.288, 11932, 12152
2026/08/16 16:38:56.289, 11932, 12152
2026/08/16 16:39:01.289, 11932, 12152
2026/08/16 16:39:06.290, 11932, 12152
2026/08/16 16:39:11.290, 11932, 12152
2026/08/16 16:39:16.291, 11932, 12152
2026/08/16 16:39:21.292, 11932, 12152
2026/08/16 16:39:26.292, 11932, 12152
2026/08/16 16:39:31.293, 11932, 12152
2026/08/16 16:39:36.293, 11932, 12152
2026/08/16 16:39:41.294, 11932, 12152
2026/08/16 16:39:46.295, 11932, 12152
2026/08/16 16:39:51.295, 11932, 12152
2026/08/16 16:39:56.296, 11932, 12152
2026/08/16 16:40:01.296, 11932, 12152
2026/08/16 16:40:06.297, 11932, 12152
2026/08/16 16:40:11.298, 11932, 12152
2026/08/16 16:40:16.298, 11932, 12152
2026/08/16 16:40:21.299, 11932, 12152
2026/08/16 16:40:26.299, 11932, 12152
2026/08/16 16:40:31.300, 11932, 12152
2026/08/16 16:40:36.301, 11932, 12152
2026/08/16 16:40:41.301, 11932, 12152
2026/08/16 16:40:46.302, 11932, 12152
2026/08/16 16:40:51.302, 11932, 12152
2026/08/16 16:40:56.303, 11932, 12152
2026/08/16 16:41:01.304, 11932, 12152
2026/08/16 16:41:06.304, 11932, 12152
2026/08/16 16:41:11.305, 11932, 12152
2026/08/16 16:41:16.306, 11932, 12152
2026/08/16 16:41:21.306, 11932, 12152
2026/08/16 16:41:26.307, 11932, 12152
2026/08/16 16:41:31.307, 11932, 12152
2026/08/16 16:41:36.308, 11932, 12152
2026/08/16 16:41:41.309, 11932, 12152
2026/08/16 16:41:46.309, 11932, 12152
2026/08/16 16:41:51.310, 11932, 12152
2026/08/16 16:41:56.310, 11932, 12152
2026/08/16 16:42:01.311, 11932, 12152
2026/08/16 16:42:06.312, 11932, 12152
2026/08/16 16:42:11.312, 11932, 12152
2026/08/16 16:42:16.313, 11932, 12152
2026/08/16 16:42:21.313, 11932, 12152
2026/08/16 16:42:26.314, 11932, 12152
2026/08/16 16:42:31.315, 11932, 12152
2026/08/16 16:42:36.315, 11932, 12152
2026/08/16 16:42:41.316, 11932, 12152
2026/08/16 16:42:46.316, 11932, 12152
2026/08/16 16:42:51.317, 11932, 12152
2026/08/16 16:42:56.318, 11932, 12152
2026/08/16 16:43:01.318, 11932, 12152
2026/08/16 16:43:06.319, 11932, 12152
2026/08/16 16:43:11.319, 11932, 12152
2026/08/16 16:43:16.320, 11932, 12152
2026/08/16 16:43:21.321, 11932, 12152
2026/08/16 16:43:26.321, 11932, 12152
2026/08/16 16:43:31.322, 11932, 12152
2026/08/16 16:43:36.322, 11932, 12152
2026/08/16 16:43:41.323, 11932, 12152
2026/08/16 16:43:46.324, 11932, 12152
2026/08/16 16:43:51.324, 11932, 12152
2026/08/16 16:43:56.325, 11932, 12152
2026/08/16 16:44:01.325, 11932, 12152
2026/08/16 16:44:06.326, 11932, 12152
2026/08/16 16:44:11.327, 11932, 12152
2026/08/16 16:44:16.327, 11932, 12152
2026/08/16 16:44:21.328, 11932, 12152
2026/08/16 16:44:26.329, 11932, 12152
2026/08/16 16:44:31.329, 11932, 12152
2026/08/16 16:44:36.330, 11932, 12152
2026/08/16 16:44:41.330, 11932, 12152
2026/08/16 16:44:46.331, 11932, 12152
2026/08/16 16:44:51.332, 11932, 12152
2026/08/16 16:44:56.332, 11932, 12152
2026/08/16 16:45:01.333, 11932, 12152
2026/08/16 16:45:06.333, 11932, 12152
2026/08/16 16:45:11.334, 11932, 12152
2026/08/16 16:45:16.335, 11932, 12152
2026/08/16 16:45:21.335, 11932, 12152
2026/08/16 16:45:26.336, 11932, 12152
2026/08/16 16:45:31.336, 11932, 12152
2026/08/16 16:45:36.337, 11932, 12152
2026/08/16 16:45:41.338, 11932, 12152
2026/08/16 16:45:46.338, 11932, 12152
2026/08/16 16:45:51.339, 11932, 12152
2026/08/16 16:45:56.340, 11932, 12152
2026/08/16 16:46:01.340, 11932, 12152
2026/08/16 16:46:06.341, 11932, 12152
2026/08/16 16:46:11.341, 11932, 12152
2026/08/16 16:46:16.342, 11932, 12152
2026/08/16 16:46:21.343, 11932, 12152
2026/08/16 16:46:26.343, 11932, 12152
2026/08/16 16:46:31.344, 11932, 12152
2026/08/16 16:46:36.344, 11932, 12152
2026/08/16 16:46:41.345, 11932, 12152
2026/08/16 16:46:46.346, 11932, 12152
2026/08/16 16:46:51.346, 11932, 12152
2026/08/16 16:46:56.347, 11932, 12152
2026/08/16 16:47:01.348, 11932, 12152
2026/08/16 16:47:06.348, 11932, 12152
2026/08/16 16:47:11.349, 11932, 12152
2026/08/16 16:47:16.349, 11932, 12152
2026/08/16 16:47:21.350, 11932, 12152
2026/08/16 16:47:26.351, 11932, 12152
2026/08/16 16:47:31.351, 11932, 12152
2026/08/16 16:47:36.352, 11932, 12152
2026/08/16 16:47:41.352, 11932, 12152
2026/08/16 16:47:46.353, 11932, 12152
2026/08/16 16:47:51.354, 11932, 12152
2026/08/16 16:47:56.354, 11932, 12152
2026/08/16 16:48:01.355, 11932, 12152
2026/08/16 16:48:06.355, 11932, 12152
2026/08/16 16:48:11.356, 11932, 12152
2026/08/16 16:48:16.357, 11932, 12152
2026/08/16 16:48:21.357, 11932, 12152
2026/08/16 16:48:26.358, 11932, 12152
2026/08/16 16:48:31.359, 11932, 12152
2026/08/16 16:48:36.359, 11932, 12152
2026/08/16 16:48:41.360, 11932, 12152
2026/08/16 16:48:46.360, 11932, 12152
2026/08/16 16:48:51.361, 11932, 12152
2026/08/16 16:48:56.362, 11932, 12152
2026/08/16 16:49:01.362, 11932, 12152
2026/08/16 16:49:06.363, 11932, 12152
2026/08/16 16:49:11.363, 11932, 12152
2026/08/16 16:49:16.364, 11932, 12152
2026/08/16 16:49:21.365, 11932, 12152
2026/08/16 16:49:26.365, 11932, 12152
2026/08/16 16:49:31.366, 11932, 12152
2026/08/16 16:49:36.366, 11932, 12152
2026/08/16 16:49:41.367, 11932, 12152
2026/08/16 16:49:46.368, 11932, 12152
2026/08/16 16:49:51.368, 11932, 12152
2026/08/16 16:49:56.369, 11932, 12152
2026/08/16 16:50:01.370, 11932, 12152
2026/08/16 16:50:06.370, 11932, 12152
2026/08/16 16:50:11.371, 11932, 12152
2026/08/16 16:50:16.372, 11932, 12152
2026/08/16 16:50:21.372, 11932, 12152
2026/08/16 16:50:26.373, 11932, 12152
2026/08/16 16:50:31.374, 11932, 12152
2026/08/16 16:50:36.374, 11932, 12152
2026/08/16 16:50:41.375, 11932, 12152
2026/08/16 16:50:46.376, 11932, 12152
2026/08/16 16:50:51.376, 11932, 12152
